"campaign","identifier","cell","block","estimator","metric","tau","value","mc_se","wilson_lo","wilson_hi","n","commit"
"mddina","dina","md40 n500","H","all","declaration_rate",,0.998,0.000998999,0.994869,0.999222,2000,"1856c107"
"mddina","dina","md40 n500","H","naive","bias_md",,61.464402,0.386483,,,1996,"1856c107"
"mddina","dina","md40 n500","H","naive","bias_sd_units",,3.5907814,0.0225785,,,1996,"1856c107"
"mddina","dina","md40 n500","H","naive","sd_emp",,17.117278,0.270987,,,1996,"1856c107"
"mddina","dina","md40 n500","H","naive","se_mean",,25.673605,0.0891181,,,1996,"1856c107"
"mddina","dina","md40 n500","H","naive","se_over_sd",,1.499865,0.0243087,,,1996,"1856c107"
"mddina","dina","md40 n500","H","naive","cov1_lower",,0.11072144,0.00702351,0.0976963,0.125242,1996,"1856c107"
"mddina","dina","md40 n500","H","naive","cov2",,0.24448898,0.00961988,0.226137,0.263823,1996,"1856c107"
"mddina","dina","md40 n500","H","naive","halfwidth_md",,50.319342,,,,1996,"1856c107"
"mddina","dina","md40 n500","H","naive","margin1_md",,42.229323,,,,1996,"1856c107"
"mddina","dina","md40 n500","H","oracle","bias_md",,-0.66158986,0.447519,,,1996,"1856c107"
"mddina","dina","md40 n500","H","oracle","bias_sd_units",,-0.03309001,0.0223831,,,1996,"1856c107"
"mddina","dina","md40 n500","H","oracle","sd_emp",,19.993644,0.316523,,,1996,"1856c107"
"mddina","dina","md40 n500","H","oracle","se_mean",,19.807516,0.0272718,,,1996,"1856c107"
"mddina","dina","md40 n500","H","oracle","se_over_sd",,0.99069066,0.015743,,,1996,"1856c107"
"mddina","dina","md40 n500","H","oracle","cov1_lower",,0.95240481,0.00476554,0.942164,0.960907,1996,"1856c107"
"mddina","dina","md40 n500","H","oracle","cov2",,0.94288577,0.00519423,0.931829,0.952241,1996,"1856c107"
"mddina","dina","md40 n500","H","oracle","halfwidth_md",,38.822731,,,,1996,"1856c107"
"mddina","dina","md40 n500","H","oracle","margin1_md",,32.580464,,,,1996,"1856c107"
"mddina","dina","md40 n500","H","mr","bias_md",,19.566096,0.406715,,,1996,"1856c107"
"mddina","dina","md40 n500","H","mr","bias_sd_units",,1.0841183,0.0225353,,,1996,"1856c107"
"mddina","dina","md40 n500","H","mr","sd_emp",,18.047934,0.28572,,,1996,"1856c107"
"mddina","dina","md40 n500","H","mr","se_mean",,34.641189,0.10954,,,1996,"1856c107"
"mddina","dina","md40 n500","H","mr","se_over_sd",,1.9193992,0.0309866,,,1996,"1856c107"
"mddina","dina","md40 n500","H","mr","cov1_lower",,0.9759519,0.00342905,0.968261,0.981814,1996,"1856c107"
"mddina","dina","md40 n500","H","mr","cov2",,0.99298597,0.00186799,0.988261,0.995817,1996,"1856c107"
"mddina","dina","md40 n500","H","mr","halfwidth_md",,67.895483,,,,1996,"1856c107"
"mddina","dina","md40 n500","H","mr","margin1_md",,56.979686,,,,1996,"1856c107"
"mddina","dina","md40 n500","H","fld","bias_md",,11.614601,0.435529,,,1996,"1856c107"
"mddina","dina","md40 n500","H","fld","bias_sd_units",,0.5998676,0.0224941,,,1996,"1856c107"
"mddina","dina","md40 n500","H","fld","sd_emp",,19.361941,0.306523,,,1996,"1856c107"
"mddina","dina","md40 n500","H","fld","se_mean",,24.750317,0.0433288,,,1996,"1856c107"
"mddina","dina","md40 n500","H","fld","se_over_sd",,1.2782973,0.0203603,,,1996,"1856c107"
"mddina","dina","md40 n500","H","fld","cov1_lower",,0.93737475,0.00542314,0.925882,0.947187,1996,"1856c107"
"mddina","dina","md40 n500","H","fld","cov2",,0.97144289,0.00372808,0.963181,0.977893,1996,"1856c107"
"mddina","dina","md40 n500","H","fld","halfwidth_md",,48.469635,,,,1996,"1856c107"
"mddina","dina","md40 n500","H","fld","margin1_md",,49.926328,,,,1996,"1856c107"
"mddina","dina","md40 n500","H","fld","share_lower_ge_tau",0,0.50801603,0.0111901,0.48609,0.529912,1996,"1856c107"
"mddina","dina","md40 n500","H","fld","share_lower_ge_tau",10,0.3011022,0.0102679,0.281375,0.321593,1996,"1856c107"
"mddina","dina","md40 n500","H","fld","share_lower_ge_tau",20,0.15731463,0.00814961,0.142002,0.173944,1996,"1856c107"
"mddina","dina","md40 n500","H","fld","share_lower_ge_tau",30,0.069639279,0.00569735,0.0592795,0.0816524,1996,"1856c107"
"mddina","dina","md40 n500","H","fld","share_lower_ge_tau",40,0.029058116,0.00375967,0.0225456,0.0373799,1996,"1856c107"
"mddina","dina","md40 n500","H","fld","share_lower_ge_tau",60,0.003507014,0.0013232,0.00169983,0.0072216,1996,"1856c107"
"mddina","dina","md40 n500","H","fld","share_lower_ge_tau",80,0.000501002,0.000500876,8.84446e-05,0.00283252,1996,"1856c107"
"mddina","dina","md40 n500","H","fld","share_lower_ge_tau",100,0,0,0,0.00192088,1996,"1856c107"
"mddina","dina","md40 n500","H","fld","bound_mean",,1.2063434,0.423406,,,1996,"1856c107"
"mddina","dina","md40 n500","H","fld","bound_q05",,-27.290666,,,,1996,"1856c107"
"mddina","dina","md40 n500","H","fld","bound_q25",,-12.198336,,,,1996,"1856c107"
"mddina","dina","md40 n500","H","fld","bound_q50",,0.37881474,,,,1996,"1856c107"
"mddina","dina","md40 n500","H","fld","bound_q75",,12.815658,,,,1996,"1856c107"
"mddina","dina","md40 n500","H","fld","bound_q95",,33.335543,,,,1996,"1856c107"
"mddina","dina","md40 n500","H","oracle","share_lower_ge_tau",0,0.63827655,0.0107551,0.61695,0.659072,1996,"1856c107"
"mddina","dina","md40 n500","H","oracle","share_lower_ge_tau",10,0.44288577,0.0111183,0.421225,0.464766,1996,"1856c107"
"mddina","dina","md40 n500","H","oracle","share_lower_ge_tau",20,0.25200401,0.00971791,0.233446,0.271515,1996,"1856c107"
"mddina","dina","md40 n500","H","oracle","share_lower_ge_tau",30,0.11873747,0.00724046,0.105274,0.133666,1996,"1856c107"
"mddina","dina","md40 n500","H","oracle","share_lower_ge_tau",40,0.04759519,0.00476554,0.0390925,0.0578359,1996,"1856c107"
"mddina","dina","md40 n500","H","oracle","share_lower_ge_tau",60,0.003006012,0.00122535,0.00137839,0.00654297,1996,"1856c107"
"mddina","dina","md40 n500","H","oracle","share_lower_ge_tau",80,0,0,0,0.00192088,1996,"1856c107"
"mddina","dina","md40 n500","H","oracle","share_lower_ge_tau",100,0,0,0,0.00192088,1996,"1856c107"
"mddina","dina","md40 n500","H","oracle","bound_mean",,6.7579458,0.449203,,,1996,"1856c107"
"mddina","dina","md40 n500","H","oracle","bound_q05",,-27.018272,,,,1996,"1856c107"
"mddina","dina","md40 n500","H","oracle","bound_q25",,-5.8857687,,,,1996,"1856c107"
"mddina","dina","md40 n500","H","oracle","bound_q50",,7.277721,,,,1996,"1856c107"
"mddina","dina","md40 n500","H","oracle","bound_q75",,20.121076,,,,1996,"1856c107"
"mddina","dina","md40 n500","H","oracle","bound_q95",,39.778078,,,,1996,"1856c107"
"mddina","dina","md40 n500","H","mr","share_lower_ge_tau",0,0.36973948,0.0108051,0.348831,0.391148,1996,"1856c107"
"mddina","dina","md40 n500","H","mr","share_lower_ge_tau",10,0.18386774,0.00867067,0.167486,0.201464,1996,"1856c107"
"mddina","dina","md40 n500","H","mr","share_lower_ge_tau",20,0.075651303,0.00591897,0.064848,0.0880849,1996,"1856c107"
"mddina","dina","md40 n500","H","mr","share_lower_ge_tau",30,0.029559118,0.00379097,0.022985,0.0379406,1996,"1856c107"
"mddina","dina","md40 n500","H","mr","share_lower_ge_tau",40,0.011022044,0.00233692,0.00729003,0.0166326,1996,"1856c107"
"mddina","dina","md40 n500","H","mr","share_lower_ge_tau",60,0.001002004,0.000708169,0.000274829,0.00364621,1996,"1856c107"
"mddina","dina","md40 n500","H","mr","share_lower_ge_tau",80,0,0,0,0.00192088,1996,"1856c107"
"mddina","dina","md40 n500","H","mr","share_lower_ge_tau",100,0,0,0,0.00192088,1996,"1856c107"
"mddina","dina","md40 n500","H","mr","bound_mean",,-5.8470141,0.403145,,,1996,"1856c107"
"mddina","dina","md40 n500","H","mr","bound_q05",,-34.399815,,,,1996,"1856c107"
"mddina","dina","md40 n500","H","mr","bound_q25",,-18.02306,,,,1996,"1856c107"
"mddina","dina","md40 n500","H","mr","bound_q50",,-6.1543834,,,,1996,"1856c107"
"mddina","dina","md40 n500","H","mr","bound_q75",,5.808722,,,,1996,"1856c107"
"mddina","dina","md40 n500","H","mr","bound_q95",,23.605494,,,,1996,"1856c107"
"mddina","dina","md40 n500","H","naive","share_lower_ge_tau",0,0.99649299,0.0013232,0.992778,0.9983,1996,"1856c107"
"mddina","dina","md40 n500","H","naive","share_lower_ge_tau",10,0.98997996,0.0022293,0.984573,0.993504,1996,"1856c107"
"mddina","dina","md40 n500","H","naive","share_lower_ge_tau",20,0.97094188,0.00375967,0.96262,0.977454,1996,"1856c107"
"mddina","dina","md40 n500","H","naive","share_lower_ge_tau",30,0.90480962,0.00656893,0.891146,0.916918,1996,"1856c107"
"mddina","dina","md40 n500","H","naive","share_lower_ge_tau",40,0.74699399,0.00973069,0.72746,0.765579,1996,"1856c107"
"mddina","dina","md40 n500","H","naive","share_lower_ge_tau",60,0.27905812,0.0100396,0.25982,0.299145,1996,"1856c107"
"mddina","dina","md40 n500","H","naive","share_lower_ge_tau",80,0.038577154,0.00431064,0.0309765,0.0479505,1996,"1856c107"
"mddina","dina","md40 n500","H","naive","share_lower_ge_tau",100,0.003507014,0.0013232,0.00169983,0.0072216,1996,"1856c107"
"mddina","dina","md40 n500","H","naive","bound_mean",,50.801655,0.366963,,,1996,"1856c107"
"mddina","dina","md40 n500","H","naive","bound_q05",,24.522667,,,,1996,"1856c107"
"mddina","dina","md40 n500","H","naive","bound_q25",,39.834531,,,,1996,"1856c107"
"mddina","dina","md40 n500","H","naive","bound_q50",,50.727834,,,,1996,"1856c107"
"mddina","dina","md40 n500","H","naive","bound_q75",,61.341818,,,,1996,"1856c107"
"mddina","dina","md40 n500","H","naive","bound_q95",,77.525032,,,,1996,"1856c107"
"mddina","dina","md40 n500","Hc","naive","bias_md",,-16.964246,0.266677,,,1996,"1856c107"
"mddina","dina","md40 n500","Hc","naive","bias_sd_units",,-1.424773,0.0223974,,,1996,"1856c107"
"mddina","dina","md40 n500","Hc","naive","sd_emp",,11.906631,0.188496,,,1996,"1856c107"
"mddina","dina","md40 n500","Hc","naive","se_mean",,13.160407,0.0171461,,,1996,"1856c107"
"mddina","dina","md40 n500","Hc","naive","se_over_sd",,1.1053007,0.0175574,,,1996,"1856c107"
"mddina","dina","md40 n500","Hc","naive","cov1_upper",,0.65881764,0.010612,0.637731,0.679294,1996,"1856c107"
"mddina","dina","md40 n500","Hc","naive","cov2",,0.77755511,0.00930886,0.758787,0.795257,1996,"1856c107"
"mddina","dina","md40 n500","Hc","naive","halfwidth_md",,25.793924,,,,1996,"1856c107"
"mddina","dina","md40 n500","Hc","naive","margin1_md",,21.646943,,,,1996,"1856c107"
"mddina","dina","md40 n500","Hc","oracle","bias_md",,-0.23388021,0.320533,,,1996,"1856c107"
"mddina","dina","md40 n500","Hc","oracle","bias_sd_units",,-0.016332057,0.0223831,,,1996,"1856c107"
"mddina","dina","md40 n500","Hc","oracle","sd_emp",,14.320315,0.226708,,,1996,"1856c107"
"mddina","dina","md40 n500","Hc","oracle","se_mean",,14.419438,0.0138005,,,1996,"1856c107"
"mddina","dina","md40 n500","Hc","oracle","se_over_sd",,1.0069219,0.0159699,,,1996,"1856c107"
"mddina","dina","md40 n500","Hc","oracle","cov1_upper",,0.95791583,0.0044941,0.948193,0.96588,1996,"1856c107"
"mddina","dina","md40 n500","Hc","oracle","cov2",,0.95340681,0.00471759,0.943257,0.961814,1996,"1856c107"
"mddina","dina","md40 n500","Hc","oracle","halfwidth_md",,28.262099,,,,1996,"1856c107"
"mddina","dina","md40 n500","Hc","oracle","margin1_md",,23.717865,,,,1996,"1856c107"
"mddina","dina","md40 n500","Hc","mr","bias_md",,-6.7280393,0.290402,,,1996,"1856c107"
"mddina","dina","md40 n500","Hc","mr","bias_sd_units",,-0.51913235,0.0224073,,,1996,"1856c107"
"mddina","dina","md40 n500","Hc","mr","sd_emp",,12.960162,0.205175,,,1996,"1856c107"
"mddina","dina","md40 n500","Hc","mr","se_mean",,23.90373,0.0243414,,,1996,"1856c107"
"mddina","dina","md40 n500","Hc","mr","se_over_sd",,1.8444006,0.0292594,,,1996,"1856c107"
"mddina","dina","md40 n500","Hc","mr","cov1_upper",,0.99098196,0.00211597,0.98579,0.994288,1996,"1856c107"
"mddina","dina","md40 n500","Hc","mr","cov2",,1,0,0.998079,1,1996,"1856c107"
"mddina","dina","md40 n500","Hc","mr","halfwidth_md",,46.85045,,,,1996,"1856c107"
"mddina","dina","md40 n500","Hc","mr","margin1_md",,39.318137,,,,1996,"1856c107"
"mddina","dina","md40 n500","Hc","fld","bias_md",,-4.6302045,0.29776,,,1996,"1856c107"
"mddina","dina","md40 n500","Hc","fld","bias_sd_units",,-0.34842934,0.0224069,,,1996,"1856c107"
"mddina","dina","md40 n500","Hc","fld","sd_emp",,13.28879,0.210377,,,1996,"1856c107"
"mddina","dina","md40 n500","Hc","fld","se_mean",,12.888722,0.0123501,,,1996,"1856c107"
"mddina","dina","md40 n500","Hc","fld","se_over_sd",,0.9698943,0.0153827,,,1996,"1856c107"
"mddina","dina","md40 n500","Hc","fld","cov1_upper",,0.89428858,0.00688208,0.880034,0.907028,1996,"1856c107"
"mddina","dina","md40 n500","Hc","fld","cov2",,0.92985972,0.00571626,0.917811,0.940257,1996,"1856c107"
"mddina","dina","md40 n500","Hc","fld","halfwidth_md",,25.153869,,,,1996,"1856c107"
"mddina","dina","md40 n500","Hc","fld","margin1_md",,23.327842,,,,1996,"1856c107"
"mddina","dina","md40 n500","Hc","fld_s","bias_md",,-4.637733,0.297187,,,1996,"1856c107"
"mddina","dina","md40 n500","Hc","fld_s","bias_sd_units",,-0.34967998,0.0224075,,,1996,"1856c107"
"mddina","dina","md40 n500","Hc","fld_s","sd_emp",,13.262792,0.209966,,,1996,"1856c107"
"mddina","dina","md40 n500","Hc","fld_s","se_mean",,12.926769,0.0179777,,,1996,"1856c107"
"mddina","dina","md40 n500","Hc","fld_s","se_over_sd",,0.97466423,0.0154895,,,1996,"1856c107"
"mddina","dina","md40 n500","Hc","fld_s","cov1_upper",,0.89679359,0.00680956,0.882676,0.909387,1996,"1856c107"
"mddina","dina","md40 n500","Hc","fld_s","cov2",,0.93336673,0.00558202,0.921573,0.943496,1996,"1856c107"
"mddina","dina","md40 n500","Hc","fld_s","halfwidth_md",,25.220429,,,,1996,"1856c107"
"mddina","dina","md40 n500","Hc","fld_s","margin1_md",,23.345905,,,,1996,"1856c107"
"mddina","dina","md40 n500","Hc","fld_s","share_upper_le_tau",0,0,0,0,0.00192088,1996,"1856c107"
"mddina","dina","md40 n500","Hc","fld_s","share_upper_le_tau",10,0.005511022,0.00165705,0.00308006,0.00984169,1996,"1856c107"
"mddina","dina","md40 n500","Hc","fld_s","share_upper_le_tau",20,0.024048096,0.00342905,0.018186,0.0317387,1996,"1856c107"
"mddina","dina","md40 n500","Hc","fld_s","share_upper_le_tau",30,0.094188377,0.00653789,0.0821425,0.107793,1996,"1856c107"
"mddina","dina","md40 n500","Hc","fld_s","share_upper_le_tau",40,0.27104208,0.00994923,0.251996,0.290968,1996,"1856c107"
"mddina","dina","md40 n500","Hc","fld_s","share_upper_le_tau",60,0.82965932,0.00841451,0.812538,0.845515,1996,"1856c107"
"mddina","dina","md40 n500","Hc","fld_s","share_upper_le_tau",80,0.99599198,0.00141421,0.992111,0.997968,1996,"1856c107"
"mddina","dina","md40 n500","Hc","fld_s","share_upper_le_tau",100,1,0,0.998079,1,1996,"1856c107"
"mddina","dina","md40 n500","Hc","fld_s","bound_mean",,47.43646,0.295108,,,1996,"1856c107"
"mddina","dina","md40 n500","Hc","fld_s","bound_q05",,25.781074,,,,1996,"1856c107"
"mddina","dina","md40 n500","Hc","fld_s","bound_q25",,38.963049,,,,1996,"1856c107"
"mddina","dina","md40 n500","Hc","fld_s","bound_q50",,47.717803,,,,1996,"1856c107"
"mddina","dina","md40 n500","Hc","fld_s","bound_q75",,56.166365,,,,1996,"1856c107"
"mddina","dina","md40 n500","Hc","fld_s","bound_q95",,69.238878,,,,1996,"1856c107"
"mddina","dina","md40 n500","Hc","oracle","share_upper_le_tau",0,0.001002004,0.000708169,0.000274829,0.00364621,1996,"1856c107"
"mddina","dina","md40 n500","Hc","oracle","share_upper_le_tau",10,0.005511022,0.00165705,0.00308006,0.00984169,1996,"1856c107"
"mddina","dina","md40 n500","Hc","oracle","share_upper_le_tau",20,0.019539078,0.00309804,0.014326,0.026598,1996,"1856c107"
"mddina","dina","md40 n500","Hc","oracle","share_upper_le_tau",30,0.078657315,0.00602559,0.0676403,0.091293,1996,"1856c107"
"mddina","dina","md40 n500","Hc","oracle","share_upper_le_tau",40,0.25150301,0.0097115,0.232958,0.271002,1996,"1856c107"
"mddina","dina","md40 n500","Hc","oracle","share_upper_le_tau",60,0.75801603,0.00958633,0.738743,0.776298,1996,"1856c107"
"mddina","dina","md40 n500","Hc","oracle","share_upper_le_tau",80,0.98446894,0.00276771,0.97804,0.989037,1996,"1856c107"
"mddina","dina","md40 n500","Hc","oracle","share_upper_le_tau",100,1,0,0.998079,1,1996,"1856c107"
"mddina","dina","md40 n500","Hc","oracle","bound_mean",,49.739221,0.321326,,,1996,"1856c107"
"mddina","dina","md40 n500","Hc","oracle","bound_q05",,27.14424,,,,1996,"1856c107"
"mddina","dina","md40 n500","Hc","oracle","bound_q25",,39.916977,,,,1996,"1856c107"
"mddina","dina","md40 n500","Hc","oracle","bound_q50",,49.97045,,,,1996,"1856c107"
"mddina","dina","md40 n500","Hc","oracle","bound_q75",,59.51705,,,,1996,"1856c107"
"mddina","dina","md40 n500","Hc","oracle","bound_q95",,72.540958,,,,1996,"1856c107"
"mddina","dina","md40 n500","Hc","fld","share_upper_le_tau",0,0,0,0,0.00192088,1996,"1856c107"
"mddina","dina","md40 n500","Hc","fld","share_upper_le_tau",10,0.0070140281,0.00186799,0.00418272,0.0117393,1996,"1856c107"
"mddina","dina","md40 n500","Hc","fld","share_upper_le_tau",20,0.025551102,0.00353186,0.019487,0.0334379,1996,"1856c107"
"mddina","dina","md40 n500","Hc","fld","share_upper_le_tau",30,0.095691383,0.00658437,0.0835519,0.109384,1996,"1856c107"
"mddina","dina","md40 n500","Hc","fld","share_upper_le_tau",40,0.2750501,0.00999493,0.255907,0.295058,1996,"1856c107"
"mddina","dina","md40 n500","Hc","fld","share_upper_le_tau",60,0.83016032,0.00840466,0.813057,0.845995,1996,"1856c107"
"mddina","dina","md40 n500","Hc","fld","share_upper_le_tau",80,0.99599198,0.00141421,0.992111,0.997968,1996,"1856c107"
"mddina","dina","md40 n500","Hc","fld","share_upper_le_tau",100,1,0,0.998079,1,1996,"1856c107"
"mddina","dina","md40 n500","Hc","fld","bound_mean",,47.418397,0.299414,,,1996,"1856c107"
"mddina","dina","md40 n500","Hc","fld","bound_q05",,25.052096,,,,1996,"1856c107"
"mddina","dina","md40 n500","Hc","fld","bound_q25",,38.85437,,,,1996,"1856c107"
"mddina","dina","md40 n500","Hc","fld","bound_q50",,47.66395,,,,1996,"1856c107"
"mddina","dina","md40 n500","Hc","fld","bound_q75",,56.585147,,,,1996,"1856c107"
"mddina","dina","md40 n500","Hc","fld","bound_q95",,69.51617,,,,1996,"1856c107"
"mddina","dina","md40 n500","Hc","mr","share_upper_le_tau",0,0,0,0,0.00192088,1996,"1856c107"
"mddina","dina","md40 n500","Hc","mr","share_upper_le_tau",10,0,0,0,0.00192088,1996,"1856c107"
"mddina","dina","md40 n500","Hc","mr","share_upper_le_tau",20,0,0,0,0.00192088,1996,"1856c107"
"mddina","dina","md40 n500","Hc","mr","share_upper_le_tau",30,0.0070140281,0.00186799,0.00418272,0.0117393,1996,"1856c107"
"mddina","dina","md40 n500","Hc","mr","share_upper_le_tau",40,0.03256513,0.00397289,0.0256321,0.0412939,1996,"1856c107"
"mddina","dina","md40 n500","Hc","mr","share_upper_le_tau",60,0.39178357,0.0109263,0.370596,0.413387,1996,"1856c107"
"mddina","dina","md40 n500","Hc","mr","share_upper_le_tau",80,0.9003006,0.00670594,0.886378,0.912685,1996,"1856c107"
"mddina","dina","md40 n500","Hc","mr","share_upper_le_tau",100,0.999499,0.000500876,0.997167,0.999912,1996,"1856c107"
"mddina","dina","md40 n500","Hc","mr","bound_mean",,63.408692,0.283032,,,1996,"1856c107"
"mddina","dina","md40 n500","Hc","mr","bound_q05",,42.754034,,,,1996,"1856c107"
"mddina","dina","md40 n500","Hc","mr","bound_q25",,55.135325,,,,1996,"1856c107"
"mddina","dina","md40 n500","Hc","mr","bound_q50",,63.723743,,,,1996,"1856c107"
"mddina","dina","md40 n500","Hc","mr","bound_q75",,71.527801,,,,1996,"1856c107"
"mddina","dina","md40 n500","Hc","mr","bound_q95",,84.643222,,,,1996,"1856c107"
"mddina","dina","md40 n500","Hc","naive","share_upper_le_tau",0,0.001503006,0.000867109,0.000511286,0.00440983,1996,"1856c107"
"mddina","dina","md40 n500","Hc","naive","share_upper_le_tau",10,0.019539078,0.00309804,0.014326,0.026598,1996,"1856c107"
"mddina","dina","md40 n500","Hc","naive","share_upper_le_tau",20,0.092184369,0.00647511,0.0802648,0.105671,1996,"1856c107"
"mddina","dina","md40 n500","Hc","naive","share_upper_le_tau",30,0.31813627,0.010425,0.29807,0.338902,1996,"1856c107"
"mddina","dina","md40 n500","Hc","naive","share_upper_le_tau",40,0.65831663,0.0106157,0.637224,0.678801,1996,"1856c107"
"mddina","dina","md40 n500","Hc","naive","share_upper_le_tau",60,0.98446894,0.00276771,0.97804,0.989037,1996,"1856c107"
"mddina","dina","md40 n500","Hc","naive","share_upper_le_tau",80,1,0,0.998079,1,1996,"1856c107"
"mddina","dina","md40 n500","Hc","naive","share_upper_le_tau",100,1,0,0.998079,1,1996,"1856c107"
"mddina","dina","md40 n500","Hc","naive","bound_mean",,35.501292,0.263316,,,1996,"1856c107"
"mddina","dina","md40 n500","Hc","naive","bound_q05",,16.079673,,,,1996,"1856c107"
"mddina","dina","md40 n500","Hc","naive","bound_q25",,27.806458,,,,1996,"1856c107"
"mddina","dina","md40 n500","Hc","naive","bound_q50",,35.551006,,,,1996,"1856c107"
"mddina","dina","md40 n500","Hc","naive","bound_q75",,43.258044,,,,1996,"1856c107"
"mddina","dina","md40 n500","Hc","naive","bound_q95",,55.794427,,,,1996,"1856c107"
"mddina","dina","md40 n500","joint","bonf_s","joint_coverage",,0.91432866,0.00626453,0.901241,0.925825,1996,"1856c107"
"mddina","dina","md40 n500","joint","bonf_s","share_both_bounds",,1,0,0.998079,1,1996,"1856c107"
"mddina","dina","md40 n500","joint","bonf_s","cov_H",,0.97194389,0.00369619,0.963743,0.978331,1996,"1856c107"
"mddina","dina","md40 n500","joint","bonf_s","cov_Hc",,0.94088176,0.00527896,0.929664,0.950406,1996,"1856c107"
"mddina","dina","md40 n500","joint","bonf_s","margin_H_md",,59.102597,0.09726,,,1996,"1856c107"
"mddina","dina","md40 n500","joint","bonf_s","margin_Hc_md",,27.391582,0.0480114,,,1996,"1856c107"
"mddina","dina","md40 n500","joint","bonf","joint_coverage",,0.91082164,0.0063792,0.897517,0.922548,1996,"1856c107"
"mddina","dina","md40 n500","joint","bonf","share_both_bounds",,1,0,0.998079,1,1996,"1856c107"
"mddina","dina","md40 n500","joint","bonf","cov_H",,0.97194389,0.00369619,0.963743,0.978331,1996,"1856c107"
"mddina","dina","md40 n500","joint","bonf","cov_Hc",,0.93737475,0.00542314,0.925882,0.947187,1996,"1856c107"
"mddina","dina","md40 n500","joint","bonf","margin_H_md",,59.102597,0.09726,,,1996,"1856c107"
"mddina","dina","md40 n500","joint","bonf","margin_Hc_md",,27.390198,0.0385962,,,1996,"1856c107"
"mddina","dina","md40 n500","joint","separate_s","joint_coverage",,0.84018036,0.00820202,0.823453,0.8556,1996,"1856c107"
"mddina","dina","md40 n500","joint","separate_s","share_both_bounds",,1,0,0.998079,1,1996,"1856c107"
"mddina","dina","md40 n500","joint","separate_s","cov_H",,0.93737475,0.00542314,0.925882,0.947187,1996,"1856c107"
"mddina","dina","md40 n500","joint","separate_s","cov_Hc",,0.89679359,0.00680956,0.882676,0.909387,1996,"1856c107"
"mddina","dina","md40 n500","joint","separate_s","margin_H_md",,49.926328,0.0826598,,,1996,"1856c107"
"mddina","dina","md40 n500","joint","separate_s","margin_Hc_md",,23.345905,0.0418187,,,1996,"1856c107"
"mddina","dina","md40 n500","joint","calibrated","gamma_mean_s",,0.025155311,8.41318e-06,,,1996,"1856c107"
"mddina","dina","md40 n500","joint","calibrated","corr_s",,0.087904376,0.00132721,,,1996,"1856c107"
"mddina","dina","md40 n500","joint","calibrated","gamma_mean",,0.025124749,7.56582e-06,,,1996,"1856c107"
"mddina","dina","md40 n500","joint","calibrated","corr",,0.09053473,0.00135213,,,1996,"1856c107"
"mddina","dina","md40 n500","H","all","mean_proposed_n",,3341.6538,47.3585,,,1996,"1856c107"
"mddina","dina","md40 n500","H","all","mean_size_hhat",,108.53257,0.709276,,,1996,"1856c107"
"mddina","dina","md40 n500","H","all","mean_true_positives",,42.385772,0.588807,,,1996,"1856c107"
"mddina","dina","md40 n500","H","all","sensitivity_mean",,0.24621809,0.00340825,,,1996,"1856c107"
"mddina","dina","md40 n500","H","all","ppv_mean",,0.38877718,0.0047285,,,1996,"1856c107"
"mddina","dina","md40 n500","H","all","mean_n_family",,3341.6538,47.3585,,,1996,"1856c107"
"mddina","dina","md40 n500","H","all","mean_admitted_n",,2631.0155,42.9631,,,1996,"1856c107"
"mddina","dina","md40 n500","H","all","share_size_larger_than_fs",,0.42706767,0.0110746,0.405522,0.448893,1995,"1856c107"
"mddina","dina","md40 n500","H","all","count_size_larger_than_fs",,852,,,,1995,"1856c107"
"mddina","dina","md40 n500","H","all","share_size_equal_than_fs",,0.046616541,0.0047199,0.038205,0.0567708,1995,"1856c107"
"mddina","dina","md40 n500","H","all","count_size_equal_than_fs",,93,,,,1995,"1856c107"
"mddina","dina","md40 n500","H","all","share_size_smaller_than_fs",,0.52631579,0.0111788,0.504376,0.548154,1995,"1856c107"
"mddina","dina","md40 n500","H","all","count_size_smaller_than_fs",,1050,,,,1995,"1856c107"
"mdsgnb20","fs","md40 n500","H","all","declaration_rate",,0.999,0.000706753,0.996361,0.999726,2000,"72e6f129"
"mdsgnb20","fs","md40 n500","H","all","mean_n_sel",,111.62412,0.718135,,,1998,"72e6f129"
"mdsgnb20","fs","md40 n500","H","all","sensitivity_mean",,0.26791206,0.00383842,,,1998,"72e6f129"
"mdsgnb20","fs","md40 n500","H","all","ppv_mean",,0.41223283,0.00526753,,,1998,"72e6f129"
"mdgrf","grf","md40 n500","H","all","declaration_rate",,1,0,0.998083,1,2000,"c4c49572"
"mdgrf","grf","md40 n500","H","all","mean_size_hhat",,109.459,0.793484,,,2000,"c4c49572"
"mdgrf","grf","md40 n500","H","all","sensitivity_mean",,0.24967625,0.003435,,,2000,"c4c49572"
"mdgrf","grf","md40 n500","H","all","ppv_mean",,0.39086792,0.00464715,,,2000,"c4c49572"
"mdgrf","grf","md40 n500","H","all","mean_n_family",,1222.3815,1.04192,,,2000,"c4c49572"
"mdgrf","grf","md40 n500","H","all","mean_admitted_n",,624.5675,6.51735,,,2000,"c4c49572"
"mdsgnb20","fs","md40 n500","H","fld","cov1_lower",,0.94794795,0.00496951,0.93732,0.956857,1998,"72e6f129"
"mdgrf","grf","md40 n500","H","fld","cov1_lower",,0.939,0.00535159,0.927646,0.948671,2000,"c4c49572"
"mdsgnb20","fs","md40 n500","Hc","fld_s","cov1_upper",,0.91391391,0.00627511,0.900807,0.925432,1998,"72e6f129"
"mdgrf","grf","md40 n500","Hc","fld_s","cov1_upper",,0.92,0.0060663,0.907289,0.9311,2000,"c4c49572"
"mdsgnb20","fs","md40 n500","joint","bonf_s","joint_coverage",,0.92792793,0.00578553,0.915748,0.938465,1998,"72e6f129"
"mdgrf","grf","md40 n500","joint","bonf_s","joint_coverage",,0.9195,0.00608357,0.906757,0.930635,2000,"c4c49572"
"mddina","dina","md40 n500","H","all","p_hat_mean",,0.079546994,0.00164283,,,1996,"1856c107"
"mddina","dina","md40 n500","H","all","p_hat_share_lt_05",,0.99599198,0.00141421,0.992111,0.997968,1996,"1856c107"
"mddina","dina","md40 n500","Hc","mr","sd_btc_over_naive_se",,0.98478427,,,,1996,"1856c107"
"mddina","dina","md40 n500","Hc","fld","lamsd_over_naive_se",,0.97935588,,,,1996,"1856c107"
"mddina","dina","md40 n500","Hc","fld_s","lamsd_over_naive_se",,0.9822469,,,,1996,"1856c107"
"mddina","dina","md40 n500","all","all","secs_fit_mr_mean",,134.23465,2.0218,,,2000,"1856c107"
"mddina","dina","md40 n500","all","all","secs_field_mean",,69.797548,0.862926,,,1996,"1856c107"
"mddina","dina","md40 n500","all","all","secs_complement_mean",,6.9987049,0.133757,,,1996,"1856c107"
"mddina","dina","md40 n500","Hc","fld_s","display_b",,-0.34967998,,,,1996,"1856c107"
"mddina","dina","md40 n500","Hc","fld_s","display_r",,0.97466423,,,,1996,"1856c107"
"mddina","dina","md40 n500","Hc","fld_s","display_cov1",,0.89679359,,,,1996,"1856c107"
"mddina","dina","md40 n500","Hc","fld_s","display_cov1_ref",,0.8949881,,,,1996,"1856c107"
"mddina","dina","md40 n500","Hc","fld_s","display_cov2",,0.93336673,,,,1996,"1856c107"
"mddina","dina","md40 n500","Hc","fld_s","display_cov2_ref",,0.92878305,,,,1996,"1856c107"
"mddina","dina","md40 n500","H","naive","display_b",,3.5907814,,,,1996,"1856c107"
"mddina","dina","md40 n500","H","naive","display_r",,1.499865,,,,1996,"1856c107"
"mddina","dina","md40 n500","H","naive","display_cov1_ref",,0.13056527,,,,1996,"1856c107"
"mddina","dina","md40 n500","H","naive","display_cov2_ref",,0.25749096,,,,1996,"1856c107"
"mddina","dina","md40 n500","H","mr","display_b",,1.0841183,,,,1996,"1856c107"
"mddina","dina","md40 n500","H","mr","display_r",,1.9193992,,,,1996,"1856c107"
"mddina","dina","md40 n500","H","mr","display_cov1_ref",,0.98091444,,,,1996,"1856c107"
"mddina","dina","md40 n500","H","mr","display_cov2_ref",,0.99629438,,,,1996,"1856c107"
"mddina","dina","md40 n500","H","fld","display_b",,0.5998676,,,,1996,"1856c107"
"mddina","dina","md40 n500","H","fld","display_r",,1.2782973,,,,1996,"1856c107"
"mddina","dina","md40 n500","H","fld","display_cov1_ref",,0.93354751,,,,1996,"1856c107"
"mddina","dina","md40 n500","H","fld","display_cov2_ref",,0.97069515,,,,1996,"1856c107"
"mddina","dina","md40 n500","Hc","naive","display_b",,-1.424773,,,,1996,"1856c107"
"mddina","dina","md40 n500","Hc","naive","display_r",,1.1053007,,,,1996,"1856c107"
"mddina","dina","md40 n500","Hc","naive","display_cov1_ref",,0.65294545,,,,1996,"1856c107"
"mddina","dina","md40 n500","Hc","naive","display_cov2_ref",,0.7706634,,,,1996,"1856c107"
"mddina","dina","md40 n500","Hc","mr","display_b",,-0.51913235,,,,1996,"1856c107"
"mddina","dina","md40 n500","Hc","mr","display_r",,1.8444006,,,,1996,"1856c107"
"mddina","dina","md40 n500","Hc","mr","display_cov1_ref",,0.99404224,,,,1996,"1856c107"
"mddina","dina","md40 n500","Hc","mr","display_cov2_ref",,0.99900086,,,,1996,"1856c107"
"mddina","dina","md40 n500","Hc","fld","display_b",,-0.34842934,,,,1996,"1856c107"
"mddina","dina","md40 n500","Hc","fld","display_r",,0.9698943,,,,1996,"1856c107"
"mddina","dina","md40 n500","Hc","fld","display_cov1_ref",,0.8937838,,,,1996,"1856c107"
"mddina","dina","md40 n500","Hc","fld","display_cov2_ref",,0.92748816,,,,1996,"1856c107"
"mddina","dina","md120 n500","H","all","declaration_rate",,1,0,0.998083,1,2000,"c9f1b948"
"mddina","dina","md120 n500","H","naive","bias_md",,31.461821,0.540654,,,2000,"c9f1b948"
"mddina","dina","md120 n500","H","naive","bias_sd_units",,1.7271862,0.0296807,,,2000,"c9f1b948"
"mddina","dina","md120 n500","H","naive","sd_emp",,18.21565,0.288087,,,2000,"c9f1b948"
"mddina","dina","md120 n500","H","naive","se_mean",,22.307618,0.0792975,,,2000,"c9f1b948"
"mddina","dina","md120 n500","H","naive","se_over_sd",,1.2246402,0.0198513,,,2000,"c9f1b948"
"mddina","dina","md120 n500","H","naive","cov1_lower",,0.5955,0.0109745,0.573827,0.616807,2000,"c9f1b948"
"mddina","dina","md120 n500","H","naive","cov2",,0.705,0.0101974,0.684636,0.724578,2000,"c9f1b948"
"mddina","dina","md120 n500","H","naive","halfwidth_md",,43.722127,,,,2000,"c9f1b948"
"mddina","dina","md120 n500","H","naive","margin1_md",,36.692766,,,,2000,"c9f1b948"
"mddina","dina","md120 n500","H","oracle","bias_md",,-0.68368566,0.446965,,,2000,"c9f1b948"
"mddina","dina","md120 n500","H","oracle","bias_sd_units",,-0.034203281,0.0223607,,,2000,"c9f1b948"
"mddina","dina","md120 n500","H","oracle","sd_emp",,19.988891,0.316131,,,2000,"c9f1b948"
"mddina","dina","md120 n500","H","oracle","se_mean",,19.806709,0.027273,,,2000,"c9f1b948"
"mddina","dina","md120 n500","H","oracle","se_over_sd",,0.99088583,0.0157305,,,2000,"c9f1b948"
"mddina","dina","md120 n500","H","oracle","cov1_lower",,0.9525,0.00475625,0.942279,0.960986,2000,"c9f1b948"
"mddina","dina","md120 n500","H","oracle","cov2",,0.943,0.00518416,0.931964,0.952337,2000,"c9f1b948"
"mddina","dina","md120 n500","H","oracle","halfwidth_md",,38.821149,,,,2000,"c9f1b948"
"mddina","dina","md120 n500","H","oracle","margin1_md",,32.579137,,,,2000,"c9f1b948"
"mddina","dina","md120 n500","H","mr","bias_md",,-2.7639651,0.583864,,,2000,"c9f1b948"
"mddina","dina","md120 n500","H","mr","bias_sd_units",,-0.12186685,0.0257434,,,2000,"c9f1b948"
"mddina","dina","md120 n500","H","mr","sd_emp",,22.680204,0.358695,,,2000,"c9f1b948"
"mddina","dina","md120 n500","H","mr","se_mean",,32.19179,0.093482,,,2000,"c9f1b948"
"mddina","dina","md120 n500","H","mr","se_over_sd",,1.4193783,0.0228232,,,2000,"c9f1b948"
"mddina","dina","md120 n500","H","mr","cov1_lower",,0.9905,0.00216907,0.98521,0.99391,2000,"c9f1b948"
"mddina","dina","md120 n500","H","mr","cov2",,0.9835,0.00284849,0.976919,0.988227,2000,"c9f1b948"
"mddina","dina","md120 n500","H","mr","halfwidth_md",,63.09475,,,,2000,"c9f1b948"
"mddina","dina","md120 n500","H","mr","margin1_md",,52.950783,,,,2000,"c9f1b948"
"mddina","dina","md120 n500","H","fld","bias_md",,-5.9401963,0.612129,,,2000,"c9f1b948"
"mddina","dina","md120 n500","H","fld","bias_sd_units",,-0.23763431,0.0244879,,,2000,"c9f1b948"
"mddina","dina","md120 n500","H","fld","sd_emp",,24.997216,0.39534,,,2000,"c9f1b948"
"mddina","dina","md120 n500","H","fld","se_mean",,25.239178,0.0439411,,,2000,"c9f1b948"
"mddina","dina","md120 n500","H","fld","se_over_sd",,1.0096796,0.0160649,,,2000,"c9f1b948"
"mddina","dina","md120 n500","H","fld","cov1_lower",,0.9645,0.00413762,0.955459,0.97176,2000,"c9f1b948"
"mddina","dina","md120 n500","H","fld","cov2",,0.9095,0.00641521,0.896129,0.921301,2000,"c9f1b948"
"mddina","dina","md120 n500","H","fld","halfwidth_md",,49.33435,,,,2000,"c9f1b948"
"mddina","dina","md120 n500","H","fld","margin1_md",,45.697557,,,,2000,"c9f1b948"
"mddina","dina","md120 n500","H","fld","share_lower_ge_tau",0,0.9855,0.00267299,0.979253,0.989885,2000,"c9f1b948"
"mddina","dina","md120 n500","H","fld","share_lower_ge_tau",10,0.9555,0.00461084,0.945556,0.963697,2000,"c9f1b948"
"mddina","dina","md120 n500","H","fld","share_lower_ge_tau",20,0.892,0.00694032,0.877638,0.904859,2000,"c9f1b948"
"mddina","dina","md120 n500","H","fld","share_lower_ge_tau",30,0.7825,0.0092248,0.763887,0.800029,2000,"c9f1b948"
"mddina","dina","md120 n500","H","fld","share_lower_ge_tau",40,0.6275,0.0108107,0.606086,0.648425,2000,"c9f1b948"
"mddina","dina","md120 n500","H","fld","share_lower_ge_tau",60,0.3115,0.0103554,0.291581,0.332141,2000,"c9f1b948"
"mddina","dina","md120 n500","H","fld","share_lower_ge_tau",80,0.107,0.00691198,0.0941982,0.121309,2000,"c9f1b948"
"mddina","dina","md120 n500","H","fld","share_lower_ge_tau",100,0.0245,0.00345686,0.0185816,0.0322415,2000,"c9f1b948"
"mddina","dina","md120 n500","H","fld","bound_mean",,49.06193,0.542365,,,2000,"c9f1b948"
"mddina","dina","md120 n500","H","fld","bound_q05",,10.851176,,,,2000,"c9f1b948"
"mddina","dina","md120 n500","H","fld","bound_q25",,32.312053,,,,2000,"c9f1b948"
"mddina","dina","md120 n500","H","fld","bound_q50",,47.435219,,,,2000,"c9f1b948"
"mddina","dina","md120 n500","H","fld","bound_q75",,64.493361,,,,2000,"c9f1b948"
"mddina","dina","md120 n500","H","fld","bound_q95",,89.914041,,,,2000,"c9f1b948"
"mddina","dina","md120 n500","H","oracle","share_lower_ge_tau",0,1,0,0.998083,1,2000,"c9f1b948"
"mddina","dina","md120 n500","H","oracle","share_lower_ge_tau",10,1,0,0.998083,1,2000,"c9f1b948"
"mddina","dina","md120 n500","H","oracle","share_lower_ge_tau",20,0.999,0.000706753,0.996361,0.999726,2000,"c9f1b948"
"mddina","dina","md120 n500","H","oracle","share_lower_ge_tau",30,0.9965,0.00132056,0.992793,0.998304,2000,"c9f1b948"
"mddina","dina","md120 n500","H","oracle","share_lower_ge_tau",40,0.986,0.00262717,0.97984,0.990296,2000,"c9f1b948"
"mddina","dina","md120 n500","H","oracle","share_lower_ge_tau",60,0.907,0.00649427,0.89348,0.91896,2000,"c9f1b948"
"mddina","dina","md120 n500","H","oracle","share_lower_ge_tau",80,0.638,0.0107461,0.616692,0.658779,2000,"c9f1b948"
"mddina","dina","md120 n500","H","oracle","share_lower_ge_tau",100,0.2515,0.00970175,0.232974,0.270979,2000,"c9f1b948"
"mddina","dina","md120 n500","H","oracle","bound_mean",,86.737177,0.448601,,,2000,"c9f1b948"
"mddina","dina","md120 n500","H","oracle","bound_q05",,53.00774,,,,2000,"c9f1b948"
"mddina","dina","md120 n500","H","oracle","bound_q25",,74.104149,,,,2000,"c9f1b948"
"mddina","dina","md120 n500","H","oracle","bound_q50",,87.274926,,,,2000,"c9f1b948"
"mddina","dina","md120 n500","H","oracle","bound_q75",,100.08589,,,,2000,"c9f1b948"
"mddina","dina","md120 n500","H","oracle","bound_q95",,119.7773,,,,2000,"c9f1b948"
"mddina","dina","md120 n500","H","mr","share_lower_ge_tau",0,0.979,0.00320617,0.971737,0.984426,2000,"c9f1b948"
"mddina","dina","md120 n500","H","mr","share_lower_ge_tau",10,0.9315,0.00564835,0.919582,0.941764,2000,"c9f1b948"
"mddina","dina","md120 n500","H","mr","share_lower_ge_tau",20,0.852,0.00794028,0.835763,0.866888,2000,"c9f1b948"
"mddina","dina","md120 n500","H","mr","share_lower_ge_tau",30,0.7175,0.0100671,0.697366,0.7368,2000,"c9f1b948"
"mddina","dina","md120 n500","H","mr","share_lower_ge_tau",40,0.5215,0.01117,0.499587,0.543331,2000,"c9f1b948"
"mddina","dina","md120 n500","H","mr","share_lower_ge_tau",60,0.1925,0.008816,0.175817,0.210362,2000,"c9f1b948"
"mddina","dina","md120 n500","H","mr","share_lower_ge_tau",80,0.038,0.00427528,0.0304676,0.0473038,2000,"c9f1b948"
"mddina","dina","md120 n500","H","mr","share_lower_ge_tau",100,0.003,0.00122291,0.00137563,0.00652992,2000,"c9f1b948"
"mddina","dina","md120 n500","H","mr","bound_mean",,41.808704,0.472145,,,2000,"c9f1b948"
"mddina","dina","md120 n500","H","mr","bound_q05",,7.0373399,,,,2000,"c9f1b948"
"mddina","dina","md120 n500","H","mr","bound_q25",,28.094866,,,,2000,"c9f1b948"
"mddina","dina","md120 n500","H","mr","bound_q50",,41.167552,,,,2000,"c9f1b948"
"mddina","dina","md120 n500","H","mr","bound_q75",,55.363635,,,,2000,"c9f1b948"
"mddina","dina","md120 n500","H","mr","bound_q95",,77.656582,,,,2000,"c9f1b948"
"mddina","dina","md120 n500","H","naive","share_lower_ge_tau",0,1,0,0.998083,1,2000,"c9f1b948"
"mddina","dina","md120 n500","H","naive","share_lower_ge_tau",10,1,0,0.998083,1,2000,"c9f1b948"
"mddina","dina","md120 n500","H","naive","share_lower_ge_tau",20,1,0,0.998083,1,2000,"c9f1b948"
"mddina","dina","md120 n500","H","naive","share_lower_ge_tau",30,1,0,0.998083,1,2000,"c9f1b948"
"mddina","dina","md120 n500","H","naive","share_lower_ge_tau",40,1,0,0.998083,1,2000,"c9f1b948"
"mddina","dina","md120 n500","H","naive","share_lower_ge_tau",60,0.972,0.0036889,0.963816,0.978375,2000,"c9f1b948"
"mddina","dina","md120 n500","H","naive","share_lower_ge_tau",80,0.76,0.00954987,0.740795,0.778208,2000,"c9f1b948"
"mddina","dina","md120 n500","H","naive","share_lower_ge_tau",100,0.318,0.0104134,0.297956,0.338742,2000,"c9f1b948"
"mddina","dina","md120 n500","H","naive","bound_mean",,92.292507,0.388873,,,2000,"c9f1b948"
"mddina","dina","md120 n500","H","naive","bound_q05",,64.560024,,,,2000,"c9f1b948"
"mddina","dina","md120 n500","H","naive","bound_q25",,80.503054,,,,2000,"c9f1b948"
"mddina","dina","md120 n500","H","naive","bound_q50",,91.733112,,,,2000,"c9f1b948"
"mddina","dina","md120 n500","H","naive","bound_q75",,103.68423,,,,2000,"c9f1b948"
"mddina","dina","md120 n500","H","naive","bound_q95",,121.57669,,,,2000,"c9f1b948"
"mddina","dina","md120 n500","Hc","naive","bias_md",,-12.252979,0.310424,,,2000,"c9f1b948"
"mddina","dina","md120 n500","Hc","naive","bias_sd_units",,-0.85285255,0.0216066,,,2000,"c9f1b948"
"mddina","dina","md120 n500","Hc","naive","sd_emp",,14.367055,0.22722,,,2000,"c9f1b948"
"mddina","dina","md120 n500","Hc","naive","se_mean",,14.050708,0.0210812,,,2000,"c9f1b948"
"mddina","dina","md120 n500","Hc","naive","se_over_sd",,0.97798108,0.0155366,,,2000,"c9f1b948"
"mddina","dina","md120 n500","Hc","naive","cov1_upper",,0.7885,0.00913148,0.770058,0.805836,2000,"c9f1b948"
"mddina","dina","md120 n500","Hc","naive","cov2",,0.8675,0.00758102,0.851934,0.881656,2000,"c9f1b948"
"mddina","dina","md120 n500","Hc","naive","halfwidth_md",,27.538881,,,,2000,"c9f1b948"
"mddina","dina","md120 n500","Hc","naive","margin1_md",,23.111357,,,,2000,"c9f1b948"
"mddina","dina","md120 n500","Hc","oracle","bias_md",,-0.30099035,0.321757,,,2000,"c9f1b948"
"mddina","dina","md120 n500","Hc","oracle","bias_sd_units",,-0.020917482,0.0223607,,,2000,"c9f1b948"
"mddina","dina","md120 n500","Hc","oracle","sd_emp",,14.389416,0.227574,,,2000,"c9f1b948"
"mddina","dina","md120 n500","Hc","oracle","se_mean",,14.417891,0.01381,,,2000,"c9f1b948"
"mddina","dina","md120 n500","Hc","oracle","se_over_sd",,1.0019789,0.0158757,,,2000,"c9f1b948"
"mddina","dina","md120 n500","Hc","oracle","cov1_upper",,0.956,0.00458607,0.946103,0.964148,2000,"c9f1b948"
"mddina","dina","md120 n500","Hc","oracle","cov2",,0.9525,0.00475625,0.942279,0.960986,2000,"c9f1b948"
"mddina","dina","md120 n500","Hc","oracle","halfwidth_md",,28.259067,,,,2000,"c9f1b948"
"mddina","dina","md120 n500","Hc","oracle","margin1_md",,23.715321,,,,2000,"c9f1b948"
"mddina","dina","md120 n500","Hc","mr","bias_md",,-2.1972072,0.323045,,,2000,"c9f1b948"
"mddina","dina","md120 n500","Hc","mr","bias_sd_units",,-0.14530146,0.021363,,,2000,"c9f1b948"
"mddina","dina","md120 n500","Hc","mr","sd_emp",,15.121715,0.239155,,,2000,"c9f1b948"
"mddina","dina","md120 n500","Hc","mr","se_mean",,25.015572,0.0293246,,,2000,"c9f1b948"
"mddina","dina","md120 n500","Hc","mr","se_over_sd",,1.6542815,0.0262348,,,2000,"c9f1b948"
"mddina","dina","md120 n500","Hc","mr","cov1_upper",,0.9945,0.00165375,0.990178,0.996926,2000,"c9f1b948"
"mddina","dina","md120 n500","Hc","mr","cov2",,0.999,0.000706753,0.996361,0.999726,2000,"c9f1b948"
"mddina","dina","md120 n500","Hc","mr","halfwidth_md",,49.029621,,,,2000,"c9f1b948"
"mddina","dina","md120 n500","Hc","mr","margin1_md",,41.146955,,,,2000,"c9f1b948"
"mddina","dina","md120 n500","Hc","fld","bias_md",,-0.67366843,0.329928,,,2000,"c9f1b948"
"mddina","dina","md120 n500","Hc","fld","bias_sd_units",,-0.043308157,0.0212101,,,2000,"c9f1b948"
"mddina","dina","md120 n500","Hc","fld","sd_emp",,15.555232,0.246011,,,2000,"c9f1b948"
"mddina","dina","md120 n500","Hc","fld","se_mean",,13.657463,0.0148967,,,2000,"c9f1b948"
"mddina","dina","md120 n500","Hc","fld","se_over_sd",,0.87799804,0.0139188,,,2000,"c9f1b948"
"mddina","dina","md120 n500","Hc","fld","cov1_upper",,0.9345,0.00553217,0.922803,0.944531,2000,"c9f1b948"
"mddina","dina","md120 n500","Hc","fld","cov2",,0.927,0.00581683,0.914762,0.937601,2000,"c9f1b948"
"mddina","dina","md120 n500","Hc","fld","halfwidth_md",,26.65325,,,,2000,"c9f1b948"
"mddina","dina","md120 n500","Hc","fld","margin1_md",,23.984183,,,,2000,"c9f1b948"
"mddina","dina","md120 n500","Hc","fld_s","bias_md",,-0.70420814,0.329901,,,2000,"c9f1b948"
"mddina","dina","md120 n500","Hc","fld_s","bias_sd_units",,-0.045289459,0.0212168,,,2000,"c9f1b948"
"mddina","dina","md120 n500","Hc","fld_s","sd_emp",,15.549052,0.245914,,,2000,"c9f1b948"
"mddina","dina","md120 n500","Hc","fld_s","se_mean",,14.01918,0.0234213,,,2000,"c9f1b948"
"mddina","dina","md120 n500","Hc","fld_s","se_over_sd",,0.90161,0.0143386,,,2000,"c9f1b948"
"mddina","dina","md120 n500","Hc","fld_s","cov1_upper",,0.937,0.00543282,0.925491,0.946833,2000,"c9f1b948"
"mddina","dina","md120 n500","Hc","fld_s","cov2",,0.9365,0.00545288,0.924953,0.946373,2000,"c9f1b948"
"mddina","dina","md120 n500","Hc","fld_s","halfwidth_md",,27.351418,,,,2000,"c9f1b948"
"mddina","dina","md120 n500","Hc","fld_s","margin1_md",,24.522613,,,,2000,"c9f1b948"
"mddina","dina","md120 n500","Hc","fld_s","share_upper_le_tau",0,0,0,1.0842e-19,0.00191705,2000,"c9f1b948"
"mddina","dina","md120 n500","Hc","fld_s","share_upper_le_tau",10,5e-04,0.000499875,8.82677e-05,0.00282686,2000,"c9f1b948"
"mddina","dina","md120 n500","Hc","fld_s","share_upper_le_tau",20,0.0065,0.00179691,0.0038026,0.0110895,2000,"c9f1b948"
"mddina","dina","md120 n500","Hc","fld_s","share_upper_le_tau",30,0.0145,0.00267299,0.0101147,0.0207468,2000,"c9f1b948"
"mddina","dina","md120 n500","Hc","fld_s","share_upper_le_tau",40,0.0535,0.00503179,0.0444662,0.0642457,2000,"c9f1b948"
"mddina","dina","md120 n500","Hc","fld_s","share_upper_le_tau",60,0.398,0.0109452,0.376763,0.419628,2000,"c9f1b948"
"mddina","dina","md120 n500","Hc","fld_s","share_upper_le_tau",80,0.8675,0.00758102,0.851934,0.881656,2000,"c9f1b948"
"mddina","dina","md120 n500","Hc","fld_s","share_upper_le_tau",100,0.993,0.00186427,0.988284,0.995826,2000,"c9f1b948"
"mddina","dina","md120 n500","Hc","fld_s","bound_mean",,63.631341,0.336752,,,2000,"c9f1b948"
"mddina","dina","md120 n500","Hc","fld_s","bound_q05",,39.724338,,,,2000,"c9f1b948"
"mddina","dina","md120 n500","Hc","fld_s","bound_q25",,53.322974,,,,2000,"c9f1b948"
"mddina","dina","md120 n500","Hc","fld_s","bound_q50",,64.038953,,,,2000,"c9f1b948"
"mddina","dina","md120 n500","Hc","fld_s","bound_q75",,74.035279,,,,2000,"c9f1b948"
"mddina","dina","md120 n500","Hc","fld_s","bound_q95",,88.004544,,,,2000,"c9f1b948"
"mddina","dina","md120 n500","Hc","oracle","share_upper_le_tau",0,0.001,0.000706753,0.000274279,0.00363893,2000,"c9f1b948"
"mddina","dina","md120 n500","Hc","oracle","share_upper_le_tau",10,0.0065,0.00179691,0.0038026,0.0110895,2000,"c9f1b948"
"mddina","dina","md120 n500","Hc","oracle","share_upper_le_tau",20,0.0205,0.00316858,0.0151472,0.0276913,2000,"c9f1b948"
"mddina","dina","md120 n500","Hc","oracle","share_upper_le_tau",30,0.0805,0.00608357,0.0693649,0.0932435,2000,"c9f1b948"
"mddina","dina","md120 n500","Hc","oracle","share_upper_le_tau",40,0.253,0.00972088,0.234433,0.272514,2000,"c9f1b948"
"mddina","dina","md120 n500","Hc","oracle","share_upper_le_tau",60,0.7585,0.00957021,0.739259,0.77675,2000,"c9f1b948"
"mddina","dina","md120 n500","Hc","oracle","share_upper_le_tau",80,0.9845,0.00276222,0.978083,0.989059,2000,"c9f1b948"
"mddina","dina","md120 n500","Hc","oracle","share_upper_le_tau",100,1,0,0.998083,1,2000,"c9f1b948"
"mddina","dina","md120 n500","Hc","oracle","bound_mean",,49.669566,0.322695,,,2000,"c9f1b948"
"mddina","dina","md120 n500","Hc","oracle","bound_q05",,26.773211,,,,2000,"c9f1b948"
"mddina","dina","md120 n500","Hc","oracle","bound_q25",,39.765189,,,,2000,"c9f1b948"
"mddina","dina","md120 n500","Hc","oracle","bound_q50",,49.948028,,,,2000,"c9f1b948"
"mddina","dina","md120 n500","Hc","oracle","bound_q75",,59.50682,,,,2000,"c9f1b948"
"mddina","dina","md120 n500","Hc","oracle","bound_q95",,72.528538,,,,2000,"c9f1b948"
"mddina","dina","md120 n500","Hc","fld","share_upper_le_tau",0,0,0,1.0842e-19,0.00191705,2000,"c9f1b948"
"mddina","dina","md120 n500","Hc","fld","share_upper_le_tau",10,5e-04,0.000499875,8.82677e-05,0.00282686,2000,"c9f1b948"
"mddina","dina","md120 n500","Hc","fld","share_upper_le_tau",20,0.008,0.00199198,0.0049303,0.0129561,2000,"c9f1b948"
"mddina","dina","md120 n500","Hc","fld","share_upper_le_tau",30,0.018,0.00297288,0.01303,0.024818,2000,"c9f1b948"
"mddina","dina","md120 n500","Hc","fld","share_upper_le_tau",40,0.0645,0.00549271,0.0545473,0.0761224,2000,"c9f1b948"
"mddina","dina","md120 n500","Hc","fld","share_upper_le_tau",60,0.413,0.0110098,0.391608,0.434726,2000,"c9f1b948"
"mddina","dina","md120 n500","Hc","fld","share_upper_le_tau",80,0.871,0.0074953,0.855595,0.884982,2000,"c9f1b948"
"mddina","dina","md120 n500","Hc","fld","share_upper_le_tau",100,0.9925,0.00192922,0.987662,0.99545,2000,"c9f1b948"
"mddina","dina","md120 n500","Hc","fld","bound_mean",,63.092911,0.343888,,,2000,"c9f1b948"
"mddina","dina","md120 n500","Hc","fld","bound_q05",,38.361101,,,,2000,"c9f1b948"
"mddina","dina","md120 n500","Hc","fld","bound_q25",,52.805046,,,,2000,"c9f1b948"
"mddina","dina","md120 n500","Hc","fld","bound_q50",,63.46658,,,,2000,"c9f1b948"
"mddina","dina","md120 n500","Hc","fld","bound_q75",,73.866561,,,,2000,"c9f1b948"
"mddina","dina","md120 n500","Hc","fld","bound_q95",,87.995593,,,,2000,"c9f1b948"
"mddina","dina","md120 n500","Hc","mr","share_upper_le_tau",0,0,0,1.0842e-19,0.00191705,2000,"c9f1b948"
"mddina","dina","md120 n500","Hc","mr","share_upper_le_tau",10,0,0,1.0842e-19,0.00191705,2000,"c9f1b948"
"mddina","dina","md120 n500","Hc","mr","share_upper_le_tau",20,0,0,1.0842e-19,0.00191705,2000,"c9f1b948"
"mddina","dina","md120 n500","Hc","mr","share_upper_le_tau",30,5e-04,0.000499875,8.82677e-05,0.00282686,2000,"c9f1b948"
"mddina","dina","md120 n500","Hc","mr","share_upper_le_tau",40,0.008,0.00199198,0.0049303,0.0129561,2000,"c9f1b948"
"mddina","dina","md120 n500","Hc","mr","share_upper_le_tau",60,0.082,0.00613498,0.0707618,0.0948408,2000,"c9f1b948"
"mddina","dina","md120 n500","Hc","mr","share_upper_le_tau",80,0.486,0.011176,0.464143,0.50791,2000,"c9f1b948"
"mddina","dina","md120 n500","Hc","mr","share_upper_le_tau",100,0.9185,0.00611791,0.905691,0.929704,2000,"c9f1b948"
"mddina","dina","md120 n500","Hc","mr","bound_mean",,80.255683,0.325613,,,2000,"c9f1b948"
"mddina","dina","md120 n500","Hc","mr","bound_q05",,56.979006,,,,2000,"c9f1b948"
"mddina","dina","md120 n500","Hc","mr","bound_q25",,70.496365,,,,2000,"c9f1b948"
"mddina","dina","md120 n500","Hc","mr","bound_q50",,80.487336,,,,2000,"c9f1b948"
"mddina","dina","md120 n500","Hc","mr","bound_q75",,90.137594,,,,2000,"c9f1b948"
"mddina","dina","md120 n500","Hc","mr","bound_q95",,104.08712,,,,2000,"c9f1b948"
"mddina","dina","md120 n500","Hc","naive","share_upper_le_tau",0,0,0,1.0842e-19,0.00191705,2000,"c9f1b948"
"mddina","dina","md120 n500","Hc","naive","share_upper_le_tau",10,0.005,0.00157718,0.00271818,0.0091797,2000,"c9f1b948"
"mddina","dina","md120 n500","Hc","naive","share_upper_le_tau",20,0.0155,0.00276222,0.010941,0.0219166,2000,"c9f1b948"
"mddina","dina","md120 n500","Hc","naive","share_upper_le_tau",30,0.054,0.00505391,0.0449222,0.0647879,2000,"c9f1b948"
"mddina","dina","md120 n500","Hc","naive","share_upper_le_tau",40,0.1865,0.0087097,0.170036,0.204166,2000,"c9f1b948"
"mddina","dina","md120 n500","Hc","naive","share_upper_le_tau",60,0.7105,0.0101412,0.690235,0.729958,2000,"c9f1b948"
"mddina","dina","md120 n500","Hc","naive","share_upper_le_tau",80,0.9805,0.0030919,0.973455,0.985703,2000,"c9f1b948"
"mddina","dina","md120 n500","Hc","naive","share_upper_le_tau",100,0.9995,0.000499875,0.997173,0.999912,2000,"c9f1b948"
"mddina","dina","md120 n500","Hc","naive","bound_mean",,52.164313,0.311835,,,2000,"c9f1b948"
"mddina","dina","md120 n500","Hc","naive","bound_q05",,29.551621,,,,2000,"c9f1b948"
"mddina","dina","md120 n500","Hc","naive","bound_q25",,42.964115,,,,2000,"c9f1b948"
"mddina","dina","md120 n500","Hc","naive","bound_q50",,52.417454,,,,2000,"c9f1b948"
"mddina","dina","md120 n500","Hc","naive","bound_q75",,61.734441,,,,2000,"c9f1b948"
"mddina","dina","md120 n500","Hc","naive","bound_q95",,74.30325,,,,2000,"c9f1b948"
"mddina","dina","md120 n500","joint","bonf_s","joint_coverage",,0.95,0.0048734,0.939556,0.958719,2000,"c9f1b948"
"mddina","dina","md120 n500","joint","bonf_s","share_both_bounds",,1,0,0.998083,1,2000,"c9f1b948"
"mddina","dina","md120 n500","joint","bonf_s","cov_H",,0.9825,0.00293204,0.97576,0.98739,2000,"c9f1b948"
"mddina","dina","md120 n500","joint","bonf_s","cov_Hc",,0.9665,0.00402354,0.957677,0.973535,2000,"c9f1b948"
"mddina","dina","md120 n500","joint","bonf_s","margin_H_md",,54.753815,0.10955,,,2000,"c9f1b948"
"mddina","dina","md120 n500","joint","bonf_s","margin_Hc_md",,28.895901,0.0546164,,,2000,"c9f1b948"
"mddina","dina","md120 n500","joint","bonf","joint_coverage",,0.945,0.00509779,0.934129,0.954165,2000,"c9f1b948"
"mddina","dina","md120 n500","joint","bonf","share_both_bounds",,1,0,0.998083,1,2000,"c9f1b948"
"mddina","dina","md120 n500","joint","bonf","cov_H",,0.9825,0.00293204,0.97576,0.98739,2000,"c9f1b948"
"mddina","dina","md120 n500","joint","bonf","cov_Hc",,0.962,0.00427528,0.952696,0.969532,2000,"c9f1b948"
"mddina","dina","md120 n500","joint","bonf","margin_H_md",,54.753815,0.10955,,,2000,"c9f1b948"
"mddina","dina","md120 n500","joint","bonf","margin_Hc_md",,28.266787,0.0397421,,,2000,"c9f1b948"
"mddina","dina","md120 n500","joint","separate_s","joint_coverage",,0.9035,0.00660257,0.889775,0.915678,2000,"c9f1b948"
"mddina","dina","md120 n500","joint","separate_s","share_both_bounds",,1,0,0.998083,1,2000,"c9f1b948"
"mddina","dina","md120 n500","joint","separate_s","cov_H",,0.9645,0.00413762,0.955459,0.97176,2000,"c9f1b948"
"mddina","dina","md120 n500","joint","separate_s","cov_Hc",,0.937,0.00543282,0.925491,0.946833,2000,"c9f1b948"
"mddina","dina","md120 n500","joint","separate_s","margin_H_md",,45.697557,0.0950201,,,2000,"c9f1b948"
"mddina","dina","md120 n500","joint","separate_s","margin_Hc_md",,24.522613,0.0471003,,,2000,"c9f1b948"
"mddina","dina","md120 n500","joint","calibrated","gamma_mean_s",,0.0252115,9.71757e-06,,,2000,"c9f1b948"
"mddina","dina","md120 n500","joint","calibrated","corr_s",,0.011109605,0.00173861,,,2000,"c9f1b948"
"mddina","dina","md120 n500","joint","calibrated","gamma_mean",,0.025156,8.41828e-06,,,2000,"c9f1b948"
"mddina","dina","md120 n500","joint","calibrated","corr",,0.014780982,0.00174558,,,2000,"c9f1b948"
"mddina","dina","md120 n500","H","all","mean_proposed_n",,5939.9885,16.1112,,,2000,"c9f1b948"
"mddina","dina","md120 n500","H","all","mean_size_hhat",,146.587,0.877548,,,2000,"c9f1b948"
"mddina","dina","md120 n500","H","all","mean_true_positives",,113.4975,0.949112,,,2000,"c9f1b948"
"mddina","dina","md120 n500","H","all","sensitivity_mean",,0.65957344,0.00547511,,,2000,"c9f1b948"
"mddina","dina","md120 n500","H","all","ppv_mean",,0.7665766,0.00453082,,,2000,"c9f1b948"
"mddina","dina","md120 n500","H","all","mean_n_family",,5939.9885,16.1112,,,2000,"c9f1b948"
"mddina","dina","md120 n500","H","all","mean_admitted_n",,5599.111,17.8199,,,2000,"c9f1b948"
"mddina","dina","md120 n500","H","all","share_size_larger_than_fs",,0.3785,0.0108452,0.357496,0.39997,2000,"c9f1b948"
"mddina","dina","md120 n500","H","all","count_size_larger_than_fs",,757,,,,2000,"c9f1b948"
"mddina","dina","md120 n500","H","all","share_size_equal_than_fs",,0.039,0.00432891,0.0313614,0.0484061,2000,"c9f1b948"
"mddina","dina","md120 n500","H","all","count_size_equal_than_fs",,78,,,,2000,"c9f1b948"
"mddina","dina","md120 n500","H","all","share_size_smaller_than_fs",,0.5825,0.0110271,0.560749,0.603934,2000,"c9f1b948"
"mddina","dina","md120 n500","H","all","count_size_smaller_than_fs",,1165,,,,2000,"c9f1b948"
"mdsgnb20","fs","md120 n500","H","all","declaration_rate",,1,0,0.998083,1,2000,"b12f5983"
"mdsgnb20","fs","md120 n500","H","all","mean_n_sel",,152.7385,0.88331,,,2000,"b12f5983"
"mdsgnb20","fs","md120 n500","H","all","sensitivity_mean",,0.71159446,0.00527935,,,2000,"b12f5983"
"mdsgnb20","fs","md120 n500","H","all","ppv_mean",,0.79797329,0.00416516,,,2000,"b12f5983"
"mdgrf","grf","md120 n500","H","all","declaration_rate",,1,0,0.998083,1,2000,"f84261e3"
"mdgrf","grf","md120 n500","H","all","mean_size_hhat",,143.6125,0.974546,,,2000,"f84261e3"
"mdgrf","grf","md120 n500","H","all","sensitivity_mean",,0.59887458,0.00532316,,,2000,"f84261e3"
"mdgrf","grf","md120 n500","H","all","ppv_mean",,0.71486906,0.00455299,,,2000,"f84261e3"
"mdgrf","grf","md120 n500","H","all","mean_n_family",,1222.3815,1.04192,,,2000,"f84261e3"
"mdgrf","grf","md120 n500","H","all","mean_admitted_n",,1059.7685,2.9143,,,2000,"f84261e3"
"mdsgnb20","fs","md120 n500","H","fld","cov1_lower",,0.967,0.00399443,0.958232,0.973977,2000,"b12f5983"
"mdgrf","grf","md120 n500","H","fld","cov1_lower",,0.956,0.00458607,0.946103,0.964148,2000,"f84261e3"
"mdsgnb20","fs","md120 n500","Hc","fld_s","cov1_upper",,0.9405,0.0052896,0.929264,0.950047,2000,"b12f5983"
"mdgrf","grf","md120 n500","Hc","fld_s","cov1_upper",,0.9315,0.00564835,0.919582,0.941764,2000,"f84261e3"
"mdsgnb20","fs","md120 n500","joint","bonf_s","joint_coverage",,0.949,0.0049193,0.938468,0.95781,2000,"b12f5983"
"mdgrf","grf","md120 n500","joint","bonf_s","joint_coverage",,0.9425,0.00520547,0.931424,0.95188,2000,"f84261e3"
"mddina","dina","md120 n500","H","all","p_hat_mean",,0.0826748,0.00148562,,,2000,"c9f1b948"
"mddina","dina","md120 n500","H","all","p_hat_share_lt_05",,0.999,0.000706753,0.996361,0.999726,2000,"c9f1b948"
"mddina","dina","md120 n500","Hc","mr","sd_btc_over_naive_se",,1.0762244,,,,2000,"c9f1b948"
"mddina","dina","md120 n500","Hc","fld","lamsd_over_naive_se",,0.97201248,,,,2000,"c9f1b948"
"mddina","dina","md120 n500","Hc","fld_s","lamsd_over_naive_se",,0.99775619,,,,2000,"c9f1b948"
"mddina","dina","md120 n500","all","all","secs_fit_mr_mean",,304.93895,1.3642,,,2000,"c9f1b948"
"mddina","dina","md120 n500","all","all","secs_field_mean",,149.20121,0.603815,,,2000,"c9f1b948"
"mddina","dina","md120 n500","all","all","secs_complement_mean",,17.649778,0.110877,,,2000,"c9f1b948"
"mddina","dina","md120 n500","Hc","fld_s","display_b",,-0.045289459,,,,2000,"c9f1b948"
"mddina","dina","md120 n500","Hc","fld_s","display_r",,0.90161,,,,2000,"c9f1b948"
"mddina","dina","md120 n500","Hc","fld_s","display_cov1",,0.937,,,,2000,"c9f1b948"
"mddina","dina","md120 n500","Hc","fld_s","display_cov1_ref",,0.92474424,,,,2000,"c9f1b948"
"mddina","dina","md120 n500","Hc","fld_s","display_cov2",,0.9365,,,,2000,"c9f1b948"
"mddina","dina","md120 n500","Hc","fld_s","display_cov2_ref",,0.92248894,,,,2000,"c9f1b948"
"mddina","dina","md120 n500","H","naive","display_b",,1.7271862,,,,2000,"c9f1b948"
"mddina","dina","md120 n500","H","naive","display_r",,1.2246402,,,,2000,"c9f1b948"
"mddina","dina","md120 n500","H","naive","display_cov1_ref",,0.61300801,,,,2000,"c9f1b948"
"mddina","dina","md120 n500","H","naive","display_cov2_ref",,0.74952851,,,,2000,"c9f1b948"
"mddina","dina","md120 n500","H","mr","display_b",,-0.12186685,,,,2000,"c9f1b948"
"mddina","dina","md120 n500","H","mr","display_r",,1.4193783,,,,2000,"c9f1b948"
"mddina","dina","md120 n500","H","mr","display_cov1_ref",,0.99298582,,,,2000,"c9f1b948"
"mddina","dina","md120 n500","H","mr","display_cov2_ref",,0.99425037,,,,2000,"c9f1b948"
"mddina","dina","md120 n500","H","fld","display_b",,-0.23763431,,,,2000,"c9f1b948"
"mddina","dina","md120 n500","H","fld","display_r",,1.0096796,,,,2000,"c9f1b948"
"mddina","dina","md120 n500","H","fld","display_cov1_ref",,0.97117891,,,,2000,"c9f1b948"
"mddina","dina","md120 n500","H","fld","display_cov2_ref",,0.94585836,,,,2000,"c9f1b948"
"mddina","dina","md120 n500","Hc","naive","display_b",,-0.85285255,,,,2000,"c9f1b948"
"mddina","dina","md120 n500","Hc","naive","display_r",,0.97798108,,,,2000,"c9f1b948"
"mddina","dina","md120 n500","Hc","naive","display_cov1_ref",,0.7751104,,,,2000,"c9f1b948"
"mddina","dina","md120 n500","Hc","naive","display_cov2_ref",,0.85351975,,,,2000,"c9f1b948"
"mddina","dina","md120 n500","Hc","mr","display_b",,-0.14530146,,,,2000,"c9f1b948"
"mddina","dina","md120 n500","Hc","mr","display_r",,1.6542815,,,,2000,"c9f1b948"
"mddina","dina","md120 n500","Hc","mr","display_cov1_ref",,0.99499884,,,,2000,"c9f1b948"
"mddina","dina","md120 n500","Hc","mr","display_cov2_ref",,0.99867016,,,,2000,"c9f1b948"
"mddina","dina","md120 n500","Hc","fld","display_b",,-0.043308157,,,,2000,"c9f1b948"
"mddina","dina","md120 n500","Hc","fld","display_r",,0.87799804,,,,2000,"c9f1b948"
"mddina","dina","md120 n500","Hc","fld","display_cov1_ref",,0.91937354,,,,2000,"c9f1b948"
"mddina","dina","md120 n500","Hc","fld","display_cov2_ref",,0.91442804,,,,2000,"c9f1b948"
"mddina","dina","null n500 (no subgroup; homogeneous +26)","H","all","declaration_rate",,0.9935,0.00179691,0.98891,0.996197,2000,"9051b702"
"mddina","dina","null n500 (no subgroup; homogeneous +26)","H","naive","bias_md",,62.972698,0.392244,,,1987,"9051b702"
"mddina","dina","null n500 (no subgroup; homogeneous +26)","H","naive","bias_sd_units",,3.6016128,0.0224337,,,1987,"9051b702"
"mddina","dina","null n500 (no subgroup; homogeneous +26)","H","naive","sd_emp",,17.484583,0.277428,,,1987,"9051b702"
"mddina","dina","null n500 (no subgroup; homogeneous +26)","H","naive","se_mean",,26.101627,0.0907652,,,1987,"9051b702"
"mddina","dina","null n500 (no subgroup; homogeneous +26)","H","naive","se_over_sd",,1.4928367,0.024249,,,1987,"9051b702"
"mddina","dina","null n500 (no subgroup; homogeneous +26)","H","naive","cov1_lower",,0.11474585,0.00714996,0.101469,0.129509,1987,"9051b702"
"mddina","dina","null n500 (no subgroup; homogeneous +26)","H","naive","cov2",,0.23301459,0.00948388,0.214952,0.252107,1987,"9051b702"
"mddina","dina","null n500 (no subgroup; homogeneous +26)","H","naive","halfwidth_md",,51.158248,,,,1987,"9051b702"
"mddina","dina","null n500 (no subgroup; homogeneous +26)","H","naive","margin1_md",,42.933355,,,,1987,"9051b702"
"mddina","dina","null n500 (no subgroup; homogeneous +26)","H","oracle","bias_md",,,,,,0,"9051b702"
"mddina","dina","null n500 (no subgroup; homogeneous +26)","H","oracle","bias_sd_units",,,,,,0,"9051b702"
"mddina","dina","null n500 (no subgroup; homogeneous +26)","H","oracle","sd_emp",,,,,,0,"9051b702"
"mddina","dina","null n500 (no subgroup; homogeneous +26)","H","oracle","se_mean",,,,,,0,"9051b702"
"mddina","dina","null n500 (no subgroup; homogeneous +26)","H","oracle","se_over_sd",,,,,,0,"9051b702"
"mddina","dina","null n500 (no subgroup; homogeneous +26)","H","oracle","cov1_lower",,,,,,0,"9051b702"
"mddina","dina","null n500 (no subgroup; homogeneous +26)","H","oracle","cov2",,,,,,0,"9051b702"
"mddina","dina","null n500 (no subgroup; homogeneous +26)","H","oracle","halfwidth_md",,,,,,0,"9051b702"
"mddina","dina","null n500 (no subgroup; homogeneous +26)","H","oracle","margin1_md",,,,,,0,"9051b702"
"mddina","dina","null n500 (no subgroup; homogeneous +26)","H","mr","bias_md",,21.826697,0.404889,,,1987,"9051b702"
"mddina","dina","null n500 (no subgroup; homogeneous +26)","H","mr","bias_sd_units",,1.2093537,0.0224337,,,1987,"9051b702"
"mddina","dina","null n500 (no subgroup; homogeneous +26)","H","mr","sd_emp",,18.048232,0.286372,,,1987,"9051b702"
"mddina","dina","null n500 (no subgroup; homogeneous +26)","H","mr","se_mean",,35.42137,0.114965,,,1987,"9051b702"
"mddina","dina","null n500 (no subgroup; homogeneous +26)","H","mr","se_over_sd",,1.962595,0.0317853,,,1987,"9051b702"
"mddina","dina","null n500 (no subgroup; homogeneous +26)","H","mr","cov1_lower",,0.97684952,0.00337361,0.96926,0.982599,1987,"9051b702"
"mddina","dina","null n500 (no subgroup; homogeneous +26)","H","mr","cov2",,0.99194766,0.00200496,0.986959,0.995037,1987,"9051b702"
"mddina","dina","null n500 (no subgroup; homogeneous +26)","H","mr","halfwidth_md",,69.42461,,,,1987,"9051b702"
"mddina","dina","null n500 (no subgroup; homogeneous +26)","H","mr","margin1_md",,58.262969,,,,1987,"9051b702"
"mddina","dina","null n500 (no subgroup; homogeneous +26)","H","fld","bias_md",,13.799913,0.434636,,,1987,"9051b702"
"mddina","dina","null n500 (no subgroup; homogeneous +26)","H","fld","bias_sd_units",,0.71228096,0.0224337,,,1987,"9051b702"
"mddina","dina","null n500 (no subgroup; homogeneous +26)","H","fld","sd_emp",,19.374255,0.307412,,,1987,"9051b702"
"mddina","dina","null n500 (no subgroup; homogeneous +26)","H","fld","se_mean",,25.012097,0.0448992,,,1987,"9051b702"
"mddina","dina","null n500 (no subgroup; homogeneous +26)","H","fld","se_over_sd",,1.2909966,0.0206149,,,1987,"9051b702"
"mddina","dina","null n500 (no subgroup; homogeneous +26)","H","fld","cov1_lower",,0.93105184,0.00568394,0.919059,0.941381,1987,"9051b702"
"mddina","dina","null n500 (no subgroup; homogeneous +26)","H","fld","cov2",,0.96728737,0.00399059,0.95852,0.974251,1987,"9051b702"
"mddina","dina","null n500 (no subgroup; homogeneous +26)","H","fld","halfwidth_md",,48.962548,,,,1987,"9051b702"
"mddina","dina","null n500 (no subgroup; homogeneous +26)","H","fld","margin1_md",,50.475444,,,,1987,"9051b702"
"mddina","dina","null n500 (no subgroup; homogeneous +26)","H","fld","share_lower_ge_tau",0,0.43130347,0.0111105,0.409681,0.453192,1987,"9051b702"
"mddina","dina","null n500 (no subgroup; homogeneous +26)","H","fld","share_lower_ge_tau",10,0.24257675,0.00961601,0.224238,0.261909,1987,"9051b702"
"mddina","dina","null n500 (no subgroup; homogeneous +26)","H","fld","share_lower_ge_tau",20,0.11977856,0.00728428,0.10623,0.134794,1987,"9051b702"
"mddina","dina","null n500 (no subgroup; homogeneous +26)","H","fld","share_lower_ge_tau",30,0.049823855,0.00488115,0.0410955,0.0602895,1987,"9051b702"
"mddina","dina","null n500 (no subgroup; homogeneous +26)","H","fld","share_lower_ge_tau",40,0.016607952,0.00286697,0.01185,0.0232314,1987,"9051b702"
"mddina","dina","null n500 (no subgroup; homogeneous +26)","H","fld","share_lower_ge_tau",60,0.0025163563,0.00112393,0.0010753,0.00587727,1987,"9051b702"
"mddina","dina","null n500 (no subgroup; homogeneous +26)","H","fld","share_lower_ge_tau",80,0.00050327126,0.000503145,8.88453e-05,0.00284532,1987,"9051b702"
"mddina","dina","null n500 (no subgroup; homogeneous +26)","H","fld","share_lower_ge_tau",100,0,0,0,0.00192957,1987,"9051b702"
"mddina","dina","null n500 (no subgroup; homogeneous +26)","H","fld","bound_mean",,-2.3935117,0.427838,,,1987,"9051b702"
"mddina","dina","null n500 (no subgroup; homogeneous +26)","H","fld","bound_q05",,-32.069089,,,,1987,"9051b702"
"mddina","dina","null n500 (no subgroup; homogeneous +26)","H","fld","bound_q25",,-15.364484,,,,1987,"9051b702"
"mddina","dina","null n500 (no subgroup; homogeneous +26)","H","fld","bound_q50",,-3.1596698,,,,1987,"9051b702"
"mddina","dina","null n500 (no subgroup; homogeneous +26)","H","fld","bound_q75",,9.6813803,,,,1987,"9051b702"
"mddina","dina","null n500 (no subgroup; homogeneous +26)","H","fld","bound_q95",,29.784366,,,,1987,"9051b702"
"mddina","dina","null n500 (no subgroup; homogeneous +26)","H","mr","share_lower_ge_tau",0,0.27780574,0.0100484,0.258554,0.297915,1987,"9051b702"
"mddina","dina","null n500 (no subgroup; homogeneous +26)","H","mr","share_lower_ge_tau",10,0.13286361,0.00761461,0.118645,0.148499,1987,"9051b702"
"mddina","dina","null n500 (no subgroup; homogeneous +26)","H","mr","share_lower_ge_tau",20,0.049823855,0.00488115,0.0410955,0.0602895,1987,"9051b702"
"mddina","dina","null n500 (no subgroup; homogeneous +26)","H","mr","share_lower_ge_tau",30,0.018117765,0.00299215,0.0131154,0.0249798,1987,"9051b702"
"mddina","dina","null n500 (no subgroup; homogeneous +26)","H","mr","share_lower_ge_tau",40,0.0045294414,0.00150639,0.00238479,0.00858618,1987,"9051b702"
"mddina","dina","null n500 (no subgroup; homogeneous +26)","H","mr","share_lower_ge_tau",60,0.00050327126,0.000503145,8.88453e-05,0.00284532,1987,"9051b702"
"mddina","dina","null n500 (no subgroup; homogeneous +26)","H","mr","share_lower_ge_tau",80,0,0,0,0.00192957,1987,"9051b702"
"mddina","dina","null n500 (no subgroup; homogeneous +26)","H","mr","share_lower_ge_tau",100,0,0,0,0.00192957,1987,"9051b702"
"mddina","dina","null n500 (no subgroup; homogeneous +26)","H","mr","bound_mean",,-10.181037,0.408841,,,1987,"9051b702"
"mddina","dina","null n500 (no subgroup; homogeneous +26)","H","mr","bound_q05",,-38.596917,,,,1987,"9051b702"
"mddina","dina","null n500 (no subgroup; homogeneous +26)","H","mr","bound_q25",,-22.814287,,,,1987,"9051b702"
"mddina","dina","null n500 (no subgroup; homogeneous +26)","H","mr","bound_q50",,-10.318575,,,,1987,"9051b702"
"mddina","dina","null n500 (no subgroup; homogeneous +26)","H","mr","bound_q75",,1.5040027,,,,1987,"9051b702"
"mddina","dina","null n500 (no subgroup; homogeneous +26)","H","mr","bound_q95",,19.832115,,,,1987,"9051b702"
"mddina","dina","null n500 (no subgroup; homogeneous +26)","H","naive","share_lower_ge_tau",0,0.9929542,0.00187642,0.988208,0.995798,1987,"9051b702"
"mddina","dina","null n500 (no subgroup; homogeneous +26)","H","naive","share_lower_ge_tau",10,0.97886261,0.00322692,0.971553,0.984324,1987,"9051b702"
"mddina","dina","null n500 (no subgroup; homogeneous +26)","H","naive","share_lower_ge_tau",20,0.94313035,0.0051955,0.932066,0.952484,1987,"9051b702"
"mddina","dina","null n500 (no subgroup; homogeneous +26)","H","naive","share_lower_ge_tau",30,0.83643684,0.00829775,0.819527,0.852048,1987,"9051b702"
"mddina","dina","null n500 (no subgroup; homogeneous +26)","H","naive","share_lower_ge_tau",40,0.65626573,0.010655,0.635099,0.67683,1987,"9051b702"
"mddina","dina","null n500 (no subgroup; homogeneous +26)","H","naive","share_lower_ge_tau",60,0.20030196,0.00897856,0.18329,0.21847,1987,"9051b702"
"mddina","dina","null n500 (no subgroup; homogeneous +26)","H","naive","share_lower_ge_tau",80,0.020634122,0.00318909,0.0152465,0.0278717,1987,"9051b702"
"mddina","dina","null n500 (no subgroup; homogeneous +26)","H","naive","share_lower_ge_tau",100,0.0020130851,0.00100553,0.000783119,0.00516485,1987,"9051b702"
"mddina","dina","null n500 (no subgroup; homogeneous +26)","H","naive","bound_mean",,46.294578,0.382079,,,1987,"9051b702"
"mddina","dina","null n500 (no subgroup; homogeneous +26)","H","naive","bound_q05",,18.653139,,,,1987,"9051b702"
"mddina","dina","null n500 (no subgroup; homogeneous +26)","H","naive","bound_q25",,35.495045,,,,1987,"9051b702"
"mddina","dina","null n500 (no subgroup; homogeneous +26)","H","naive","bound_q50",,46.319956,,,,1987,"9051b702"
"mddina","dina","null n500 (no subgroup; homogeneous +26)","H","naive","bound_q75",,57.36879,,,,1987,"9051b702"
"mddina","dina","null n500 (no subgroup; homogeneous +26)","H","naive","bound_q95",,73.542012,,,,1987,"9051b702"
"mddina","dina","null n500 (no subgroup; homogeneous +26)","Hc","naive","bias_md",,-16.580106,0.261993,,,1987,"9051b702"
"mddina","dina","null n500 (no subgroup; homogeneous +26)","Hc","naive","bias_sd_units",,-1.4197069,0.0224337,,,1987,"9051b702"
"mddina","dina","null n500 (no subgroup; homogeneous +26)","Hc","naive","sd_emp",,11.678541,0.185304,,,1987,"9051b702"
"mddina","dina","null n500 (no subgroup; homogeneous +26)","Hc","naive","se_mean",,13.100909,0.0162855,,,1987,"9051b702"
"mddina","dina","null n500 (no subgroup; homogeneous +26)","Hc","naive","se_over_sd",,1.1217933,0.0178541,,,1987,"9051b702"
"mddina","dina","null n500 (no subgroup; homogeneous +26)","Hc","naive","cov1_upper",,0.67136387,0.0105375,0.650397,0.691669,1987,"9051b702"
"mddina","dina","null n500 (no subgroup; homogeneous +26)","Hc","naive","cov2",,0.7881228,0.00916727,0.769608,0.805526,1987,"9051b702"
"mddina","dina","null n500 (no subgroup; homogeneous +26)","Hc","naive","halfwidth_md",,25.67731,,,,1987,"9051b702"
"mddina","dina","null n500 (no subgroup; homogeneous +26)","Hc","naive","margin1_md",,21.549078,,,,1987,"9051b702"
"mddina","dina","null n500 (no subgroup; homogeneous +26)","Hc","oracle","bias_md",,-0.26189318,0.254284,,,1987,"9051b702"
"mddina","dina","null n500 (no subgroup; homogeneous +26)","Hc","oracle","bias_sd_units",,-0.023105053,0.0224337,,,1987,"9051b702"
"mddina","dina","null n500 (no subgroup; homogeneous +26)","Hc","oracle","sd_emp",,11.334888,0.179851,,,1987,"9051b702"
"mddina","dina","null n500 (no subgroup; homogeneous +26)","Hc","oracle","se_mean",,11.65424,0.00817241,,,1987,"9051b702"
"mddina","dina","null n500 (no subgroup; homogeneous +26)","Hc","oracle","se_over_sd",,1.0281742,0.01633,,,1987,"9051b702"
"mddina","dina","null n500 (no subgroup; homogeneous +26)","Hc","oracle","cov1_upper",,0.95470559,0.00466507,0.944652,0.963005,1987,"9051b702"
"mddina","dina","null n500 (no subgroup; homogeneous +26)","Hc","oracle","cov2",,0.95772521,0.00451401,0.947959,0.965725,1987,"9051b702"
"mddina","dina","null n500 (no subgroup; homogeneous +26)","Hc","oracle","halfwidth_md",,22.84231,,,,1987,"9051b702"
"mddina","dina","null n500 (no subgroup; homogeneous +26)","Hc","oracle","margin1_md",,19.169518,,,,1987,"9051b702"
"mddina","dina","null n500 (no subgroup; homogeneous +26)","Hc","mr","bias_md",,-6.824172,0.289716,,,1987,"9051b702"
"mddina","dina","null n500 (no subgroup; homogeneous +26)","Hc","mr","bias_sd_units",,-0.52841962,0.0224337,,,1987,"9051b702"
"mddina","dina","null n500 (no subgroup; homogeneous +26)","Hc","mr","sd_emp",,12.914305,0.204912,,,1987,"9051b702"
"mddina","dina","null n500 (no subgroup; homogeneous +26)","Hc","mr","se_mean",,23.930112,0.0243426,,,1987,"9051b702"
"mddina","dina","null n500 (no subgroup; homogeneous +26)","Hc","mr","se_over_sd",,1.8529927,0.0294618,,,1987,"9051b702"
"mddina","dina","null n500 (no subgroup; homogeneous +26)","Hc","mr","cov1_upper",,0.99245093,0.00194179,0.987582,0.99542,1987,"9051b702"
"mddina","dina","null n500 (no subgroup; homogeneous +26)","Hc","mr","cov2",,0.99949673,0.000503145,0.997155,0.999911,1987,"9051b702"
"mddina","dina","null n500 (no subgroup; homogeneous +26)","Hc","mr","halfwidth_md",,46.902158,,,,1987,"9051b702"
"mddina","dina","null n500 (no subgroup; homogeneous +26)","Hc","mr","margin1_md",,39.361532,,,,1987,"9051b702"
"mddina","dina","null n500 (no subgroup; homogeneous +26)","Hc","fld","bias_md",,-4.8086956,0.297618,,,1987,"9051b702"
"mddina","dina","null n500 (no subgroup; homogeneous +26)","Hc","fld","bias_sd_units",,-0.36246739,0.0224337,,,1987,"9051b702"
"mddina","dina","null n500 (no subgroup; homogeneous +26)","Hc","fld","sd_emp",,13.266561,0.210501,,,1987,"9051b702"
"mddina","dina","null n500 (no subgroup; homogeneous +26)","Hc","fld","se_mean",,12.857753,0.0122456,,,1987,"9051b702"
"mddina","dina","null n500 (no subgroup; homogeneous +26)","Hc","fld","se_over_sd",,0.96918511,0.0154058,,,1987,"9051b702"
"mddina","dina","null n500 (no subgroup; homogeneous +26)","Hc","fld","cov1_upper",,0.88978359,0.00702532,0.875255,0.902808,1987,"9051b702"
"mddina","dina","null n500 (no subgroup; homogeneous +26)","Hc","fld","cov2",,0.93054857,0.0057031,0.91852,0.940916,1987,"9051b702"
"mddina","dina","null n500 (no subgroup; homogeneous +26)","Hc","fld","halfwidth_md",,25.11095,,,,1987,"9051b702"
"mddina","dina","null n500 (no subgroup; homogeneous +26)","Hc","fld","margin1_md",,23.181822,,,,1987,"9051b702"
"mddina","dina","null n500 (no subgroup; homogeneous +26)","Hc","fld_s","bias_md",,-4.8167502,0.297103,,,1987,"9051b702"
"mddina","dina","null n500 (no subgroup; homogeneous +26)","Hc","fld_s","bias_sd_units",,-0.36370378,0.0224337,,,1987,"9051b702"
"mddina","dina","null n500 (no subgroup; homogeneous +26)","Hc","fld_s","sd_emp",,13.243608,0.210137,,,1987,"9051b702"
"mddina","dina","null n500 (no subgroup; homogeneous +26)","Hc","fld_s","se_mean",,12.873061,0.0172511,,,1987,"9051b702"
"mddina","dina","null n500 (no subgroup; homogeneous +26)","Hc","fld_s","se_over_sd",,0.97202068,0.015478,,,1987,"9051b702"
"mddina","dina","null n500 (no subgroup; homogeneous +26)","Hc","fld_s","cov1_upper",,0.89330649,0.00692581,0.878965,0.90613,1987,"9051b702"
"mddina","dina","null n500 (no subgroup; homogeneous +26)","Hc","fld_s","cov2",,0.93306492,0.0056064,0.92122,0.943239,1987,"9051b702"
"mddina","dina","null n500 (no subgroup; homogeneous +26)","Hc","fld_s","halfwidth_md",,25.130944,,,,1987,"9051b702"
"mddina","dina","null n500 (no subgroup; homogeneous +26)","Hc","fld_s","margin1_md",,23.164836,,,,1987,"9051b702"
"mddina","dina","null n500 (no subgroup; homogeneous +26)","Hc","fld_s","share_upper_le_tau",0,0.00050327126,0.000503145,8.88453e-05,0.00284532,1987,"9051b702"
"mddina","dina","null n500 (no subgroup; homogeneous +26)","Hc","fld_s","share_upper_le_tau",10,0.009562154,0.0021832,0.00613014,0.0148868,1987,"9051b702"
"mddina","dina","null n500 (no subgroup; homogeneous +26)","Hc","fld_s","share_upper_le_tau",20,0.045294414,0.00466507,0.0369952,0.0553484,1987,"9051b702"
"mddina","dina","null n500 (no subgroup; homogeneous +26)","Hc","fld_s","share_upper_le_tau",30,0.17010569,0.00842892,0.154226,0.187259,1987,"9051b702"
"mddina","dina","null n500 (no subgroup; homogeneous +26)","Hc","fld_s","share_upper_le_tau",40,0.42274786,0.0110822,0.401197,0.444597,1987,"9051b702"
"mddina","dina","null n500 (no subgroup; homogeneous +26)","Hc","fld_s","share_upper_le_tau",60,0.90337192,0.00662805,0.889592,0.915595,1987,"9051b702"
"mddina","dina","null n500 (no subgroup; homogeneous +26)","Hc","fld_s","share_upper_le_tau",80,0.99899346,0.000711375,0.996337,0.999724,1987,"9051b702"
"mddina","dina","null n500 (no subgroup; homogeneous +26)","Hc","fld_s","share_upper_le_tau",100,1,0,0.99807,1,1987,"9051b702"
"mddina","dina","null n500 (no subgroup; homogeneous +26)","Hc","fld_s","bound_mean",,42.595899,0.295783,,,1987,"9051b702"
"mddina","dina","null n500 (no subgroup; homogeneous +26)","Hc","fld_s","bound_q05",,21.239983,,,,1987,"9051b702"
"mddina","dina","null n500 (no subgroup; homogeneous +26)","Hc","fld_s","bound_q25",,34.089758,,,,1987,"9051b702"
"mddina","dina","null n500 (no subgroup; homogeneous +26)","Hc","fld_s","bound_q50",,42.62217,,,,1987,"9051b702"
"mddina","dina","null n500 (no subgroup; homogeneous +26)","Hc","fld_s","bound_q75",,51.330062,,,,1987,"9051b702"
"mddina","dina","null n500 (no subgroup; homogeneous +26)","Hc","fld_s","bound_q95",,64.671783,,,,1987,"9051b702"
"mddina","dina","null n500 (no subgroup; homogeneous +26)","Hc","oracle","share_upper_le_tau",0,0,0,0,0.00192957,1987,"9051b702"
"mddina","dina","null n500 (no subgroup; homogeneous +26)","Hc","oracle","share_upper_le_tau",10,0.0020130851,0.00100553,0.000783119,0.00516485,1987,"9051b702"
"mddina","dina","null n500 (no subgroup; homogeneous +26)","Hc","oracle","share_upper_le_tau",20,0.014091595,0.00264423,0.00976738,0.020291,1987,"9051b702"
"mddina","dina","null n500 (no subgroup; homogeneous +26)","Hc","oracle","share_upper_le_tau",30,0.088072471,0.00635772,0.0763931,0.101342,1987,"9051b702"
"mddina","dina","null n500 (no subgroup; homogeneous +26)","Hc","oracle","share_upper_le_tau",40,0.32964268,0.0105457,0.30932,0.350623,1987,"9051b702"
"mddina","dina","null n500 (no subgroup; homogeneous +26)","Hc","oracle","share_upper_le_tau",60,0.89632612,0.00683862,0.882149,0.908974,1987,"9051b702"
"mddina","dina","null n500 (no subgroup; homogeneous +26)","Hc","oracle","share_upper_le_tau",80,0.99949673,0.000503145,0.997155,0.999911,1987,"9051b702"
"mddina","dina","null n500 (no subgroup; homogeneous +26)","Hc","oracle","share_upper_le_tau",100,1,0,0.99807,1,1987,"9051b702"
"mddina","dina","null n500 (no subgroup; homogeneous +26)","Hc","oracle","bound_mean",,45.162861,0.254587,,,1987,"9051b702"
"mddina","dina","null n500 (no subgroup; homogeneous +26)","Hc","oracle","bound_q05",,26.84853,,,,1987,"9051b702"
"mddina","dina","null n500 (no subgroup; homogeneous +26)","Hc","oracle","bound_q25",,37.530045,,,,1987,"9051b702"
"mddina","dina","null n500 (no subgroup; homogeneous +26)","Hc","oracle","bound_q50",,45.230598,,,,1987,"9051b702"
"mddina","dina","null n500 (no subgroup; homogeneous +26)","Hc","oracle","bound_q75",,52.606998,,,,1987,"9051b702"
"mddina","dina","null n500 (no subgroup; homogeneous +26)","Hc","oracle","bound_q95",,64.019565,,,,1987,"9051b702"
"mddina","dina","null n500 (no subgroup; homogeneous +26)","Hc","fld","share_upper_le_tau",0,0.00050327126,0.000503145,8.88453e-05,0.00284532,1987,"9051b702"
"mddina","dina","null n500 (no subgroup; homogeneous +26)","Hc","fld","share_upper_le_tau",10,0.010568697,0.00229406,0.00692295,0.0161032,1987,"9051b702"
"mddina","dina","null n500 (no subgroup; homogeneous +26)","Hc","fld","share_upper_le_tau",20,0.04781077,0.00478658,0.0392703,0.0580963,1987,"9051b702"
"mddina","dina","null n500 (no subgroup; homogeneous +26)","Hc","fld","share_upper_le_tau",30,0.17010569,0.00842892,0.154226,0.187259,1987,"9051b702"
"mddina","dina","null n500 (no subgroup; homogeneous +26)","Hc","fld","share_upper_le_tau",40,0.42576749,0.0110925,0.40419,0.447631,1987,"9051b702"
"mddina","dina","null n500 (no subgroup; homogeneous +26)","Hc","fld","share_upper_le_tau",60,0.89984902,0.00673463,0.885868,0.912287,1987,"9051b702"
"mddina","dina","null n500 (no subgroup; homogeneous +26)","Hc","fld","share_upper_le_tau",80,0.99949673,0.000503145,0.997155,0.999911,1987,"9051b702"
"mddina","dina","null n500 (no subgroup; homogeneous +26)","Hc","fld","share_upper_le_tau",100,1,0,0.99807,1,1987,"9051b702"
"mddina","dina","null n500 (no subgroup; homogeneous +26)","Hc","fld","bound_mean",,42.612886,0.299854,,,1987,"9051b702"
"mddina","dina","null n500 (no subgroup; homogeneous +26)","Hc","fld","bound_q05",,21.075559,,,,1987,"9051b702"
"mddina","dina","null n500 (no subgroup; homogeneous +26)","Hc","fld","bound_q25",,33.980199,,,,1987,"9051b702"
"mddina","dina","null n500 (no subgroup; homogeneous +26)","Hc","fld","bound_q50",,42.602893,,,,1987,"9051b702"
"mddina","dina","null n500 (no subgroup; homogeneous +26)","Hc","fld","bound_q75",,51.556921,,,,1987,"9051b702"
"mddina","dina","null n500 (no subgroup; homogeneous +26)","Hc","fld","bound_q95",,64.9377,,,,1987,"9051b702"
"mddina","dina","null n500 (no subgroup; homogeneous +26)","Hc","mr","share_upper_le_tau",0,0,0,0,0.00192957,1987,"9051b702"
"mddina","dina","null n500 (no subgroup; homogeneous +26)","Hc","mr","share_upper_le_tau",10,0,0,0,0.00192957,1987,"9051b702"
"mddina","dina","null n500 (no subgroup; homogeneous +26)","Hc","mr","share_upper_le_tau",20,0.0015098138,0.000871033,0.000513603,0.00442976,1987,"9051b702"
"mddina","dina","null n500 (no subgroup; homogeneous +26)","Hc","mr","share_upper_le_tau",30,0.014091595,0.00264423,0.00976738,0.020291,1987,"9051b702"
"mddina","dina","null n500 (no subgroup; homogeneous +26)","Hc","mr","share_upper_le_tau",40,0.062908908,0.00544688,0.0530536,0.074451,1987,"9051b702"
"mddina","dina","null n500 (no subgroup; homogeneous +26)","Hc","mr","share_upper_le_tau",60,0.54252642,0.0111762,0.52056,0.564328,1987,"9051b702"
"mddina","dina","null n500 (no subgroup; homogeneous +26)","Hc","mr","share_upper_le_tau",80,0.94715652,0.00501889,0.936429,0.956159,1987,"9051b702"
"mddina","dina","null n500 (no subgroup; homogeneous +26)","Hc","mr","share_upper_le_tau",100,1,0,0.99807,1,1987,"9051b702"
"mddina","dina","null n500 (no subgroup; homogeneous +26)","Hc","mr","bound_mean",,58.792596,0.282169,,,1987,"9051b702"
"mddina","dina","null n500 (no subgroup; homogeneous +26)","Hc","mr","bound_q05",,38.524184,,,,1987,"9051b702"
"mddina","dina","null n500 (no subgroup; homogeneous +26)","Hc","mr","bound_q25",,50.363339,,,,1987,"9051b702"
"mddina","dina","null n500 (no subgroup; homogeneous +26)","Hc","mr","bound_q50",,58.750703,,,,1987,"9051b702"
"mddina","dina","null n500 (no subgroup; homogeneous +26)","Hc","mr","bound_q75",,66.973365,,,,1987,"9051b702"
"mddina","dina","null n500 (no subgroup; homogeneous +26)","Hc","mr","bound_q95",,80.500344,,,,1987,"9051b702"
"mddina","dina","null n500 (no subgroup; homogeneous +26)","Hc","naive","share_upper_le_tau",0,0.0065425264,0.00180862,0.0038275,0.0111619,1987,"9051b702"
"mddina","dina","null n500 (no subgroup; homogeneous +26)","Hc","naive","share_upper_le_tau",10,0.030196276,0.00383901,0.0235313,0.0386743,1987,"9051b702"
"mddina","dina","null n500 (no subgroup; homogeneous +26)","Hc","naive","share_upper_le_tau",20,0.15903372,0.00820418,0.143614,0.175769,1987,"9051b702"
"mddina","dina","null n500 (no subgroup; homogeneous +26)","Hc","naive","share_upper_le_tau",30,0.45797685,0.0111772,0.436172,0.479944,1987,"9051b702"
"mddina","dina","null n500 (no subgroup; homogeneous +26)","Hc","naive","share_upper_le_tau",40,0.78309009,0.00924585,0.764432,0.800656,1987,"9051b702"
"mddina","dina","null n500 (no subgroup; homogeneous +26)","Hc","naive","share_upper_le_tau",60,0.99446402,0.00166454,0.990114,0.996906,1987,"9051b702"
"mddina","dina","null n500 (no subgroup; homogeneous +26)","Hc","naive","share_upper_le_tau",80,1,0,0.99807,1,1987,"9051b702"
"mddina","dina","null n500 (no subgroup; homogeneous +26)","Hc","naive","share_upper_le_tau",100,1,0,0.99807,1,1987,"9051b702"
"mddina","dina","null n500 (no subgroup; homogeneous +26)","Hc","naive","bound_mean",,31.224208,0.259904,,,1987,"9051b702"
"mddina","dina","null n500 (no subgroup; homogeneous +26)","Hc","naive","bound_q05",,12.458818,,,,1987,"9051b702"
"mddina","dina","null n500 (no subgroup; homogeneous +26)","Hc","naive","bound_q25",,23.56591,,,,1987,"9051b702"
"mddina","dina","null n500 (no subgroup; homogeneous +26)","Hc","naive","bound_q50",,31.067707,,,,1987,"9051b702"
"mddina","dina","null n500 (no subgroup; homogeneous +26)","Hc","naive","bound_q75",,38.859345,,,,1987,"9051b702"
"mddina","dina","null n500 (no subgroup; homogeneous +26)","Hc","naive","bound_q95",,51.401975,,,,1987,"9051b702"
"mddina","dina","null n500 (no subgroup; homogeneous +26)","joint","bonf_s","joint_coverage",,0.91041772,0.00640667,0.897056,0.922195,1987,"9051b702"
"mddina","dina","null n500 (no subgroup; homogeneous +26)","joint","bonf_s","share_both_bounds",,1,0,0.99807,1,1987,"9051b702"
"mddina","dina","null n500 (no subgroup; homogeneous +26)","joint","bonf_s","cov_H",,0.96879718,0.00390045,0.960202,0.975583,1987,"9051b702"
"mddina","dina","null n500 (no subgroup; homogeneous +26)","joint","bonf_s","cov_Hc",,0.94061399,0.00530211,0.929347,0.95018,1987,"9051b702"
"mddina","dina","null n500 (no subgroup; homogeneous +26)","joint","bonf_s","margin_H_md",,59.719434,0.101871,,,1987,"9051b702"
"mddina","dina","null n500 (no subgroup; homogeneous +26)","joint","bonf_s","margin_Hc_md",,27.217914,0.0462959,,,1987,"9051b702"
"mddina","dina","null n500 (no subgroup; homogeneous +26)","joint","bonf","joint_coverage",,0.9089079,0.00645508,0.895455,0.920783,1987,"9051b702"
"mddina","dina","null n500 (no subgroup; homogeneous +26)","joint","bonf","share_both_bounds",,1,0,0.99807,1,1987,"9051b702"
"mddina","dina","null n500 (no subgroup; homogeneous +26)","joint","bonf","cov_H",,0.96879718,0.00390045,0.960202,0.975583,1987,"9051b702"
"mddina","dina","null n500 (no subgroup; homogeneous +26)","joint","bonf","cov_Hc",,0.93910418,0.00536478,0.927718,0.948796,1987,"9051b702"
"mddina","dina","null n500 (no subgroup; homogeneous +26)","joint","bonf","margin_H_md",,59.719434,0.101871,,,1987,"9051b702"
"mddina","dina","null n500 (no subgroup; homogeneous +26)","joint","bonf","margin_Hc_md",,27.250539,0.038723,,,1987,"9051b702"
"mddina","dina","null n500 (no subgroup; homogeneous +26)","joint","separate_s","joint_coverage",,0.83241067,0.00837902,0.81535,0.848189,1987,"9051b702"
"mddina","dina","null n500 (no subgroup; homogeneous +26)","joint","separate_s","share_both_bounds",,1,0,0.99807,1,1987,"9051b702"
"mddina","dina","null n500 (no subgroup; homogeneous +26)","joint","separate_s","cov_H",,0.93105184,0.00568394,0.919059,0.941381,1987,"9051b702"
"mddina","dina","null n500 (no subgroup; homogeneous +26)","joint","separate_s","cov_Hc",,0.89330649,0.00692581,0.878965,0.90613,1987,"9051b702"
"mddina","dina","null n500 (no subgroup; homogeneous +26)","joint","separate_s","margin_H_md",,50.475444,0.0867895,,,1987,"9051b702"
"mddina","dina","null n500 (no subgroup; homogeneous +26)","joint","separate_s","margin_Hc_md",,23.164836,0.0404639,,,1987,"9051b702"
"mddina","dina","null n500 (no subgroup; homogeneous +26)","joint","calibrated","gamma_mean_s",,0.02516306,8.67787e-06,,,1987,"9051b702"
"mddina","dina","null n500 (no subgroup; homogeneous +26)","joint","calibrated","corr_s",,0.085494047,0.00130147,,,1987,"9051b702"
"mddina","dina","null n500 (no subgroup; homogeneous +26)","joint","calibrated","gamma_mean",,0.025132864,7.9103e-06,,,1987,"9051b702"
"mddina","dina","null n500 (no subgroup; homogeneous +26)","joint","calibrated","corr",,0.087822132,0.00132496,,,1987,"9051b702"
"mddina","dina","null n500 (no subgroup; homogeneous +26)","H","all","mean_proposed_n",,2644.1389,46.4312,,,1987,"9051b702"
"mddina","dina","null n500 (no subgroup; homogeneous +26)","H","all","mean_size_hhat",,105.14997,0.678343,,,1987,"9051b702"
"mddina","dina","null n500 (no subgroup; homogeneous +26)","H","all","mean_true_positives",,,,,,0,"9051b702"
"mddina","dina","null n500 (no subgroup; homogeneous +26)","H","all","sensitivity_mean",,,,,,0,"9051b702"
"mddina","dina","null n500 (no subgroup; homogeneous +26)","H","all","ppv_mean",,0,0,,,1987,"9051b702"
"mddina","dina","null n500 (no subgroup; homogeneous +26)","H","all","mean_n_family",,2644.1389,46.4312,,,1987,"9051b702"
"mddina","dina","null n500 (no subgroup; homogeneous +26)","H","all","mean_admitted_n",,1958.9653,39.5587,,,1987,"9051b702"
"mddina","dina","null n500 (no subgroup; homogeneous +26)","H","all","share_size_larger_than_fs",,0.43765775,0.0111462,0.415953,0.459604,1981,"9051b702"
"mddina","dina","null n500 (no subgroup; homogeneous +26)","H","all","count_size_larger_than_fs",,867,,,,1981,"9051b702"
"mddina","dina","null n500 (no subgroup; homogeneous +26)","H","all","share_size_equal_than_fs",,0.052498738,0.00501097,0.0435149,0.0632148,1981,"9051b702"
"mddina","dina","null n500 (no subgroup; homogeneous +26)","H","all","count_size_equal_than_fs",,104,,,,1981,"9051b702"
"mddina","dina","null n500 (no subgroup; homogeneous +26)","H","all","share_size_smaller_than_fs",,0.50984351,0.0112317,0.487832,0.531817,1981,"9051b702"
"mddina","dina","null n500 (no subgroup; homogeneous +26)","H","all","count_size_smaller_than_fs",,1010,,,,1981,"9051b702"
"mdsgnb20","fs","null n500 (no subgroup; homogeneous +26)","H","all","declaration_rate",,0.9965,0.00132056,0.992793,0.998304,2000,"dbeee517"
"mdsgnb20","fs","null n500 (no subgroup; homogeneous +26)","H","all","mean_n_sel",,107.49222,0.66958,,,1993,"dbeee517"
"mdsgnb20","fs","null n500 (no subgroup; homogeneous +26)","H","all","sensitivity_mean",,,,,,0,"dbeee517"
"mdsgnb20","fs","null n500 (no subgroup; homogeneous +26)","H","all","ppv_mean",,0,0,,,1993,"dbeee517"
"mdgrf","grf","null n500 (no subgroup; homogeneous +26)","H","all","declaration_rate",,1,0,0.998083,1,2000,"15bee7cd"
"mdgrf","grf","null n500 (no subgroup; homogeneous +26)","H","all","mean_size_hhat",,106.1385,0.758104,,,2000,"15bee7cd"
"mdgrf","grf","null n500 (no subgroup; homogeneous +26)","H","all","sensitivity_mean",,,,,,0,"15bee7cd"
"mdgrf","grf","null n500 (no subgroup; homogeneous +26)","H","all","ppv_mean",,0,0,,,2000,"15bee7cd"
"mdgrf","grf","null n500 (no subgroup; homogeneous +26)","H","all","mean_n_family",,1222.3815,1.04192,,,2000,"15bee7cd"
"mdgrf","grf","null n500 (no subgroup; homogeneous +26)","H","all","mean_admitted_n",,508.467,6.40469,,,2000,"15bee7cd"
"mdsgnb20","fs","null n500 (no subgroup; homogeneous +26)","H","fld","cov1_lower",,0.9473156,0.0050042,0.936619,0.956291,1993,"dbeee517"
"mdgrf","grf","null n500 (no subgroup; homogeneous +26)","H","fld","cov1_lower",,0.9405,0.0052896,0.929264,0.950047,2000,"15bee7cd"
"mdsgnb20","fs","null n500 (no subgroup; homogeneous +26)","Hc","fld_s","cov1_upper",,0.91721024,0.00617261,0.904295,0.928521,1993,"dbeee517"
"mdgrf","grf","null n500 (no subgroup; homogeneous +26)","Hc","fld_s","cov1_upper",,0.92,0.0060663,0.907289,0.9311,2000,"15bee7cd"
"mdsgnb20","fs","null n500 (no subgroup; homogeneous +26)","joint","bonf_s","joint_coverage",,0.93176116,0.00564826,0.91984,0.942021,1993,"dbeee517"
"mdgrf","grf","null n500 (no subgroup; homogeneous +26)","joint","bonf_s","joint_coverage",,0.93,0.00570526,0.917974,0.940377,2000,"15bee7cd"
"mddina","dina","null n500 (no subgroup; homogeneous +26)","H","all","p_hat_mean",,0.091712934,0.00188352,,,1987,"9051b702"
"mddina","dina","null n500 (no subgroup; homogeneous +26)","H","all","p_hat_share_lt_05",,0.99043785,0.0021832,0.985113,0.99387,1987,"9051b702"
"mddina","dina","null n500 (no subgroup; homogeneous +26)","Hc","mr","sd_btc_over_naive_se",,0.98575637,,,,1987,"9051b702"
"mddina","dina","null n500 (no subgroup; homogeneous +26)","Hc","fld","lamsd_over_naive_se",,0.98143974,,,,1987,"9051b702"
"mddina","dina","null n500 (no subgroup; homogeneous +26)","Hc","fld_s","lamsd_over_naive_se",,0.98260818,,,,1987,"9051b702"
"mddina","dina","null n500 (no subgroup; homogeneous +26)","all","all","secs_fit_mr_mean",,100.27629,1.71795,,,2000,"9051b702"
"mddina","dina","null n500 (no subgroup; homogeneous +26)","all","all","secs_field_mean",,54.362332,0.730515,,,1987,"9051b702"
"mddina","dina","null n500 (no subgroup; homogeneous +26)","all","all","secs_complement_mean",,4.950927,0.109844,,,1987,"9051b702"
"mddina","dina","null n500 (no subgroup; homogeneous +26)","Hc","fld_s","display_b",,-0.36370378,,,,1987,"9051b702"
"mddina","dina","null n500 (no subgroup; homogeneous +26)","Hc","fld_s","display_r",,0.97202068,,,,1987,"9051b702"
"mddina","dina","null n500 (no subgroup; homogeneous +26)","Hc","fld_s","display_cov1",,0.89330649,,,,1987,"9051b702"
"mddina","dina","null n500 (no subgroup; homogeneous +26)","Hc","fld_s","display_cov1_ref",,0.89160856,,,,1987,"9051b702"
"mddina","dina","null n500 (no subgroup; homogeneous +26)","Hc","fld_s","display_cov2",,0.93306492,,,,1987,"9051b702"
"mddina","dina","null n500 (no subgroup; homogeneous +26)","Hc","fld_s","display_cov2_ref",,0.92675356,,,,1987,"9051b702"
"mddina","dina","null n500 (no subgroup; homogeneous +26)","H","naive","display_b",,3.6016128,,,,1987,"9051b702"
"mddina","dina","null n500 (no subgroup; homogeneous +26)","H","naive","display_r",,1.4928367,,,,1987,"9051b702"
"mddina","dina","null n500 (no subgroup; homogeneous +26)","H","naive","display_cov1_ref",,0.12587379,,,,1987,"9051b702"
"mddina","dina","null n500 (no subgroup; homogeneous +26)","H","naive","display_cov2_ref",,0.24961344,,,,1987,"9051b702"
"mddina","dina","null n500 (no subgroup; homogeneous +26)","H","mr","display_b",,1.2093537,,,,1987,"9051b702"
"mddina","dina","null n500 (no subgroup; homogeneous +26)","H","mr","display_r",,1.962595,,,,1987,"9051b702"
"mddina","dina","null n500 (no subgroup; homogeneous +26)","H","mr","display_cov1_ref",,0.97824744,,,,1987,"9051b702"
"mddina","dina","null n500 (no subgroup; homogeneous +26)","H","mr","display_cov2_ref",,0.99582087,,,,1987,"9051b702"
"mddina","dina","null n500 (no subgroup; homogeneous +26)","H","fld","display_b",,0.71228096,,,,1987,"9051b702"
"mddina","dina","null n500 (no subgroup; homogeneous +26)","H","fld","display_r",,1.2909966,,,,1987,"9051b702"
"mddina","dina","null n500 (no subgroup; homogeneous +26)","H","fld","display_cov1_ref",,0.92091004,,,,1987,"9051b702"
"mddina","dina","null n500 (no subgroup; homogeneous +26)","H","fld","display_cov2_ref",,0.96487766,,,,1987,"9051b702"
"mddina","dina","null n500 (no subgroup; homogeneous +26)","Hc","naive","display_b",,-1.4197069,,,,1987,"9051b702"
"mddina","dina","null n500 (no subgroup; homogeneous +26)","Hc","naive","display_r",,1.1217933,,,,1987,"9051b702"
"mddina","dina","null n500 (no subgroup; homogeneous +26)","Hc","naive","display_cov1_ref",,0.66475618,,,,1987,"9051b702"
"mddina","dina","null n500 (no subgroup; homogeneous +26)","Hc","naive","display_cov2_ref",,0.78185235,,,,1987,"9051b702"
"mddina","dina","null n500 (no subgroup; homogeneous +26)","Hc","mr","display_b",,-0.52841962,,,,1987,"9051b702"
"mddina","dina","null n500 (no subgroup; homogeneous +26)","Hc","mr","display_r",,1.8529927,,,,1987,"9051b702"
"mddina","dina","null n500 (no subgroup; homogeneous +26)","Hc","mr","display_cov1_ref",,0.99412362,,,,1987,"9051b702"
"mddina","dina","null n500 (no subgroup; homogeneous +26)","Hc","mr","display_cov2_ref",,0.99902748,,,,1987,"9051b702"
"mddina","dina","null n500 (no subgroup; homogeneous +26)","Hc","fld","display_b",,-0.36246739,,,,1987,"9051b702"
"mddina","dina","null n500 (no subgroup; homogeneous +26)","Hc","fld","display_r",,0.96918511,,,,1987,"9051b702"
"mddina","dina","null n500 (no subgroup; homogeneous +26)","Hc","fld","display_cov1_ref",,0.89096946,,,,1987,"9051b702"
"mddina","dina","null n500 (no subgroup; homogeneous +26)","Hc","fld","display_cov2_ref",,0.92601804,,,,1987,"9051b702"
"mddina","dina","md40 n700","H","all","declaration_rate",,0.9985,0.000865376,0.995599,0.99949,2000,"21e48ee5"
"mddina","dina","md40 n700","H","naive","bias_md",,63.495641,0.388437,,,1997,"21e48ee5"
"mddina","dina","md40 n700","H","naive","bias_sd_units",,3.7051638,0.0226665,,,1997,"21e48ee5"
"mddina","dina","md40 n700","H","naive","sd_emp",,17.137068,0.271232,,,1997,"21e48ee5"
"mddina","dina","md40 n700","H","naive","se_mean",,25.224858,0.0946869,,,1997,"21e48ee5"
"mddina","dina","md40 n700","H","naive","se_over_sd",,1.4719472,0.0239431,,,1997,"21e48ee5"
"mddina","dina","md40 n700","H","naive","cov1_lower",,0.07110666,0.00575108,0.060639,0.0832212,1997,"21e48ee5"
"mddina","dina","md40 n700","H","naive","cov2",,0.16825238,0.00837119,0.152485,0.185293,1997,"21e48ee5"
"mddina","dina","md40 n700","H","naive","halfwidth_md",,49.439813,,,,1997,"21e48ee5"
"mddina","dina","md40 n700","H","naive","margin1_md",,41.491199,,,,1997,"21e48ee5"
"mddina","dina","md40 n700","H","oracle","bias_md",,0.099693705,0.387694,,,1997,"21e48ee5"
"mddina","dina","md40 n700","H","oracle","bias_sd_units",,0.0057542646,0.0223775,,,1997,"21e48ee5"
"mddina","dina","md40 n700","H","oracle","sd_emp",,17.325186,0.27421,,,1997,"21e48ee5"
"mddina","dina","md40 n700","H","oracle","se_mean",,16.769248,0.0204795,,,1997,"21e48ee5"
"mddina","dina","md40 n700","H","oracle","se_over_sd",,0.96791153,0.0153649,,,1997,"21e48ee5"
"mddina","dina","md40 n700","H","oracle","cov1_lower",,0.94091137,0.00527639,0.929699,0.950431,1997,"21e48ee5"
"mddina","dina","md40 n700","H","oracle","cov2",,0.94291437,0.00519171,0.931863,0.952265,1997,"21e48ee5"
"mddina","dina","md40 n700","H","oracle","halfwidth_md",,32.867725,,,,1997,"21e48ee5"
"mddina","dina","md40 n700","H","oracle","margin1_md",,27.582958,,,,1997,"21e48ee5"
"mddina","dina","md40 n700","H","mr","bias_md",,19.906244,0.411713,,,1997,"21e48ee5"
"mddina","dina","md40 n700","H","mr","bias_sd_units",,1.0916576,0.0225783,,,1997,"21e48ee5"
"mddina","dina","md40 n700","H","mr","sd_emp",,18.234879,0.288607,,,1997,"21e48ee5"
"mddina","dina","md40 n700","H","mr","se_mean",,32.615964,0.113451,,,1997,"21e48ee5"
"mddina","dina","md40 n700","H","mr","se_over_sd",,1.7886582,0.0289851,,,1997,"21e48ee5"
"mddina","dina","md40 n700","H","mr","cov1_lower",,0.96044066,0.00436185,0.95097,0.968143,1997,"21e48ee5"
"mddina","dina","md40 n700","H","mr","cov2",,0.98497747,0.00272205,0.978636,0.989457,1997,"21e48ee5"
"mddina","dina","md40 n700","H","mr","halfwidth_md",,63.926116,,,,1997,"21e48ee5"
"mddina","dina","md40 n700","H","mr","margin1_md",,53.648487,,,,1997,"21e48ee5"
"mddina","dina","md40 n700","H","fld","bias_md",,11.645531,0.440304,,,1997,"21e48ee5"
"mddina","dina","md40 n700","H","fld","bias_sd_units",,0.59578675,0.022526,,,1997,"21e48ee5"
"mddina","dina","md40 n700","H","fld","sd_emp",,19.546474,0.309366,,,1997,"21e48ee5"
"mddina","dina","md40 n700","H","fld","se_mean",,24.288142,0.0425519,,,1997,"21e48ee5"
"mddina","dina","md40 n700","H","fld","se_over_sd",,1.2425843,0.0197868,,,1997,"21e48ee5"
"mddina","dina","md40 n700","H","fld","cov1_lower",,0.93039559,0.0056946,0.918388,0.94075,1997,"21e48ee5"
"mddina","dina","md40 n700","H","fld","cov2",,0.96544817,0.00408706,0.956502,0.972607,1997,"21e48ee5"
"mddina","dina","md40 n700","H","fld","halfwidth_md",,47.556294,,,,1997,"21e48ee5"
"mddina","dina","md40 n700","H","fld","margin1_md",,49.854837,,,,1997,"21e48ee5"
"mddina","dina","md40 n700","H","fld","share_lower_ge_tau",0,0.49424136,0.011188,0.472345,0.516159,1997,"21e48ee5"
"mddina","dina","md40 n700","H","fld","share_lower_ge_tau",10,0.2899349,0.0101534,0.270453,0.310223,1997,"21e48ee5"
"mddina","dina","md40 n700","H","fld","share_lower_ge_tau",20,0.16174261,0.00823971,0.146245,0.178539,1997,"21e48ee5"
"mddina","dina","md40 n700","H","fld","share_lower_ge_tau",30,0.075112669,0.0058981,0.0643507,0.0875062,1997,"21e48ee5"
"mddina","dina","md40 n700","H","fld","share_lower_ge_tau",40,0.035052579,0.0041155,0.0278375,0.044053,1997,"21e48ee5"
"mddina","dina","md40 n700","H","fld","share_lower_ge_tau",60,0.0075112669,0.0019321,0.00455722,0.0123564,1997,"21e48ee5"
"mddina","dina","md40 n700","H","fld","share_lower_ge_tau",80,0.0010015023,0.000707814,0.000274691,0.00364439,1997,"21e48ee5"
"mddina","dina","md40 n700","H","fld","share_lower_ge_tau",100,0,0,-1.0842e-19,0.00191992,1997,"21e48ee5"
"mddina","dina","md40 n700","H","fld","bound_mean",,1.6361079,0.427098,,,1997,"21e48ee5"
"mddina","dina","md40 n700","H","fld","bound_q05",,-26.254072,,,,1997,"21e48ee5"
"mddina","dina","md40 n700","H","fld","bound_q25",,-10.986888,,,,1997,"21e48ee5"
"mddina","dina","md40 n700","H","fld","bound_q50",,-0.39791504,,,,1997,"21e48ee5"
"mddina","dina","md40 n700","H","fld","bound_q75",,12.985263,,,,1997,"21e48ee5"
"mddina","dina","md40 n700","H","fld","bound_q95",,34.589788,,,,1997,"21e48ee5"
"mddina","dina","md40 n700","H","oracle","share_lower_ge_tau",0,0.76414622,0.00949993,0.745031,0.782248,1997,"21e48ee5"
"mddina","dina","md40 n700","H","oracle","share_lower_ge_tau",10,0.55282924,0.0111261,0.530942,0.574514,1997,"21e48ee5"
"mddina","dina","md40 n700","H","oracle","share_lower_ge_tau",20,0.32198297,0.0104556,0.301849,0.3428,1997,"21e48ee5"
"mddina","dina","md40 n700","H","oracle","share_lower_ge_tau",30,0.16474712,0.00830097,0.149124,0.181657,1997,"21e48ee5"
"mddina","dina","md40 n700","H","oracle","share_lower_ge_tau",40,0.059088633,0.00527639,0.0495689,0.0703014,1997,"21e48ee5"
"mddina","dina","md40 n700","H","oracle","share_lower_ge_tau",60,0.0035052579,0.00132254,0.00169898,0.007218,1997,"21e48ee5"
"mddina","dina","md40 n700","H","oracle","share_lower_ge_tau",80,0,0,-1.0842e-19,0.00191992,1997,"21e48ee5"
"mddina","dina","md40 n700","H","oracle","share_lower_ge_tau",100,0,0,-1.0842e-19,0.00191992,1997,"21e48ee5"
"mddina","dina","md40 n700","H","oracle","bound_mean",,12.516736,0.389247,,,1997,"21e48ee5"
"mddina","dina","md40 n700","H","oracle","bound_q05",,-15.387342,,,,1997,"21e48ee5"
"mddina","dina","md40 n700","H","oracle","bound_q25",,0.84935146,,,,1997,"21e48ee5"
"mddina","dina","md40 n700","H","oracle","bound_q50",,12.067291,,,,1997,"21e48ee5"
"mddina","dina","md40 n700","H","oracle","bound_q75",,23.956485,,,,1997,"21e48ee5"
"mddina","dina","md40 n700","H","oracle","bound_q95",,41.517344,,,,1997,"21e48ee5"
"mddina","dina","md40 n700","H","mr","share_lower_ge_tau",0,0.4211317,0.0110487,0.399648,0.442918,1997,"21e48ee5"
"mddina","dina","md40 n700","H","mr","share_lower_ge_tau",10,0.2223335,0.00930487,0.204639,0.241094,1997,"21e48ee5"
"mddina","dina","md40 n700","H","mr","share_lower_ge_tau",20,0.10665999,0.00690749,0.0938687,0.120962,1997,"21e48ee5"
"mddina","dina","md40 n700","H","mr","share_lower_ge_tau",30,0.043565348,0.00456782,0.0354547,0.0534287,1997,"21e48ee5"
"mddina","dina","md40 n700","H","mr","share_lower_ge_tau",40,0.016524787,0.00285273,0.0117905,0.0231155,1997,"21e48ee5"
"mddina","dina","md40 n700","H","mr","share_lower_ge_tau",60,0.0015022534,0.000866675,0.00051103,0.00440763,1997,"21e48ee5"
"mddina","dina","md40 n700","H","mr","share_lower_ge_tau",80,0,0,-1.0842e-19,0.00191992,1997,"21e48ee5"
"mddina","dina","md40 n700","H","mr","share_lower_ge_tau",100,0,0,-1.0842e-19,0.00191992,1997,"21e48ee5"
"mddina","dina","md40 n700","H","mr","bound_mean",,-2.1575427,0.392729,,,1997,"21e48ee5"
"mddina","dina","md40 n700","H","mr","bound_q05",,-28.751297,,,,1997,"21e48ee5"
"mddina","dina","md40 n700","H","mr","bound_q25",,-13.799946,,,,1997,"21e48ee5"
"mddina","dina","md40 n700","H","mr","bound_q50",,-3.3373211,,,,1997,"21e48ee5"
"mddina","dina","md40 n700","H","mr","bound_q75",,8.1210439,,,,1997,"21e48ee5"
"mddina","dina","md40 n700","H","mr","bound_q95",,27.81967,,,,1997,"21e48ee5"
"mddina","dina","md40 n700","H","naive","share_lower_ge_tau",0,0.99649474,0.00132254,0.992782,0.998301,1997,"21e48ee5"
"mddina","dina","md40 n700","H","naive","share_lower_ge_tau",10,0.99499249,0.00157954,0.990807,0.997278,1997,"21e48ee5"
"mddina","dina","md40 n700","H","naive","share_lower_ge_tau",20,0.98497747,0.00272205,0.978636,0.989457,1997,"21e48ee5"
"mddina","dina","md40 n700","H","naive","share_lower_ge_tau",30,0.94541813,0.00508332,0.934573,0.954553,1997,"21e48ee5"
"mddina","dina","md40 n700","H","naive","share_lower_ge_tau",40,0.82473711,0.00850773,0.807443,0.840784,1997,"21e48ee5"
"mddina","dina","md40 n700","H","naive","share_lower_ge_tau",60,0.31647471,0.0104078,0.296445,0.337209,1997,"21e48ee5"
"mddina","dina","md40 n700","H","naive","share_lower_ge_tau",80,0.050075113,0.00488053,0.0413435,0.0605344,1997,"21e48ee5"
"mddina","dina","md40 n700","H","naive","share_lower_ge_tau",100,0.0065097646,0.0017996,0.00380831,0.0111061,1997,"21e48ee5"
"mddina","dina","md40 n700","H","naive","bound_mean",,53.589143,0.352469,,,1997,"21e48ee5"
"mddina","dina","md40 n700","H","naive","bound_q05",,29.310468,,,,1997,"21e48ee5"
"mddina","dina","md40 n700","H","naive","bound_q25",,43.703068,,,,1997,"21e48ee5"
"mddina","dina","md40 n700","H","naive","bound_q50",,53.099049,,,,1997,"21e48ee5"
"mddina","dina","md40 n700","H","naive","bound_q75",,62.730263,,,,1997,"21e48ee5"
"mddina","dina","md40 n700","H","naive","bound_q95",,79.874172,,,,1997,"21e48ee5"
"mddina","dina","md40 n700","Hc","naive","bias_md",,-11.641693,0.231345,,,1997,"21e48ee5"
"mddina","dina","md40 n700","Hc","naive","bias_sd_units",,-1.1269422,0.0223947,,,1997,"21e48ee5"
"mddina","dina","md40 n700","Hc","naive","sd_emp",,10.330337,0.163501,,,1997,"21e48ee5"
"mddina","dina","md40 n700","Hc","naive","se_mean",,10.752817,0.0106128,,,1997,"21e48ee5"
"mddina","dina","md40 n700","Hc","naive","se_over_sd",,1.040897,0.0165065,,,1997,"21e48ee5"
"mddina","dina","md40 n700","Hc","naive","cov1_upper",,0.72008012,0.0100466,0.699981,0.739334,1997,"21e48ee5"
"mddina","dina","md40 n700","Hc","naive","cov2",,0.82223335,0.00855527,0.804851,0.838378,1997,"21e48ee5"
"mddina","dina","md40 n700","Hc","naive","halfwidth_md",,21.075134,,,,1997,"21e48ee5"
"mddina","dina","md40 n700","Hc","naive","margin1_md",,17.68681,,,,1997,"21e48ee5"
"mddina","dina","md40 n700","Hc","oracle","bias_md",,0.20090461,0.270849,,,1997,"21e48ee5"
"mddina","dina","md40 n700","Hc","oracle","bias_sd_units",,0.016598678,0.0223775,,,1997,"21e48ee5"
"mddina","dina","md40 n700","Hc","oracle","sd_emp",,12.103651,0.191567,,,1997,"21e48ee5"
"mddina","dina","md40 n700","Hc","oracle","se_mean",,12.179475,0.00996384,,,1997,"21e48ee5"
"mddina","dina","md40 n700","Hc","oracle","se_over_sd",,1.0062646,0.0159476,,,1997,"21e48ee5"
"mddina","dina","md40 n700","Hc","oracle","cov1_upper",,0.95543315,0.00461761,0.945475,0.963643,1997,"21e48ee5"
"mddina","dina","md40 n700","Hc","oracle","cov2",,0.95042564,0.00485734,0.940011,0.959111,1997,"21e48ee5"
"mddina","dina","md40 n700","Hc","oracle","halfwidth_md",,23.871772,,,,1997,"21e48ee5"
"mddina","dina","md40 n700","Hc","oracle","margin1_md",,20.033454,,,,1997,"21e48ee5"
"mddina","dina","md40 n700","Hc","mr","bias_md",,-4.2066541,0.246642,,,1997,"21e48ee5"
"mddina","dina","md40 n700","Hc","mr","bias_sd_units",,-0.38206071,0.0224008,,,1997,"21e48ee5"
"mddina","dina","md40 n700","Hc","mr","sd_emp",,11.010433,0.174265,,,1997,"21e48ee5"
"mddina","dina","md40 n700","Hc","mr","se_mean",,19.996564,0.0174729,,,1997,"21e48ee5"
"mddina","dina","md40 n700","Hc","mr","se_over_sd",,1.8161468,0.0287883,,,1997,"21e48ee5"
"mddina","dina","md40 n700","Hc","mr","cov1_upper",,0.99499249,0.00157954,0.990807,0.997278,1997,"21e48ee5"
"mddina","dina","md40 n700","Hc","mr","cov2",,0.99849775,0.000866675,0.995592,0.999489,1997,"21e48ee5"
"mddina","dina","md40 n700","Hc","mr","halfwidth_md",,39.192545,,,,1997,"21e48ee5"
"mddina","dina","md40 n700","Hc","mr","margin1_md",,32.891421,,,,1997,"21e48ee5"
"mddina","dina","md40 n700","Hc","fld","bias_md",,-2.6589042,0.251567,,,1997,"21e48ee5"
"mddina","dina","md40 n700","Hc","fld","bias_sd_units",,-0.23678312,0.0224028,,,1997,"21e48ee5"
"mddina","dina","md40 n700","Hc","fld","sd_emp",,11.229281,0.177728,,,1997,"21e48ee5"
"mddina","dina","md40 n700","Hc","fld","se_mean",,10.586396,0.00884632,,,1997,"21e48ee5"
"mddina","dina","md40 n700","Hc","fld","se_over_sd",,0.94274917,0.0149419,,,1997,"21e48ee5"
"mddina","dina","md40 n700","Hc","fld","cov1_upper",,0.9098648,0.00640836,0.896505,0.921651,1997,"21e48ee5"
"mddina","dina","md40 n700","Hc","fld","cov2",,0.92638958,0.00584356,0.9141,0.937042,1997,"21e48ee5"
"mddina","dina","md40 n700","Hc","fld","halfwidth_md",,20.65565,,,,1997,"21e48ee5"
"mddina","dina","md40 n700","Hc","fld","margin1_md",,18.957324,,,,1997,"21e48ee5"
"mddina","dina","md40 n700","Hc","fld_s","bias_md",,-2.66398,0.251338,,,1997,"21e48ee5"
"mddina","dina","md40 n700","Hc","fld_s","bias_sd_units",,-0.23745623,0.0224032,,,1997,"21e48ee5"
"mddina","dina","md40 n700","Hc","fld_s","sd_emp",,11.218825,0.177563,,,1997,"21e48ee5"
"mddina","dina","md40 n700","Hc","fld_s","se_mean",,10.616542,0.0115251,,,1997,"21e48ee5"
"mddina","dina","md40 n700","Hc","fld_s","se_over_sd",,0.94631497,0.0150127,,,1997,"21e48ee5"
"mddina","dina","md40 n700","Hc","fld_s","cov1_upper",,0.91136705,0.00635997,0.898099,0.923056,1997,"21e48ee5"
"mddina","dina","md40 n700","Hc","fld_s","cov2",,0.92789184,0.00578831,0.915707,0.938434,1997,"21e48ee5"
"mddina","dina","md40 n700","Hc","fld_s","halfwidth_md",,20.702476,,,,1997,"21e48ee5"
"mddina","dina","md40 n700","Hc","fld_s","margin1_md",,18.988621,,,,1997,"21e48ee5"
"mddina","dina","md40 n700","Hc","fld_s","share_upper_le_tau",0,0,0,-1.0842e-19,0.00191992,1997,"21e48ee5"
"mddina","dina","md40 n700","Hc","fld_s","share_upper_le_tau",10,0.0020030045,0.0010005,0.000779197,0.00513904,1997,"21e48ee5"
"mddina","dina","md40 n700","Hc","fld_s","share_upper_le_tau",20,0.012518778,0.00248803,0.00849384,0.0184156,1997,"21e48ee5"
"mddina","dina","md40 n700","Hc","fld_s","share_upper_le_tau",30,0.078617927,0.00602271,0.0676063,0.0912476,1997,"21e48ee5"
"mddina","dina","md40 n700","Hc","fld_s","share_upper_le_tau",40,0.30295443,0.0102832,0.283194,0.323472,1997,"21e48ee5"
"mddina","dina","md40 n700","Hc","fld_s","share_upper_le_tau",60,0.90385578,0.00659663,0.89014,0.91602,1997,"21e48ee5"
"mddina","dina","md40 n700","Hc","fld_s","share_upper_le_tau",80,0.99849775,0.000866675,0.995592,0.999489,1997,"21e48ee5"
"mddina","dina","md40 n700","Hc","fld_s","share_upper_le_tau",100,1,0,0.99808,1,1997,"21e48ee5"
"mddina","dina","md40 n700","Hc","fld_s","bound_mean",,45.638366,0.250603,,,1997,"21e48ee5"
"mddina","dina","md40 n700","Hc","fld_s","bound_q05",,27.024402,,,,1997,"21e48ee5"
"mddina","dina","md40 n700","Hc","fld_s","bound_q25",,38.032815,,,,1997,"21e48ee5"
"mddina","dina","md40 n700","Hc","fld_s","bound_q50",,45.778164,,,,1997,"21e48ee5"
"mddina","dina","md40 n700","Hc","fld_s","bound_q75",,53.251245,,,,1997,"21e48ee5"
"mddina","dina","md40 n700","Hc","fld_s","bound_q95",,64.167219,,,,1997,"21e48ee5"
"mddina","dina","md40 n700","Hc","oracle","share_upper_le_tau",0,0,0,-1.0842e-19,0.00191992,1997,"21e48ee5"
"mddina","dina","md40 n700","Hc","oracle","share_upper_le_tau",10,0.0020030045,0.0010005,0.000779197,0.00513904,1997,"21e48ee5"
"mddina","dina","md40 n700","Hc","oracle","share_upper_le_tau",20,0.011517276,0.00238765,0.00768678,0.0172235,1997,"21e48ee5"
"mddina","dina","md40 n700","Hc","oracle","share_upper_le_tau",30,0.085127692,0.00624492,0.0736702,0.0981782,1997,"21e48ee5"
"mddina","dina","md40 n700","Hc","oracle","share_upper_le_tau",40,0.29394091,0.0101944,0.274371,0.314302,1997,"21e48ee5"
"mddina","dina","md40 n700","Hc","oracle","share_upper_le_tau",60,0.87180771,0.00748087,0.856428,0.885759,1997,"21e48ee5"
"mddina","dina","md40 n700","Hc","oracle","share_upper_le_tau",80,0.99649474,0.00132254,0.992782,0.998301,1997,"21e48ee5"
"mddina","dina","md40 n700","Hc","oracle","share_upper_le_tau",100,1,0,0.99808,1,1997,"21e48ee5"
"mddina","dina","md40 n700","Hc","oracle","bound_mean",,46.489595,0.270816,,,1997,"21e48ee5"
"mddina","dina","md40 n700","Hc","oracle","bound_q05",,27.275171,,,,1997,"21e48ee5"
"mddina","dina","md40 n700","Hc","oracle","bound_q25",,38.462588,,,,1997,"21e48ee5"
"mddina","dina","md40 n700","Hc","oracle","bound_q50",,46.557495,,,,1997,"21e48ee5"
"mddina","dina","md40 n700","Hc","oracle","bound_q75",,54.647315,,,,1997,"21e48ee5"
"mddina","dina","md40 n700","Hc","oracle","bound_q95",,66.504365,,,,1997,"21e48ee5"
"mddina","dina","md40 n700","Hc","fld","share_upper_le_tau",0,0,0,-1.0842e-19,0.00191992,1997,"21e48ee5"
"mddina","dina","md40 n700","Hc","fld","share_upper_le_tau",10,0.0020030045,0.0010005,0.000779197,0.00513904,1997,"21e48ee5"
"mddina","dina","md40 n700","Hc","fld","share_upper_le_tau",20,0.013019529,0.00253666,0.00890027,0.0190087,1997,"21e48ee5"
"mddina","dina","md40 n700","Hc","fld","share_upper_le_tau",30,0.078617927,0.00602271,0.0676063,0.0912476,1997,"21e48ee5"
"mddina","dina","md40 n700","Hc","fld","share_upper_le_tau",40,0.30696044,0.0103212,0.287118,0.327544,1997,"21e48ee5"
"mddina","dina","md40 n700","Hc","fld","share_upper_le_tau",60,0.90435653,0.00658125,0.89067,0.91649,1997,"21e48ee5"
"mddina","dina","md40 n700","Hc","fld","share_upper_le_tau",80,0.99849775,0.000866675,0.995592,0.999489,1997,"21e48ee5"
"mddina","dina","md40 n700","Hc","fld","share_upper_le_tau",100,1,0,0.99808,1,1997,"21e48ee5"
"mddina","dina","md40 n700","Hc","fld","bound_mean",,45.607069,0.252471,,,1997,"21e48ee5"
"mddina","dina","md40 n700","Hc","fld","bound_q05",,27.035224,,,,1997,"21e48ee5"
"mddina","dina","md40 n700","Hc","fld","bound_q25",,37.949523,,,,1997,"21e48ee5"
"mddina","dina","md40 n700","Hc","fld","bound_q50",,45.676496,,,,1997,"21e48ee5"
"mddina","dina","md40 n700","Hc","fld","bound_q75",,53.349887,,,,1997,"21e48ee5"
"mddina","dina","md40 n700","Hc","fld","bound_q95",,64.121973,,,,1997,"21e48ee5"
"mddina","dina","md40 n700","Hc","mr","share_upper_le_tau",0,0,0,-1.0842e-19,0.00191992,1997,"21e48ee5"
"mddina","dina","md40 n700","Hc","mr","share_upper_le_tau",10,0,0,-1.0842e-19,0.00191992,1997,"21e48ee5"
"mddina","dina","md40 n700","Hc","mr","share_upper_le_tau",20,0.00050075113,0.000500626,8.84003e-05,0.0028311,1997,"21e48ee5"
"mddina","dina","md40 n700","Hc","mr","share_upper_le_tau",30,0.0045067601,0.00149886,0.00237284,0.00854329,1997,"21e48ee5"
"mddina","dina","md40 n700","Hc","mr","share_upper_le_tau",40,0.03555333,0.00414372,0.0282824,0.0446076,1997,"21e48ee5"
"mddina","dina","md40 n700","Hc","mr","share_upper_le_tau",60,0.52028042,0.0111795,0.498351,0.542132,1997,"21e48ee5"
"mddina","dina","md40 n700","Hc","mr","share_upper_le_tau",80,0.97045568,0.0037891,0.962078,0.977027,1997,"21e48ee5"
"mddina","dina","md40 n700","Hc","mr","share_upper_le_tau",100,1,0,0.99808,1,1997,"21e48ee5"
"mddina","dina","md40 n700","Hc","mr","bound_mean",,59.541166,0.243286,,,1997,"21e48ee5"
"mddina","dina","md40 n700","Hc","mr","bound_q05",,41.929505,,,,1997,"21e48ee5"
"mddina","dina","md40 n700","Hc","mr","bound_q25",,52.245097,,,,1997,"21e48ee5"
"mddina","dina","md40 n700","Hc","mr","bound_q50",,59.405435,,,,1997,"21e48ee5"
"mddina","dina","md40 n700","Hc","mr","bound_q75",,66.941082,,,,1997,"21e48ee5"
"mddina","dina","md40 n700","Hc","mr","bound_q95",,77.887101,,,,1997,"21e48ee5"
"mddina","dina","md40 n700","Hc","naive","share_upper_le_tau",0,0.00050075113,0.000500626,8.84003e-05,0.0028311,1997,"21e48ee5"
"mddina","dina","md40 n700","Hc","naive","share_upper_le_tau",10,0.0050075113,0.00157954,0.00272227,0.00919345,1997,"21e48ee5"
"mddina","dina","md40 n700","Hc","naive","share_upper_le_tau",20,0.046569855,0.00471528,0.0381665,0.0567143,1997,"21e48ee5"
"mddina","dina","md40 n700","Hc","naive","share_upper_le_tau",30,0.25137707,0.00970745,0.23284,0.270868,1997,"21e48ee5"
"mddina","dina","md40 n700","Hc","naive","share_upper_le_tau",40,0.6239359,0.0108396,0.602472,0.644924,1997,"21e48ee5"
"mddina","dina","md40 n700","Hc","naive","share_upper_le_tau",60,0.98898348,0.00233576,0.983376,0.992714,1997,"21e48ee5"
"mddina","dina","md40 n700","Hc","naive","share_upper_le_tau",80,1,0,0.99808,1,1997,"21e48ee5"
"mddina","dina","md40 n700","Hc","naive","share_upper_le_tau",100,1,0,0.99808,1,1997,"21e48ee5"
"mddina","dina","md40 n700","Hc","naive","bound_mean",,36.901517,0.230109,,,1997,"21e48ee5"
"mddina","dina","md40 n700","Hc","naive","bound_q05",,20.488393,,,,1997,"21e48ee5"
"mddina","dina","md40 n700","Hc","naive","bound_q25",,29.976447,,,,1997,"21e48ee5"
"mddina","dina","md40 n700","Hc","naive","bound_q50",,36.803339,,,,1997,"21e48ee5"
"mddina","dina","md40 n700","Hc","naive","bound_q75",,43.803148,,,,1997,"21e48ee5"
"mddina","dina","md40 n700","Hc","naive","bound_q95",,54.081357,,,,1997,"21e48ee5"
"mddina","dina","md40 n700","joint","bonf_s","joint_coverage",,0.9108663,0.00637616,0.897568,0.922587,1997,"21e48ee5"
"mddina","dina","md40 n700","joint","bonf_s","share_both_bounds",,1,0,0.99808,1,1997,"21e48ee5"
"mddina","dina","md40 n700","joint","bonf_s","cov_H",,0.96594892,0.00405839,0.957057,0.973051,1997,"21e48ee5"
"mddina","dina","md40 n700","joint","bonf_s","cov_Hc",,0.94391587,0.0051487,0.932946,0.953181,1997,"21e48ee5"
"mddina","dina","md40 n700","joint","bonf_s","margin_H_md",,59.134566,0.0980644,,,1997,"21e48ee5"
"mddina","dina","md40 n700","joint","bonf_s","margin_Hc_md",,22.294869,0.0329866,,,1997,"21e48ee5"
"mddina","dina","md40 n700","joint","bonf","joint_coverage",,0.90936405,0.00642436,0.895974,0.921182,1997,"21e48ee5"
"mddina","dina","md40 n700","joint","bonf","share_both_bounds",,1,0,0.99808,1,1997,"21e48ee5"
"mddina","dina","md40 n700","joint","bonf","cov_H",,0.96594892,0.00405839,0.957057,0.973051,1997,"21e48ee5"
"mddina","dina","md40 n700","joint","bonf","cov_Hc",,0.94291437,0.00519171,0.931863,0.952265,1997,"21e48ee5"
"mddina","dina","md40 n700","joint","bonf","margin_H_md",,59.134566,0.0980644,,,1997,"21e48ee5"
"mddina","dina","md40 n700","joint","bonf","margin_Hc_md",,22.296029,0.0284989,,,1997,"21e48ee5"
"mddina","dina","md40 n700","joint","separate_s","joint_coverage",,0.84576865,0.00808208,0.829266,0.860944,1997,"21e48ee5"
"mddina","dina","md40 n700","joint","separate_s","share_both_bounds",,1,0,0.99808,1,1997,"21e48ee5"
"mddina","dina","md40 n700","joint","separate_s","cov_H",,0.93039559,0.0056946,0.918388,0.94075,1997,"21e48ee5"
"mddina","dina","md40 n700","joint","separate_s","cov_Hc",,0.91136705,0.00635997,0.898099,0.923056,1997,"21e48ee5"
"mddina","dina","md40 n700","joint","separate_s","margin_H_md",,49.854837,0.0828412,,,1997,"21e48ee5"
"mddina","dina","md40 n700","joint","separate_s","margin_Hc_md",,18.988621,0.0284213,,,1997,"21e48ee5"
"mddina","dina","md40 n700","joint","calibrated","gamma_mean_s",,0.02516024,8.48129e-06,,,1997,"21e48ee5"
"mddina","dina","md40 n700","joint","calibrated","corr_s",,0.087892546,0.00124901,,,1997,"21e48ee5"
"mddina","dina","md40 n700","joint","calibrated","gamma_mean",,0.025131698,7.79766e-06,,,1997,"21e48ee5"
"mddina","dina","md40 n700","joint","calibrated","corr",,0.090088151,0.00126747,,,1997,"21e48ee5"
"mddina","dina","md40 n700","H","all","mean_proposed_n",,4006.9619,52.5819,,,1997,"21e48ee5"
"mddina","dina","md40 n700","H","all","mean_size_hhat",,113.83525,0.789391,,,1997,"21e48ee5"
"mddina","dina","md40 n700","H","all","mean_true_positives",,44.924887,0.688375,,,1997,"21e48ee5"
"mddina","dina","md40 n700","H","all","sensitivity_mean",,0.18622409,0.00284322,,,1997,"21e48ee5"
"mddina","dina","md40 n700","H","all","ppv_mean",,0.3894518,0.00503558,,,1997,"21e48ee5"
"mddina","dina","md40 n700","H","all","mean_n_family",,4006.9619,52.5819,,,1997,"21e48ee5"
"mddina","dina","md40 n700","H","all","mean_admitted_n",,3202.7677,48.4742,,,1997,"21e48ee5"
"mddina","dina","md40 n700","H","all","share_size_larger_than_fs",,0.43737475,0.0111034,0.415753,0.459237,1996,"21e48ee5"
"mddina","dina","md40 n700","H","all","count_size_larger_than_fs",,873,,,,1996,"21e48ee5"
"mddina","dina","md40 n700","H","all","share_size_equal_than_fs",,0.04008016,0.00439038,0.0323216,0.0496056,1996,"21e48ee5"
"mddina","dina","md40 n700","H","all","count_size_equal_than_fs",,80,,,,1996,"21e48ee5"
"mddina","dina","md40 n700","H","all","share_size_smaller_than_fs",,0.52254509,0.0111802,0.50061,0.544393,1996,"21e48ee5"
"mddina","dina","md40 n700","H","all","count_size_smaller_than_fs",,1043,,,,1996,"21e48ee5"
"mdsgnb20","fs","md40 n700","H","all","declaration_rate",,0.9995,0.000499875,0.997173,0.999912,2000,"f528d188"
"mdsgnb20","fs","md40 n700","H","all","mean_n_sel",,117.9905,0.846826,,,1999,"f528d188"
"mdsgnb20","fs","md40 n700","H","all","sensitivity_mean",,0.20414191,0.00322774,,,1999,"f528d188"
"mdsgnb20","fs","md40 n700","H","all","ppv_mean",,0.41009499,0.00552929,,,1999,"f528d188"
"mdgrf","grf","md40 n700","H","all","declaration_rate",,1,0,0.998083,1,2000,"432f69dc"
"mdgrf","grf","md40 n700","H","all","mean_size_hhat",,116.333,0.919188,,,2000,"432f69dc"
"mdgrf","grf","md40 n700","H","all","sensitivity_mean",,0.18728951,0.0028237,,,2000,"432f69dc"
"mdgrf","grf","md40 n700","H","all","ppv_mean",,0.38630256,0.00482893,,,2000,"432f69dc"
"mdgrf","grf","md40 n700","H","all","mean_n_family",,1354.5475,0.909326,,,2000,"432f69dc"
"mdgrf","grf","md40 n700","H","all","mean_admitted_n",,711.3995,6.96902,,,2000,"432f69dc"
"mdsgnb20","fs","md40 n700","H","fld","cov1_lower",,0.93946973,0.00533361,0.928149,0.949104,1999,"f528d188"
"mdgrf","grf","md40 n700","H","fld","cov1_lower",,0.943,0.00518416,0.931964,0.952337,2000,"432f69dc"
"mdsgnb20","fs","md40 n700","Hc","fld_s","cov1_upper",,0.92796398,0.00578274,0.91579,0.938496,1999,"f528d188"
"mdgrf","grf","md40 n700","Hc","fld_s","cov1_upper",,0.931,0.00566741,0.919046,0.941302,2000,"432f69dc"
"mdsgnb20","fs","md40 n700","joint","bonf_s","joint_coverage",,0.92746373,0.00580122,0.915255,0.938033,1999,"f528d188"
"mdgrf","grf","md40 n700","joint","bonf_s","joint_coverage",,0.9345,0.00553217,0.922803,0.944531,2000,"432f69dc"
"mddina","dina","md40 n700","H","all","p_hat_mean",,0.075938307,0.00142738,,,1997,"21e48ee5"
"mddina","dina","md40 n700","H","all","p_hat_share_lt_05",,0.99749624,0.00111831,0.994152,0.99893,1997,"21e48ee5"
"mddina","dina","md40 n700","Hc","mr","sd_btc_over_naive_se",,1.023958,,,,1997,"21e48ee5"
"mddina","dina","md40 n700","Hc","fld","lamsd_over_naive_se",,0.98452298,,,,1997,"21e48ee5"
"mddina","dina","md40 n700","Hc","fld_s","lamsd_over_naive_se",,0.9873266,,,,1997,"21e48ee5"
"mddina","dina","md40 n700","all","all","secs_fit_mr_mean",,199.65535,2.98613,,,2000,"21e48ee5"
"mddina","dina","md40 n700","all","all","secs_field_mean",,88.035973,1.09799,,,1997,"21e48ee5"
"mddina","dina","md40 n700","all","all","secs_complement_mean",,12.55538,0.220541,,,1997,"21e48ee5"
"mddina","dina","md40 n700","Hc","fld_s","display_b",,-0.23745623,,,,1997,"21e48ee5"
"mddina","dina","md40 n700","Hc","fld_s","display_r",,0.94631497,,,,1997,"21e48ee5"
"mddina","dina","md40 n700","Hc","fld_s","display_cov1",,0.91136705,,,,1997,"21e48ee5"
"mddina","dina","md40 n700","Hc","fld_s","display_cov1_ref",,0.90643105,,,,1997,"21e48ee5"
"mddina","dina","md40 n700","Hc","fld_s","display_cov2",,0.92789184,,,,1997,"21e48ee5"
"mddina","dina","md40 n700","Hc","fld_s","display_cov2_ref",,0.9288815,,,,1997,"21e48ee5"
"mddina","dina","md40 n700","H","naive","display_b",,3.7051638,,,,1997,"21e48ee5"
"mddina","dina","md40 n700","H","naive","display_r",,1.4719472,,,,1997,"21e48ee5"
"mddina","dina","md40 n700","H","naive","display_cov1_ref",,0.09956641,,,,1997,"21e48ee5"
"mddina","dina","md40 n700","H","naive","display_cov2_ref",,0.20605096,,,,1997,"21e48ee5"
"mddina","dina","md40 n700","H","mr","display_b",,1.0916576,,,,1997,"21e48ee5"
"mddina","dina","md40 n700","H","mr","display_r",,1.7886582,,,,1997,"21e48ee5"
"mddina","dina","md40 n700","H","mr","display_cov1_ref",,0.96787372,,,,1997,"21e48ee5"
"mddina","dina","md40 n700","H","mr","display_cov2_ref",,0.99210967,,,,1997,"21e48ee5"
"mddina","dina","md40 n700","H","fld","display_b",,0.59578675,,,,1997,"21e48ee5"
"mddina","dina","md40 n700","H","fld","display_r",,1.2425843,,,,1997,"21e48ee5"
"mddina","dina","md40 n700","H","fld","display_cov1_ref",,0.92620301,,,,1997,"21e48ee5"
"mddina","dina","md40 n700","H","fld","display_cov2_ref",,0.96587109,,,,1997,"21e48ee5"
"mddina","dina","md40 n700","Hc","naive","display_b",,-1.1269422,,,,1997,"21e48ee5"
"mddina","dina","md40 n700","Hc","naive","display_r",,1.040897,,,,1997,"21e48ee5"
"mddina","dina","md40 n700","Hc","naive","display_cov1_ref",,0.72078701,,,,1997,"21e48ee5"
"mddina","dina","md40 n700","Hc","naive","display_cov2_ref",,0.81865573,,,,1997,"21e48ee5"
"mddina","dina","md40 n700","Hc","mr","display_b",,-0.38206071,,,,1997,"21e48ee5"
"mddina","dina","md40 n700","Hc","mr","display_r",,1.8161468,,,,1997,"21e48ee5"
"mddina","dina","md40 n700","Hc","mr","display_cov1_ref",,0.99540944,,,,1997,"21e48ee5"
"mddina","dina","md40 n700","Hc","mr","display_cov2_ref",,0.99921684,,,,1997,"21e48ee5"
"mddina","dina","md40 n700","Hc","fld","display_b",,-0.23678312,,,,1997,"21e48ee5"
"mddina","dina","md40 n700","Hc","fld","display_r",,0.94274917,,,,1997,"21e48ee5"
"mddina","dina","md40 n700","Hc","fld","display_cov1_ref",,0.90556028,,,,1997,"21e48ee5"
"mddina","dina","md40 n700","Hc","fld","display_cov2_ref",,0.92785136,,,,1997,"21e48ee5"
