"campaign","cell","block","estimator","metric","tau","value","mc_se","wilson_lo","wilson_hi","n","commit"
"mdsgnb20","md40 n500","H","all","declaration_rate",,0.999,0.000706753,0.996361,0.999726,2000,"72e6f129"
"mdsgnb20","md40 n500","H","naive","bias_md",,58.836883,0.37809,,,1998,"72e6f129"
"mdsgnb20","md40 n500","H","naive","bias_sd_units",,3.5359251,0.0227221,,,1998,"72e6f129"
"mdsgnb20","md40 n500","H","naive","sd_emp",,16.639742,0.263295,,,1998,"72e6f129"
"mdsgnb20","md40 n500","H","naive","se_mean",,25.361965,0.0877854,,,1998,"72e6f129"
"mdsgnb20","md40 n500","H","naive","se_over_sd",,1.5241802,0.0246878,,,1998,"72e6f129"
"mdsgnb20","md40 n500","H","naive","cov1_lower",,0.13663664,0.00768392,0.122272,0.152396,1998,"72e6f129"
"mdsgnb20","md40 n500","H","naive","cov2",,0.29279279,0.0101802,0.273253,0.313128,1998,"72e6f129"
"mdsgnb20","md40 n500","H","naive","halfwidth_md",,49.708539,,,,1998,"72e6f129"
"mdsgnb20","md40 n500","H","naive","margin1_md",,41.716721,,,,1998,"72e6f129"
"mdsgnb20","md40 n500","H","oracle","bias_md",,-0.66036185,0.447101,,,1998,"72e6f129"
"mdsgnb20","md40 n500","H","oracle","bias_sd_units",,-0.033042934,0.0223719,,,1998,"72e6f129"
"mdsgnb20","md40 n500","H","oracle","sd_emp",,19.984964,0.316227,,,1998,"72e6f129"
"mdsgnb20","md40 n500","H","oracle","se_mean",,19.806224,0.0272979,,,1998,"72e6f129"
"mdsgnb20","md40 n500","H","oracle","se_over_sd",,0.9910563,0.0157411,,,1998,"72e6f129"
"mdsgnb20","md40 n500","H","oracle","cov1_lower",,0.95245245,0.00476089,0.942222,0.960947,1998,"72e6f129"
"mdsgnb20","md40 n500","H","oracle","cov2",,0.94294294,0.00518919,0.931897,0.952289,1998,"72e6f129"
"mdsgnb20","md40 n500","H","oracle","halfwidth_md",,38.8202,,,,1998,"72e6f129"
"mdsgnb20","md40 n500","H","oracle","margin1_md",,32.57834,,,,1998,"72e6f129"
"mdsgnb20","md40 n500","H","mr","bias_md",,14.979782,0.442124,,,1998,"72e6f129"
"mdsgnb20","md40 n500","H","mr","bias_sd_units",,0.76465862,0.0225687,,,1998,"72e6f129"
"mdsgnb20","md40 n500","H","mr","sd_emp",,19.590157,0.30998,,,1998,"72e6f129"
"mdsgnb20","md40 n500","H","mr","se_mean",,33.232131,0.0995701,,,1998,"72e6f129"
"mdsgnb20","md40 n500","H","mr","se_over_sd",,1.6963688,0.0273191,,,1998,"72e6f129"
"mdsgnb20","md40 n500","H","mr","cov1_lower",,0.97547548,0.00346028,0.967726,0.9814,1998,"72e6f129"
"mdsgnb20","md40 n500","H","mr","cov2",,0.995996,0.00141279,0.992119,0.99797,1998,"72e6f129"
"mdsgnb20","md40 n500","H","mr","halfwidth_md",,65.13378,,,,1998,"72e6f129"
"mdsgnb20","md40 n500","H","mr","margin1_md",,54.661991,,,,1998,"72e6f129"
"mdsgnb20","md40 n500","H","fld","bias_md",,7.0671743,0.47809,,,1998,"72e6f129"
"mdsgnb20","md40 n500","H","fld","bias_sd_units",,0.33280038,0.0225138,,,1998,"72e6f129"
"mdsgnb20","md40 n500","H","fld","sd_emp",,21.235476,0.336014,,,1998,"72e6f129"
"mdsgnb20","md40 n500","H","fld","se_mean",,24.943124,0.041504,,,1998,"72e6f129"
"mdsgnb20","md40 n500","H","fld","se_over_sd",,1.1745969,0.0186884,,,1998,"72e6f129"
"mdsgnb20","md40 n500","H","fld","cov1_lower",,0.94794795,0.00496951,0.93732,0.956857,1998,"72e6f129"
"mdsgnb20","md40 n500","H","fld","cov2",,0.97497497,0.00349451,0.967161,0.980966,1998,"72e6f129"
"mdsgnb20","md40 n500","H","fld","halfwidth_md",,48.812897,,,,1998,"72e6f129"
"mdsgnb20","md40 n500","H","fld","margin1_md",,50.386654,,,,1998,"72e6f129"
"mdsgnb20","md40 n500","H","fld","share_lower_ge_tau",0,0.41191191,0.011011,0.39052,0.433642,1998,"72e6f129"
"mdsgnb20","md40 n500","H","fld","share_lower_ge_tau",10,0.24974975,0.00968407,0.231262,0.269198,1998,"72e6f129"
"mdsgnb20","md40 n500","H","fld","share_lower_ge_tau",20,0.12562563,0.00741464,0.111808,0.14088,1998,"72e6f129"
"mdsgnb20","md40 n500","H","fld","share_lower_ge_tau",30,0.055055055,0.00510275,0.0458809,0.0659369,1998,"72e6f129"
"mdsgnb20","md40 n500","H","fld","share_lower_ge_tau",40,0.027027027,0.00362787,0.0207732,0.0350961,1998,"72e6f129"
"mdsgnb20","md40 n500","H","fld","share_lower_ge_tau",60,0.005005005,0.00157876,0.0027209,0.00918886,1998,"72e6f129"
"mdsgnb20","md40 n500","H","fld","share_lower_ge_tau",80,0.0005005005,0.000500375,8.83561e-05,0.00282969,1998,"72e6f129"
"mdsgnb20","md40 n500","H","fld","share_lower_ge_tau",100,0,0,-1.0842e-19,0.00191896,1998,"72e6f129"
"mdsgnb20","md40 n500","H","fld","bound_mean",,-3.5258519,0.463785,,,1998,"72e6f129"
"mdsgnb20","md40 n500","H","fld","bound_q05",,-35.213759,,,,1998,"72e6f129"
"mdsgnb20","md40 n500","H","fld","bound_q25",,-18.049932,,,,1998,"72e6f129"
"mdsgnb20","md40 n500","H","fld","bound_q50",,-3.9427921,,,,1998,"72e6f129"
"mdsgnb20","md40 n500","H","fld","bound_q75",,9.9712945,,,,1998,"72e6f129"
"mdsgnb20","md40 n500","H","fld","bound_q95",,31.194914,,,,1998,"72e6f129"
"mdsgnb20","md40 n500","H","oracle","share_lower_ge_tau",0,0.63863864,0.0107473,0.617327,0.659418,1998,"72e6f129"
"mdsgnb20","md40 n500","H","oracle","share_lower_ge_tau",10,0.44244244,0.0111116,0.420795,0.464311,1998,"72e6f129"
"mdsgnb20","md40 n500","H","oracle","share_lower_ge_tau",20,0.25175175,0.00970982,0.23321,0.271247,1998,"72e6f129"
"mdsgnb20","md40 n500","H","oracle","share_lower_ge_tau",30,0.11861862,0.0072337,0.105167,0.133534,1998,"72e6f129"
"mdsgnb20","md40 n500","H","oracle","share_lower_ge_tau",40,0.047547548,0.00476089,0.0390532,0.0577783,1998,"72e6f129"
"mdsgnb20","md40 n500","H","oracle","share_lower_ge_tau",60,0.003003003,0.00122413,0.00137701,0.00653644,1998,"72e6f129"
"mdsgnb20","md40 n500","H","oracle","share_lower_ge_tau",80,0,0,-1.0842e-19,0.00191896,1998,"72e6f129"
"mdsgnb20","md40 n500","H","oracle","share_lower_ge_tau",100,0,0,-1.0842e-19,0.00191896,1998,"72e6f129"
"mdsgnb20","md40 n500","H","oracle","bound_mean",,6.761298,0.448719,,,1998,"72e6f129"
"mdsgnb20","md40 n500","H","oracle","bound_q05",,-27.005266,,,,1998,"72e6f129"
"mdsgnb20","md40 n500","H","oracle","bound_q25",,-5.8771143,,,,1998,"72e6f129"
"mdsgnb20","md40 n500","H","oracle","bound_q50",,7.277721,,,,1998,"72e6f129"
"mdsgnb20","md40 n500","H","oracle","bound_q75",,20.108205,,,,1998,"72e6f129"
"mdsgnb20","md40 n500","H","oracle","bound_q95",,39.777691,,,,1998,"72e6f129"
"mdsgnb20","md40 n500","H","mr","share_lower_ge_tau",0,0.33383383,0.0105502,0.313492,0.354813,1998,"72e6f129"
"mdsgnb20","md40 n500","H","mr","share_lower_ge_tau",10,0.17617618,0.00852301,0.160097,0.193498,1998,"72e6f129"
"mdsgnb20","md40 n500","H","mr","share_lower_ge_tau",20,0.066566567,0.00557663,0.0564472,0.0783494,1998,"72e6f129"
"mdsgnb20","md40 n500","H","mr","share_lower_ge_tau",30,0.026526527,0.00359505,0.0203373,0.0345329,1998,"72e6f129"
"mdsgnb20","md40 n500","H","mr","share_lower_ge_tau",40,0.0085085085,0.00205482,0.00531909,0.0135842,1998,"72e6f129"
"mdsgnb20","md40 n500","H","mr","share_lower_ge_tau",60,0.001001001,0.00070746,0.000274554,0.00364257,1998,"72e6f129"
"mdsgnb20","md40 n500","H","mr","share_lower_ge_tau",80,0,0,-1.0842e-19,0.00191896,1998,"72e6f129"
"mdsgnb20","md40 n500","H","mr","share_lower_ge_tau",100,0,0,-1.0842e-19,0.00191896,1998,"72e6f129"
"mdsgnb20","md40 n500","H","mr","bound_mean",,-7.8011892,0.418141,,,1998,"72e6f129"
"mdsgnb20","md40 n500","H","mr","bound_q05",,-37.341593,,,,1998,"72e6f129"
"mdsgnb20","md40 n500","H","mr","bound_q25",,-21.538453,,,,1998,"72e6f129"
"mdsgnb20","md40 n500","H","mr","bound_q50",,-8.2977462,,,,1998,"72e6f129"
"mdsgnb20","md40 n500","H","mr","bound_q75",,4.4562641,,,,1998,"72e6f129"
"mdsgnb20","md40 n500","H","mr","bound_q95",,23.667674,,,,1998,"72e6f129"
"mdsgnb20","md40 n500","H","naive","share_lower_ge_tau",0,1,0,0.998081,1,1998,"72e6f129"
"mdsgnb20","md40 n500","H","naive","share_lower_ge_tau",10,0.998999,0.00070746,0.996357,0.999725,1998,"72e6f129"
"mdsgnb20","md40 n500","H","naive","share_lower_ge_tau",20,0.97797798,0.00328319,0.970567,0.983555,1998,"72e6f129"
"mdsgnb20","md40 n500","H","naive","share_lower_ge_tau",30,0.8988989,0.00674428,0.884905,0.911361,1998,"72e6f129"
"mdsgnb20","md40 n500","H","naive","share_lower_ge_tau",40,0.70620621,0.0101904,0.685853,0.725768,1998,"72e6f129"
"mdsgnb20","md40 n500","H","naive","share_lower_ge_tau",60,0.23023023,0.00941811,0.212299,0.249197,1998,"72e6f129"
"mdsgnb20","md40 n500","H","naive","share_lower_ge_tau",80,0.025525526,0.00352838,0.0194674,0.0334046,1998,"72e6f129"
"mdsgnb20","md40 n500","H","naive","share_lower_ge_tau",100,0.003003003,0.00122413,0.00137701,0.00653644,1998,"72e6f129"
"mdsgnb20","md40 n500","H","naive","bound_mean",,49.001182,0.346126,,,1998,"72e6f129"
"mdsgnb20","md40 n500","H","naive","bound_q05",,24.863628,,,,1998,"72e6f129"
"mdsgnb20","md40 n500","H","naive","bound_q25",,38.261507,,,,1998,"72e6f129"
"mdsgnb20","md40 n500","H","naive","bound_q50",,48.062093,,,,1998,"72e6f129"
"mdsgnb20","md40 n500","H","naive","bound_q75",,58.974825,,,,1998,"72e6f129"
"mdsgnb20","md40 n500","H","naive","bound_q95",,74.169134,,,,1998,"72e6f129"
"mdsgnb20","md40 n500","Hc","naive","bias_md",,-16.797983,0.274187,,,1998,"72e6f129"
"mdsgnb20","md40 n500","Hc","naive","bias_sd_units",,-1.3741953,0.0224304,,,1998,"72e6f129"
"mdsgnb20","md40 n500","Hc","naive","sd_emp",,12.223869,0.193421,,,1998,"72e6f129"
"mdsgnb20","md40 n500","Hc","naive","se_mean",,13.207684,0.0171993,,,1998,"72e6f129"
"mdsgnb20","md40 n500","Hc","naive","se_over_sd",,1.0804831,0.0171546,,,1998,"72e6f129"
"mdsgnb20","md40 n500","Hc","naive","cov1_upper",,0.66016016,0.0105965,0.639102,0.680604,1998,"72e6f129"
"mdsgnb20","md40 n500","Hc","naive","cov2",,0.78028028,0.00926322,0.761596,0.797889,1998,"72e6f129"
"mdsgnb20","md40 n500","Hc","naive","halfwidth_md",,25.886584,,,,1998,"72e6f129"
"mdsgnb20","md40 n500","Hc","naive","margin1_md",,21.724706,,,,1998,"72e6f129"
"mdsgnb20","md40 n500","Hc","oracle","bias_md",,-0.2616711,0.320875,,,1998,"72e6f129"
"mdsgnb20","md40 n500","Hc","oracle","bias_sd_units",,-0.018244097,0.0223719,,,1998,"72e6f129"
"mdsgnb20","md40 n500","Hc","oracle","sd_emp",,14.342782,0.22695,,,1998,"72e6f129"
"mdsgnb20","md40 n500","Hc","oracle","se_mean",,14.418335,0.0137999,,,1998,"72e6f129"
"mdsgnb20","md40 n500","Hc","oracle","se_over_sd",,1.0052677,0.0159357,,,1998,"72e6f129"
"mdsgnb20","md40 n500","Hc","oracle","cov1_upper",,0.95695696,0.00454046,0.947146,0.965014,1998,"72e6f129"
"mdsgnb20","md40 n500","Hc","oracle","cov2",,0.95345345,0.00471298,0.943314,0.961853,1998,"72e6f129"
"mdsgnb20","md40 n500","Hc","oracle","halfwidth_md",,28.259936,,,,1998,"72e6f129"
"mdsgnb20","md40 n500","Hc","oracle","margin1_md",,23.71605,,,,1998,"72e6f129"
"mdsgnb20","md40 n500","Hc","mr","bias_md",,-5.9947452,0.284307,,,1998,"72e6f129"
"mdsgnb20","md40 n500","Hc","mr","bias_sd_units",,-0.47301118,0.022433,,,1998,"72e6f129"
"mdsgnb20","md40 n500","Hc","mr","sd_emp",,12.67358,0.200537,,,1998,"72e6f129"
"mdsgnb20","md40 n500","Hc","mr","se_mean",,23.762677,0.024087,,,1998,"72e6f129"
"mdsgnb20","md40 n500","Hc","mr","se_over_sd",,1.8749774,0.0297291,,,1998,"72e6f129"
"mdsgnb20","md40 n500","Hc","mr","cov1_upper",,0.99449449,0.0016554,0.990168,0.996923,1998,"72e6f129"
"mdsgnb20","md40 n500","Hc","mr","cov2",,0.998999,0.00070746,0.996357,0.999725,1998,"72e6f129"
"mdsgnb20","md40 n500","Hc","mr","halfwidth_md",,46.573991,,,,1998,"72e6f129"
"mdsgnb20","md40 n500","Hc","mr","margin1_md",,39.086125,,,,1998,"72e6f129"
"mdsgnb20","md40 n500","Hc","fld","bias_md",,-3.8506879,0.290019,,,1998,"72e6f129"
"mdsgnb20","md40 n500","Hc","fld","bias_sd_units",,-0.29783619,0.0224318,,,1998,"72e6f129"
"mdsgnb20","md40 n500","Hc","fld","sd_emp",,12.928878,0.204577,,,1998,"72e6f129"
"mdsgnb20","md40 n500","Hc","fld","se_mean",,12.901534,0.012335,,,1998,"72e6f129"
"mdsgnb20","md40 n500","Hc","fld","se_over_sd",,0.99788504,0.0158186,,,1998,"72e6f129"
"mdsgnb20","md40 n500","Hc","fld","cov1_upper",,0.91441441,0.00625856,0.901339,0.9259,1998,"72e6f129"
"mdsgnb20","md40 n500","Hc","fld","cov2",,0.93343343,0.00557663,0.921651,0.943553,1998,"72e6f129"
"mdsgnb20","md40 n500","Hc","fld","halfwidth_md",,25.168209,,,,1998,"72e6f129"
"mdsgnb20","md40 n500","Hc","fld","margin1_md",,23.380003,,,,1998,"72e6f129"
"mdsgnb20","md40 n500","Hc","fld_s","bias_md",,-3.8614731,0.289451,,,1998,"72e6f129"
"mdsgnb20","md40 n500","Hc","fld_s","bias_sd_units",,-0.29926374,0.0224325,,,1998,"72e6f129"
"mdsgnb20","md40 n500","Hc","fld_s","sd_emp",,12.903244,0.204171,,,1998,"72e6f129"
"mdsgnb20","md40 n500","Hc","fld_s","se_mean",,12.966438,0.0180011,,,1998,"72e6f129"
"mdsgnb20","md40 n500","Hc","fld_s","se_over_sd",,1.0048975,0.0159618,,,1998,"72e6f129"
"mdsgnb20","md40 n500","Hc","fld_s","cov1_upper",,0.91391391,0.00627511,0.900807,0.925432,1998,"72e6f129"
"mdsgnb20","md40 n500","Hc","fld_s","cov2",,0.93593594,0.00547813,0.92434,0.945859,1998,"72e6f129"
"mdsgnb20","md40 n500","Hc","fld_s","halfwidth_md",,25.288593,,,,1998,"72e6f129"
"mdsgnb20","md40 n500","Hc","fld_s","margin1_md",,23.434744,,,,1998,"72e6f129"
"mdsgnb20","md40 n500","Hc","fld_s","share_upper_le_tau",0,0,0,-1.0842e-19,0.00191896,1998,"72e6f129"
"mdsgnb20","md40 n500","Hc","fld_s","share_upper_le_tau",10,0.002002002,0.000999998,0.000778806,0.00513648,1998,"72e6f129"
"mdsgnb20","md40 n500","Hc","fld_s","share_upper_le_tau",20,0.017017017,0.00289346,0.0122029,0.0236848,1998,"72e6f129"
"mdsgnb20","md40 n500","Hc","fld_s","share_upper_le_tau",30,0.075575576,0.00591328,0.0647827,0.0879973,1998,"72e6f129"
"mdsgnb20","md40 n500","Hc","fld_s","share_upper_le_tau",40,0.25275275,0.0097226,0.234184,0.272271,1998,"72e6f129"
"mdsgnb20","md40 n500","Hc","fld_s","share_upper_le_tau",60,0.82982983,0.00840695,0.812723,0.845671,1998,"72e6f129"
"mdsgnb20","md40 n500","Hc","fld_s","share_upper_le_tau",80,0.99499499,0.00157876,0.990811,0.997279,1998,"72e6f129"
"mdsgnb20","md40 n500","Hc","fld_s","share_upper_le_tau",100,1,0,0.998081,1,1998,"72e6f129"
"mdsgnb20","md40 n500","Hc","fld_s","bound_mean",,48.158785,0.286666,,,1998,"72e6f129"
"mdsgnb20","md40 n500","Hc","fld_s","bound_q05",,26.930542,,,,1998,"72e6f129"
"mdsgnb20","md40 n500","Hc","fld_s","bound_q25",,39.794873,,,,1998,"72e6f129"
"mdsgnb20","md40 n500","Hc","fld_s","bound_q50",,48.052869,,,,1998,"72e6f129"
"mdsgnb20","md40 n500","Hc","fld_s","bound_q75",,56.507827,,,,1998,"72e6f129"
"mdsgnb20","md40 n500","Hc","fld_s","bound_q95",,70.141342,,,,1998,"72e6f129"
"mdsgnb20","md40 n500","Hc","oracle","share_upper_le_tau",0,0.001001001,0.00070746,0.000274554,0.00364257,1998,"72e6f129"
"mdsgnb20","md40 n500","Hc","oracle","share_upper_le_tau",10,0.006006006,0.00172857,0.00343904,0.0104689,1998,"72e6f129"
"mdsgnb20","md40 n500","Hc","oracle","share_upper_le_tau",20,0.01951952,0.00309497,0.0143116,0.0265715,1998,"72e6f129"
"mdsgnb20","md40 n500","Hc","oracle","share_upper_le_tau",30,0.07957958,0.00605475,0.0685032,0.0922695,1998,"72e6f129"
"mdsgnb20","md40 n500","Hc","oracle","share_upper_le_tau",40,0.25225225,0.00971622,0.233697,0.271759,1998,"72e6f129"
"mdsgnb20","md40 n500","Hc","oracle","share_upper_le_tau",60,0.75825826,0.00957826,0.739001,0.776524,1998,"72e6f129"
"mdsgnb20","md40 n500","Hc","oracle","share_upper_le_tau",80,0.98448448,0.00276497,0.978061,0.989048,1998,"72e6f129"
"mdsgnb20","md40 n500","Hc","oracle","share_upper_le_tau",100,1,0,0.998081,1,1998,"72e6f129"
"mdsgnb20","md40 n500","Hc","oracle","bound_mean",,49.709615,0.321772,,,1998,"72e6f129"
"mdsgnb20","md40 n500","Hc","oracle","bound_q05",,27.079698,,,,1998,"72e6f129"
"mdsgnb20","md40 n500","Hc","oracle","bound_q25",,39.805501,,,,1998,"72e6f129"
"mdsgnb20","md40 n500","Hc","oracle","bound_q50",,49.962901,,,,1998,"72e6f129"
"mdsgnb20","md40 n500","Hc","oracle","bound_q75",,59.507627,,,,1998,"72e6f129"
"mdsgnb20","md40 n500","Hc","oracle","bound_q95",,72.534748,,,,1998,"72e6f129"
"mdsgnb20","md40 n500","Hc","fld","share_upper_le_tau",0,0,0,-1.0842e-19,0.00191896,1998,"72e6f129"
"mdsgnb20","md40 n500","Hc","fld","share_upper_le_tau",10,0.0025025025,0.00111775,0.00106938,0.00584498,1998,"72e6f129"
"mdsgnb20","md40 n500","Hc","fld","share_upper_le_tau",20,0.017517518,0.00293495,0.0126224,0.0242644,1998,"72e6f129"
"mdsgnb20","md40 n500","Hc","fld","share_upper_le_tau",30,0.078578579,0.00601982,0.0675723,0.0912023,1998,"72e6f129"
"mdsgnb20","md40 n500","Hc","fld","share_upper_le_tau",40,0.25825826,0.00979165,0.239544,0.277901,1998,"72e6f129"
"mdsgnb20","md40 n500","Hc","fld","share_upper_le_tau",60,0.82532533,0.00849434,0.808057,0.841345,1998,"72e6f129"
"mdsgnb20","md40 n500","Hc","fld","share_upper_le_tau",80,0.99449449,0.0016554,0.990168,0.996923,1998,"72e6f129"
"mdsgnb20","md40 n500","Hc","fld","share_upper_le_tau",100,1,0,0.998081,1,1998,"72e6f129"
"mdsgnb20","md40 n500","Hc","fld","bound_mean",,48.104044,0.290883,,,1998,"72e6f129"
"mdsgnb20","md40 n500","Hc","fld","bound_q05",,26.930572,,,,1998,"72e6f129"
"mdsgnb20","md40 n500","Hc","fld","bound_q25",,39.656519,,,,1998,"72e6f129"
"mdsgnb20","md40 n500","Hc","fld","bound_q50",,48.130796,,,,1998,"72e6f129"
"mdsgnb20","md40 n500","Hc","fld","bound_q75",,56.669366,,,,1998,"72e6f129"
"mdsgnb20","md40 n500","Hc","fld","bound_q95",,70.600809,,,,1998,"72e6f129"
"mdsgnb20","md40 n500","Hc","mr","share_upper_le_tau",0,0,0,-1.0842e-19,0.00191896,1998,"72e6f129"
"mdsgnb20","md40 n500","Hc","mr","share_upper_le_tau",10,0,0,-1.0842e-19,0.00191896,1998,"72e6f129"
"mdsgnb20","md40 n500","Hc","mr","share_upper_le_tau",20,0.0005005005,0.000500375,8.83561e-05,0.00282969,1998,"72e6f129"
"mdsgnb20","md40 n500","Hc","mr","share_upper_le_tau",30,0.006006006,0.00172857,0.00343904,0.0104689,1998,"72e6f129"
"mdsgnb20","md40 n500","Hc","mr","share_upper_le_tau",40,0.033033033,0.00399836,0.0260489,0.0418094,1998,"72e6f129"
"mdsgnb20","md40 n500","Hc","mr","share_upper_le_tau",60,0.37137137,0.0108094,0.350451,0.392785,1998,"72e6f129"
"mdsgnb20","md40 n500","Hc","mr","share_upper_le_tau",80,0.8968969,0.00680314,0.882792,0.909478,1998,"72e6f129"
"mdsgnb20","md40 n500","Hc","mr","share_upper_le_tau",100,0.998999,0.00070746,0.996357,0.999725,1998,"72e6f129"
"mdsgnb20","md40 n500","Hc","mr","bound_mean",,63.810166,0.282754,,,1998,"72e6f129"
"mdsgnb20","md40 n500","Hc","mr","bound_q05",,43.590998,,,,1998,"72e6f129"
"mdsgnb20","md40 n500","Hc","mr","bound_q25",,55.533946,,,,1998,"72e6f129"
"mdsgnb20","md40 n500","Hc","mr","bound_q50",,63.935145,,,,1998,"72e6f129"
"mdsgnb20","md40 n500","Hc","mr","bound_q75",,71.946703,,,,1998,"72e6f129"
"mdsgnb20","md40 n500","Hc","mr","bound_q95",,85.60168,,,,1998,"72e6f129"
"mdsgnb20","md40 n500","Hc","naive","share_upper_le_tau",0,0.0015015015,0.000866241,0.000510774,0.00440543,1998,"72e6f129"
"mdsgnb20","md40 n500","Hc","naive","share_upper_le_tau",10,0.02002002,0.0031336,0.0147365,0.0271457,1998,"72e6f129"
"mdsgnb20","md40 n500","Hc","naive","share_upper_le_tau",20,0.093593594,0.00651609,0.0815906,0.107156,1998,"72e6f129"
"mdsgnb20","md40 n500","Hc","naive","share_upper_le_tau",30,0.31531532,0.0103949,0.295313,0.336027,1998,"72e6f129"
"mdsgnb20","md40 n500","Hc","naive","share_upper_le_tau",40,0.64614615,0.0106974,0.624917,0.666814,1998,"72e6f129"
"mdsgnb20","md40 n500","Hc","naive","share_upper_le_tau",60,0.97797798,0.00328319,0.970567,0.983555,1998,"72e6f129"
"mdsgnb20","md40 n500","Hc","naive","share_upper_le_tau",80,1,0,0.998081,1,1998,"72e6f129"
"mdsgnb20","md40 n500","Hc","naive","share_upper_le_tau",100,1,0,0.998081,1,1998,"72e6f129"
"mdsgnb20","md40 n500","Hc","naive","bound_mean",,35.645509,0.270757,,,1998,"72e6f129"
"mdsgnb20","md40 n500","Hc","naive","bound_q05",,16.038167,,,,1998,"72e6f129"
"mdsgnb20","md40 n500","Hc","naive","bound_q25",,27.714395,,,,1998,"72e6f129"
"mdsgnb20","md40 n500","Hc","naive","bound_q50",,35.650086,,,,1998,"72e6f129"
"mdsgnb20","md40 n500","Hc","naive","bound_q75",,43.530037,,,,1998,"72e6f129"
"mdsgnb20","md40 n500","Hc","naive","bound_q95",,56.564223,,,,1998,"72e6f129"
"mdsgnb20","md40 n500","joint","bonf_s","joint_coverage",,0.92792793,0.00578553,0.915748,0.938465,1998,"72e6f129"
"mdsgnb20","md40 n500","joint","bonf_s","share_both_bounds",,1,0,0.998081,1,1998,"72e6f129"
"mdsgnb20","md40 n500","joint","bonf_s","cov_H",,0.97647648,0.00339066,0.96886,0.982264,1998,"72e6f129"
"mdsgnb20","md40 n500","joint","bonf_s","cov_Hc",,0.94994995,0.00487815,0.939496,0.958677,1998,"72e6f129"
"mdsgnb20","md40 n500","joint","bonf","joint_coverage",,0.92542543,0.00587717,0.913072,0.936146,1998,"72e6f129"
"mdsgnb20","md40 n500","joint","bonf","share_both_bounds",,1,0,0.998081,1,1998,"72e6f129"
"mdsgnb20","md40 n500","joint","bonf","cov_H",,0.97647648,0.00339066,0.96886,0.982264,1998,"72e6f129"
"mdsgnb20","md40 n500","joint","bonf","cov_Hc",,0.94744745,0.00499202,0.936776,0.956401,1998,"72e6f129"
"mdsgnb20","md40 n500","joint","separate_s","joint_coverage",,0.86536537,0.00763625,0.849695,0.879633,1998,"72e6f129"
"mdsgnb20","md40 n500","joint","separate_s","share_both_bounds",,1,0,0.998081,1,1998,"72e6f129"
"mdsgnb20","md40 n500","joint","separate_s","cov_H",,0.94794795,0.00496951,0.93732,0.956857,1998,"72e6f129"
"mdsgnb20","md40 n500","joint","separate_s","cov_Hc",,0.91391391,0.00627511,0.900807,0.925432,1998,"72e6f129"
"mdsgnb20","md40 n500","joint","calibrated","gamma_mean_s",,0.025147648,8.33875e-06,,,1998,"72e6f129"
"mdsgnb20","md40 n500","joint","calibrated","corr_s",,0.088301537,0.00139262,,,1998,"72e6f129"
"mdsgnb20","md40 n500","joint","calibrated","gamma_mean",,0.025113614,7.37824e-06,,,1998,"72e6f129"
"mdsgnb20","md40 n500","joint","calibrated","corr",,0.092032359,0.00141466,,,1998,"72e6f129"
"mdsgnb20","md40 n500","H","all","mean_n_harm",,111.62412,0.718135,,,1998,"72e6f129"
"mdsgnb20","md40 n500","H","all","mean_n_sel",,111.62412,0.718135,,,1998,"72e6f129"
"mdsgnb20","md40 n500","H","all","sensitivity_mean",,0.26791206,0.00383842,,,1998,"72e6f129"
"mdsgnb20","md40 n500","H","all","ppv_mean",,0.41223283,0.00526753,,,1998,"72e6f129"
"mdsgnb20","md40 n500","H","all","share_nharm_grew_vs_mdf1",,0.94144144,0.00525284,0.930274,0.950915,1998,"72e6f129"
"mdsgnb20","md40 n500","H","all","share_nharm_stayed_vs_mdf1",,0.058558559,0.00525284,0.0490854,0.069726,1998,"72e6f129"
"mdsgnb20","md40 n500","H","all","share_nharm_shrank_vs_mdf1",,0,0,-1.0842e-19,0.00191896,1998,"72e6f129"
"mdsgnb20","md40 n500","H","all","p_hat_mean",,0.078926627,0.00137001,,,1998,"72e6f129"
"mdsgnb20","md40 n500","H","all","p_hat_share_lt_05",,0.9994995,0.000500375,0.99717,0.999912,1998,"72e6f129"
"mdsgnb20","md40 n500","Hc","mr","sd_btc_over_naive_se",,0.95956117,,,,1998,"72e6f129"
"mdsgnb20","md40 n500","Hc","fld","lamsd_over_naive_se",,0.97682036,,,,1998,"72e6f129"
"mdsgnb20","md40 n500","Hc","fld_s","lamsd_over_naive_se",,0.98173444,,,,1998,"72e6f129"
"mdsgnb20","md40 n500","Hc","fld_s","display_b",,-0.29926374,,,,1998,"72e6f129"
"mdsgnb20","md40 n500","Hc","fld_s","display_r",,1.0048975,,,,1998,"72e6f129"
"mdsgnb20","md40 n500","Hc","fld_s","display_cov1",,0.91391391,,,,1998,"72e6f129"
"mdsgnb20","md40 n500","Hc","fld_s","display_cov1_ref",,0.91207527,,,,1998,"72e6f129"
"mdsgnb20","md40 n500","Hc","fld_s","display_cov2",,0.93593594,,,,1998,"72e6f129"
"mdsgnb20","md40 n500","Hc","fld_s","display_cov2_ref",,0.94093048,,,,1998,"72e6f129"
"mdsgnb20","md40 n500","H","naive","display_b",,3.5359251,,,,1998,"72e6f129"
"mdsgnb20","md40 n500","H","naive","display_r",,1.5241802,,,,1998,"72e6f129"
"mdsgnb20","md40 n500","H","naive","display_cov1_ref",,0.15176995,,,,1998,"72e6f129"
"mdsgnb20","md40 n500","H","naive","display_cov2_ref",,0.2916445,,,,1998,"72e6f129"
"mdsgnb20","md40 n500","H","mr","display_b",,0.76465862,,,,1998,"72e6f129"
"mdsgnb20","md40 n500","H","mr","display_r",,1.6963688,,,,1998,"72e6f129"
"mdsgnb20","md40 n500","H","mr","display_cov1_ref",,0.97859812,,,,1998,"72e6f129"
"mdsgnb20","md40 n500","H","mr","display_cov2_ref",,0.99474723,,,,1998,"72e6f129"
"mdsgnb20","md40 n500","H","fld","display_b",,0.33280038,,,,1998,"72e6f129"
"mdsgnb20","md40 n500","H","fld","display_r",,1.1745969,,,,1998,"72e6f129"
"mdsgnb20","md40 n500","H","fld","display_cov1_ref",,0.94511631,,,,1998,"72e6f129"
"mdsgnb20","md40 n500","H","fld","display_cov2_ref",,0.97133727,,,,1998,"72e6f129"
"mdsgnb20","md40 n500","Hc","naive","display_b",,-1.3741953,,,,1998,"72e6f129"
"mdsgnb20","md40 n500","Hc","naive","display_r",,1.0804831,,,,1998,"72e6f129"
"mdsgnb20","md40 n500","Hc","naive","display_cov1_ref",,0.65654104,,,,1998,"72e6f129"
"mdsgnb20","md40 n500","Hc","naive","display_cov2_ref",,0.77117451,,,,1998,"72e6f129"
"mdsgnb20","md40 n500","Hc","mr","display_b",,-0.47301118,,,,1998,"72e6f129"
"mdsgnb20","md40 n500","Hc","mr","display_r",,1.8749774,,,,1998,"72e6f129"
"mdsgnb20","md40 n500","Hc","mr","display_cov1_ref",,0.99548679,,,,1998,"72e6f129"
"mdsgnb20","md40 n500","Hc","mr","display_cov2_ref",,0.99930055,,,,1998,"72e6f129"
"mdsgnb20","md40 n500","Hc","fld","display_b",,-0.29783619,,,,1998,"72e6f129"
"mdsgnb20","md40 n500","Hc","fld","display_r",,0.99788504,,,,1998,"72e6f129"
"mdsgnb20","md40 n500","Hc","fld","display_cov1_ref",,0.91045119,,,,1998,"72e6f129"
"mdsgnb20","md40 n500","Hc","fld","display_cov2_ref",,0.93923056,,,,1998,"72e6f129"
"mdsgnb20","md120 n500","H","all","declaration_rate",,1,0,0.998083,1,2000,"b12f5983"
"mdsgnb20","md120 n500","H","naive","bias_md",,27.303954,0.513228,,,2000,"b12f5983"
"mdsgnb20","md120 n500","H","naive","bias_sd_units",,1.4911827,0.0280295,,,2000,"b12f5983"
"mdsgnb20","md120 n500","H","naive","sd_emp",,18.310267,0.289583,,,2000,"b12f5983"
"mdsgnb20","md120 n500","H","naive","se_mean",,21.873282,0.0799815,,,2000,"b12f5983"
"mdsgnb20","md120 n500","H","naive","se_over_sd",,1.1945911,0.0193913,,,2000,"b12f5983"
"mdsgnb20","md120 n500","H","naive","cov1_lower",,0.6725,0.0104939,0.651619,0.69272,2000,"b12f5983"
"mdsgnb20","md120 n500","H","naive","cov2",,0.774,0.00935211,0.755155,0.791794,2000,"b12f5983"
"mdsgnb20","md120 n500","H","naive","halfwidth_md",,42.870846,,,,2000,"b12f5983"
"mdsgnb20","md120 n500","H","naive","margin1_md",,35.978348,,,,2000,"b12f5983"
"mdsgnb20","md120 n500","H","oracle","bias_md",,-0.68368566,0.446965,,,2000,"b12f5983"
"mdsgnb20","md120 n500","H","oracle","bias_sd_units",,-0.034203281,0.0223607,,,2000,"b12f5983"
"mdsgnb20","md120 n500","H","oracle","sd_emp",,19.988891,0.316131,,,2000,"b12f5983"
"mdsgnb20","md120 n500","H","oracle","se_mean",,19.806709,0.027273,,,2000,"b12f5983"
"mdsgnb20","md120 n500","H","oracle","se_over_sd",,0.99088583,0.0157305,,,2000,"b12f5983"
"mdsgnb20","md120 n500","H","oracle","cov1_lower",,0.9525,0.00475625,0.942279,0.960986,2000,"b12f5983"
"mdsgnb20","md120 n500","H","oracle","cov2",,0.943,0.00518416,0.931964,0.952337,2000,"b12f5983"
"mdsgnb20","md120 n500","H","oracle","halfwidth_md",,38.821149,,,,2000,"b12f5983"
"mdsgnb20","md120 n500","H","oracle","margin1_md",,32.579137,,,,2000,"b12f5983"
"mdsgnb20","md120 n500","H","mr","bias_md",,-4.146849,0.561147,,,2000,"b12f5983"
"mdsgnb20","md120 n500","H","mr","bias_sd_units",,-0.18130817,0.0245344,,,2000,"b12f5983"
"mdsgnb20","md120 n500","H","mr","sd_emp",,22.871826,0.361726,,,2000,"b12f5983"
"mdsgnb20","md120 n500","H","mr","se_mean",,32.21352,0.0945646,,,2000,"b12f5983"
"mdsgnb20","md120 n500","H","mr","se_over_sd",,1.4084367,0.0226554,,,2000,"b12f5983"
"mdsgnb20","md120 n500","H","mr","cov1_lower",,0.9915,0.00205277,0.986429,0.994686,2000,"b12f5983"
"mdsgnb20","md120 n500","H","mr","cov2",,0.9865,0.00258048,0.980429,0.990706,2000,"b12f5983"
"mdsgnb20","md120 n500","H","mr","halfwidth_md",,63.137338,,,,2000,"b12f5983"
"mdsgnb20","md120 n500","H","mr","margin1_md",,52.986524,,,,2000,"b12f5983"
"mdsgnb20","md120 n500","H","fld","bias_md",,-6.4028495,0.590159,,,2000,"b12f5983"
"mdsgnb20","md120 n500","H","fld","bias_sd_units",,-0.25521569,0.0235236,,,2000,"b12f5983"
"mdsgnb20","md120 n500","H","fld","sd_emp",,25.087993,0.396775,,,2000,"b12f5983"
"mdsgnb20","md120 n500","H","fld","se_mean",,25.202795,0.0433047,,,2000,"b12f5983"
"mdsgnb20","md120 n500","H","fld","se_over_sd",,1.004576,0.0159812,,,2000,"b12f5983"
"mdsgnb20","md120 n500","H","fld","cov1_lower",,0.967,0.00399443,0.958232,0.973977,2000,"b12f5983"
"mdsgnb20","md120 n500","H","fld","cov2",,0.916,0.00620258,0.903031,0.927374,2000,"b12f5983"
"mdsgnb20","md120 n500","H","fld","halfwidth_md",,49.28917,,,,2000,"b12f5983"
"mdsgnb20","md120 n500","H","fld","margin1_md",,44.746685,,,,2000,"b12f5983"
"mdsgnb20","md120 n500","H","fld","share_lower_ge_tau",0,0.9905,0.00216907,0.98521,0.99391,2000,"b12f5983"
"mdsgnb20","md120 n500","H","fld","share_lower_ge_tau",10,0.961,0.00432891,0.951594,0.968639,2000,"b12f5983"
"mdsgnb20","md120 n500","H","fld","share_lower_ge_tau",20,0.9035,0.00660257,0.889775,0.915678,2000,"b12f5983"
"mdsgnb20","md120 n500","H","fld","share_lower_ge_tau",30,0.806,0.00884206,0.78809,0.822737,2000,"b12f5983"
"mdsgnb20","md120 n500","H","fld","share_lower_ge_tau",40,0.6675,0.0105343,0.646549,0.687808,2000,"b12f5983"
"mdsgnb20","md120 n500","H","fld","share_lower_ge_tau",60,0.357,0.0107133,0.336295,0.378254,2000,"b12f5983"
"mdsgnb20","md120 n500","H","fld","share_lower_ge_tau",80,0.1285,0.00748291,0.114543,0.143882,2000,"b12f5983"
"mdsgnb20","md120 n500","H","fld","share_lower_ge_tau",100,0.0285,0.00372074,0.0220625,0.0367453,2000,"b12f5983"
"mdsgnb20","md120 n500","H","fld","bound_mean",,51.502972,0.551375,,,2000,"b12f5983"
"mdsgnb20","md120 n500","H","fld","bound_q05",,11.730975,,,,2000,"b12f5983"
"mdsgnb20","md120 n500","H","fld","bound_q25",,33.854042,,,,2000,"b12f5983"
"mdsgnb20","md120 n500","H","fld","bound_q50",,50.346033,,,,2000,"b12f5983"
"mdsgnb20","md120 n500","H","fld","bound_q75",,68.207805,,,,2000,"b12f5983"
"mdsgnb20","md120 n500","H","fld","bound_q95",,93.179246,,,,2000,"b12f5983"
"mdsgnb20","md120 n500","H","oracle","share_lower_ge_tau",0,1,0,0.998083,1,2000,"b12f5983"
"mdsgnb20","md120 n500","H","oracle","share_lower_ge_tau",10,1,0,0.998083,1,2000,"b12f5983"
"mdsgnb20","md120 n500","H","oracle","share_lower_ge_tau",20,0.999,0.000706753,0.996361,0.999726,2000,"b12f5983"
"mdsgnb20","md120 n500","H","oracle","share_lower_ge_tau",30,0.9965,0.00132056,0.992793,0.998304,2000,"b12f5983"
"mdsgnb20","md120 n500","H","oracle","share_lower_ge_tau",40,0.986,0.00262717,0.97984,0.990296,2000,"b12f5983"
"mdsgnb20","md120 n500","H","oracle","share_lower_ge_tau",60,0.907,0.00649427,0.89348,0.91896,2000,"b12f5983"
"mdsgnb20","md120 n500","H","oracle","share_lower_ge_tau",80,0.638,0.0107461,0.616692,0.658779,2000,"b12f5983"
"mdsgnb20","md120 n500","H","oracle","share_lower_ge_tau",100,0.2515,0.00970175,0.232974,0.270979,2000,"b12f5983"
"mdsgnb20","md120 n500","H","oracle","bound_mean",,86.737177,0.448601,,,2000,"b12f5983"
"mdsgnb20","md120 n500","H","oracle","bound_q05",,53.00774,,,,2000,"b12f5983"
"mdsgnb20","md120 n500","H","oracle","bound_q25",,74.104149,,,,2000,"b12f5983"
"mdsgnb20","md120 n500","H","oracle","bound_q50",,87.274926,,,,2000,"b12f5983"
"mdsgnb20","md120 n500","H","oracle","bound_q75",,100.08589,,,,2000,"b12f5983"
"mdsgnb20","md120 n500","H","oracle","bound_q95",,119.7773,,,,2000,"b12f5983"
"mdsgnb20","md120 n500","H","mr","share_lower_ge_tau",0,0.982,0.00297288,0.975182,0.98697,2000,"b12f5983"
"mdsgnb20","md120 n500","H","mr","share_lower_ge_tau",10,0.939,0.00535159,0.927646,0.948671,2000,"b12f5983"
"mdsgnb20","md120 n500","H","mr","share_lower_ge_tau",20,0.872,0.00747048,0.856642,0.885932,2000,"b12f5983"
"mdsgnb20","md120 n500","H","mr","share_lower_ge_tau",30,0.7365,0.00985058,0.716753,0.75534,2000,"b12f5983"
"mdsgnb20","md120 n500","H","mr","share_lower_ge_tau",40,0.555,0.0111125,0.533135,0.576654,2000,"b12f5983"
"mdsgnb20","md120 n500","H","mr","share_lower_ge_tau",60,0.207,0.00905955,0.189813,0.22531,2000,"b12f5983"
"mdsgnb20","md120 n500","H","mr","share_lower_ge_tau",80,0.045,0.00463546,0.0367538,0.0549907,2000,"b12f5983"
"mdsgnb20","md120 n500","H","mr","share_lower_ge_tau",100,0.0025,0.00111664,0.00106831,0.00583915,2000,"b12f5983"
"mdsgnb20","md120 n500","H","mr","bound_mean",,43.263133,0.469739,,,2000,"b12f5983"
"mdsgnb20","md120 n500","H","mr","bound_q05",,8.4111783,,,,2000,"b12f5983"
"mdsgnb20","md120 n500","H","mr","bound_q25",,29.086098,,,,2000,"b12f5983"
"mdsgnb20","md120 n500","H","mr","bound_q50",,42.500588,,,,2000,"b12f5983"
"mdsgnb20","md120 n500","H","mr","bound_q75",,57.045753,,,,2000,"b12f5983"
"mdsgnb20","md120 n500","H","mr","bound_q95",,79.021879,,,,2000,"b12f5983"
"mdsgnb20","md120 n500","H","naive","share_lower_ge_tau",0,1,0,0.998083,1,2000,"b12f5983"
"mdsgnb20","md120 n500","H","naive","share_lower_ge_tau",10,1,0,0.998083,1,2000,"b12f5983"
"mdsgnb20","md120 n500","H","naive","share_lower_ge_tau",20,1,0,0.998083,1,2000,"b12f5983"
"mdsgnb20","md120 n500","H","naive","share_lower_ge_tau",30,1,0,0.998083,1,2000,"b12f5983"
"mdsgnb20","md120 n500","H","naive","share_lower_ge_tau",40,0.9985,0.000865376,0.995599,0.99949,2000,"b12f5983"
"mdsgnb20","md120 n500","H","naive","share_lower_ge_tau",60,0.9715,0.00372074,0.963255,0.977937,2000,"b12f5983"
"mdsgnb20","md120 n500","H","naive","share_lower_ge_tau",80,0.743,0.00977116,0.723396,0.761673,2000,"b12f5983"
"mdsgnb20","md120 n500","H","naive","share_lower_ge_tau",100,0.305,0.010295,0.285212,0.325536,2000,"b12f5983"
"mdsgnb20","md120 n500","H","naive","bound_mean",,91.722112,0.389599,,,2000,"b12f5983"
"mdsgnb20","md120 n500","H","naive","bound_q05",,63.941256,,,,2000,"b12f5983"
"mdsgnb20","md120 n500","H","naive","bound_q25",,79.614976,,,,2000,"b12f5983"
"mdsgnb20","md120 n500","H","naive","bound_q50",,91.03637,,,,2000,"b12f5983"
"mdsgnb20","md120 n500","H","naive","bound_q75",,103.29848,,,,2000,"b12f5983"
"mdsgnb20","md120 n500","H","naive","bound_q95",,121.71745,,,,2000,"b12f5983"
"mdsgnb20","md120 n500","Hc","naive","bias_md",,-11.238574,0.315462,,,2000,"b12f5983"
"mdsgnb20","md120 n500","Hc","naive","bias_sd_units",,-0.77022289,0.0216198,,,2000,"b12f5983"
"mdsgnb20","md120 n500","Hc","naive","sd_emp",,14.591327,0.230767,,,2000,"b12f5983"
"mdsgnb20","md120 n500","Hc","naive","se_mean",,14.156827,0.0217559,,,2000,"b12f5983"
"mdsgnb20","md120 n500","Hc","naive","se_over_sd",,0.97022206,0.0154167,,,2000,"b12f5983"
"mdsgnb20","md120 n500","Hc","naive","cov1_upper",,0.804,0.00887649,0.786027,0.820808,2000,"b12f5983"
"mdsgnb20","md120 n500","Hc","naive","cov2",,0.8755,0.0073824,0.860307,0.889253,2000,"b12f5983"
"mdsgnb20","md120 n500","Hc","naive","halfwidth_md",,27.746872,,,,2000,"b12f5983"
"mdsgnb20","md120 n500","Hc","naive","margin1_md",,23.285909,,,,2000,"b12f5983"
"mdsgnb20","md120 n500","Hc","oracle","bias_md",,-0.30099035,0.321757,,,2000,"b12f5983"
"mdsgnb20","md120 n500","Hc","oracle","bias_sd_units",,-0.020917482,0.0223607,,,2000,"b12f5983"
"mdsgnb20","md120 n500","Hc","oracle","sd_emp",,14.389416,0.227574,,,2000,"b12f5983"
"mdsgnb20","md120 n500","Hc","oracle","se_mean",,14.417891,0.01381,,,2000,"b12f5983"
"mdsgnb20","md120 n500","Hc","oracle","se_over_sd",,1.0019789,0.0158757,,,2000,"b12f5983"
"mdsgnb20","md120 n500","Hc","oracle","cov1_upper",,0.956,0.00458607,0.946103,0.964148,2000,"b12f5983"
"mdsgnb20","md120 n500","Hc","oracle","cov2",,0.9525,0.00475625,0.942279,0.960986,2000,"b12f5983"
"mdsgnb20","md120 n500","Hc","oracle","halfwidth_md",,28.259067,,,,2000,"b12f5983"
"mdsgnb20","md120 n500","Hc","oracle","margin1_md",,23.715321,,,,2000,"b12f5983"
"mdsgnb20","md120 n500","Hc","mr","bias_md",,-1.7640829,0.328437,,,2000,"b12f5983"
"mdsgnb20","md120 n500","Hc","mr","bias_sd_units",,-0.11458786,0.021334,,,2000,"b12f5983"
"mdsgnb20","md120 n500","Hc","mr","sd_emp",,15.395025,0.243478,,,2000,"b12f5983"
"mdsgnb20","md120 n500","Hc","mr","se_mean",,25.227089,0.0308506,,,2000,"b12f5983"
"mdsgnb20","md120 n500","Hc","mr","se_over_sd",,1.6386521,0.0259932,,,2000,"b12f5983"
"mdsgnb20","md120 n500","Hc","mr","cov1_upper",,0.997,0.00122291,0.99347,0.998624,2000,"b12f5983"
"mdsgnb20","md120 n500","Hc","mr","cov2",,0.999,0.000706753,0.996361,0.999726,2000,"b12f5983"
"mdsgnb20","md120 n500","Hc","mr","halfwidth_md",,49.444187,,,,2000,"b12f5983"
"mdsgnb20","md120 n500","Hc","mr","margin1_md",,41.494869,,,,2000,"b12f5983"
"mdsgnb20","md120 n500","Hc","fld","bias_md",,-0.47199032,0.335527,,,2000,"b12f5983"
"mdsgnb20","md120 n500","Hc","fld","bias_sd_units",,-0.029754043,0.0211515,,,2000,"b12f5983"
"mdsgnb20","md120 n500","Hc","fld","sd_emp",,15.863065,0.25088,,,2000,"b12f5983"
"mdsgnb20","md120 n500","Hc","fld","se_mean",,13.745311,0.015301,,,2000,"b12f5983"
"mdsgnb20","md120 n500","Hc","fld","se_over_sd",,0.8664978,0.0137379,,,2000,"b12f5983"
"mdsgnb20","md120 n500","Hc","fld","cov1_upper",,0.938,0.0053924,0.926568,0.947752,2000,"b12f5983"
"mdsgnb20","md120 n500","Hc","fld","cov2",,0.925,0.00588961,0.912624,0.935746,2000,"b12f5983"
"mdsgnb20","md120 n500","Hc","fld","halfwidth_md",,26.826804,,,,2000,"b12f5983"
"mdsgnb20","md120 n500","Hc","fld","margin1_md",,23.856899,,,,2000,"b12f5983"
"mdsgnb20","md120 n500","Hc","fld_s","bias_md",,-0.50828119,0.335516,,,2000,"b12f5983"
"mdsgnb20","md120 n500","Hc","fld_s","bias_sd_units",,-0.032044613,0.0211526,,,2000,"b12f5983"
"mdsgnb20","md120 n500","Hc","fld_s","sd_emp",,15.861673,0.250858,,,2000,"b12f5983"
"mdsgnb20","md120 n500","Hc","fld_s","se_mean",,14.155361,0.0237586,,,2000,"b12f5983"
"mdsgnb20","md120 n500","Hc","fld_s","se_over_sd",,0.89242545,0.0141933,,,2000,"b12f5983"
"mdsgnb20","md120 n500","Hc","fld_s","cov1_upper",,0.9405,0.0052896,0.929264,0.950047,2000,"b12f5983"
"mdsgnb20","md120 n500","Hc","fld_s","cov2",,0.9305,0.00568638,0.91851,0.94084,2000,"b12f5983"
"mdsgnb20","md120 n500","Hc","fld_s","halfwidth_md",,27.597653,,,,2000,"b12f5983"
"mdsgnb20","md120 n500","Hc","fld_s","margin1_md",,24.474593,,,,2000,"b12f5983"
"mdsgnb20","md120 n500","Hc","fld_s","share_upper_le_tau",0,0,0,1.0842e-19,0.00191705,2000,"b12f5983"
"mdsgnb20","md120 n500","Hc","fld_s","share_upper_le_tau",10,0.0025,0.00111664,0.00106831,0.00583915,2000,"b12f5983"
"mdsgnb20","md120 n500","Hc","fld_s","share_upper_le_tau",20,0.007,0.00186427,0.00417435,0.0117159,2000,"b12f5983"
"mdsgnb20","md120 n500","Hc","fld_s","share_upper_le_tau",30,0.019,0.00305279,0.0138738,0.0259704,2000,"b12f5983"
"mdsgnb20","md120 n500","Hc","fld_s","share_upper_le_tau",40,0.0715,0.00576141,0.0610103,0.0836327,2000,"b12f5983"
"mdsgnb20","md120 n500","Hc","fld_s","share_upper_le_tau",60,0.4495,0.0111232,0.427816,0.471377,2000,"b12f5983"
"mdsgnb20","md120 n500","Hc","fld_s","share_upper_le_tau",80,0.8815,0.00722695,0.866599,0.894939,2000,"b12f5983"
"mdsgnb20","md120 n500","Hc","fld_s","share_upper_le_tau",100,0.997,0.00122291,0.99347,0.998624,2000,"b12f5983"
"mdsgnb20","md120 n500","Hc","fld_s","bound_mean",,61.814487,0.343262,,,2000,"b12f5983"
"mdsgnb20","md120 n500","Hc","fld_s","bound_q05",,37.113346,,,,2000,"b12f5983"
"mdsgnb20","md120 n500","Hc","fld_s","bound_q25",,51.236996,,,,2000,"b12f5983"
"mdsgnb20","md120 n500","Hc","fld_s","bound_q50",,61.987935,,,,2000,"b12f5983"
"mdsgnb20","md120 n500","Hc","fld_s","bound_q75",,72.667778,,,,2000,"b12f5983"
"mdsgnb20","md120 n500","Hc","fld_s","bound_q95",,86.657107,,,,2000,"b12f5983"
"mdsgnb20","md120 n500","Hc","oracle","share_upper_le_tau",0,0.001,0.000706753,0.000274279,0.00363893,2000,"b12f5983"
"mdsgnb20","md120 n500","Hc","oracle","share_upper_le_tau",10,0.0065,0.00179691,0.0038026,0.0110895,2000,"b12f5983"
"mdsgnb20","md120 n500","Hc","oracle","share_upper_le_tau",20,0.0205,0.00316858,0.0151472,0.0276913,2000,"b12f5983"
"mdsgnb20","md120 n500","Hc","oracle","share_upper_le_tau",30,0.0805,0.00608357,0.0693649,0.0932435,2000,"b12f5983"
"mdsgnb20","md120 n500","Hc","oracle","share_upper_le_tau",40,0.253,0.00972088,0.234433,0.272514,2000,"b12f5983"
"mdsgnb20","md120 n500","Hc","oracle","share_upper_le_tau",60,0.7585,0.00957021,0.739259,0.77675,2000,"b12f5983"
"mdsgnb20","md120 n500","Hc","oracle","share_upper_le_tau",80,0.9845,0.00276222,0.978083,0.989059,2000,"b12f5983"
"mdsgnb20","md120 n500","Hc","oracle","share_upper_le_tau",100,1,0,0.998083,1,2000,"b12f5983"
"mdsgnb20","md120 n500","Hc","oracle","bound_mean",,49.669566,0.322695,,,2000,"b12f5983"
"mdsgnb20","md120 n500","Hc","oracle","bound_q05",,26.773211,,,,2000,"b12f5983"
"mdsgnb20","md120 n500","Hc","oracle","bound_q25",,39.765189,,,,2000,"b12f5983"
"mdsgnb20","md120 n500","Hc","oracle","bound_q50",,49.948028,,,,2000,"b12f5983"
"mdsgnb20","md120 n500","Hc","oracle","bound_q75",,59.50682,,,,2000,"b12f5983"
"mdsgnb20","md120 n500","Hc","oracle","bound_q95",,72.528538,,,,2000,"b12f5983"
"mdsgnb20","md120 n500","Hc","fld","share_upper_le_tau",0,5e-04,0.000499875,8.82677e-05,0.00282686,2000,"b12f5983"
"mdsgnb20","md120 n500","Hc","fld","share_upper_le_tau",10,0.0025,0.00111664,0.00106831,0.00583915,2000,"b12f5983"
"mdsgnb20","md120 n500","Hc","fld","share_upper_le_tau",20,0.0075,0.00192922,0.00455038,0.0123379,2000,"b12f5983"
"mdsgnb20","md120 n500","Hc","fld","share_upper_le_tau",30,0.024,0.00342228,0.0181496,0.0316755,2000,"b12f5983"
"mdsgnb20","md120 n500","Hc","fld","share_upper_le_tau",40,0.0795,0.00604896,0.0684344,0.0921779,2000,"b12f5983"
"mdsgnb20","md120 n500","Hc","fld","share_upper_le_tau",60,0.4655,0.0111537,0.443726,0.487406,2000,"b12f5983"
"mdsgnb20","md120 n500","Hc","fld","share_upper_le_tau",80,0.887,0.00707923,0.872377,0.90014,2000,"b12f5983"
"mdsgnb20","md120 n500","Hc","fld","share_upper_le_tau",100,0.997,0.00122291,0.99347,0.998624,2000,"b12f5983"
"mdsgnb20","md120 n500","Hc","fld","bound_mean",,61.196793,0.350307,,,2000,"b12f5983"
"mdsgnb20","md120 n500","Hc","fld","bound_q05",,35.886244,,,,2000,"b12f5983"
"mdsgnb20","md120 n500","Hc","fld","bound_q25",,50.465193,,,,2000,"b12f5983"
"mdsgnb20","md120 n500","Hc","fld","bound_q50",,61.52639,,,,2000,"b12f5983"
"mdsgnb20","md120 n500","Hc","fld","bound_q75",,72.068385,,,,2000,"b12f5983"
"mdsgnb20","md120 n500","Hc","fld","bound_q95",,86.904218,,,,2000,"b12f5983"
"mdsgnb20","md120 n500","Hc","mr","share_upper_le_tau",0,0,0,1.0842e-19,0.00191705,2000,"b12f5983"
"mdsgnb20","md120 n500","Hc","mr","share_upper_le_tau",10,0,0,1.0842e-19,0.00191705,2000,"b12f5983"
"mdsgnb20","md120 n500","Hc","mr","share_upper_le_tau",20,5e-04,0.000499875,8.82677e-05,0.00282686,2000,"b12f5983"
"mdsgnb20","md120 n500","Hc","mr","share_upper_le_tau",30,0.0025,0.00111664,0.00106831,0.00583915,2000,"b12f5983"
"mdsgnb20","md120 n500","Hc","mr","share_upper_le_tau",40,0.0065,0.00179691,0.0038026,0.0110895,2000,"b12f5983"
"mdsgnb20","md120 n500","Hc","mr","share_upper_le_tau",60,0.0945,0.00654101,0.0824459,0.108109,2000,"b12f5983"
"mdsgnb20","md120 n500","Hc","mr","share_upper_le_tau",80,0.522,0.0111695,0.500087,0.543829,2000,"b12f5983"
"mdsgnb20","md120 n500","Hc","mr","share_upper_le_tau",100,0.9315,0.00564835,0.919582,0.941764,2000,"b12f5983"
"mdsgnb20","md120 n500","Hc","mr","bound_mean",,78.834764,0.330509,,,2000,"b12f5983"
"mdsgnb20","md120 n500","Hc","mr","bound_q05",,55.506203,,,,2000,"b12f5983"
"mdsgnb20","md120 n500","Hc","mr","bound_q25",,68.602634,,,,2000,"b12f5983"
"mdsgnb20","md120 n500","Hc","mr","bound_q50",,79.229336,,,,2000,"b12f5983"
"mdsgnb20","md120 n500","Hc","mr","bound_q75",,89.016822,,,,2000,"b12f5983"
"mdsgnb20","md120 n500","Hc","mr","bound_q95",,102.4559,,,,2000,"b12f5983"
"mdsgnb20","md120 n500","Hc","naive","share_upper_le_tau",0,5e-04,0.000499875,8.82677e-05,0.00282686,2000,"b12f5983"
"mdsgnb20","md120 n500","Hc","naive","share_upper_le_tau",10,0.005,0.00157718,0.00271818,0.0091797,2000,"b12f5983"
"mdsgnb20","md120 n500","Hc","naive","share_upper_le_tau",20,0.0175,0.00293204,0.0126098,0.0242402,2000,"b12f5983"
"mdsgnb20","md120 n500","Hc","naive","share_upper_le_tau",30,0.061,0.00535159,0.051329,0.0723542,2000,"b12f5983"
"mdsgnb20","md120 n500","Hc","naive","share_upper_le_tau",40,0.216,0.00920174,0.198518,0.23457,2000,"b12f5983"
"mdsgnb20","md120 n500","Hc","naive","share_upper_le_tau",60,0.732,0.00990394,0.712157,0.750953,2000,"b12f5983"
"mdsgnb20","md120 n500","Hc","naive","share_upper_le_tau",80,0.983,0.00289059,0.976339,0.987809,2000,"b12f5983"
"mdsgnb20","md120 n500","Hc","naive","share_upper_le_tau",100,1,0,0.998083,1,2000,"b12f5983"
"mdsgnb20","md120 n500","Hc","naive","bound_mean",,51.151312,0.317162,,,2000,"b12f5983"
"mdsgnb20","md120 n500","Hc","naive","bound_q05",,28.82853,,,,2000,"b12f5983"
"mdsgnb20","md120 n500","Hc","naive","bound_q25",,41.446538,,,,2000,"b12f5983"
"mdsgnb20","md120 n500","Hc","naive","bound_q50",,51.276407,,,,2000,"b12f5983"
"mdsgnb20","md120 n500","Hc","naive","bound_q75",,60.993304,,,,2000,"b12f5983"
"mdsgnb20","md120 n500","Hc","naive","bound_q95",,74.015154,,,,2000,"b12f5983"
"mdsgnb20","md120 n500","joint","bonf_s","joint_coverage",,0.949,0.0049193,0.938468,0.95781,2000,"b12f5983"
"mdsgnb20","md120 n500","joint","bonf_s","share_both_bounds",,1,0,0.998083,1,2000,"b12f5983"
"mdsgnb20","md120 n500","joint","bonf_s","cov_H",,0.985,0.002718,0.978668,0.989473,2000,"b12f5983"
"mdsgnb20","md120 n500","joint","bonf_s","cov_Hc",,0.964,0.00416557,0.954906,0.971315,2000,"b12f5983"
"mdsgnb20","md120 n500","joint","bonf","joint_coverage",,0.9485,0.00494205,0.937925,0.957355,2000,"b12f5983"
"mdsgnb20","md120 n500","joint","bonf","share_both_bounds",,1,0,0.998083,1,2000,"b12f5983"
"mdsgnb20","md120 n500","joint","bonf","cov_H",,0.985,0.002718,0.978668,0.989473,2000,"b12f5983"
"mdsgnb20","md120 n500","joint","bonf","cov_Hc",,0.963,0.00422084,0.9538,0.970425,2000,"b12f5983"
"mdsgnb20","md120 n500","joint","separate_s","joint_coverage",,0.9105,0.00638317,0.89719,0.922237,2000,"b12f5983"
"mdsgnb20","md120 n500","joint","separate_s","share_both_bounds",,1,0,0.998083,1,2000,"b12f5983"
"mdsgnb20","md120 n500","joint","separate_s","cov_H",,0.967,0.00399443,0.958232,0.973977,2000,"b12f5983"
"mdsgnb20","md120 n500","joint","separate_s","cov_Hc",,0.9405,0.0052896,0.929264,0.950047,2000,"b12f5983"
"mdsgnb20","md120 n500","joint","calibrated","gamma_mean_s",,0.0251955,9.4702e-06,,,2000,"b12f5983"
"mdsgnb20","md120 n500","joint","calibrated","corr_s",,0.00089742662,0.0016766,,,2000,"b12f5983"
"mdsgnb20","md120 n500","joint","calibrated","gamma_mean",,0.0251345,7.95214e-06,,,2000,"b12f5983"
"mdsgnb20","md120 n500","joint","calibrated","corr",,0.0047277134,0.00168972,,,2000,"b12f5983"
"mdsgnb20","md120 n500","H","all","mean_n_harm",,152.7385,0.88331,,,2000,"b12f5983"
"mdsgnb20","md120 n500","H","all","mean_n_sel",,152.7385,0.88331,,,2000,"b12f5983"
"mdsgnb20","md120 n500","H","all","sensitivity_mean",,0.71159446,0.00527935,,,2000,"b12f5983"
"mdsgnb20","md120 n500","H","all","ppv_mean",,0.79797329,0.00416516,,,2000,"b12f5983"
"mdsgnb20","md120 n500","H","all","share_nharm_grew_vs_mdf1",,0.994,0.00172685,0.989542,0.996564,2000,"b12f5983"
"mdsgnb20","md120 n500","H","all","share_nharm_stayed_vs_mdf1",,0.006,0.00172685,0.00343559,0.0104584,2000,"b12f5983"
"mdsgnb20","md120 n500","H","all","share_nharm_shrank_vs_mdf1",,0,0,1.0842e-19,0.00191705,2000,"b12f5983"
"mdsgnb20","md120 n500","H","all","p_hat_mean",,0.0890042,0.00146218,,,2000,"b12f5983"
"mdsgnb20","md120 n500","H","all","p_hat_share_lt_05",,0.9995,0.000499875,0.997173,0.999912,2000,"b12f5983"
"mdsgnb20","md120 n500","Hc","mr","sd_btc_over_naive_se",,1.0874629,,,,2000,"b12f5983"
"mdsgnb20","md120 n500","Hc","fld","lamsd_over_naive_se",,0.97093158,,,,2000,"b12f5983"
"mdsgnb20","md120 n500","Hc","fld_s","lamsd_over_naive_se",,0.99989642,,,,2000,"b12f5983"
"mdsgnb20","md120 n500","Hc","fld_s","display_b",,-0.032044613,,,,2000,"b12f5983"
"mdsgnb20","md120 n500","Hc","fld_s","display_r",,0.89242545,,,,2000,"b12f5983"
"mdsgnb20","md120 n500","Hc","fld_s","display_cov1",,0.9405,,,,2000,"b12f5983"
"mdsgnb20","md120 n500","Hc","fld_s","display_cov1_ref",,0.92447957,,,,2000,"b12f5983"
"mdsgnb20","md120 n500","Hc","fld_s","display_cov2",,0.9305,,,,2000,"b12f5983"
"mdsgnb20","md120 n500","Hc","fld_s","display_cov2_ref",,0.91957482,,,,2000,"b12f5983"
"mdsgnb20","md120 n500","H","naive","display_b",,1.4911827,,,,2000,"b12f5983"
"mdsgnb20","md120 n500","H","naive","display_r",,1.1945911,,,,2000,"b12f5983"
"mdsgnb20","md120 n500","H","naive","display_cov1_ref",,0.68215906,,,,2000,"b12f5983"
"mdsgnb20","md120 n500","H","naive","display_cov2_ref",,0.8023221,,,,2000,"b12f5983"
"mdsgnb20","md120 n500","H","mr","display_b",,-0.18130817,,,,2000,"b12f5983"
"mdsgnb20","md120 n500","H","mr","display_r",,1.4084367,,,,2000,"b12f5983"
"mdsgnb20","md120 n500","H","mr","display_cov1_ref",,0.99375484,,,,2000,"b12f5983"
"mdsgnb20","md120 n500","H","mr","display_cov2_ref",,0.99341661,,,,2000,"b12f5983"
"mdsgnb20","md120 n500","H","fld","display_b",,-0.25521569,,,,2000,"b12f5983"
"mdsgnb20","md120 n500","H","fld","display_r",,1.004576,,,,2000,"b12f5983"
"mdsgnb20","md120 n500","H","fld","display_cov1_ref",,0.97177828,,,,2000,"b12f5983"
"mdsgnb20","md120 n500","H","fld","display_cov2_ref",,0.94364041,,,,2000,"b12f5983"
"mdsgnb20","md120 n500","Hc","naive","display_b",,-0.77022289,,,,2000,"b12f5983"
"mdsgnb20","md120 n500","Hc","naive","display_r",,0.97022206,,,,2000,"b12f5983"
"mdsgnb20","md120 n500","Hc","naive","display_cov1_ref",,0.79549878,,,,2000,"b12f5983"
"mdsgnb20","md120 n500","Hc","naive","display_cov2_ref",,0.86727984,,,,2000,"b12f5983"
"mdsgnb20","md120 n500","Hc","mr","display_b",,-0.11458786,,,,2000,"b12f5983"
"mdsgnb20","md120 n500","Hc","mr","display_r",,1.6386521,,,,2000,"b12f5983"
"mdsgnb20","md120 n500","Hc","mr","display_cov1_ref",,0.99507077,,,,2000,"b12f5983"
"mdsgnb20","md120 n500","Hc","mr","display_cov2_ref",,0.99858286,,,,2000,"b12f5983"
"mdsgnb20","md120 n500","Hc","fld","display_b",,-0.029754043,,,,2000,"b12f5983"
"mdsgnb20","md120 n500","Hc","fld","display_r",,0.8664978,,,,2000,"b12f5983"
"mdsgnb20","md120 n500","Hc","fld","display_cov1_ref",,0.91856865,,,,2000,"b12f5983"
"mdsgnb20","md120 n500","Hc","fld","display_cov2_ref",,0.91040788,,,,2000,"b12f5983"
"mdsgnb20","null n500 (no subgroup; homogeneous +26)","H","all","declaration_rate",,0.9965,0.00132056,0.992793,0.998304,2000,"dbeee517"
"mdsgnb20","null n500 (no subgroup; homogeneous +26)","H","naive","bias_md",,60.822909,0.367685,,,1993,"dbeee517"
"mdsgnb20","null n500 (no subgroup; homogeneous +26)","H","naive","bias_sd_units",,3.7054173,0.0223999,,,1993,"dbeee517"
"mdsgnb20","null n500 (no subgroup; homogeneous +26)","H","naive","sd_emp",,16.414591,0.260058,,,1993,"dbeee517"
"mdsgnb20","null n500 (no subgroup; homogeneous +26)","H","naive","se_mean",,25.823891,0.0870755,,,1993,"dbeee517"
"mdsgnb20","null n500 (no subgroup; homogeneous +26)","H","naive","se_over_sd",,1.5732278,0.0254831,,,1993,"dbeee517"
"mdsgnb20","null n500 (no subgroup; homogeneous +26)","H","naive","cov1_lower",,0.11640743,0.00718394,0.103059,0.131231,1993,"dbeee517"
"mdsgnb20","null n500 (no subgroup; homogeneous +26)","H","naive","cov2",,0.26241846,0.00985482,0.243574,0.282177,1993,"dbeee517"
"mdsgnb20","null n500 (no subgroup; homogeneous +26)","H","naive","halfwidth_md",,50.613896,,,,1993,"dbeee517"
"mdsgnb20","null n500 (no subgroup; homogeneous +26)","H","naive","margin1_md",,42.476521,,,,1993,"dbeee517"
"mdsgnb20","null n500 (no subgroup; homogeneous +26)","H","oracle","bias_md",,,,,,0,"dbeee517"
"mdsgnb20","null n500 (no subgroup; homogeneous +26)","H","oracle","bias_sd_units",,,,,,0,"dbeee517"
"mdsgnb20","null n500 (no subgroup; homogeneous +26)","H","oracle","sd_emp",,,,,,0,"dbeee517"
"mdsgnb20","null n500 (no subgroup; homogeneous +26)","H","oracle","se_mean",,,,,,0,"dbeee517"
"mdsgnb20","null n500 (no subgroup; homogeneous +26)","H","oracle","se_over_sd",,,,,,0,"dbeee517"
"mdsgnb20","null n500 (no subgroup; homogeneous +26)","H","oracle","cov1_lower",,,,,,0,"dbeee517"
"mdsgnb20","null n500 (no subgroup; homogeneous +26)","H","oracle","cov2",,,,,,0,"dbeee517"
"mdsgnb20","null n500 (no subgroup; homogeneous +26)","H","oracle","halfwidth_md",,,,,,0,"dbeee517"
"mdsgnb20","null n500 (no subgroup; homogeneous +26)","H","oracle","margin1_md",,,,,,0,"dbeee517"
"mdsgnb20","null n500 (no subgroup; homogeneous +26)","H","mr","bias_md",,16.195856,0.435931,,,1993,"dbeee517"
"mdsgnb20","null n500 (no subgroup; homogeneous +26)","H","mr","bias_sd_units",,0.8322096,0.0223999,,,1993,"dbeee517"
"mdsgnb20","null n500 (no subgroup; homogeneous +26)","H","mr","sd_emp",,19.46127,0.308327,,,1993,"dbeee517"
"mdsgnb20","null n500 (no subgroup; homogeneous +26)","H","mr","se_mean",,33.557519,0.100626,,,1993,"dbeee517"
"mdsgnb20","null n500 (no subgroup; homogeneous +26)","H","mr","se_over_sd",,1.7243232,0.0278036,,,1993,"dbeee517"
"mdsgnb20","null n500 (no subgroup; homogeneous +26)","H","mr","cov1_lower",,0.97441044,0.00353711,0.966512,0.980484,1993,"dbeee517"
"mdsgnb20","null n500 (no subgroup; homogeneous +26)","H","mr","cov2",,0.99448068,0.00165954,0.990144,0.996915,1993,"dbeee517"
"mdsgnb20","null n500 (no subgroup; homogeneous +26)","H","mr","halfwidth_md",,65.771529,,,,1993,"dbeee517"
"mdsgnb20","null n500 (no subgroup; homogeneous +26)","H","mr","margin1_md",,55.197207,,,,1993,"dbeee517"
"mdsgnb20","null n500 (no subgroup; homogeneous +26)","H","fld","bias_md",,7.9734489,0.474371,,,1993,"dbeee517"
"mdsgnb20","null n500 (no subgroup; homogeneous +26)","H","fld","bias_sd_units",,0.37650821,0.0223999,,,1993,"dbeee517"
"mdsgnb20","null n500 (no subgroup; homogeneous +26)","H","fld","sd_emp",,21.177357,0.335515,,,1993,"dbeee517"
"mdsgnb20","null n500 (no subgroup; homogeneous +26)","H","fld","se_mean",,25.134386,0.0418568,,,1993,"dbeee517"
"mdsgnb20","null n500 (no subgroup; homogeneous +26)","H","fld","se_over_sd",,1.1868518,0.018907,,,1993,"dbeee517"
"mdsgnb20","null n500 (no subgroup; homogeneous +26)","H","fld","cov1_lower",,0.9473156,0.0050042,0.936619,0.956291,1993,"dbeee517"
"mdsgnb20","null n500 (no subgroup; homogeneous +26)","H","fld","cov2",,0.97541395,0.00346885,0.967646,0.981353,1993,"dbeee517"
"mdsgnb20","null n500 (no subgroup; homogeneous +26)","H","fld","halfwidth_md",,49.192391,,,,1993,"dbeee517"
"mdsgnb20","null n500 (no subgroup; homogeneous +26)","H","fld","margin1_md",,51.053405,,,,1993,"dbeee517"
"mdsgnb20","null n500 (no subgroup; homogeneous +26)","H","fld","share_lower_ge_tau",0,0.32463623,0.0104885,0.304434,0.345514,1993,"dbeee517"
"mdsgnb20","null n500 (no subgroup; homogeneous +26)","H","fld","share_lower_ge_tau",10,0.17912694,0.00858944,0.162914,0.196574,1993,"dbeee517"
"mdsgnb20","null n500 (no subgroup; homogeneous +26)","H","fld","share_lower_ge_tau",20,0.086803813,0.00630664,0.0752243,0.0999731,1993,"dbeee517"
"mdsgnb20","null n500 (no subgroup; homogeneous +26)","H","fld","share_lower_ge_tau",30,0.040140492,0.00439685,0.0323704,0.0496799,1993,"dbeee517"
"mdsgnb20","null n500 (no subgroup; homogeneous +26)","H","fld","share_lower_ge_tau",40,0.015052684,0.00272747,0.0105641,0.0214071,1993,"dbeee517"
"mdsgnb20","null n500 (no subgroup; homogeneous +26)","H","fld","share_lower_ge_tau",60,0.0030105369,0.0012272,0.00138046,0.00655279,1993,"dbeee517"
"mdsgnb20","null n500 (no subgroup; homogeneous +26)","H","fld","share_lower_ge_tau",80,0,0,-1.0842e-19,0.00192377,1993,"dbeee517"
"mdsgnb20","null n500 (no subgroup; homogeneous +26)","H","fld","share_lower_ge_tau",100,0,0,-1.0842e-19,0.00192377,1993,"dbeee517"
"mdsgnb20","null n500 (no subgroup; homogeneous +26)","H","fld","bound_mean",,-8.6023137,0.462967,,,1993,"dbeee517"
"mdsgnb20","null n500 (no subgroup; homogeneous +26)","H","fld","bound_q05",,-39.996244,,,,1993,"dbeee517"
"mdsgnb20","null n500 (no subgroup; homogeneous +26)","H","fld","bound_q25",,-22.895897,,,,1993,"dbeee517"
"mdsgnb20","null n500 (no subgroup; homogeneous +26)","H","fld","bound_q50",,-9.8427767,,,,1993,"dbeee517"
"mdsgnb20","null n500 (no subgroup; homogeneous +26)","H","fld","bound_q75",,4.3693273,,,,1993,"dbeee517"
"mdsgnb20","null n500 (no subgroup; homogeneous +26)","H","fld","bound_q95",,27.536051,,,,1993,"dbeee517"
"mdsgnb20","null n500 (no subgroup; homogeneous +26)","H","mr","share_lower_ge_tau",0,0.24034119,0.00957127,0.222093,0.259589,1993,"dbeee517"
"mdsgnb20","null n500 (no subgroup; homogeneous +26)","H","mr","share_lower_ge_tau",10,0.11339689,0.0071025,0.100213,0.128068,1993,"dbeee517"
"mdsgnb20","null n500 (no subgroup; homogeneous +26)","H","mr","share_lower_ge_tau",20,0.047666834,0.00477253,0.0391516,0.0579224,1993,"dbeee517"
"mdsgnb20","null n500 (no subgroup; homogeneous +26)","H","mr","share_lower_ge_tau",30,0.017059709,0.00290065,0.0122336,0.023744,1993,"dbeee517"
"mdsgnb20","null n500 (no subgroup; homogeneous +26)","H","mr","share_lower_ge_tau",40,0.0040140492,0.00141633,0.00203538,0.00790105,1993,"dbeee517"
"mdsgnb20","null n500 (no subgroup; homogeneous +26)","H","mr","share_lower_ge_tau",60,0.0010035123,0.000709234,0.000275242,0.00365169,1993,"dbeee517"
"mdsgnb20","null n500 (no subgroup; homogeneous +26)","H","mr","share_lower_ge_tau",80,0,0,-1.0842e-19,0.00192377,1993,"dbeee517"
"mdsgnb20","null n500 (no subgroup; homogeneous +26)","H","mr","share_lower_ge_tau",100,0,0,-1.0842e-19,0.00192377,1993,"dbeee517"
"mdsgnb20","null n500 (no subgroup; homogeneous +26)","H","mr","bound_mean",,-12.746116,0.417539,,,1993,"dbeee517"
"mdsgnb20","null n500 (no subgroup; homogeneous +26)","H","mr","bound_q05",,-41.747812,,,,1993,"dbeee517"
"mdsgnb20","null n500 (no subgroup; homogeneous +26)","H","mr","bound_q25",,-25.835923,,,,1993,"dbeee517"
"mdsgnb20","null n500 (no subgroup; homogeneous +26)","H","mr","bound_q50",,-13.743519,,,,1993,"dbeee517"
"mdsgnb20","null n500 (no subgroup; homogeneous +26)","H","mr","bound_q75",,-0.548481,,,,1993,"dbeee517"
"mdsgnb20","null n500 (no subgroup; homogeneous +26)","H","mr","bound_q95",,19.272491,,,,1993,"dbeee517"
"mdsgnb20","null n500 (no subgroup; homogeneous +26)","H","naive","share_lower_ge_tau",0,1,0,0.998076,1,1993,"dbeee517"
"mdsgnb20","null n500 (no subgroup; homogeneous +26)","H","naive","share_lower_ge_tau",10,1,0,0.998076,1,1993,"dbeee517"
"mdsgnb20","null n500 (no subgroup; homogeneous +26)","H","naive","share_lower_ge_tau",20,0.9508279,0.00484347,0.940437,0.959484,1993,"dbeee517"
"mdsgnb20","null n500 (no subgroup; homogeneous +26)","H","naive","share_lower_ge_tau",30,0.82940291,0.00842587,0.812259,0.84528,1993,"dbeee517"
"mdsgnb20","null n500 (no subgroup; homogeneous +26)","H","naive","share_lower_ge_tau",40,0.60010035,0.0109732,0.578421,0.621395,1993,"dbeee517"
"mdsgnb20","null n500 (no subgroup; homogeneous +26)","H","naive","share_lower_ge_tau",60,0.16006021,0.00821319,0.144619,0.17681,1993,"dbeee517"
"mdsgnb20","null n500 (no subgroup; homogeneous +26)","H","naive","share_lower_ge_tau",80,0.017561465,0.00294225,0.0126541,0.024325,1993,"dbeee517"
"mdsgnb20","null n500 (no subgroup; homogeneous +26)","H","naive","share_lower_ge_tau",100,0.0020070246,0.0010025,0.000780761,0.00514933,1993,"dbeee517"
"mdsgnb20","null n500 (no subgroup; homogeneous +26)","H","naive","bound_mean",,44.601624,0.344548,,,1993,"dbeee517"
"mdsgnb20","null n500 (no subgroup; homogeneous +26)","H","naive","bound_q05",,20.073464,,,,1993,"dbeee517"
"mdsgnb20","null n500 (no subgroup; homogeneous +26)","H","naive","bound_q25",,34.134312,,,,1993,"dbeee517"
"mdsgnb20","null n500 (no subgroup; homogeneous +26)","H","naive","bound_q50",,43.992304,,,,1993,"dbeee517"
"mdsgnb20","null n500 (no subgroup; homogeneous +26)","H","naive","bound_q75",,54.447603,,,,1993,"dbeee517"
"mdsgnb20","null n500 (no subgroup; homogeneous +26)","H","naive","bound_q95",,70.484876,,,,1993,"dbeee517"
"mdsgnb20","null n500 (no subgroup; homogeneous +26)","Hc","naive","bias_md",,-16.504624,0.270542,,,1993,"dbeee517"
"mdsgnb20","null n500 (no subgroup; homogeneous +26)","Hc","naive","bias_sd_units",,-1.3665229,0.0223999,,,1993,"dbeee517"
"mdsgnb20","null n500 (no subgroup; homogeneous +26)","Hc","naive","sd_emp",,12.077825,0.19135,,,1993,"dbeee517"
"mdsgnb20","null n500 (no subgroup; homogeneous +26)","Hc","naive","se_mean",,13.134544,0.0163483,,,1993,"dbeee517"
"mdsgnb20","null n500 (no subgroup; homogeneous +26)","Hc","naive","se_over_sd",,1.0874925,0.0172823,,,1993,"dbeee517"
"mdsgnb20","null n500 (no subgroup; homogeneous +26)","Hc","naive","cov1_upper",,0.66733567,0.0105541,0.646345,0.687682,1993,"dbeee517"
"mdsgnb20","null n500 (no subgroup; homogeneous +26)","Hc","naive","cov2",,0.78223783,0.009245,0.763584,0.799805,1993,"dbeee517"
"mdsgnb20","null n500 (no subgroup; homogeneous +26)","Hc","naive","halfwidth_md",,25.743232,,,,1993,"dbeee517"
"mdsgnb20","null n500 (no subgroup; homogeneous +26)","Hc","naive","margin1_md",,21.604402,,,,1993,"dbeee517"
"mdsgnb20","null n500 (no subgroup; homogeneous +26)","Hc","oracle","bias_md",,-0.31716015,0.254526,,,1993,"dbeee517"
"mdsgnb20","null n500 (no subgroup; homogeneous +26)","Hc","oracle","bias_sd_units",,-0.027912129,0.0223999,,,1993,"dbeee517"
"mdsgnb20","null n500 (no subgroup; homogeneous +26)","Hc","oracle","sd_emp",,11.362807,0.180022,,,1993,"dbeee517"
"mdsgnb20","null n500 (no subgroup; homogeneous +26)","Hc","oracle","se_mean",,11.65277,0.00817555,,,1993,"dbeee517"
"mdsgnb20","null n500 (no subgroup; homogeneous +26)","Hc","oracle","se_over_sd",,1.0255185,0.0162633,,,1993,"dbeee517"
"mdsgnb20","null n500 (no subgroup; homogeneous +26)","Hc","oracle","cov1_upper",,0.95333668,0.00472452,0.943173,0.961757,1993,"dbeee517"
"mdsgnb20","null n500 (no subgroup; homogeneous +26)","Hc","oracle","cov2",,0.95634722,0.00457678,0.946465,0.964474,1993,"dbeee517"
"mdsgnb20","null n500 (no subgroup; homogeneous +26)","Hc","oracle","halfwidth_md",,22.839429,,,,1993,"dbeee517"
"mdsgnb20","null n500 (no subgroup; homogeneous +26)","Hc","oracle","margin1_md",,19.167101,,,,1993,"dbeee517"
"mdsgnb20","null n500 (no subgroup; homogeneous +26)","Hc","mr","bias_md",,-5.805767,0.28114,,,1993,"dbeee517"
"mdsgnb20","null n500 (no subgroup; homogeneous +26)","Hc","mr","bias_sd_units",,-0.46257544,0.0223999,,,1993,"dbeee517"
"mdsgnb20","null n500 (no subgroup; homogeneous +26)","Hc","mr","sd_emp",,12.550963,0.198846,,,1993,"dbeee517"
"mdsgnb20","null n500 (no subgroup; homogeneous +26)","Hc","mr","se_mean",,23.701332,0.023749,,,1993,"dbeee517"
"mdsgnb20","null n500 (no subgroup; homogeneous +26)","Hc","mr","se_over_sd",,1.8884075,0.029978,,,1993,"dbeee517"
"mdsgnb20","null n500 (no subgroup; homogeneous +26)","Hc","mr","cov1_upper",,0.99598595,0.00141633,0.992099,0.997965,1993,"dbeee517"
"mdsgnb20","null n500 (no subgroup; homogeneous +26)","Hc","mr","cov2",,0.99949824,0.00050163,0.997163,0.999911,1993,"dbeee517"
"mdsgnb20","null n500 (no subgroup; homogeneous +26)","Hc","mr","halfwidth_md",,46.453758,,,,1993,"dbeee517"
"mdsgnb20","null n500 (no subgroup; homogeneous +26)","Hc","mr","margin1_md",,38.985223,,,,1993,"dbeee517"
"mdsgnb20","null n500 (no subgroup; homogeneous +26)","Hc","fld","bias_md",,-3.6902291,0.286965,,,1993,"dbeee517"
"mdsgnb20","null n500 (no subgroup; homogeneous +26)","Hc","fld","bias_sd_units",,-0.28805236,0.0223999,,,1993,"dbeee517"
"mdsgnb20","null n500 (no subgroup; homogeneous +26)","Hc","fld","sd_emp",,12.810966,0.202965,,,1993,"dbeee517"
"mdsgnb20","null n500 (no subgroup; homogeneous +26)","Hc","fld","se_mean",,12.865818,0.0122577,,,1993,"dbeee517"
"mdsgnb20","null n500 (no subgroup; homogeneous +26)","Hc","fld","se_over_sd",,1.0042817,0.0159397,,,1993,"dbeee517"
"mdsgnb20","null n500 (no subgroup; homogeneous +26)","Hc","fld","cov1_upper",,0.91520321,0.00624015,0.90216,0.926649,1993,"dbeee517"
"mdsgnb20","null n500 (no subgroup; homogeneous +26)","Hc","fld","cov2",,0.94229804,0.00522319,0.931184,0.95171,1993,"dbeee517"
"mdsgnb20","null n500 (no subgroup; homogeneous +26)","Hc","fld","halfwidth_md",,25.108469,,,,1993,"dbeee517"
"mdsgnb20","null n500 (no subgroup; homogeneous +26)","Hc","fld","margin1_md",,23.286566,,,,1993,"dbeee517"
"mdsgnb20","null n500 (no subgroup; homogeneous +26)","Hc","fld_s","bias_md",,-3.7022257,0.28641,,,1993,"dbeee517"
"mdsgnb20","null n500 (no subgroup; homogeneous +26)","Hc","fld_s","bias_sd_units",,-0.28954829,0.0223999,,,1993,"dbeee517"
"mdsgnb20","null n500 (no subgroup; homogeneous +26)","Hc","fld_s","sd_emp",,12.786211,0.202573,,,1993,"dbeee517"
"mdsgnb20","null n500 (no subgroup; homogeneous +26)","Hc","fld_s","se_mean",,12.894433,0.0172949,,,1993,"dbeee517"
"mdsgnb20","null n500 (no subgroup; homogeneous +26)","Hc","fld_s","se_over_sd",,1.008464,0.0160344,,,1993,"dbeee517"
"mdsgnb20","null n500 (no subgroup; homogeneous +26)","Hc","fld_s","cov1_upper",,0.91721024,0.00617261,0.904295,0.928521,1993,"dbeee517"
"mdsgnb20","null n500 (no subgroup; homogeneous +26)","Hc","fld_s","cov2",,0.94179629,0.00524445,0.930642,0.951251,1993,"dbeee517"
"mdsgnb20","null n500 (no subgroup; homogeneous +26)","Hc","fld_s","halfwidth_md",,25.148877,,,,1993,"dbeee517"
"mdsgnb20","null n500 (no subgroup; homogeneous +26)","Hc","fld_s","margin1_md",,23.281579,,,,1993,"dbeee517"
"mdsgnb20","null n500 (no subgroup; homogeneous +26)","Hc","fld_s","share_upper_le_tau",0,0.00050175615,0.00050163,8.85778e-05,0.00283677,1993,"dbeee517"
"mdsgnb20","null n500 (no subgroup; homogeneous +26)","Hc","fld_s","share_upper_le_tau",10,0.0055193176,0.00165954,0.0030847,0.00985646,1993,"dbeee517"
"mdsgnb20","null n500 (no subgroup; homogeneous +26)","Hc","fld_s","share_upper_le_tau",20,0.031610637,0.00391911,0.0247851,0.0402384,1993,"dbeee517"
"mdsgnb20","null n500 (no subgroup; homogeneous +26)","Hc","fld_s","share_upper_le_tau",30,0.13898645,0.00774886,0.124492,0.15487,1993,"dbeee517"
"mdsgnb20","null n500 (no subgroup; homogeneous +26)","Hc","fld_s","share_upper_le_tau",40,0.37932765,0.0108689,0.358276,0.400843,1993,"dbeee517"
"mdsgnb20","null n500 (no subgroup; homogeneous +26)","Hc","fld_s","share_upper_le_tau",60,0.89914701,0.00674537,0.885149,0.911609,1993,"dbeee517"
"mdsgnb20","null n500 (no subgroup; homogeneous +26)","Hc","fld_s","share_upper_le_tau",80,0.99849473,0.000868413,0.995584,0.999488,1993,"dbeee517"
"mdsgnb20","null n500 (no subgroup; homogeneous +26)","Hc","fld_s","share_upper_le_tau",100,1,0,0.998076,1,1993,"dbeee517"
"mdsgnb20","null n500 (no subgroup; homogeneous +26)","Hc","fld_s","bound_mean",,43.731048,0.284911,,,1993,"dbeee517"
"mdsgnb20","null n500 (no subgroup; homogeneous +26)","Hc","fld_s","bound_q05",,22.891017,,,,1993,"dbeee517"
"mdsgnb20","null n500 (no subgroup; homogeneous +26)","Hc","fld_s","bound_q25",,35.488268,,,,1993,"dbeee517"
"mdsgnb20","null n500 (no subgroup; homogeneous +26)","Hc","fld_s","bound_q50",,43.80822,,,,1993,"dbeee517"
"mdsgnb20","null n500 (no subgroup; homogeneous +26)","Hc","fld_s","bound_q75",,52.176123,,,,1993,"dbeee517"
"mdsgnb20","null n500 (no subgroup; homogeneous +26)","Hc","fld_s","bound_q95",,65.62553,,,,1993,"dbeee517"
"mdsgnb20","null n500 (no subgroup; homogeneous +26)","Hc","oracle","share_upper_le_tau",0,0,0,-1.0842e-19,0.00192377,1993,"dbeee517"
"mdsgnb20","null n500 (no subgroup; homogeneous +26)","Hc","oracle","share_upper_le_tau",10,0.0010035123,0.000709234,0.000275242,0.00365169,1993,"dbeee517"
"mdsgnb20","null n500 (no subgroup; homogeneous +26)","Hc","oracle","share_upper_le_tau",20,0.015052684,0.00272747,0.0105641,0.0214071,1993,"dbeee517"
"mdsgnb20","null n500 (no subgroup; homogeneous +26)","Hc","oracle","share_upper_le_tau",30,0.090316106,0.00642058,0.0785076,0.103701,1993,"dbeee517"
"mdsgnb20","null n500 (no subgroup; homogeneous +26)","Hc","oracle","share_upper_le_tau",40,0.33166081,0.0105461,0.311332,0.352637,1993,"dbeee517"
"mdsgnb20","null n500 (no subgroup; homogeneous +26)","Hc","oracle","share_upper_le_tau",60,0.89663823,0.00681922,0.882501,0.90925,1993,"dbeee517"
"mdsgnb20","null n500 (no subgroup; homogeneous +26)","Hc","oracle","share_upper_le_tau",80,0.99949824,0.00050163,0.997163,0.999911,1993,"dbeee517"
"mdsgnb20","null n500 (no subgroup; homogeneous +26)","Hc","oracle","share_upper_le_tau",100,1,0,0.998076,1,1993,"dbeee517"
"mdsgnb20","null n500 (no subgroup; homogeneous +26)","Hc","oracle","bound_mean",,45.105176,0.254948,,,1993,"dbeee517"
"mdsgnb20","null n500 (no subgroup; homogeneous +26)","Hc","oracle","bound_q05",,26.627381,,,,1993,"dbeee517"
"mdsgnb20","null n500 (no subgroup; homogeneous +26)","Hc","oracle","bound_q25",,37.481984,,,,1993,"dbeee517"
"mdsgnb20","null n500 (no subgroup; homogeneous +26)","Hc","oracle","bound_q50",,45.135549,,,,1993,"dbeee517"
"mdsgnb20","null n500 (no subgroup; homogeneous +26)","Hc","oracle","bound_q75",,52.580297,,,,1993,"dbeee517"
"mdsgnb20","null n500 (no subgroup; homogeneous +26)","Hc","oracle","bound_q95",,64.013028,,,,1993,"dbeee517"
"mdsgnb20","null n500 (no subgroup; homogeneous +26)","Hc","fld","share_upper_le_tau",0,0.00050175615,0.00050163,8.85778e-05,0.00283677,1993,"dbeee517"
"mdsgnb20","null n500 (no subgroup; homogeneous +26)","Hc","fld","share_upper_le_tau",10,0.0060210738,0.00173289,0.00344767,0.0104951,1993,"dbeee517"
"mdsgnb20","null n500 (no subgroup; homogeneous +26)","Hc","fld","share_upper_le_tau",20,0.031108881,0.00388889,0.0243429,0.0396789,1993,"dbeee517"
"mdsgnb20","null n500 (no subgroup; homogeneous +26)","Hc","fld","share_upper_le_tau",30,0.14450577,0.00787585,0.129753,0.160626,1993,"dbeee517"
"mdsgnb20","null n500 (no subgroup; homogeneous +26)","Hc","fld","share_upper_le_tau",40,0.38283994,0.0108881,0.361744,0.404386,1993,"dbeee517"
"mdsgnb20","null n500 (no subgroup; homogeneous +26)","Hc","fld","share_upper_le_tau",60,0.90065228,0.00670045,0.886739,0.913024,1993,"dbeee517"
"mdsgnb20","null n500 (no subgroup; homogeneous +26)","Hc","fld","share_upper_le_tau",80,0.99899649,0.000709234,0.996348,0.999725,1993,"dbeee517"
"mdsgnb20","null n500 (no subgroup; homogeneous +26)","Hc","fld","share_upper_le_tau",100,1,0,0.998076,1,1993,"dbeee517"
"mdsgnb20","null n500 (no subgroup; homogeneous +26)","Hc","fld","bound_mean",,43.736035,0.288751,,,1993,"dbeee517"
"mdsgnb20","null n500 (no subgroup; homogeneous +26)","Hc","fld","bound_q05",,22.539524,,,,1993,"dbeee517"
"mdsgnb20","null n500 (no subgroup; homogeneous +26)","Hc","fld","bound_q25",,35.336124,,,,1993,"dbeee517"
"mdsgnb20","null n500 (no subgroup; homogeneous +26)","Hc","fld","bound_q50",,43.679888,,,,1993,"dbeee517"
"mdsgnb20","null n500 (no subgroup; homogeneous +26)","Hc","fld","bound_q75",,52.260339,,,,1993,"dbeee517"
"mdsgnb20","null n500 (no subgroup; homogeneous +26)","Hc","fld","bound_q95",,65.743101,,,,1993,"dbeee517"
"mdsgnb20","null n500 (no subgroup; homogeneous +26)","Hc","mr","share_upper_le_tau",0,0,0,-1.0842e-19,0.00192377,1993,"dbeee517"
"mdsgnb20","null n500 (no subgroup; homogeneous +26)","Hc","mr","share_upper_le_tau",10,0,0,-1.0842e-19,0.00192377,1993,"dbeee517"
"mdsgnb20","null n500 (no subgroup; homogeneous +26)","Hc","mr","share_upper_le_tau",20,0.00050175615,0.00050163,8.85778e-05,0.00283677,1993,"dbeee517"
"mdsgnb20","null n500 (no subgroup; homogeneous +26)","Hc","mr","share_upper_le_tau",30,0.012042148,0.00244325,0.00810557,0.0178562,1993,"dbeee517"
"mdsgnb20","null n500 (no subgroup; homogeneous +26)","Hc","mr","share_upper_le_tau",40,0.057200201,0.00520181,0.0478309,0.0682732,1993,"dbeee517"
"mdsgnb20","null n500 (no subgroup; homogeneous +26)","Hc","mr","share_upper_le_tau",60,0.51731059,0.0111932,0.49536,0.539195,1993,"dbeee517"
"mdsgnb20","null n500 (no subgroup; homogeneous +26)","Hc","mr","share_upper_le_tau",80,0.93677873,0.00545125,0.925231,0.946645,1993,"dbeee517"
"mdsgnb20","null n500 (no subgroup; homogeneous +26)","Hc","mr","share_upper_le_tau",100,1,0,0.998076,1,1993,"dbeee517"
"mdsgnb20","null n500 (no subgroup; homogeneous +26)","Hc","mr","bound_mean",,59.434691,0.281169,,,1993,"dbeee517"
"mdsgnb20","null n500 (no subgroup; homogeneous +26)","Hc","mr","bound_q05",,39.057779,,,,1993,"dbeee517"
"mdsgnb20","null n500 (no subgroup; homogeneous +26)","Hc","mr","bound_q25",,51.262385,,,,1993,"dbeee517"
"mdsgnb20","null n500 (no subgroup; homogeneous +26)","Hc","mr","bound_q50",,59.532209,,,,1993,"dbeee517"
"mdsgnb20","null n500 (no subgroup; homogeneous +26)","Hc","mr","bound_q75",,67.698057,,,,1993,"dbeee517"
"mdsgnb20","null n500 (no subgroup; homogeneous +26)","Hc","mr","bound_q95",,81.153853,,,,1993,"dbeee517"
"mdsgnb20","null n500 (no subgroup; homogeneous +26)","Hc","naive","share_upper_le_tau",0,0.0050175615,0.00158271,0.00272774,0.00921185,1993,"dbeee517"
"mdsgnb20","null n500 (no subgroup; homogeneous +26)","Hc","naive","share_upper_le_tau",10,0.033617662,0.00403743,0.0265585,0.0424712,1993,"dbeee517"
"mdsgnb20","null n500 (no subgroup; homogeneous +26)","Hc","naive","share_upper_le_tau",20,0.17461114,0.00850377,0.158574,0.1919,1993,"dbeee517"
"mdsgnb20","null n500 (no subgroup; homogeneous +26)","Hc","naive","share_upper_le_tau",30,0.45559458,0.0111557,0.433836,0.477524,1993,"dbeee517"
"mdsgnb20","null n500 (no subgroup; homogeneous +26)","Hc","naive","share_upper_le_tau",40,0.76869042,0.00944537,0.749672,0.786676,1993,"dbeee517"
"mdsgnb20","null n500 (no subgroup; homogeneous +26)","Hc","naive","share_upper_le_tau",60,0.9919719,0.00199895,0.986999,0.995052,1993,"dbeee517"
"mdsgnb20","null n500 (no subgroup; homogeneous +26)","Hc","naive","share_upper_le_tau",80,1,0,0.998076,1,1993,"dbeee517"
"mdsgnb20","null n500 (no subgroup; homogeneous +26)","Hc","naive","share_upper_le_tau",100,1,0,0.998076,1,1993,"dbeee517"
"mdsgnb20","null n500 (no subgroup; homogeneous +26)","Hc","naive","bound_mean",,31.355013,0.268388,,,1993,"dbeee517"
"mdsgnb20","null n500 (no subgroup; homogeneous +26)","Hc","naive","bound_q05",,12.236514,,,,1993,"dbeee517"
"mdsgnb20","null n500 (no subgroup; homogeneous +26)","Hc","naive","bound_q25",,23.632159,,,,1993,"dbeee517"
"mdsgnb20","null n500 (no subgroup; homogeneous +26)","Hc","naive","bound_q50",,31.117922,,,,1993,"dbeee517"
"mdsgnb20","null n500 (no subgroup; homogeneous +26)","Hc","naive","bound_q75",,39.275968,,,,1993,"dbeee517"
"mdsgnb20","null n500 (no subgroup; homogeneous +26)","Hc","naive","bound_q95",,51.99425,,,,1993,"dbeee517"
"mdsgnb20","null n500 (no subgroup; homogeneous +26)","joint","bonf_s","joint_coverage",,0.93176116,0.00564826,0.91984,0.942021,1993,"dbeee517"
"mdsgnb20","null n500 (no subgroup; homogeneous +26)","joint","bonf_s","share_both_bounds",,1,0,0.998076,1,1993,"dbeee517"
"mdsgnb20","null n500 (no subgroup; homogeneous +26)","joint","bonf_s","cov_H",,0.9759157,0.00343415,0.968214,0.981787,1993,"dbeee517"
"mdsgnb20","null n500 (no subgroup; homogeneous +26)","joint","bonf_s","cov_Hc",,0.95434019,0.0046759,0.944269,0.962664,1993,"dbeee517"
"mdsgnb20","null n500 (no subgroup; homogeneous +26)","joint","bonf","joint_coverage",,0.93125941,0.00566746,0.919301,0.941558,1993,"dbeee517"
"mdsgnb20","null n500 (no subgroup; homogeneous +26)","joint","bonf","share_both_bounds",,1,0,0.998076,1,1993,"dbeee517"
"mdsgnb20","null n500 (no subgroup; homogeneous +26)","joint","bonf","cov_H",,0.9759157,0.00343415,0.968214,0.981787,1993,"dbeee517"
"mdsgnb20","null n500 (no subgroup; homogeneous +26)","joint","bonf","cov_Hc",,0.95383843,0.00470028,0.943721,0.96221,1993,"dbeee517"
"mdsgnb20","null n500 (no subgroup; homogeneous +26)","joint","separate_s","joint_coverage",,0.86853989,0.007569,0.852993,0.882669,1993,"dbeee517"
"mdsgnb20","null n500 (no subgroup; homogeneous +26)","joint","separate_s","share_both_bounds",,1,0,0.998076,1,1993,"dbeee517"
"mdsgnb20","null n500 (no subgroup; homogeneous +26)","joint","separate_s","cov_H",,0.9473156,0.0050042,0.936619,0.956291,1993,"dbeee517"
"mdsgnb20","null n500 (no subgroup; homogeneous +26)","joint","separate_s","cov_Hc",,0.91721024,0.00617261,0.904295,0.928521,1993,"dbeee517"
"mdsgnb20","null n500 (no subgroup; homogeneous +26)","joint","calibrated","gamma_mean_s",,0.025145008,8.35438e-06,,,1993,"dbeee517"
"mdsgnb20","null n500 (no subgroup; homogeneous +26)","joint","calibrated","corr_s",,0.088378486,0.00140263,,,1993,"dbeee517"
"mdsgnb20","null n500 (no subgroup; homogeneous +26)","joint","calibrated","gamma_mean",,0.025114902,7.45573e-06,,,1993,"dbeee517"
"mdsgnb20","null n500 (no subgroup; homogeneous +26)","joint","calibrated","corr",,0.091893408,0.00142549,,,1993,"dbeee517"
"mdsgnb20","null n500 (no subgroup; homogeneous +26)","H","all","mean_n_harm",,107.49222,0.66958,,,1993,"dbeee517"
"mdsgnb20","null n500 (no subgroup; homogeneous +26)","H","all","mean_n_sel",,107.49222,0.66958,,,1993,"dbeee517"
"mdsgnb20","null n500 (no subgroup; homogeneous +26)","H","all","sensitivity_mean",,,,,,0,"dbeee517"
"mdsgnb20","null n500 (no subgroup; homogeneous +26)","H","all","ppv_mean",,0,0,,,1993,"dbeee517"
"mdsgnb20","null n500 (no subgroup; homogeneous +26)","H","all","share_nharm_grew_vs_mdf1",,0.92523833,0.00589132,0.912856,0.935985,1993,"dbeee517"
"mdsgnb20","null n500 (no subgroup; homogeneous +26)","H","all","share_nharm_stayed_vs_mdf1",,0.074761666,0.00589132,0.0640151,0.0871444,1993,"dbeee517"
"mdsgnb20","null n500 (no subgroup; homogeneous +26)","H","all","share_nharm_shrank_vs_mdf1",,0,0,-1.0842e-19,0.00192377,1993,"dbeee517"
"mdsgnb20","null n500 (no subgroup; homogeneous +26)","H","all","p_hat_mean",,0.081854591,0.00140612,,,1993,"dbeee517"
"mdsgnb20","null n500 (no subgroup; homogeneous +26)","H","all","p_hat_share_lt_05",,0.99899649,0.000709234,0.996348,0.999725,1993,"dbeee517"
"mdsgnb20","null n500 (no subgroup; homogeneous +26)","Hc","mr","sd_btc_over_naive_se",,0.95556899,,,,1993,"dbeee517"
"mdsgnb20","null n500 (no subgroup; homogeneous +26)","Hc","fld","lamsd_over_naive_se",,0.97954058,,,,1993,"dbeee517"
"mdsgnb20","null n500 (no subgroup; homogeneous +26)","Hc","fld_s","lamsd_over_naive_se",,0.98171919,,,,1993,"dbeee517"
"mdsgnb20","null n500 (no subgroup; homogeneous +26)","Hc","fld_s","display_b",,-0.28954829,,,,1993,"dbeee517"
"mdsgnb20","null n500 (no subgroup; homogeneous +26)","Hc","fld_s","display_r",,1.008464,,,,1993,"dbeee517"
"mdsgnb20","null n500 (no subgroup; homogeneous +26)","Hc","fld_s","display_cov1",,0.91721024,,,,1993,"dbeee517"
"mdsgnb20","null n500 (no subgroup; homogeneous +26)","Hc","fld_s","display_cov1_ref",,0.91453589,,,,1993,"dbeee517"
"mdsgnb20","null n500 (no subgroup; homogeneous +26)","Hc","fld_s","display_cov2",,0.94179629,,,,1993,"dbeee517"
"mdsgnb20","null n500 (no subgroup; homogeneous +26)","Hc","fld_s","display_cov2_ref",,0.94247619,,,,1993,"dbeee517"
"mdsgnb20","null n500 (no subgroup; homogeneous +26)","H","naive","display_b",,3.7054173,,,,1993,"dbeee517"
"mdsgnb20","null n500 (no subgroup; homogeneous +26)","H","naive","display_r",,1.5732278,,,,1993,"dbeee517"
"mdsgnb20","null n500 (no subgroup; homogeneous +26)","H","naive","display_cov1_ref",,0.13185017,,,,1993,"dbeee517"
"mdsgnb20","null n500 (no subgroup; homogeneous +26)","H","naive","display_cov2_ref",,0.26698821,,,,1993,"dbeee517"
"mdsgnb20","null n500 (no subgroup; homogeneous +26)","H","mr","display_b",,0.8322096,,,,1993,"dbeee517"
"mdsgnb20","null n500 (no subgroup; homogeneous +26)","H","mr","display_r",,1.7243232,,,,1993,"dbeee517"
"mdsgnb20","null n500 (no subgroup; homogeneous +26)","H","mr","display_cov1_ref",,0.97746763,,,,1993,"dbeee517"
"mdsgnb20","null n500 (no subgroup; homogeneous +26)","H","mr","display_cov2_ref",,0.99456091,,,,1993,"dbeee517"
"mdsgnb20","null n500 (no subgroup; homogeneous +26)","H","fld","display_b",,0.37650821,,,,1993,"dbeee517"
"mdsgnb20","null n500 (no subgroup; homogeneous +26)","H","fld","display_r",,1.1868518,,,,1993,"dbeee517"
"mdsgnb20","null n500 (no subgroup; homogeneous +26)","H","fld","display_cov1_ref",,0.94245129,,,,1993,"dbeee517"
"mdsgnb20","null n500 (no subgroup; homogeneous +26)","H","fld","display_cov2_ref",,0.97095379,,,,1993,"dbeee517"
"mdsgnb20","null n500 (no subgroup; homogeneous +26)","Hc","naive","display_b",,-1.3665229,,,,1993,"dbeee517"
"mdsgnb20","null n500 (no subgroup; homogeneous +26)","Hc","naive","display_r",,1.0874925,,,,1993,"dbeee517"
"mdsgnb20","null n500 (no subgroup; homogeneous +26)","Hc","naive","display_cov1_ref",,0.66357619,,,,1993,"dbeee517"
"mdsgnb20","null n500 (no subgroup; homogeneous +26)","Hc","naive","display_cov2_ref",,0.77760695,,,,1993,"dbeee517"
"mdsgnb20","null n500 (no subgroup; homogeneous +26)","Hc","mr","display_b",,-0.46257544,,,,1993,"dbeee517"
"mdsgnb20","null n500 (no subgroup; homogeneous +26)","Hc","mr","display_r",,1.8884075,,,,1993,"dbeee517"
"mdsgnb20","null n500 (no subgroup; homogeneous +26)","Hc","mr","display_cov1_ref",,0.99589826,,,,1993,"dbeee517"
"mdsgnb20","null n500 (no subgroup; homogeneous +26)","Hc","mr","display_cov2_ref",,0.99938383,,,,1993,"dbeee517"
"mdsgnb20","null n500 (no subgroup; homogeneous +26)","Hc","fld","display_b",,-0.28805236,,,,1993,"dbeee517"
"mdsgnb20","null n500 (no subgroup; homogeneous +26)","Hc","fld","display_r",,1.0042817,,,,1993,"dbeee517"
"mdsgnb20","null n500 (no subgroup; homogeneous +26)","Hc","fld","display_cov1_ref",,0.91369166,,,,1993,"dbeee517"
"mdsgnb20","null n500 (no subgroup; homogeneous +26)","Hc","fld","display_cov2_ref",,0.94152832,,,,1993,"dbeee517"
"mdsgnb20","md40 n700","H","all","declaration_rate",,0.9995,0.000499875,0.997173,0.999912,2000,"f528d188"
"mdsgnb20","md40 n700","H","naive","bias_md",,60.86051,0.38493,,,1999,"f528d188"
"mdsgnb20","md40 n700","H","naive","bias_sd_units",,3.5865052,0.0226839,,,1999,"f528d188"
"mdsgnb20","md40 n700","H","naive","sd_emp",,16.969308,0.268443,,,1999,"f528d188"
"mdsgnb20","md40 n700","H","naive","se_mean",,24.929942,0.0952876,,,1999,"f528d188"
"mdsgnb20","md40 n700","H","naive","se_over_sd",,1.4691195,0.0239092,,,1999,"f528d188"
"mdsgnb20","md40 n700","H","naive","cov1_lower",,0.084542271,0.00622228,0.0731293,0.0975489,1999,"f528d188"
"mdsgnb20","md40 n700","H","naive","cov2",,0.2076038,0.00907157,0.190393,0.225936,1999,"f528d188"
"mdsgnb20","md40 n700","H","naive","halfwidth_md",,48.861788,,,,1999,"f528d188"
"mdsgnb20","md40 n700","H","naive","margin1_md",,41.006106,,,,1999,"f528d188"
"mdsgnb20","md40 n700","H","oracle","bias_md",,0.073550286,0.387803,,,1999,"f528d188"
"mdsgnb20","md40 n700","H","oracle","bias_sd_units",,0.0042419603,0.0223663,,,1999,"f528d188"
"mdsgnb20","md40 n700","H","oracle","sd_emp",,17.338749,0.274287,,,1999,"f528d188"
"mdsgnb20","md40 n700","H","oracle","se_mean",,16.771216,0.0204509,,,1999,"f528d188"
"mdsgnb20","md40 n700","H","oracle","se_over_sd",,0.96726794,0.0153469,,,1999,"f528d188"
"mdsgnb20","md40 n700","H","oracle","cov1_lower",,0.94097049,0.00527128,0.929768,0.950481,1999,"f528d188"
"mdsgnb20","md40 n700","H","oracle","cov2",,0.94297149,0.00518667,0.93193,0.952313,1999,"f528d188"
"mdsgnb20","md40 n700","H","oracle","halfwidth_md",,32.871584,,,,1999,"f528d188"
"mdsgnb20","md40 n700","H","oracle","margin1_md",,27.586196,,,,1999,"f528d188"
"mdsgnb20","md40 n700","H","mr","bias_md",,15.805981,0.444286,,,1999,"f528d188"
"mdsgnb20","md40 n700","H","mr","bias_sd_units",,0.80124155,0.0225219,,,1999,"f528d188"
"mdsgnb20","md40 n700","H","mr","sd_emp",,19.726861,0.312065,,,1999,"f528d188"
"mdsgnb20","md40 n700","H","mr","se_mean",,31.212046,0.106668,,,1999,"f528d188"
"mdsgnb20","md40 n700","H","mr","se_over_sd",,1.5822104,0.0256069,,,1999,"f528d188"
"mdsgnb20","md40 n700","H","mr","cov1_lower",,0.95797899,0.0044875,0.94827,0.965931,1999,"f528d188"
"mdsgnb20","md40 n700","H","mr","cov2",,0.985993,0.00262847,0.97983,0.990291,1999,"f528d188"
"mdsgnb20","md40 n700","H","mr","halfwidth_md",,61.174486,,,,1999,"f528d188"
"mdsgnb20","md40 n700","H","mr","margin1_md",,51.339247,,,,1999,"f528d188"
"mdsgnb20","md40 n700","H","fld","bias_md",,7.7246168,0.477367,,,1999,"f528d188"
"mdsgnb20","md40 n700","H","fld","bias_sd_units",,0.3634701,0.0224618,,,1999,"f528d188"
"mdsgnb20","md40 n700","H","fld","sd_emp",,21.252413,0.336198,,,1999,"f528d188"
"mdsgnb20","md40 n700","H","fld","se_mean",,24.52995,0.0389428,,,1999,"f528d188"
"mdsgnb20","md40 n700","H","fld","se_over_sd",,1.1542195,0.0183507,,,1999,"f528d188"
"mdsgnb20","md40 n700","H","fld","cov1_lower",,0.93946973,0.00533361,0.928149,0.949104,1999,"f528d188"
"mdsgnb20","md40 n700","H","fld","cov2",,0.95897949,0.00443607,0.949368,0.96683,1999,"f528d188"
"mdsgnb20","md40 n700","H","fld","halfwidth_md",,48.043941,,,,1999,"f528d188"
"mdsgnb20","md40 n700","H","fld","margin1_md",,50.285259,,,,1999,"f528d188"
"mdsgnb20","md40 n700","H","fld","share_lower_ge_tau",0,0.41870935,0.0110343,0.397259,0.440472,1999,"f528d188"
"mdsgnb20","md40 n700","H","fld","share_lower_ge_tau",10,0.24362181,0.0096011,0.225307,0.26292,1999,"f528d188"
"mdsgnb20","md40 n700","H","fld","share_lower_ge_tau",20,0.12456228,0.00738583,0.110802,0.139762,1999,"f528d188"
"mdsgnb20","md40 n700","H","fld","share_lower_ge_tau",30,0.069534767,0.00568911,0.0591901,0.0815307,1999,"f528d188"
"mdsgnb20","md40 n700","H","fld","share_lower_ge_tau",40,0.037018509,0.00422291,0.0295902,0.0462229,1999,"f528d188"
"mdsgnb20","md40 n700","H","fld","share_lower_ge_tau",60,0.0075037519,0.00193018,0.00455266,0.0123441,1999,"f528d188"
"mdsgnb20","md40 n700","H","fld","share_lower_ge_tau",80,0,0,1.0842e-19,0.001918,1999,"f528d188"
"mdsgnb20","md40 n700","H","fld","share_lower_ge_tau",100,0,0,1.0842e-19,0.001918,1999,"f528d188"
"mdsgnb20","md40 n700","H","fld","bound_mean",,-2.6036716,0.464797,,,1999,"f528d188"
"mdsgnb20","md40 n700","H","fld","bound_q05",,-33.425153,,,,1999,"f528d188"
"mdsgnb20","md40 n700","H","fld","bound_q25",,-16.49744,,,,1999,"f528d188"
"mdsgnb20","md40 n700","H","fld","bound_q50",,-4.2088444,,,,1999,"f528d188"
"mdsgnb20","md40 n700","H","fld","bound_q75",,9.40563,,,,1999,"f528d188"
"mdsgnb20","md40 n700","H","fld","bound_q95",,35.199377,,,,1999,"f528d188"
"mdsgnb20","md40 n700","H","oracle","share_lower_ge_tau",0,0.76338169,0.0095058,0.744257,0.781497,1999,"f528d188"
"mdsgnb20","md40 n700","H","oracle","share_lower_ge_tau",10,0.55227614,0.0111218,0.530398,0.573954,1999,"f528d188"
"mdsgnb20","md40 n700","H","oracle","share_lower_ge_tau",20,0.32166083,0.0104476,0.301543,0.342463,1999,"f528d188"
"mdsgnb20","md40 n700","H","oracle","share_lower_ge_tau",30,0.16458229,0.00829348,0.148974,0.181478,1999,"f528d188"
"mdsgnb20","md40 n700","H","oracle","share_lower_ge_tau",40,0.059029515,0.00527128,0.0495191,0.0702315,1999,"f528d188"
"mdsgnb20","md40 n700","H","oracle","share_lower_ge_tau",60,0.0035017509,0.00132122,0.00169728,0.00721079,1999,"f528d188"
"mdsgnb20","md40 n700","H","oracle","share_lower_ge_tau",80,0,0,1.0842e-19,0.001918,1999,"f528d188"
"mdsgnb20","md40 n700","H","oracle","share_lower_ge_tau",100,0,0,1.0842e-19,0.001918,1999,"f528d188"
"mdsgnb20","md40 n700","H","oracle","bound_mean",,12.487354,0.389472,,,1999,"f528d188"
"mdsgnb20","md40 n700","H","oracle","bound_q05",,-15.503077,,,,1999,"f528d188"
"mdsgnb20","md40 n700","H","oracle","bound_q25",,0.82683298,,,,1999,"f528d188"
"mdsgnb20","md40 n700","H","oracle","bound_q50",,12.043233,,,,1999,"f528d188"
"mdsgnb20","md40 n700","H","oracle","bound_q75",,23.954814,,,,1999,"f528d188"
"mdsgnb20","md40 n700","H","oracle","bound_q95",,41.502751,,,,1999,"f528d188"
"mdsgnb20","md40 n700","H","mr","share_lower_ge_tau",0,0.38869435,0.0109025,0.367559,0.410257,1999,"f528d188"
"mdsgnb20","md40 n700","H","mr","share_lower_ge_tau",10,0.2056028,0.00903914,0.188459,0.223876,1999,"f528d188"
"mdsgnb20","md40 n700","H","mr","share_lower_ge_tau",20,0.10155078,0.00675588,0.0890644,0.115566,1999,"f528d188"
"mdsgnb20","md40 n700","H","mr","share_lower_ge_tau",30,0.050525263,0.0048988,0.0417564,0.0610183,1999,"f528d188"
"mdsgnb20","md40 n700","H","mr","share_lower_ge_tau",40,0.017008504,0.00289202,0.0121968,0.023673,1999,"f528d188"
"mdsgnb20","md40 n700","H","mr","share_lower_ge_tau",60,0.0025012506,0.00111719,0.00106884,0.00584207,1999,"f528d188"
"mdsgnb20","md40 n700","H","mr","share_lower_ge_tau",80,0,0,1.0842e-19,0.001918,1999,"f528d188"
"mdsgnb20","md40 n700","H","mr","share_lower_ge_tau",100,0,0,1.0842e-19,0.001918,1999,"f528d188"
"mdsgnb20","md40 n700","H","mr","bound_mean",,-3.6576598,0.411892,,,1999,"f528d188"
"mdsgnb20","md40 n700","H","mr","bound_q05",,-31.672025,,,,1999,"f528d188"
"mdsgnb20","md40 n700","H","mr","bound_q25",,-15.945621,,,,1999,"f528d188"
"mdsgnb20","md40 n700","H","mr","bound_q50",,-4.6661143,,,,1999,"f528d188"
"mdsgnb20","md40 n700","H","mr","bound_q75",,6.992614,,,,1999,"f528d188"
"mdsgnb20","md40 n700","H","mr","bound_q95",,30.0648,,,,1999,"f528d188"
"mdsgnb20","md40 n700","H","naive","share_lower_ge_tau",0,1,0,0.998082,1,1999,"f528d188"
"mdsgnb20","md40 n700","H","naive","share_lower_ge_tau",10,0.99949975,0.000500125,0.997172,0.999912,1999,"f528d188"
"mdsgnb20","md40 n700","H","naive","share_lower_ge_tau",20,0.9889945,0.00233343,0.983392,0.992721,1999,"f528d188"
"mdsgnb20","md40 n700","H","naive","share_lower_ge_tau",30,0.93996998,0.00531294,0.928689,0.949563,1999,"f528d188"
"mdsgnb20","md40 n700","H","naive","share_lower_ge_tau",40,0.7823912,0.00922877,0.763771,0.799928,1999,"f528d188"
"mdsgnb20","md40 n700","H","naive","share_lower_ge_tau",60,0.25912956,0.00979994,0.240397,0.278786,1999,"f528d188"
"mdsgnb20","md40 n700","H","naive","share_lower_ge_tau",80,0.048024012,0.00478229,0.0394867,0.0582951,1999,"f528d188"
"mdsgnb20","md40 n700","H","naive","share_lower_ge_tau",100,0.0055027514,0.00165457,0.00307544,0.00982696,1999,"f528d188"
"mdsgnb20","md40 n700","H","naive","bound_mean",,51.730011,0.34169,,,1999,"f528d188"
"mdsgnb20","md40 n700","H","naive","bound_q05",,28.414234,,,,1999,"f528d188"
"mdsgnb20","md40 n700","H","naive","bound_q25",,41.45672,,,,1999,"f528d188"
"mdsgnb20","md40 n700","H","naive","bound_q50",,50.55967,,,,1999,"f528d188"
"mdsgnb20","md40 n700","H","naive","bound_q75",,60.441639,,,,1999,"f528d188"
"mdsgnb20","md40 n700","H","naive","bound_q95",,79.097228,,,,1999,"f528d188"
"mdsgnb20","md40 n700","Hc","naive","bias_md",,-11.59145,0.23276,,,1999,"f528d188"
"mdsgnb20","md40 n700","Hc","naive","bias_sd_units",,-1.1170556,0.0224309,,,1999,"f528d188"
"mdsgnb20","md40 n700","Hc","naive","sd_emp",,10.376789,0.164154,,,1999,"f528d188"
"mdsgnb20","md40 n700","Hc","naive","se_mean",,10.789081,0.0113057,,,1999,"f528d188"
"mdsgnb20","md40 n700","Hc","naive","se_over_sd",,1.0397321,0.0164839,,,1999,"f528d188"
"mdsgnb20","md40 n700","Hc","naive","cov1_upper",,0.72036018,0.0100385,0.700277,0.739598,1999,"f528d188"
"mdsgnb20","md40 n700","Hc","naive","cov2",,0.82241121,0.00854763,0.805044,0.838541,1999,"f528d188"
"mdsgnb20","md40 n700","Hc","naive","halfwidth_md",,21.14621,,,,1999,"f528d188"
"mdsgnb20","md40 n700","Hc","naive","margin1_md",,17.746459,,,,1999,"f528d188"
"mdsgnb20","md40 n700","Hc","oracle","bias_md",,0.18604661,0.270628,,,1999,"f528d188"
"mdsgnb20","md40 n700","Hc","oracle","bias_sd_units",,0.015375989,0.0223663,,,1999,"f528d188"
"mdsgnb20","md40 n700","Hc","oracle","sd_emp",,12.099814,0.191411,,,1999,"f528d188"
"mdsgnb20","md40 n700","Hc","oracle","se_mean",,12.179159,0.00996222,,,1999,"f528d188"
"mdsgnb20","md40 n700","Hc","oracle","se_over_sd",,1.0065575,0.0159443,,,1999,"f528d188"
"mdsgnb20","md40 n700","Hc","oracle","cov1_upper",,0.95497749,0.00463773,0.944982,0.963228,1999,"f528d188"
"mdsgnb20","md40 n700","Hc","oracle","cov2",,0.94997499,0.00487577,0.939526,0.958698,1999,"f528d188"
"mdsgnb20","md40 n700","Hc","oracle","halfwidth_md",,23.871151,,,,1999,"f528d188"
"mdsgnb20","md40 n700","Hc","oracle","margin1_md",,20.032933,,,,1999,"f528d188"
"mdsgnb20","md40 n700","Hc","mr","bias_md",,-3.7591177,0.238458,,,1999,"f528d188"
"mdsgnb20","md40 n700","Hc","mr","bias_sd_units",,-0.35367409,0.0224351,,,1999,"f528d188"
"mdsgnb20","md40 n700","Hc","mr","sd_emp",,10.628762,0.16814,,,1999,"f528d188"
"mdsgnb20","md40 n700","Hc","mr","se_mean",,19.937591,0.0177215,,,1999,"f528d188"
"mdsgnb20","md40 n700","Hc","mr","se_over_sd",,1.875815,0.0297209,,,1999,"f528d188"
"mdsgnb20","md40 n700","Hc","mr","cov1_upper",,0.993997,0.00172771,0.989536,0.996563,1999,"f528d188"
"mdsgnb20","md40 n700","Hc","mr","cov2",,0.99949975,0.000500125,0.997172,0.999912,1999,"f528d188"
"mdsgnb20","md40 n700","Hc","mr","halfwidth_md",,39.076961,,,,1999,"f528d188"
"mdsgnb20","md40 n700","Hc","mr","margin1_md",,32.794419,,,,1999,"f528d188"
"mdsgnb20","md40 n700","Hc","fld","bias_md",,-2.160637,0.241909,,,1999,"f528d188"
"mdsgnb20","md40 n700","Hc","fld","bias_sd_units",,-0.20039659,0.0224367,,,1999,"f528d188"
"mdsgnb20","md40 n700","Hc","fld","sd_emp",,10.781805,0.170561,,,1999,"f528d188"
"mdsgnb20","md40 n700","Hc","fld","se_mean",,10.610513,0.00888201,,,1999,"f528d188"
"mdsgnb20","md40 n700","Hc","fld","se_over_sd",,0.98411285,0.0155898,,,1999,"f528d188"
"mdsgnb20","md40 n700","Hc","fld","cov1_upper",,0.92596298,0.00585619,0.91365,0.936642,1999,"f528d188"
"mdsgnb20","md40 n700","Hc","fld","cov2",,0.94197099,0.0052292,0.930849,0.951398,1999,"f528d188"
"mdsgnb20","md40 n700","Hc","fld","halfwidth_md",,20.691831,,,,1999,"f528d188"
"mdsgnb20","md40 n700","Hc","fld","margin1_md",,19.041388,,,,1999,"f528d188"
"mdsgnb20","md40 n700","Hc","fld_s","bias_md",,-2.1684225,0.241629,,,1999,"f528d188"
"mdsgnb20","md40 n700","Hc","fld_s","bias_sd_units",,-0.20136339,0.0224381,,,1999,"f528d188"
"mdsgnb20","md40 n700","Hc","fld_s","sd_emp",,10.768703,0.170353,,,1999,"f528d188"
"mdsgnb20","md40 n700","Hc","fld_s","se_mean",,10.650391,0.0121281,,,1999,"f528d188"
"mdsgnb20","md40 n700","Hc","fld_s","se_over_sd",,0.98901335,0.015686,,,1999,"f528d188"
"mdsgnb20","md40 n700","Hc","fld_s","cov1_upper",,0.92796398,0.00578274,0.91579,0.938496,1999,"f528d188"
"mdsgnb20","md40 n700","Hc","fld_s","cov2",,0.94347174,0.00516524,0.932471,0.952771,1999,"f528d188"
"mdsgnb20","md40 n700","Hc","fld_s","halfwidth_md",,20.773651,,,,1999,"f528d188"
"mdsgnb20","md40 n700","Hc","fld_s","margin1_md",,19.074603,,,,1999,"f528d188"
"mdsgnb20","md40 n700","Hc","fld_s","share_upper_le_tau",0,0,0,1.0842e-19,0.001918,1999,"f528d188"
"mdsgnb20","md40 n700","Hc","fld_s","share_upper_le_tau",10,0.00050025013,0.000500125,8.83119e-05,0.00282827,1999,"f528d188"
"mdsgnb20","md40 n700","Hc","fld_s","share_upper_le_tau",20,0.0095047524,0.00217015,0.00609329,0.0147978,1999,"f528d188"
"mdsgnb20","md40 n700","Hc","fld_s","share_upper_le_tau",30,0.063031516,0.00543544,0.0531936,0.0745456,1999,"f528d188"
"mdsgnb20","md40 n700","Hc","fld_s","share_upper_le_tau",40,0.29014507,0.0101505,0.270668,0.310427,1999,"f528d188"
"mdsgnb20","md40 n700","Hc","fld_s","share_upper_le_tau",60,0.90245123,0.00663615,0.888662,0.914696,1999,"f528d188"
"mdsgnb20","md40 n700","Hc","fld_s","share_upper_le_tau",80,0.9989995,0.000707107,0.996359,0.999726,1999,"f528d188"
"mdsgnb20","md40 n700","Hc","fld_s","share_upper_le_tau",100,1,0,0.998082,1,1999,"f528d188"
"mdsgnb20","md40 n700","Hc","fld_s","bound_mean",,46.09824,0.24008,,,1999,"f528d188"
"mdsgnb20","md40 n700","Hc","fld_s","bound_q05",,28.883899,,,,1999,"f528d188"
"mdsgnb20","md40 n700","Hc","fld_s","bound_q25",,38.891679,,,,1999,"f528d188"
"mdsgnb20","md40 n700","Hc","fld_s","bound_q50",,45.908922,,,,1999,"f528d188"
"mdsgnb20","md40 n700","Hc","fld_s","bound_q75",,53.544634,,,,1999,"f528d188"
"mdsgnb20","md40 n700","Hc","fld_s","bound_q95",,63.546687,,,,1999,"f528d188"
"mdsgnb20","md40 n700","Hc","oracle","share_upper_le_tau",0,0,0,1.0842e-19,0.001918,1999,"f528d188"
"mdsgnb20","md40 n700","Hc","oracle","share_upper_le_tau",10,0.0015007504,0.000865808,0.000510519,0.00440323,1999,"f528d188"
"mdsgnb20","md40 n700","Hc","oracle","share_upper_le_tau",20,0.011505753,0.00238527,0.00767907,0.0172063,1999,"f528d188"
"mdsgnb20","md40 n700","Hc","oracle","share_upper_le_tau",30,0.086043022,0.00627212,0.07453,0.099144,1999,"f528d188"
"mdsgnb20","md40 n700","Hc","oracle","share_upper_le_tau",40,0.29464732,0.0101964,0.275072,0.315011,1999,"f528d188"
"mdsgnb20","md40 n700","Hc","oracle","share_upper_le_tau",60,0.87193597,0.00747394,0.856571,0.885875,1999,"f528d188"
"mdsgnb20","md40 n700","Hc","oracle","share_upper_le_tau",80,0.99649825,0.00132122,0.992789,0.998303,1999,"f528d188"
"mdsgnb20","md40 n700","Hc","oracle","share_upper_le_tau",100,1,0,0.998082,1,1999,"f528d188"
"mdsgnb20","md40 n700","Hc","oracle","bound_mean",,46.474216,0.270617,,,1999,"f528d188"
"mdsgnb20","md40 n700","Hc","oracle","bound_q05",,27.230698,,,,1999,"f528d188"
"mdsgnb20","md40 n700","Hc","oracle","bound_q25",,38.443349,,,,1999,"f528d188"
"mdsgnb20","md40 n700","Hc","oracle","bound_q50",,46.551704,,,,1999,"f528d188"
"mdsgnb20","md40 n700","Hc","oracle","bound_q75",,54.628078,,,,1999,"f528d188"
"mdsgnb20","md40 n700","Hc","oracle","bound_q95",,66.5023,,,,1999,"f528d188"
"mdsgnb20","md40 n700","Hc","fld","share_upper_le_tau",0,0,0,1.0842e-19,0.001918,1999,"f528d188"
"mdsgnb20","md40 n700","Hc","fld","share_upper_le_tau",10,0.00050025013,0.000500125,8.83119e-05,0.00282827,1999,"f528d188"
"mdsgnb20","md40 n700","Hc","fld","share_upper_le_tau",20,0.0095047524,0.00217015,0.00609329,0.0147978,1999,"f528d188"
"mdsgnb20","md40 n700","Hc","fld","share_upper_le_tau",30,0.066033017,0.00555444,0.0559575,0.0777732,1999,"f528d188"
"mdsgnb20","md40 n700","Hc","fld","share_upper_le_tau",40,0.29364682,0.0101863,0.274093,0.313992,1999,"f528d188"
"mdsgnb20","md40 n700","Hc","fld","share_upper_le_tau",60,0.90245123,0.00663615,0.888662,0.914696,1999,"f528d188"
"mdsgnb20","md40 n700","Hc","fld","share_upper_le_tau",80,0.9989995,0.000707107,0.996359,0.999726,1999,"f528d188"
"mdsgnb20","md40 n700","Hc","fld","share_upper_le_tau",100,1,0,0.998082,1,1999,"f528d188"
"mdsgnb20","md40 n700","Hc","fld","bound_mean",,46.065025,0.24224,,,1999,"f528d188"
"mdsgnb20","md40 n700","Hc","fld","bound_q05",,28.722325,,,,1999,"f528d188"
"mdsgnb20","md40 n700","Hc","fld","bound_q25",,38.88896,,,,1999,"f528d188"
"mdsgnb20","md40 n700","Hc","fld","bound_q50",,45.950642,,,,1999,"f528d188"
"mdsgnb20","md40 n700","Hc","fld","bound_q75",,53.603564,,,,1999,"f528d188"
"mdsgnb20","md40 n700","Hc","fld","bound_q95",,63.474493,,,,1999,"f528d188"
"mdsgnb20","md40 n700","Hc","mr","share_upper_le_tau",0,0,0,1.0842e-19,0.001918,1999,"f528d188"
"mdsgnb20","md40 n700","Hc","mr","share_upper_le_tau",10,0,0,1.0842e-19,0.001918,1999,"f528d188"
"mdsgnb20","md40 n700","Hc","mr","share_upper_le_tau",20,0.00050025013,0.000500125,8.83119e-05,0.00282827,1999,"f528d188"
"mdsgnb20","md40 n700","Hc","mr","share_upper_le_tau",30,0.0045022511,0.00149737,0.00237047,0.00853477,1999,"f528d188"
"mdsgnb20","md40 n700","Hc","mr","share_upper_le_tau",40,0.025012506,0.00349278,0.019024,0.0328231,1999,"f528d188"
"mdsgnb20","md40 n700","Hc","mr","share_upper_le_tau",60,0.51675838,0.0111769,0.494841,0.538611,1999,"f528d188"
"mdsgnb20","md40 n700","Hc","mr","share_upper_le_tau",80,0.97148574,0.00372257,0.963236,0.977926,1999,"f528d188"
"mdsgnb20","md40 n700","Hc","mr","share_upper_le_tau",100,1,0,0.998082,1,1999,"f528d188"
"mdsgnb20","md40 n700","Hc","mr","bound_mean",,59.818056,0.236627,,,1999,"f528d188"
"mdsgnb20","md40 n700","Hc","mr","bound_q05",,42.907406,,,,1999,"f528d188"
"mdsgnb20","md40 n700","Hc","mr","bound_q25",,52.605272,,,,1999,"f528d188"
"mdsgnb20","md40 n700","Hc","mr","bound_q50",,59.608325,,,,1999,"f528d188"
"mdsgnb20","md40 n700","Hc","mr","bound_q75",,67.184271,,,,1999,"f528d188"
"mdsgnb20","md40 n700","Hc","mr","bound_q95",,76.938137,,,,1999,"f528d188"
"mdsgnb20","md40 n700","Hc","naive","share_upper_le_tau",0,0.00050025013,0.000500125,8.83119e-05,0.00282827,1999,"f528d188"
"mdsgnb20","md40 n700","Hc","naive","share_upper_le_tau",10,0.0075037519,0.00193018,0.00455266,0.0123441,1999,"f528d188"
"mdsgnb20","md40 n700","Hc","naive","share_upper_le_tau",20,0.048024012,0.00478229,0.0394867,0.0582951,1999,"f528d188"
"mdsgnb20","md40 n700","Hc","naive","share_upper_le_tau",30,0.24412206,0.00960778,0.225794,0.263432,1999,"f528d188"
"mdsgnb20","md40 n700","Hc","naive","share_upper_le_tau",40,0.62531266,0.0108262,0.603872,0.646272,1999,"f528d188"
"mdsgnb20","md40 n700","Hc","naive","share_upper_le_tau",60,0.987994,0.00243596,0.982197,0.991919,1999,"f528d188"
"mdsgnb20","md40 n700","Hc","naive","share_upper_le_tau",80,1,0,0.998082,1,1999,"f528d188"
"mdsgnb20","md40 n700","Hc","naive","share_upper_le_tau",100,1,0,0.998082,1,1999,"f528d188"
"mdsgnb20","md40 n700","Hc","naive","bound_mean",,36.937764,0.230567,,,1999,"f528d188"
"mdsgnb20","md40 n700","Hc","naive","bound_q05",,20.166293,,,,1999,"f528d188"
"mdsgnb20","md40 n700","Hc","naive","bound_q25",,30.175008,,,,1999,"f528d188"
"mdsgnb20","md40 n700","Hc","naive","bound_q50",,36.7533,,,,1999,"f528d188"
"mdsgnb20","md40 n700","Hc","naive","bound_q75",,43.970231,,,,1999,"f528d188"
"mdsgnb20","md40 n700","Hc","naive","bound_q95",,53.90927,,,,1999,"f528d188"
"mdsgnb20","md40 n700","joint","bonf_s","joint_coverage",,0.92746373,0.00580122,0.915255,0.938033,1999,"f528d188"
"mdsgnb20","md40 n700","joint","bonf_s","share_both_bounds",,1,0,0.998082,1,1999,"f528d188"
"mdsgnb20","md40 n700","joint","bonf_s","cov_H",,0.96348174,0.00419537,0.95433,0.970856,1999,"f528d188"
"mdsgnb20","md40 n700","joint","bonf_s","cov_Hc",,0.96248124,0.00425025,0.953225,0.969964,1999,"f528d188"
"mdsgnb20","md40 n700","joint","bonf","joint_coverage",,0.92596298,0.00585619,0.91365,0.936642,1999,"f528d188"
"mdsgnb20","md40 n700","joint","bonf","share_both_bounds",,1,0,0.998082,1,1999,"f528d188"
"mdsgnb20","md40 n700","joint","bonf","cov_H",,0.96348174,0.00419537,0.95433,0.970856,1999,"f528d188"
"mdsgnb20","md40 n700","joint","bonf","cov_Hc",,0.96098049,0.00433104,0.95157,0.968623,1999,"f528d188"
"mdsgnb20","md40 n700","joint","separate_s","joint_coverage",,0.86943472,0.00753574,0.853954,0.883499,1999,"f528d188"
"mdsgnb20","md40 n700","joint","separate_s","share_both_bounds",,1,0,0.998082,1,1999,"f528d188"
"mdsgnb20","md40 n700","joint","separate_s","cov_H",,0.93946973,0.00533361,0.928149,0.949104,1999,"f528d188"
"mdsgnb20","md40 n700","joint","separate_s","cov_Hc",,0.92796398,0.00578274,0.91579,0.938496,1999,"f528d188"
"mdsgnb20","md40 n700","joint","calibrated","gamma_mean_s",,0.025148574,8.20483e-06,,,1999,"f528d188"
"mdsgnb20","md40 n700","joint","calibrated","corr_s",,0.088487605,0.00127685,,,1999,"f528d188"
"mdsgnb20","md40 n700","joint","calibrated","gamma_mean",,0.025116558,7.35129e-06,,,1999,"f528d188"
"mdsgnb20","md40 n700","joint","calibrated","corr",,0.091899068,0.00129417,,,1999,"f528d188"
"mdsgnb20","md40 n700","H","all","mean_n_harm",,117.9905,0.846826,,,1999,"f528d188"
"mdsgnb20","md40 n700","H","all","mean_n_sel",,117.9905,0.846826,,,1999,"f528d188"
"mdsgnb20","md40 n700","H","all","sensitivity_mean",,0.20414191,0.00322774,,,1999,"f528d188"
"mdsgnb20","md40 n700","H","all","ppv_mean",,0.41009499,0.00552929,,,1999,"f528d188"
"mdsgnb20","md40 n700","H","all","share_nharm_grew_vs_mdf1",,0.92446223,0.00591045,0.912046,0.93525,1999,"f528d188"
"mdsgnb20","md40 n700","H","all","share_nharm_stayed_vs_mdf1",,0.075537769,0.00591045,0.0647501,0.0879536,1999,"f528d188"
"mdsgnb20","md40 n700","H","all","share_nharm_shrank_vs_mdf1",,0,0,1.0842e-19,0.001918,1999,"f528d188"
"mdsgnb20","md40 n700","H","all","p_hat_mean",,0.07995958,0.00133159,,,1999,"f528d188"
"mdsgnb20","md40 n700","H","all","p_hat_share_lt_05",,0.99949975,0.000500125,0.997172,0.999912,1999,"f528d188"
"mdsgnb20","md40 n700","Hc","mr","sd_btc_over_naive_se",,0.98514062,,,,1999,"f528d188"
"mdsgnb20","md40 n700","Hc","fld","lamsd_over_naive_se",,0.98344923,,,,1999,"f528d188"
"mdsgnb20","md40 n700","Hc","fld_s","lamsd_over_naive_se",,0.98714534,,,,1999,"f528d188"
"mdsgnb20","md40 n700","Hc","fld_s","display_b",,-0.20136339,,,,1999,"f528d188"
"mdsgnb20","md40 n700","Hc","fld_s","display_r",,0.98901335,,,,1999,"f528d188"
"mdsgnb20","md40 n700","Hc","fld_s","display_cov1",,0.92796398,,,,1999,"f528d188"
"mdsgnb20","md40 n700","Hc","fld_s","display_cov1_ref",,0.92298191,,,,1999,"f528d188"
"mdsgnb20","md40 n700","Hc","fld_s","display_cov2",,0.94347174,,,,1999,"f528d188"
"mdsgnb20","md40 n700","Hc","fld_s","display_cov2_ref",,0.94262663,,,,1999,"f528d188"
"mdsgnb20","md40 n700","H","naive","display_b",,3.5865052,,,,1999,"f528d188"
"mdsgnb20","md40 n700","H","naive","display_r",,1.4691195,,,,1999,"f528d188"
"mdsgnb20","md40 n700","H","naive","display_cov1_ref",,0.12099675,,,,1999,"f528d188"
"mdsgnb20","md40 n700","H","naive","display_cov2_ref",,0.23975722,,,,1999,"f528d188"
"mdsgnb20","md40 n700","H","mr","display_b",,0.80124155,,,,1999,"f528d188"
"mdsgnb20","md40 n700","H","mr","display_r",,1.5822104,,,,1999,"f528d188"
"mdsgnb20","md40 n700","H","mr","display_cov1_ref",,0.96416928,,,,1999,"f528d188"
"mdsgnb20","md40 n700","H","mr","display_cov2_ref",,0.98922355,,,,1999,"f528d188"
"mdsgnb20","md40 n700","H","fld","display_b",,0.3634701,,,,1999,"f528d188"
"mdsgnb20","md40 n700","H","fld","display_r",,1.1542195,,,,1999,"f528d188"
"mdsgnb20","md40 n700","H","fld","display_cov1_ref",,0.93761448,,,,1999,"f528d188"
"mdsgnb20","md40 n700","H","fld","display_cov2_ref",,0.96687832,,,,1999,"f528d188"
"mdsgnb20","md40 n700","Hc","naive","display_b",,-1.1170556,,,,1999,"f528d188"
"mdsgnb20","md40 n700","Hc","naive","display_r",,1.0397321,,,,1999,"f528d188"
"mdsgnb20","md40 n700","Hc","naive","display_cov1_ref",,0.72346016,,,,1999,"f528d188"
"mdsgnb20","md40 n700","Hc","naive","display_cov2_ref",,0.82061509,,,,1999,"f528d188"
"mdsgnb20","md40 n700","Hc","mr","display_b",,-0.35367409,,,,1999,"f528d188"
"mdsgnb20","md40 n700","Hc","mr","display_r",,1.875815,,,,1999,"f528d188"
"mdsgnb20","md40 n700","Hc","mr","display_cov1_ref",,0.99685022,,,,1999,"f528d188"
"mdsgnb20","md40 n700","Hc","mr","display_cov2_ref",,0.99952663,,,,1999,"f528d188"
"mdsgnb20","md40 n700","Hc","fld","display_b",,-0.20039659,,,,1999,"f528d188"
"mdsgnb20","md40 n700","Hc","fld","display_r",,0.98411285,,,,1999,"f528d188"
"mdsgnb20","md40 n700","Hc","fld","display_cov1_ref",,0.92195205,,,,1999,"f528d188"
"mdsgnb20","md40 n700","Hc","fld","display_cov2_ref",,0.94142641,,,,1999,"f528d188"
