"campaign","identifier","cell","block","estimator","metric","tau","value","mc_se","wilson_lo","wilson_hi","n","commit"
"mdgrf","grf","md40 n500","H","all","declaration_rate",,1,0,0.998083,1,2000,"c4c49572"
"mdgrf","grf","md40 n500","H","naive","bias_md",,58.623768,0.400804,,,2000,"c4c49572"
"mdgrf","grf","md40 n500","H","naive","bias_sd_units",,3.2933113,0.022516,,,2000,"c4c49572"
"mdgrf","grf","md40 n500","H","naive","sd_emp",,17.800858,0.281527,,,2000,"c4c49572"
"mdgrf","grf","md40 n500","H","naive","se_mean",,25.810417,0.0976926,,,2000,"c4c49572"
"mdgrf","grf","md40 n500","H","naive","se_over_sd",,1.4499535,0.0235791,,,2000,"c4c49572"
"mdgrf","grf","md40 n500","H","naive","cov1_lower",,0.158,0.00815586,0.142672,0.174639,2000,"c4c49572"
"mdgrf","grf","md40 n500","H","naive","cov2",,0.32,0.0104307,0.299918,0.340772,2000,"c4c49572"
"mdgrf","grf","md40 n500","H","naive","halfwidth_md",,50.587488,,,,2000,"c4c49572"
"mdgrf","grf","md40 n500","H","naive","margin1_md",,42.454358,,,,2000,"c4c49572"
"mdgrf","grf","md40 n500","H","oracle","bias_md",,-0.68368566,0.446965,,,2000,"c4c49572"
"mdgrf","grf","md40 n500","H","oracle","bias_sd_units",,-0.034203281,0.0223607,,,2000,"c4c49572"
"mdgrf","grf","md40 n500","H","oracle","sd_emp",,19.988891,0.316131,,,2000,"c4c49572"
"mdgrf","grf","md40 n500","H","oracle","se_mean",,19.806709,0.027273,,,2000,"c4c49572"
"mdgrf","grf","md40 n500","H","oracle","se_over_sd",,0.99088583,0.0157305,,,2000,"c4c49572"
"mdgrf","grf","md40 n500","H","oracle","cov1_lower",,0.9525,0.00475625,0.942279,0.960986,2000,"c4c49572"
"mdgrf","grf","md40 n500","H","oracle","cov2",,0.943,0.00518416,0.931964,0.952337,2000,"c4c49572"
"mdgrf","grf","md40 n500","H","oracle","halfwidth_md",,38.821149,,,,2000,"c4c49572"
"mdgrf","grf","md40 n500","H","oracle","margin1_md",,32.579137,,,,2000,"c4c49572"
"mdgrf","grf","md40 n500","H","mr","bias_md",,15.421959,0.464994,,,2000,"c4c49572"
"mdgrf","grf","md40 n500","H","mr","bias_sd_units",,0.74489256,0.0224596,,,2000,"c4c49572"
"mdgrf","grf","md40 n500","H","mr","sd_emp",,20.703601,0.327435,,,2000,"c4c49572"
"mdgrf","grf","md40 n500","H","mr","se_mean",,33.70335,0.109474,,,2000,"c4c49572"
"mdgrf","grf","md40 n500","H","mr","se_over_sd",,1.6278979,0.0262832,,,2000,"c4c49572"
"mdgrf","grf","md40 n500","H","mr","cov1_lower",,0.9685,0.00390562,0.959902,0.975302,2000,"c4c49572"
"mdgrf","grf","md40 n500","H","mr","cov2",,0.9915,0.00205277,0.986429,0.994686,2000,"c4c49572"
"mdgrf","grf","md40 n500","H","mr","halfwidth_md",,66.057353,,,,2000,"c4c49572"
"mdgrf","grf","md40 n500","H","mr","margin1_md",,55.437078,,,,2000,"c4c49572"
"mdgrf","grf","md40 n500","H","fld","bias_md",,7.4003715,0.498814,,,2000,"c4c49572"
"mdgrf","grf","md40 n500","H","fld","bias_sd_units",,0.33289839,0.0224387,,,2000,"c4c49572"
"mdgrf","grf","md40 n500","H","fld","sd_emp",,22.230121,0.351577,,,2000,"c4c49572"
"mdgrf","grf","md40 n500","H","fld","se_mean",,25.195653,0.0401121,,,2000,"c4c49572"
"mdgrf","grf","md40 n500","H","fld","se_over_sd",,1.1334015,0.0180157,,,2000,"c4c49572"
"mdgrf","grf","md40 n500","H","fld","cov1_lower",,0.939,0.00535159,0.927646,0.948671,2000,"c4c49572"
"mdgrf","grf","md40 n500","H","fld","cov2",,0.9645,0.00413762,0.955459,0.97176,2000,"c4c49572"
"mdgrf","grf","md40 n500","H","fld","halfwidth_md",,49.325421,,,,2000,"c4c49572"
"mdgrf","grf","md40 n500","H","fld","margin1_md",,51.16788,,,,2000,"c4c49572"
"mdgrf","grf","md40 n500","H","fld","share_lower_ge_tau",0,0.3965,0.0109382,0.37528,0.418117,2000,"c4c49572"
"mdgrf","grf","md40 n500","H","fld","share_lower_ge_tau",10,0.236,0.00949484,0.217908,0.255105,2000,"c4c49572"
"mdgrf","grf","md40 n500","H","fld","share_lower_ge_tau",20,0.126,0.00742038,0.11217,0.141264,2000,"c4c49572"
"mdgrf","grf","md40 n500","H","fld","share_lower_ge_tau",30,0.0665,0.00557125,0.0563904,0.0782716,2000,"c4c49572"
"mdgrf","grf","md40 n500","H","fld","share_lower_ge_tau",40,0.032,0.00393548,0.0251391,0.0406552,2000,"c4c49572"
"mdgrf","grf","md40 n500","H","fld","share_lower_ge_tau",60,0.007,0.00186427,0.00417435,0.0117159,2000,"c4c49572"
"mdgrf","grf","md40 n500","H","fld","share_lower_ge_tau",80,0.001,0.000706753,0.000274279,0.00363893,2000,"c4c49572"
"mdgrf","grf","md40 n500","H","fld","share_lower_ge_tau",100,0,0,1.0842e-19,0.00191705,2000,"c4c49572"
"mdgrf","grf","md40 n500","H","fld","bound_mean",,-4.1538083,0.490267,,,2000,"c4c49572"
"mdgrf","grf","md40 n500","H","fld","bound_q05",,-37.867409,,,,2000,"c4c49572"
"mdgrf","grf","md40 n500","H","fld","bound_q25",,-19.248455,,,,2000,"c4c49572"
"mdgrf","grf","md40 n500","H","fld","bound_q50",,-5.3010065,,,,2000,"c4c49572"
"mdgrf","grf","md40 n500","H","fld","bound_q75",,9.163763,,,,2000,"c4c49572"
"mdgrf","grf","md40 n500","H","fld","bound_q95",,33.517419,,,,2000,"c4c49572"
"mdgrf","grf","md40 n500","H","oracle","share_lower_ge_tau",0,0.638,0.0107461,0.616692,0.658779,2000,"c4c49572"
"mdgrf","grf","md40 n500","H","oracle","share_lower_ge_tau",10,0.442,0.0111049,0.420367,0.463856,2000,"c4c49572"
"mdgrf","grf","md40 n500","H","oracle","share_lower_ge_tau",20,0.2515,0.00970175,0.232974,0.270979,2000,"c4c49572"
"mdgrf","grf","md40 n500","H","oracle","share_lower_ge_tau",30,0.1185,0.00722695,0.105061,0.133401,2000,"c4c49572"
"mdgrf","grf","md40 n500","H","oracle","share_lower_ge_tau",40,0.0475,0.00475625,0.039014,0.0577209,2000,"c4c49572"
"mdgrf","grf","md40 n500","H","oracle","share_lower_ge_tau",60,0.003,0.00122291,0.00137563,0.00652992,2000,"c4c49572"
"mdgrf","grf","md40 n500","H","oracle","share_lower_ge_tau",80,0,0,1.0842e-19,0.00191705,2000,"c4c49572"
"mdgrf","grf","md40 n500","H","oracle","share_lower_ge_tau",100,0,0,1.0842e-19,0.00191705,2000,"c4c49572"
"mdgrf","grf","md40 n500","H","oracle","bound_mean",,6.7371775,0.448601,,,2000,"c4c49572"
"mdgrf","grf","md40 n500","H","oracle","bound_q05",,-26.99226,,,,2000,"c4c49572"
"mdgrf","grf","md40 n500","H","oracle","bound_q25",,-5.8958512,,,,2000,"c4c49572"
"mdgrf","grf","md40 n500","H","oracle","bound_q50",,7.2749263,,,,2000,"c4c49572"
"mdgrf","grf","md40 n500","H","oracle","bound_q75",,20.085894,,,,2000,"c4c49572"
"mdgrf","grf","md40 n500","H","oracle","bound_q95",,39.777305,,,,2000,"c4c49572"
"mdgrf","grf","md40 n500","H","mr","share_lower_ge_tau",0,0.318,0.0104134,0.297956,0.338742,2000,"c4c49572"
"mdgrf","grf","md40 n500","H","mr","share_lower_ge_tau",10,0.167,0.00833999,0.151295,0.183981,2000,"c4c49572"
"mdgrf","grf","md40 n500","H","mr","share_lower_ge_tau",20,0.075,0.00588961,0.0642536,0.0873758,2000,"c4c49572"
"mdgrf","grf","md40 n500","H","mr","share_lower_ge_tau",30,0.034,0.00405241,0.0269083,0.0428784,2000,"c4c49572"
"mdgrf","grf","md40 n500","H","mr","share_lower_ge_tau",40,0.013,0.00253288,0.0088869,0.0189803,2000,"c4c49572"
"mdgrf","grf","md40 n500","H","mr","share_lower_ge_tau",60,0.001,0.000706753,0.000274279,0.00363893,2000,"c4c49572"
"mdgrf","grf","md40 n500","H","mr","share_lower_ge_tau",80,0,0,1.0842e-19,0.00191705,2000,"c4c49572"
"mdgrf","grf","md40 n500","H","mr","share_lower_ge_tau",100,0,0,1.0842e-19,0.00191705,2000,"c4c49572"
"mdgrf","grf","md40 n500","H","mr","bound_mean",,-8.4230063,0.439215,,,2000,"c4c49572"
"mdgrf","grf","md40 n500","H","mr","bound_q05",,-39.668654,,,,2000,"c4c49572"
"mdgrf","grf","md40 n500","H","mr","bound_q25",,-21.403009,,,,2000,"c4c49572"
"mdgrf","grf","md40 n500","H","mr","bound_q50",,-9.1116172,,,,2000,"c4c49572"
"mdgrf","grf","md40 n500","H","mr","bound_q75",,3.9950989,,,,2000,"c4c49572"
"mdgrf","grf","md40 n500","H","mr","bound_q95",,24.812301,,,,2000,"c4c49572"
"mdgrf","grf","md40 n500","H","naive","share_lower_ge_tau",0,0.999,0.000706753,0.996361,0.999726,2000,"c4c49572"
"mdgrf","grf","md40 n500","H","naive","share_lower_ge_tau",10,0.9935,0.00179691,0.98891,0.996197,2000,"c4c49572"
"mdgrf","grf","md40 n500","H","naive","share_lower_ge_tau",20,0.963,0.00422084,0.9538,0.970425,2000,"c4c49572"
"mdgrf","grf","md40 n500","H","naive","share_lower_ge_tau",30,0.867,0.00759312,0.851412,0.881181,2000,"c4c49572"
"mdgrf","grf","md40 n500","H","naive","share_lower_ge_tau",40,0.6715,0.0105021,0.650605,0.691738,2000,"c4c49572"
"mdgrf","grf","md40 n500","H","naive","share_lower_ge_tau",60,0.212,0.00913937,0.194648,0.230456,2000,"c4c49572"
"mdgrf","grf","md40 n500","H","naive","share_lower_ge_tau",80,0.0335,0.00402354,0.0264653,0.0423233,2000,"c4c49572"
"mdgrf","grf","md40 n500","H","naive","share_lower_ge_tau",100,0.0035,0.00132056,0.00169643,0.0072072,2000,"c4c49572"
"mdgrf","grf","md40 n500","H","naive","bound_mean",,47.761523,0.367761,,,2000,"c4c49572"
"mdgrf","grf","md40 n500","H","naive","bound_q05",,21.992802,,,,2000,"c4c49572"
"mdgrf","grf","md40 n500","H","naive","bound_q25",,36.677964,,,,2000,"c4c49572"
"mdgrf","grf","md40 n500","H","naive","bound_q50",,46.997544,,,,2000,"c4c49572"
"mdgrf","grf","md40 n500","H","naive","bound_q75",,58.040442,,,,2000,"c4c49572"
"mdgrf","grf","md40 n500","H","naive","bound_q95",,76.049928,,,,2000,"c4c49572"
"mdgrf","grf","md40 n500","Hc","naive","bias_md",,-16.314654,0.27348,,,2000,"c4c49572"
"mdgrf","grf","md40 n500","Hc","naive","bias_sd_units",,-1.3335963,0.0223549,,,2000,"c4c49572"
"mdgrf","grf","md40 n500","Hc","naive","sd_emp",,12.233578,0.193478,,,2000,"c4c49572"
"mdgrf","grf","md40 n500","Hc","naive","se_mean",,13.185353,0.0182069,,,2000,"c4c49572"
"mdgrf","grf","md40 n500","Hc","naive","se_over_sd",,1.0778003,0.0171106,,,2000,"c4c49572"
"mdgrf","grf","md40 n500","Hc","naive","cov1_upper",,0.677,0.0104564,0.656183,0.697138,2000,"c4c49572"
"mdgrf","grf","md40 n500","Hc","naive","cov2",,0.799,0.008961,0.780871,0.815983,2000,"c4c49572"
"mdgrf","grf","md40 n500","Hc","naive","halfwidth_md",,25.842817,,,,2000,"c4c49572"
"mdgrf","grf","md40 n500","Hc","naive","margin1_md",,21.687976,,,,2000,"c4c49572"
"mdgrf","grf","md40 n500","Hc","oracle","bias_md",,-0.30099035,0.321757,,,2000,"c4c49572"
"mdgrf","grf","md40 n500","Hc","oracle","bias_sd_units",,-0.020917482,0.0223607,,,2000,"c4c49572"
"mdgrf","grf","md40 n500","Hc","oracle","sd_emp",,14.389416,0.227574,,,2000,"c4c49572"
"mdgrf","grf","md40 n500","Hc","oracle","se_mean",,14.417891,0.01381,,,2000,"c4c49572"
"mdgrf","grf","md40 n500","Hc","oracle","se_over_sd",,1.0019789,0.0158757,,,2000,"c4c49572"
"mdgrf","grf","md40 n500","Hc","oracle","cov1_upper",,0.956,0.00458607,0.946103,0.964148,2000,"c4c49572"
"mdgrf","grf","md40 n500","Hc","oracle","cov2",,0.9525,0.00475625,0.942279,0.960986,2000,"c4c49572"
"mdgrf","grf","md40 n500","Hc","oracle","halfwidth_md",,28.259067,,,,2000,"c4c49572"
"mdgrf","grf","md40 n500","Hc","oracle","margin1_md",,23.715321,,,,2000,"c4c49572"
"mdgrf","grf","md40 n500","Hc","mr","bias_md",,-5.8104542,0.282168,,,2000,"c4c49572"
"mdgrf","grf","md40 n500","Hc","mr","bias_sd_units",,-0.46054802,0.0223652,,,2000,"c4c49572"
"mdgrf","grf","md40 n500","Hc","mr","sd_emp",,12.616392,0.199533,,,2000,"c4c49572"
"mdgrf","grf","md40 n500","Hc","mr","se_mean",,23.783087,0.0239946,,,2000,"c4c49572"
"mdgrf","grf","md40 n500","Hc","mr","se_over_sd",,1.8850942,0.029874,,,2000,"c4c49572"
"mdgrf","grf","md40 n500","Hc","mr","cov1_upper",,0.9945,0.00165375,0.990178,0.996926,2000,"c4c49572"
"mdgrf","grf","md40 n500","Hc","mr","cov2",,0.999,0.000706753,0.996361,0.999726,2000,"c4c49572"
"mdgrf","grf","md40 n500","Hc","mr","halfwidth_md",,46.613994,,,,2000,"c4c49572"
"mdgrf","grf","md40 n500","Hc","mr","margin1_md",,39.119697,,,,2000,"c4c49572"
"mdgrf","grf","md40 n500","Hc","fld","bias_md",,-3.6658165,0.286909,,,2000,"c4c49572"
"mdgrf","grf","md40 n500","Hc","fld","bias_sd_units",,-0.285801,0.0223685,,,2000,"c4c49572"
"mdgrf","grf","md40 n500","Hc","fld","sd_emp",,12.826465,0.202855,,,2000,"c4c49572"
"mdgrf","grf","md40 n500","Hc","fld","se_mean",,12.901635,0.0121366,,,2000,"c4c49572"
"mdgrf","grf","md40 n500","Hc","fld","se_over_sd",,1.0058605,0.0159361,,,2000,"c4c49572"
"mdgrf","grf","md40 n500","Hc","fld","cov1_upper",,0.916,0.00620258,0.903031,0.927374,2000,"c4c49572"
"mdgrf","grf","md40 n500","Hc","fld","cov2",,0.9415,0.00524775,0.930343,0.950964,2000,"c4c49572"
"mdgrf","grf","md40 n500","Hc","fld","halfwidth_md",,25.186872,,,,2000,"c4c49572"
"mdgrf","grf","md40 n500","Hc","fld","margin1_md",,23.384783,,,,2000,"c4c49572"
"mdgrf","grf","md40 n500","Hc","fld_s","bias_md",,-3.6773467,0.286259,,,2000,"c4c49572"
"mdgrf","grf","md40 n500","Hc","fld_s","bias_sd_units",,-0.2873657,0.0223697,,,2000,"c4c49572"
"mdgrf","grf","md40 n500","Hc","fld_s","sd_emp",,12.796749,0.202385,,,2000,"c4c49572"
"mdgrf","grf","md40 n500","Hc","fld_s","se_mean",,12.943132,0.0186715,,,2000,"c4c49572"
"mdgrf","grf","md40 n500","Hc","fld_s","se_over_sd",,1.0114391,0.0160627,,,2000,"c4c49572"
"mdgrf","grf","md40 n500","Hc","fld_s","cov1_upper",,0.92,0.0060663,0.907289,0.9311,2000,"c4c49572"
"mdgrf","grf","md40 n500","Hc","fld_s","cov2",,0.9375,0.00541266,0.92603,0.947293,2000,"c4c49572"
"mdgrf","grf","md40 n500","Hc","fld_s","halfwidth_md",,25.2572,,,,2000,"c4c49572"
"mdgrf","grf","md40 n500","Hc","fld_s","margin1_md",,23.405269,,,,2000,"c4c49572"
"mdgrf","grf","md40 n500","Hc","fld_s","share_upper_le_tau",0,0,0,1.0842e-19,0.00191705,2000,"c4c49572"
"mdgrf","grf","md40 n500","Hc","fld_s","share_upper_le_tau",10,0.0025,0.00111664,0.00106831,0.00583915,2000,"c4c49572"
"mdgrf","grf","md40 n500","Hc","fld_s","share_upper_le_tau",20,0.0175,0.00293204,0.0126098,0.0242402,2000,"c4c49572"
"mdgrf","grf","md40 n500","Hc","fld_s","share_upper_le_tau",30,0.07,0.00570526,0.0596226,0.0820261,2000,"c4c49572"
"mdgrf","grf","md40 n500","Hc","fld_s","share_upper_le_tau",40,0.243,0.00959039,0.224707,0.262278,2000,"c4c49572"
"mdgrf","grf","md40 n500","Hc","fld_s","share_upper_le_tau",60,0.8175,0.00863695,0.799969,0.833814,2000,"c4c49572"
"mdgrf","grf","md40 n500","Hc","fld_s","share_upper_le_tau",80,0.995,0.00157718,0.99082,0.997282,2000,"c4c49572"
"mdgrf","grf","md40 n500","Hc","fld_s","share_upper_le_tau",100,1,0,0.998083,1,2000,"c4c49572"
"mdgrf","grf","md40 n500","Hc","fld_s","bound_mean",,48.399097,0.284345,,,2000,"c4c49572"
"mdgrf","grf","md40 n500","Hc","fld_s","bound_q05",,27.25399,,,,2000,"c4c49572"
"mdgrf","grf","md40 n500","Hc","fld_s","bound_q25",,40.347854,,,,2000,"c4c49572"
"mdgrf","grf","md40 n500","Hc","fld_s","bound_q50",,48.422117,,,,2000,"c4c49572"
"mdgrf","grf","md40 n500","Hc","fld_s","bound_q75",,56.807928,,,,2000,"c4c49572"
"mdgrf","grf","md40 n500","Hc","fld_s","bound_q95",,69.698466,,,,2000,"c4c49572"
"mdgrf","grf","md40 n500","Hc","oracle","share_upper_le_tau",0,0.001,0.000706753,0.000274279,0.00363893,2000,"c4c49572"
"mdgrf","grf","md40 n500","Hc","oracle","share_upper_le_tau",10,0.0065,0.00179691,0.0038026,0.0110895,2000,"c4c49572"
"mdgrf","grf","md40 n500","Hc","oracle","share_upper_le_tau",20,0.0205,0.00316858,0.0151472,0.0276913,2000,"c4c49572"
"mdgrf","grf","md40 n500","Hc","oracle","share_upper_le_tau",30,0.0805,0.00608357,0.0693649,0.0932435,2000,"c4c49572"
"mdgrf","grf","md40 n500","Hc","oracle","share_upper_le_tau",40,0.253,0.00972088,0.234433,0.272514,2000,"c4c49572"
"mdgrf","grf","md40 n500","Hc","oracle","share_upper_le_tau",60,0.7585,0.00957021,0.739259,0.77675,2000,"c4c49572"
"mdgrf","grf","md40 n500","Hc","oracle","share_upper_le_tau",80,0.9845,0.00276222,0.978083,0.989059,2000,"c4c49572"
"mdgrf","grf","md40 n500","Hc","oracle","share_upper_le_tau",100,1,0,0.998083,1,2000,"c4c49572"
"mdgrf","grf","md40 n500","Hc","oracle","bound_mean",,49.669566,0.322695,,,2000,"c4c49572"
"mdgrf","grf","md40 n500","Hc","oracle","bound_q05",,26.773211,,,,2000,"c4c49572"
"mdgrf","grf","md40 n500","Hc","oracle","bound_q25",,39.765189,,,,2000,"c4c49572"
"mdgrf","grf","md40 n500","Hc","oracle","bound_q50",,49.948028,,,,2000,"c4c49572"
"mdgrf","grf","md40 n500","Hc","oracle","bound_q75",,59.50682,,,,2000,"c4c49572"
"mdgrf","grf","md40 n500","Hc","oracle","bound_q95",,72.528538,,,,2000,"c4c49572"
"mdgrf","grf","md40 n500","Hc","fld","share_upper_le_tau",0,0,0,1.0842e-19,0.00191705,2000,"c4c49572"
"mdgrf","grf","md40 n500","Hc","fld","share_upper_le_tau",10,0.002,0.000998999,0.000778027,0.00513135,2000,"c4c49572"
"mdgrf","grf","md40 n500","Hc","fld","share_upper_le_tau",20,0.02,0.0031305,0.0147217,0.0271186,2000,"c4c49572"
"mdgrf","grf","md40 n500","Hc","fld","share_upper_le_tau",30,0.0755,0.00590761,0.0647176,0.08791,2000,"c4c49572"
"mdgrf","grf","md40 n500","Hc","fld","share_upper_le_tau",40,0.246,0.00963026,0.227624,0.26535,2000,"c4c49572"
"mdgrf","grf","md40 n500","Hc","fld","share_upper_le_tau",60,0.8115,0.00874551,0.793768,0.828038,2000,"c4c49572"
"mdgrf","grf","md40 n500","Hc","fld","share_upper_le_tau",80,0.994,0.00172685,0.989542,0.996564,2000,"c4c49572"
"mdgrf","grf","md40 n500","Hc","fld","share_upper_le_tau",100,1,0,0.998083,1,2000,"c4c49572"
"mdgrf","grf","md40 n500","Hc","fld","bound_mean",,48.37861,0.288681,,,2000,"c4c49572"
"mdgrf","grf","md40 n500","Hc","fld","bound_q05",,26.993209,,,,2000,"c4c49572"
"mdgrf","grf","md40 n500","Hc","fld","bound_q25",,40.109369,,,,2000,"c4c49572"
"mdgrf","grf","md40 n500","Hc","fld","bound_q50",,48.309535,,,,2000,"c4c49572"
"mdgrf","grf","md40 n500","Hc","fld","bound_q75",,57.101521,,,,2000,"c4c49572"
"mdgrf","grf","md40 n500","Hc","fld","bound_q95",,69.411522,,,,2000,"c4c49572"
"mdgrf","grf","md40 n500","Hc","mr","share_upper_le_tau",0,0,0,1.0842e-19,0.00191705,2000,"c4c49572"
"mdgrf","grf","md40 n500","Hc","mr","share_upper_le_tau",10,0,0,1.0842e-19,0.00191705,2000,"c4c49572"
"mdgrf","grf","md40 n500","Hc","mr","share_upper_le_tau",20,0.001,0.000706753,0.000274279,0.00363893,2000,"c4c49572"
"mdgrf","grf","md40 n500","Hc","mr","share_upper_le_tau",30,0.0045,0.00149662,0.00236928,0.00853051,2000,"c4c49572"
"mdgrf","grf","md40 n500","Hc","mr","share_upper_le_tau",40,0.032,0.00393548,0.0251391,0.0406552,2000,"c4c49572"
"mdgrf","grf","md40 n500","Hc","mr","share_upper_le_tau",60,0.3695,0.0107928,0.348615,0.390885,2000,"c4c49572"
"mdgrf","grf","md40 n500","Hc","mr","share_upper_le_tau",80,0.895,0.00685474,0.880799,0.907686,2000,"c4c49572"
"mdgrf","grf","md40 n500","Hc","mr","share_upper_le_tau",100,0.998,0.000998999,0.994869,0.999222,2000,"c4c49572"
"mdgrf","grf","md40 n500","Hc","mr","bound_mean",,64.113525,0.280436,,,2000,"c4c49572"
"mdgrf","grf","md40 n500","Hc","mr","bound_q05",,43.489614,,,,2000,"c4c49572"
"mdgrf","grf","md40 n500","Hc","mr","bound_q25",,56.074754,,,,2000,"c4c49572"
"mdgrf","grf","md40 n500","Hc","mr","bound_q50",,64.125957,,,,2000,"c4c49572"
"mdgrf","grf","md40 n500","Hc","mr","bound_q75",,72.41562,,,,2000,"c4c49572"
"mdgrf","grf","md40 n500","Hc","mr","bound_q95",,84.768568,,,,2000,"c4c49572"
"mdgrf","grf","md40 n500","Hc","naive","share_upper_le_tau",0,0.001,0.000706753,0.000274279,0.00363893,2000,"c4c49572"
"mdgrf","grf","md40 n500","Hc","naive","share_upper_le_tau",10,0.0215,0.00324328,0.0160008,0.0288338,2000,"c4c49572"
"mdgrf","grf","md40 n500","Hc","naive","share_upper_le_tau",20,0.09,0.00639922,0.0782312,0.103341,2000,"c4c49572"
"mdgrf","grf","md40 n500","Hc","naive","share_upper_le_tau",30,0.294,0.0101873,0.274443,0.314347,2000,"c4c49572"
"mdgrf","grf","md40 n500","Hc","naive","share_upper_le_tau",40,0.6355,0.010762,0.614166,0.656315,2000,"c4c49572"
"mdgrf","grf","md40 n500","Hc","naive","share_upper_le_tau",60,0.9755,0.00345686,0.967759,0.981418,2000,"c4c49572"
"mdgrf","grf","md40 n500","Hc","naive","share_upper_le_tau",80,1,0,0.998083,1,2000,"c4c49572"
"mdgrf","grf","md40 n500","Hc","naive","share_upper_le_tau",100,1,0,0.998083,1,2000,"c4c49572"
"mdgrf","grf","md40 n500","Hc","naive","bound_mean",,36.177604,0.270307,,,2000,"c4c49572"
"mdgrf","grf","md40 n500","Hc","naive","bound_q05",,16.393992,,,,2000,"c4c49572"
"mdgrf","grf","md40 n500","Hc","naive","bound_q25",,28.616951,,,,2000,"c4c49572"
"mdgrf","grf","md40 n500","Hc","naive","bound_q50",,36.060912,,,,2000,"c4c49572"
"mdgrf","grf","md40 n500","Hc","naive","bound_q75",,44.193569,,,,2000,"c4c49572"
"mdgrf","grf","md40 n500","Hc","naive","bound_q95",,56.423069,,,,2000,"c4c49572"
"mdgrf","grf","md40 n500","joint","bonf_s","joint_coverage",,0.9195,0.00608357,0.906757,0.930635,2000,"c4c49572"
"mdgrf","grf","md40 n500","joint","bonf_s","share_both_bounds",,1,0,0.998083,1,2000,"c4c49572"
"mdgrf","grf","md40 n500","joint","bonf_s","cov_H",,0.969,0.0038755,0.960459,0.975743,2000,"c4c49572"
"mdgrf","grf","md40 n500","joint","bonf_s","cov_Hc",,0.9495,0.00489641,0.939012,0.958265,2000,"c4c49572"
"mdgrf","grf","md40 n500","joint","bonf_s","margin_H_md",,60.75413,0.0994967,,,2000,"c4c49572"
"mdgrf","grf","md40 n500","joint","bonf_s","margin_Hc_md",,27.476689,0.0496356,,,2000,"c4c49572"
"mdgrf","grf","md40 n500","joint","bonf","joint_coverage",,0.9215,0.00601406,0.908888,0.932496,2000,"c4c49572"
"mdgrf","grf","md40 n500","joint","bonf","share_both_bounds",,1,0,0.998083,1,2000,"c4c49572"
"mdgrf","grf","md40 n500","joint","bonf","cov_H",,0.969,0.0038755,0.960459,0.975743,2000,"c4c49572"
"mdgrf","grf","md40 n500","joint","bonf","cov_Hc",,0.952,0.00477996,0.941734,0.960533,2000,"c4c49572"
"mdgrf","grf","md40 n500","joint","bonf","margin_H_md",,60.75413,0.0994967,,,2000,"c4c49572"
"mdgrf","grf","md40 n500","joint","bonf","margin_Hc_md",,27.499626,0.0382118,,,2000,"c4c49572"
"mdgrf","grf","md40 n500","joint","separate_s","joint_coverage",,0.8635,0.00767684,0.847755,0.877851,2000,"c4c49572"
"mdgrf","grf","md40 n500","joint","separate_s","share_both_bounds",,1,0,0.998083,1,2000,"c4c49572"
"mdgrf","grf","md40 n500","joint","separate_s","cov_H",,0.939,0.00535159,0.927646,0.948671,2000,"c4c49572"
"mdgrf","grf","md40 n500","joint","separate_s","cov_Hc",,0.92,0.0060663,0.907289,0.9311,2000,"c4c49572"
"mdgrf","grf","md40 n500","joint","separate_s","margin_H_md",,51.16788,0.0837971,,,2000,"c4c49572"
"mdgrf","grf","md40 n500","joint","separate_s","margin_Hc_md",,23.405269,0.0431235,,,2000,"c4c49572"
"mdgrf","grf","md40 n500","joint","calibrated","gamma_mean_s",,0.0251655,8.57856e-06,,,2000,"c4c49572"
"mdgrf","grf","md40 n500","joint","calibrated","corr_s",,0.092333608,0.00136429,,,2000,"c4c49572"
"mdgrf","grf","md40 n500","joint","calibrated","gamma_mean",,0.0251225,7.43468e-06,,,2000,"c4c49572"
"mdgrf","grf","md40 n500","joint","calibrated","corr",,0.096997439,0.00139072,,,2000,"c4c49572"
"mdgrf","grf","md40 n500","H","all","mean_size_hhat",,109.459,0.793484,,,2000,"c4c49572"
"mdgrf","grf","md40 n500","H","all","mean_true_positives",,43.0175,0.59398,,,2000,"c4c49572"
"mdgrf","grf","md40 n500","H","all","sensitivity_mean",,0.24967625,0.003435,,,2000,"c4c49572"
"mdgrf","grf","md40 n500","H","all","ppv_mean",,0.39086792,0.00464715,,,2000,"c4c49572"
"mdgrf","grf","md40 n500","H","all","mean_n_family",,1222.3815,1.04192,,,2000,"c4c49572"
"mdgrf","grf","md40 n500","H","all","mean_admitted_n",,624.5675,6.51735,,,2000,"c4c49572"
"mdgrf","grf","md40 n500","H","all","share_size_larger_than_fs",,0.43293293,0.0110848,0.411356,0.454767,1998,"c4c49572"
"mdgrf","grf","md40 n500","H","all","count_size_larger_than_fs",,865,,,,1998,"c4c49572"
"mdgrf","grf","md40 n500","H","all","share_size_equal_than_fs",,0.039039039,0.00433316,0.0313929,0.0484543,1998,"c4c49572"
"mdgrf","grf","md40 n500","H","all","count_size_equal_than_fs",,78,,,,1998,"c4c49572"
"mdgrf","grf","md40 n500","H","all","share_size_smaller_than_fs",,0.52802803,0.0111683,0.506106,0.549843,1998,"c4c49572"
"mdgrf","grf","md40 n500","H","all","count_size_smaller_than_fs",,1055,,,,1998,"c4c49572"
"mdsgnb20","fs","md40 n500","H","all","declaration_rate",,0.999,0.000706753,0.996361,0.999726,2000,"72e6f129"
"mdsgnb20","fs","md40 n500","H","all","mean_n_sel",,111.62412,0.718135,,,1998,"72e6f129"
"mdsgnb20","fs","md40 n500","H","all","sensitivity_mean",,0.26791206,0.00383842,,,1998,"72e6f129"
"mdsgnb20","fs","md40 n500","H","all","ppv_mean",,0.41223283,0.00526753,,,1998,"72e6f129"
"mdgrf","grf","md40 n500","H","all","p_hat_mean",,0.0990333,0.00154962,,,2000,"c4c49572"
"mdgrf","grf","md40 n500","H","all","p_hat_share_lt_05",,0.998,0.000998999,0.994869,0.999222,2000,"c4c49572"
"mdgrf","grf","md40 n500","Hc","mr","sd_btc_over_naive_se",,0.95684898,,,,2000,"c4c49572"
"mdgrf","grf","md40 n500","Hc","fld","lamsd_over_naive_se",,0.97848231,,,,2000,"c4c49572"
"mdgrf","grf","md40 n500","Hc","fld_s","lamsd_over_naive_se",,0.98162956,,,,2000,"c4c49572"
"mdgrf","grf","md40 n500","all","all","secs_fit_mr_mean",,45.148296,0.0959507,,,2000,"c4c49572"
"mdgrf","grf","md40 n500","all","all","secs_field_mean",,27.201649,0.0673549,,,2000,"c4c49572"
"mdgrf","grf","md40 n500","all","all","secs_complement_mean",,1.7185775,0.00416473,,,2000,"c4c49572"
"mdgrf","grf","md40 n500","Hc","fld_s","display_b",,-0.2873657,,,,2000,"c4c49572"
"mdgrf","grf","md40 n500","Hc","fld_s","display_r",,1.0114391,,,,2000,"c4c49572"
"mdgrf","grf","md40 n500","Hc","fld_s","display_cov1",,0.92,,,,2000,"c4c49572"
"mdgrf","grf","md40 n500","Hc","fld_s","display_cov1_ref",,0.91563617,,,,2000,"c4c49572"
"mdgrf","grf","md40 n500","Hc","fld_s","display_cov2",,0.9375,,,,2000,"c4c49572"
"mdgrf","grf","md40 n500","Hc","fld_s","display_cov2_ref",,0.94335267,,,,2000,"c4c49572"
"mdgrf","grf","md40 n500","H","naive","display_b",,3.2933113,,,,2000,"c4c49572"
"mdgrf","grf","md40 n500","H","naive","display_r",,1.4499535,,,,2000,"c4c49572"
"mdgrf","grf","md40 n500","H","naive","display_cov1_ref",,0.18184666,,,,2000,"c4c49572"
"mdgrf","grf","md40 n500","H","naive","display_cov2_ref",,0.32583095,,,,2000,"c4c49572"
"mdgrf","grf","md40 n500","H","mr","display_b",,0.74489256,,,,2000,"c4c49572"
"mdgrf","grf","md40 n500","H","mr","display_r",,1.6278979,,,,2000,"c4c49572"
"mdgrf","grf","md40 n500","H","mr","display_cov1_ref",,0.97336719,,,,2000,"c4c49572"
"mdgrf","grf","md40 n500","H","mr","display_cov2_ref",,0.99273051,,,,2000,"c4c49572"
"mdgrf","grf","md40 n500","H","fld","display_b",,0.33289839,,,,2000,"c4c49572"
"mdgrf","grf","md40 n500","H","fld","display_r",,1.1334015,,,,2000,"c4c49572"
"mdgrf","grf","md40 n500","H","fld","display_cov1_ref",,0.9371624,,,,2000,"c4c49572"
"mdgrf","grf","md40 n500","H","fld","display_cov2_ref",,0.96520273,,,,2000,"c4c49572"
"mdgrf","grf","md40 n500","Hc","naive","display_b",,-1.3335963,,,,2000,"c4c49572"
"mdgrf","grf","md40 n500","Hc","naive","display_r",,1.0778003,,,,2000,"c4c49572"
"mdgrf","grf","md40 n500","Hc","naive","display_cov1_ref",,0.6697516,,,,2000,"c4c49572"
"mdgrf","grf","md40 n500","Hc","naive","display_cov2_ref",,0.78168253,,,,2000,"c4c49572"
"mdgrf","grf","md40 n500","Hc","mr","display_b",,-0.46054802,,,,2000,"c4c49572"
"mdgrf","grf","md40 n500","Hc","mr","display_r",,1.8850942,,,,2000,"c4c49572"
"mdgrf","grf","md40 n500","Hc","mr","display_cov1_ref",,0.99585661,,,,2000,"c4c49572"
"mdgrf","grf","md40 n500","Hc","mr","display_cov2_ref",,0.99937377,,,,2000,"c4c49572"
"mdgrf","grf","md40 n500","Hc","fld","display_b",,-0.285801,,,,2000,"c4c49572"
"mdgrf","grf","md40 n500","Hc","fld","display_r",,1.0058605,,,,2000,"c4c49572"
"mdgrf","grf","md40 n500","Hc","fld","display_cov1_ref",,0.91445227,,,,2000,"c4c49572"
"mdgrf","grf","md40 n500","Hc","fld","display_cov2_ref",,0.94207214,,,,2000,"c4c49572"
"mdgrf","grf","md120 n500","H","all","declaration_rate",,1,0,0.998083,1,2000,"f84261e3"
"mdgrf","grf","md120 n500","H","naive","bias_md",,32.905896,0.534637,,,2000,"f84261e3"
"mdgrf","grf","md120 n500","H","naive","bias_sd_units",,1.6817364,0.0273239,,,2000,"f84261e3"
"mdgrf","grf","md120 n500","H","naive","sd_emp",,19.56662,0.309453,,,2000,"f84261e3"
"mdgrf","grf","md120 n500","H","naive","se_mean",,22.793719,0.0911181,,,2000,"f84261e3"
"mdgrf","grf","md120 n500","H","naive","se_over_sd",,1.1649288,0.0190032,,,2000,"f84261e3"
"mdgrf","grf","md120 n500","H","naive","cov1_lower",,0.5985,0.0109612,0.576847,0.619775,2000,"f84261e3"
"mdgrf","grf","md120 n500","H","naive","cov2",,0.713,0.0101151,0.692781,0.732402,2000,"f84261e3"
"mdgrf","grf","md120 n500","H","naive","halfwidth_md",,44.674869,,,,2000,"f84261e3"
"mdgrf","grf","md120 n500","H","naive","margin1_md",,37.492332,,,,2000,"f84261e3"
"mdgrf","grf","md120 n500","H","oracle","bias_md",,-0.68368566,0.446965,,,2000,"f84261e3"
"mdgrf","grf","md120 n500","H","oracle","bias_sd_units",,-0.034203281,0.0223607,,,2000,"f84261e3"
"mdgrf","grf","md120 n500","H","oracle","sd_emp",,19.988891,0.316131,,,2000,"f84261e3"
"mdgrf","grf","md120 n500","H","oracle","se_mean",,19.806709,0.027273,,,2000,"f84261e3"
"mdgrf","grf","md120 n500","H","oracle","se_over_sd",,0.99088583,0.0157305,,,2000,"f84261e3"
"mdgrf","grf","md120 n500","H","oracle","cov1_lower",,0.9525,0.00475625,0.942279,0.960986,2000,"f84261e3"
"mdgrf","grf","md120 n500","H","oracle","cov2",,0.943,0.00518416,0.931964,0.952337,2000,"f84261e3"
"mdgrf","grf","md120 n500","H","oracle","halfwidth_md",,38.821149,,,,2000,"f84261e3"
"mdgrf","grf","md120 n500","H","oracle","margin1_md",,32.579137,,,,2000,"f84261e3"
"mdgrf","grf","md120 n500","H","mr","bias_md",,-0.454587,0.57515,,,2000,"f84261e3"
"mdgrf","grf","md120 n500","H","mr","bias_sd_units",,-0.01930118,0.0244201,,,2000,"f84261e3"
"mdgrf","grf","md120 n500","H","mr","sd_emp",,23.552291,0.372488,,,2000,"f84261e3"
"mdgrf","grf","md120 n500","H","mr","se_mean",,32.555103,0.104841,,,2000,"f84261e3"
"mdgrf","grf","md120 n500","H","mr","se_over_sd",,1.3822478,0.0223093,,,2000,"f84261e3"
"mdgrf","grf","md120 n500","H","mr","cov1_lower",,0.9885,0.00238409,0.982802,0.992325,2000,"f84261e3"
"mdgrf","grf","md120 n500","H","mr","cov2",,0.983,0.00289059,0.976339,0.987809,2000,"f84261e3"
"mdgrf","grf","md120 n500","H","mr","halfwidth_md",,63.806829,,,,2000,"f84261e3"
"mdgrf","grf","md120 n500","H","mr","margin1_md",,53.548379,,,,2000,"f84261e3"
"mdgrf","grf","md120 n500","H","fld","bias_md",,-4.0876875,0.600939,,,2000,"f84261e3"
"mdgrf","grf","md120 n500","H","fld","bias_sd_units",,-0.16073935,0.0236306,,,2000,"f84261e3"
"mdgrf","grf","md120 n500","H","fld","sd_emp",,25.430534,0.402193,,,2000,"f84261e3"
"mdgrf","grf","md120 n500","H","fld","se_mean",,25.543876,0.0450293,,,2000,"f84261e3"
"mdgrf","grf","md120 n500","H","fld","se_over_sd",,1.0044569,0.0159842,,,2000,"f84261e3"
"mdgrf","grf","md120 n500","H","fld","cov1_lower",,0.956,0.00458607,0.946103,0.964148,2000,"f84261e3"
"mdgrf","grf","md120 n500","H","fld","cov2",,0.926,0.00585338,0.913693,0.936674,2000,"f84261e3"
"mdgrf","grf","md120 n500","H","fld","halfwidth_md",,50.057886,,,,2000,"f84261e3"
"mdgrf","grf","md120 n500","H","fld","margin1_md",,46.861755,,,,2000,"f84261e3"
"mdgrf","grf","md120 n500","H","fld","share_lower_ge_tau",0,0.964,0.00416557,0.954906,0.971315,2000,"f84261e3"
"mdgrf","grf","md120 n500","H","fld","share_lower_ge_tau",10,0.9315,0.00564835,0.919582,0.941764,2000,"f84261e3"
"mdgrf","grf","md120 n500","H","fld","share_lower_ge_tau",20,0.848,0.00802795,0.831599,0.863066,2000,"f84261e3"
"mdgrf","grf","md120 n500","H","fld","share_lower_ge_tau",30,0.719,0.0100508,0.698895,0.738265,2000,"f84261e3"
"mdgrf","grf","md120 n500","H","fld","share_lower_ge_tau",40,0.5695,0.0110718,0.547687,0.591047,2000,"f84261e3"
"mdgrf","grf","md120 n500","H","fld","share_lower_ge_tau",60,0.258,0.00978356,0.239301,0.277627,2000,"f84261e3"
"mdgrf","grf","md120 n500","H","fld","share_lower_ge_tau",80,0.0855,0.00625259,0.0740258,0.0985635,2000,"f84261e3"
"mdgrf","grf","md120 n500","H","fld","share_lower_ge_tau",100,0.023,0.00335194,0.0172877,0.0305412,2000,"f84261e3"
"mdgrf","grf","md120 n500","H","fld","bound_mean",,45.179246,0.557145,,,2000,"f84261e3"
"mdgrf","grf","md120 n500","H","fld","bound_q05",,5.993045,,,,2000,"f84261e3"
"mdgrf","grf","md120 n500","H","fld","bound_q25",,28.07668,,,,2000,"f84261e3"
"mdgrf","grf","md120 n500","H","fld","bound_q50",,44.339636,,,,2000,"f84261e3"
"mdgrf","grf","md120 n500","H","fld","bound_q75",,60.526232,,,,2000,"f84261e3"
"mdgrf","grf","md120 n500","H","fld","bound_q95",,87.395153,,,,2000,"f84261e3"
"mdgrf","grf","md120 n500","H","oracle","share_lower_ge_tau",0,1,0,0.998083,1,2000,"f84261e3"
"mdgrf","grf","md120 n500","H","oracle","share_lower_ge_tau",10,1,0,0.998083,1,2000,"f84261e3"
"mdgrf","grf","md120 n500","H","oracle","share_lower_ge_tau",20,0.999,0.000706753,0.996361,0.999726,2000,"f84261e3"
"mdgrf","grf","md120 n500","H","oracle","share_lower_ge_tau",30,0.9965,0.00132056,0.992793,0.998304,2000,"f84261e3"
"mdgrf","grf","md120 n500","H","oracle","share_lower_ge_tau",40,0.986,0.00262717,0.97984,0.990296,2000,"f84261e3"
"mdgrf","grf","md120 n500","H","oracle","share_lower_ge_tau",60,0.907,0.00649427,0.89348,0.91896,2000,"f84261e3"
"mdgrf","grf","md120 n500","H","oracle","share_lower_ge_tau",80,0.638,0.0107461,0.616692,0.658779,2000,"f84261e3"
"mdgrf","grf","md120 n500","H","oracle","share_lower_ge_tau",100,0.2515,0.00970175,0.232974,0.270979,2000,"f84261e3"
"mdgrf","grf","md120 n500","H","oracle","bound_mean",,86.737177,0.448601,,,2000,"f84261e3"
"mdgrf","grf","md120 n500","H","oracle","bound_q05",,53.00774,,,,2000,"f84261e3"
"mdgrf","grf","md120 n500","H","oracle","bound_q25",,74.104149,,,,2000,"f84261e3"
"mdgrf","grf","md120 n500","H","oracle","bound_q50",,87.274926,,,,2000,"f84261e3"
"mdgrf","grf","md120 n500","H","oracle","bound_q75",,100.08589,,,,2000,"f84261e3"
"mdgrf","grf","md120 n500","H","oracle","bound_q95",,119.7773,,,,2000,"f84261e3"
"mdgrf","grf","md120 n500","H","mr","share_lower_ge_tau",0,0.961,0.00432891,0.951594,0.968639,2000,"f84261e3"
"mdgrf","grf","md120 n500","H","mr","share_lower_ge_tau",10,0.909,0.00643114,0.895599,0.920833,2000,"f84261e3"
"mdgrf","grf","md120 n500","H","mr","share_lower_ge_tau",20,0.818,0.00862775,0.800486,0.834295,2000,"f84261e3"
"mdgrf","grf","md120 n500","H","mr","share_lower_ge_tau",30,0.661,0.0105849,0.639963,0.68142,2000,"f84261e3"
"mdgrf","grf","md120 n500","H","mr","share_lower_ge_tau",40,0.467,0.011156,0.445219,0.488908,2000,"f84261e3"
"mdgrf","grf","md120 n500","H","mr","share_lower_ge_tau",60,0.1495,0.00797339,0.134545,0.165799,2000,"f84261e3"
"mdgrf","grf","md120 n500","H","mr","share_lower_ge_tau",80,0.035,0.00410944,0.0277956,0.0439873,2000,"f84261e3"
"mdgrf","grf","md120 n500","H","mr","share_lower_ge_tau",100,0.005,0.00157718,0.00271818,0.0091797,2000,"f84261e3"
"mdgrf","grf","md120 n500","H","mr","bound_mean",,38.492621,0.482005,,,2000,"f84261e3"
"mdgrf","grf","md120 n500","H","mr","bound_q05",,3.1743812,,,,2000,"f84261e3"
"mdgrf","grf","md120 n500","H","mr","bound_q25",,24.388035,,,,2000,"f84261e3"
"mdgrf","grf","md120 n500","H","mr","bound_q50",,38.29191,,,,2000,"f84261e3"
"mdgrf","grf","md120 n500","H","mr","bound_q75",,51.770752,,,,2000,"f84261e3"
"mdgrf","grf","md120 n500","H","mr","bound_q95",,74.21604,,,,2000,"f84261e3"
"mdgrf","grf","md120 n500","H","naive","share_lower_ge_tau",0,1,0,0.998083,1,2000,"f84261e3"
"mdgrf","grf","md120 n500","H","naive","share_lower_ge_tau",10,1,0,0.998083,1,2000,"f84261e3"
"mdgrf","grf","md120 n500","H","naive","share_lower_ge_tau",20,1,0,0.998083,1,2000,"f84261e3"
"mdgrf","grf","md120 n500","H","naive","share_lower_ge_tau",30,0.9995,0.000499875,0.997173,0.999912,2000,"f84261e3"
"mdgrf","grf","md120 n500","H","naive","share_lower_ge_tau",40,0.9965,0.00132056,0.992793,0.998304,2000,"f84261e3"
"mdgrf","grf","md120 n500","H","naive","share_lower_ge_tau",60,0.945,0.00509779,0.934129,0.954165,2000,"f84261e3"
"mdgrf","grf","md120 n500","H","naive","share_lower_ge_tau",80,0.6685,0.0105263,0.647563,0.688791,2000,"f84261e3"
"mdgrf","grf","md120 n500","H","naive","share_lower_ge_tau",100,0.235,0.0094809,0.216937,0.254079,2000,"f84261e3"
"mdgrf","grf","md120 n500","H","naive","bound_mean",,87.909152,0.407316,,,2000,"f84261e3"
"mdgrf","grf","md120 n500","H","naive","bound_q05",,59.046142,,,,2000,"f84261e3"
"mdgrf","grf","md120 n500","H","naive","bound_q25",,76.39201,,,,2000,"f84261e3"
"mdgrf","grf","md120 n500","H","naive","bound_q50",,87.370787,,,,2000,"f84261e3"
"mdgrf","grf","md120 n500","H","naive","bound_q75",,99.123684,,,,2000,"f84261e3"
"mdgrf","grf","md120 n500","H","naive","bound_q95",,118.95035,,,,2000,"f84261e3"
"mdgrf","grf","md120 n500","Hc","naive","bias_md",,-12.443316,0.307038,,,2000,"f84261e3"
"mdgrf","grf","md120 n500","Hc","naive","bias_sd_units",,-0.86824298,0.0214238,,,2000,"f84261e3"
"mdgrf","grf","md120 n500","Hc","naive","sd_emp",,14.331605,0.226659,,,2000,"f84261e3"
"mdgrf","grf","md120 n500","Hc","naive","se_mean",,14.04639,0.0233059,,,2000,"f84261e3"
"mdgrf","grf","md120 n500","Hc","naive","se_over_sd",,0.98009886,0.0155857,,,2000,"f84261e3"
"mdgrf","grf","md120 n500","Hc","naive","cov1_upper",,0.79,0.00910769,0.771602,0.807286,2000,"f84261e3"
"mdgrf","grf","md120 n500","Hc","naive","cov2",,0.866,0.00761722,0.850367,0.88023,2000,"f84261e3"
"mdgrf","grf","md120 n500","Hc","naive","halfwidth_md",,27.530419,,,,2000,"f84261e3"
"mdgrf","grf","md120 n500","Hc","naive","margin1_md",,23.104256,,,,2000,"f84261e3"
"mdgrf","grf","md120 n500","Hc","oracle","bias_md",,-0.30099035,0.321757,,,2000,"f84261e3"
"mdgrf","grf","md120 n500","Hc","oracle","bias_sd_units",,-0.020917482,0.0223607,,,2000,"f84261e3"
"mdgrf","grf","md120 n500","Hc","oracle","sd_emp",,14.389416,0.227574,,,2000,"f84261e3"
"mdgrf","grf","md120 n500","Hc","oracle","se_mean",,14.417891,0.01381,,,2000,"f84261e3"
"mdgrf","grf","md120 n500","Hc","oracle","se_over_sd",,1.0019789,0.0158757,,,2000,"f84261e3"
"mdgrf","grf","md120 n500","Hc","oracle","cov1_upper",,0.956,0.00458607,0.946103,0.964148,2000,"f84261e3"
"mdgrf","grf","md120 n500","Hc","oracle","cov2",,0.9525,0.00475625,0.942279,0.960986,2000,"f84261e3"
"mdgrf","grf","md120 n500","Hc","oracle","halfwidth_md",,28.259067,,,,2000,"f84261e3"
"mdgrf","grf","md120 n500","Hc","oracle","margin1_md",,23.715321,,,,2000,"f84261e3"
"mdgrf","grf","md120 n500","Hc","mr","bias_md",,-2.7683646,0.317642,,,2000,"f84261e3"
"mdgrf","grf","md120 n500","Hc","mr","bias_sd_units",,-0.18529877,0.0212612,,,2000,"f84261e3"
"mdgrf","grf","md120 n500","Hc","mr","sd_emp",,14.940005,0.236281,,,2000,"f84261e3"
"mdgrf","grf","md120 n500","Hc","mr","se_mean",,24.969357,0.029843,,,2000,"f84261e3"
"mdgrf","grf","md120 n500","Hc","mr","se_over_sd",,1.6713084,0.0265077,,,2000,"f84261e3"
"mdgrf","grf","md120 n500","Hc","mr","cov1_upper",,0.997,0.00122291,0.99347,0.998624,2000,"f84261e3"
"mdgrf","grf","md120 n500","Hc","mr","cov2",,0.9995,0.000499875,0.997173,0.999912,2000,"f84261e3"
"mdgrf","grf","md120 n500","Hc","mr","halfwidth_md",,48.93904,,,,2000,"f84261e3"
"mdgrf","grf","md120 n500","Hc","mr","margin1_md",,41.070937,,,,2000,"f84261e3"
"mdgrf","grf","md120 n500","Hc","fld","bias_md",,-1.2117465,0.323801,,,2000,"f84261e3"
"mdgrf","grf","md120 n500","Hc","fld","bias_sd_units",,-0.079235647,0.0211732,,,2000,"f84261e3"
"mdgrf","grf","md120 n500","Hc","fld","sd_emp",,15.292947,0.241863,,,2000,"f84261e3"
"mdgrf","grf","md120 n500","Hc","fld","se_mean",,13.607386,0.0144752,,,2000,"f84261e3"
"mdgrf","grf","md120 n500","Hc","fld","se_over_sd",,0.88978184,0.014104,,,2000,"f84261e3"
"mdgrf","grf","md120 n500","Hc","fld","cov1_upper",,0.9265,0.00583514,0.914227,0.937137,2000,"f84261e3"
"mdgrf","grf","md120 n500","Hc","fld","cov2",,0.9295,0.00572406,0.917438,0.939915,2000,"f84261e3"
"mdgrf","grf","md120 n500","Hc","fld","halfwidth_md",,26.553639,,,,2000,"f84261e3"
"mdgrf","grf","md120 n500","Hc","fld","margin1_md",,23.922065,,,,2000,"f84261e3"
"mdgrf","grf","md120 n500","Hc","fld_s","bias_md",,-1.2276237,0.323767,,,2000,"f84261e3"
"mdgrf","grf","md120 n500","Hc","fld_s","bias_sd_units",,-0.080362691,0.0211944,,,2000,"f84261e3"
"mdgrf","grf","md120 n500","Hc","fld_s","sd_emp",,15.27604,0.241596,,,2000,"f84261e3"
"mdgrf","grf","md120 n500","Hc","fld_s","se_mean",,13.958706,0.0245671,,,2000,"f84261e3"
"mdgrf","grf","md120 n500","Hc","fld_s","se_over_sd",,0.91376467,0.0145407,,,2000,"f84261e3"
"mdgrf","grf","md120 n500","Hc","fld_s","cov1_upper",,0.9315,0.00564835,0.919582,0.941764,2000,"f84261e3"
"mdgrf","grf","md120 n500","Hc","fld_s","cov2",,0.9345,0.00553217,0.922803,0.944531,2000,"f84261e3"
"mdgrf","grf","md120 n500","Hc","fld_s","halfwidth_md",,27.240718,,,,2000,"f84261e3"
"mdgrf","grf","md120 n500","Hc","fld_s","margin1_md",,24.474208,,,,2000,"f84261e3"
"mdgrf","grf","md120 n500","Hc","fld_s","share_upper_le_tau",0,0,0,1.0842e-19,0.00191705,2000,"f84261e3"
"mdgrf","grf","md120 n500","Hc","fld_s","share_upper_le_tau",10,0.001,0.000706753,0.000274279,0.00363893,2000,"f84261e3"
"mdgrf","grf","md120 n500","Hc","fld_s","share_upper_le_tau",20,0.0025,0.00111664,0.00106831,0.00583915,2000,"f84261e3"
"mdgrf","grf","md120 n500","Hc","fld_s","share_upper_le_tau",30,0.0105,0.00227923,0.00687789,0.0159989,2000,"f84261e3"
"mdgrf","grf","md120 n500","Hc","fld_s","share_upper_le_tau",40,0.0445,0.00461084,0.0363027,0.0544438,2000,"f84261e3"
"mdgrf","grf","md120 n500","Hc","fld_s","share_upper_le_tau",60,0.3385,0.0105811,0.318089,0.359531,2000,"f84261e3"
"mdgrf","grf","md120 n500","Hc","fld_s","share_upper_le_tau",80,0.8385,0.00822854,0.821726,0.853976,2000,"f84261e3"
"mdgrf","grf","md120 n500","Hc","fld_s","share_upper_le_tau",100,0.992,0.00199198,0.987044,0.99507,2000,"f84261e3"
"mdgrf","grf","md120 n500","Hc","fld_s","bound_mean",,65.66575,0.331436,,,2000,"f84261e3"
"mdgrf","grf","md120 n500","Hc","fld_s","bound_q05",,41.064709,,,,2000,"f84261e3"
"mdgrf","grf","md120 n500","Hc","fld_s","bound_q25",,55.8323,,,,2000,"f84261e3"
"mdgrf","grf","md120 n500","Hc","fld_s","bound_q50",,66.348681,,,,2000,"f84261e3"
"mdgrf","grf","md120 n500","Hc","fld_s","bound_q75",,75.790355,,,,2000,"f84261e3"
"mdgrf","grf","md120 n500","Hc","fld_s","bound_q95",,89.350178,,,,2000,"f84261e3"
"mdgrf","grf","md120 n500","Hc","oracle","share_upper_le_tau",0,0.001,0.000706753,0.000274279,0.00363893,2000,"f84261e3"
"mdgrf","grf","md120 n500","Hc","oracle","share_upper_le_tau",10,0.0065,0.00179691,0.0038026,0.0110895,2000,"f84261e3"
"mdgrf","grf","md120 n500","Hc","oracle","share_upper_le_tau",20,0.0205,0.00316858,0.0151472,0.0276913,2000,"f84261e3"
"mdgrf","grf","md120 n500","Hc","oracle","share_upper_le_tau",30,0.0805,0.00608357,0.0693649,0.0932435,2000,"f84261e3"
"mdgrf","grf","md120 n500","Hc","oracle","share_upper_le_tau",40,0.253,0.00972088,0.234433,0.272514,2000,"f84261e3"
"mdgrf","grf","md120 n500","Hc","oracle","share_upper_le_tau",60,0.7585,0.00957021,0.739259,0.77675,2000,"f84261e3"
"mdgrf","grf","md120 n500","Hc","oracle","share_upper_le_tau",80,0.9845,0.00276222,0.978083,0.989059,2000,"f84261e3"
"mdgrf","grf","md120 n500","Hc","oracle","share_upper_le_tau",100,1,0,0.998083,1,2000,"f84261e3"
"mdgrf","grf","md120 n500","Hc","oracle","bound_mean",,49.669566,0.322695,,,2000,"f84261e3"
"mdgrf","grf","md120 n500","Hc","oracle","bound_q05",,26.773211,,,,2000,"f84261e3"
"mdgrf","grf","md120 n500","Hc","oracle","bound_q25",,39.765189,,,,2000,"f84261e3"
"mdgrf","grf","md120 n500","Hc","oracle","bound_q50",,49.948028,,,,2000,"f84261e3"
"mdgrf","grf","md120 n500","Hc","oracle","bound_q75",,59.50682,,,,2000,"f84261e3"
"mdgrf","grf","md120 n500","Hc","oracle","bound_q95",,72.528538,,,,2000,"f84261e3"
"mdgrf","grf","md120 n500","Hc","fld","share_upper_le_tau",0,0,0,1.0842e-19,0.00191705,2000,"f84261e3"
"mdgrf","grf","md120 n500","Hc","fld","share_upper_le_tau",10,0.001,0.000706753,0.000274279,0.00363893,2000,"f84261e3"
"mdgrf","grf","md120 n500","Hc","fld","share_upper_le_tau",20,0.003,0.00122291,0.00137563,0.00652992,2000,"f84261e3"
"mdgrf","grf","md120 n500","Hc","fld","share_upper_le_tau",30,0.014,0.00262717,0.00970378,0.0201596,2000,"f84261e3"
"mdgrf","grf","md120 n500","Hc","fld","share_upper_le_tau",40,0.054,0.00505391,0.0449222,0.0647879,2000,"f84261e3"
"mdgrf","grf","md120 n500","Hc","fld","share_upper_le_tau",60,0.3605,0.0107364,0.339743,0.381792,2000,"f84261e3"
"mdgrf","grf","md120 n500","Hc","fld","share_upper_le_tau",80,0.844,0.00811369,0.82744,0.859242,2000,"f84261e3"
"mdgrf","grf","md120 n500","Hc","fld","share_upper_le_tau",100,0.9905,0.00216907,0.98521,0.99391,2000,"f84261e3"
"mdgrf","grf","md120 n500","Hc","fld","bound_mean",,65.113607,0.339895,,,2000,"f84261e3"
"mdgrf","grf","md120 n500","Hc","fld","bound_q05",,38.914153,,,,2000,"f84261e3"
"mdgrf","grf","md120 n500","Hc","fld","bound_q25",,55.111125,,,,2000,"f84261e3"
"mdgrf","grf","md120 n500","Hc","fld","bound_q50",,65.985044,,,,2000,"f84261e3"
"mdgrf","grf","md120 n500","Hc","fld","bound_q75",,75.480023,,,,2000,"f84261e3"
"mdgrf","grf","md120 n500","Hc","fld","bound_q95",,89.350114,,,,2000,"f84261e3"
"mdgrf","grf","md120 n500","Hc","mr","share_upper_le_tau",0,0,0,1.0842e-19,0.00191705,2000,"f84261e3"
"mdgrf","grf","md120 n500","Hc","mr","share_upper_le_tau",10,0,0,1.0842e-19,0.00191705,2000,"f84261e3"
"mdgrf","grf","md120 n500","Hc","mr","share_upper_le_tau",20,0,0,1.0842e-19,0.00191705,2000,"f84261e3"
"mdgrf","grf","md120 n500","Hc","mr","share_upper_le_tau",30,0.001,0.000706753,0.000274279,0.00363893,2000,"f84261e3"
"mdgrf","grf","md120 n500","Hc","mr","share_upper_le_tau",40,0.003,0.00122291,0.00137563,0.00652992,2000,"f84261e3"
"mdgrf","grf","md120 n500","Hc","mr","share_upper_le_tau",60,0.0625,0.00541266,0.0527071,0.0739703,2000,"f84261e3"
"mdgrf","grf","md120 n500","Hc","mr","share_upper_le_tau",80,0.4245,0.0110521,0.403003,0.446286,2000,"f84261e3"
"mdgrf","grf","md120 n500","Hc","mr","share_upper_le_tau",100,0.901,0.00667829,0.887132,0.91333,2000,"f84261e3"
"mdgrf","grf","md120 n500","Hc","mr","bound_mean",,82.262479,0.321924,,,2000,"f84261e3"
"mdgrf","grf","md120 n500","Hc","mr","bound_q05",,58.248049,,,,2000,"f84261e3"
"mdgrf","grf","md120 n500","Hc","mr","bound_q25",,72.841534,,,,2000,"f84261e3"
"mdgrf","grf","md120 n500","Hc","mr","bound_q50",,82.994056,,,,2000,"f84261e3"
"mdgrf","grf","md120 n500","Hc","mr","bound_q75",,92.126082,,,,2000,"f84261e3"
"mdgrf","grf","md120 n500","Hc","mr","bound_q95",,105.53134,,,,2000,"f84261e3"
"mdgrf","grf","md120 n500","Hc","naive","share_upper_le_tau",0,5e-04,0.000499875,8.82677e-05,0.00282686,2000,"f84261e3"
"mdgrf","grf","md120 n500","Hc","naive","share_upper_le_tau",10,0.0025,0.00111664,0.00106831,0.00583915,2000,"f84261e3"
"mdgrf","grf","md120 n500","Hc","naive","share_upper_le_tau",20,0.0105,0.00227923,0.00687789,0.0159989,2000,"f84261e3"
"mdgrf","grf","md120 n500","Hc","naive","share_upper_le_tau",30,0.0405,0.00440793,0.0327049,0.0500568,2000,"f84261e3"
"mdgrf","grf","md120 n500","Hc","naive","share_upper_le_tau",40,0.147,0.00791805,0.132158,0.163196,2000,"f84261e3"
"mdgrf","grf","md120 n500","Hc","naive","share_upper_le_tau",60,0.649,0.0106724,0.627815,0.669614,2000,"f84261e3"
"mdgrf","grf","md120 n500","Hc","naive","share_upper_le_tau",80,0.97,0.00381445,0.961576,0.976622,2000,"f84261e3"
"mdgrf","grf","md120 n500","Hc","naive","share_upper_le_tau",100,0.9995,0.000499875,0.997173,0.999912,2000,"f84261e3"
"mdgrf","grf","md120 n500","Hc","naive","bound_mean",,54.620846,0.309805,,,2000,"f84261e3"
"mdgrf","grf","md120 n500","Hc","naive","bound_q05",,31.752591,,,,2000,"f84261e3"
"mdgrf","grf","md120 n500","Hc","naive","bound_q25",,45.745842,,,,2000,"f84261e3"
"mdgrf","grf","md120 n500","Hc","naive","bound_q50",,55.315945,,,,2000,"f84261e3"
"mdgrf","grf","md120 n500","Hc","naive","bound_q75",,63.998256,,,,2000,"f84261e3"
"mdgrf","grf","md120 n500","Hc","naive","bound_q95",,77.466454,,,,2000,"f84261e3"
"mdgrf","grf","md120 n500","joint","bonf_s","joint_coverage",,0.9425,0.00520547,0.931424,0.95188,2000,"f84261e3"
"mdgrf","grf","md120 n500","joint","bonf_s","share_both_bounds",,1,0,0.998083,1,2000,"f84261e3"
"mdgrf","grf","md120 n500","joint","bonf_s","cov_H",,0.9795,0.00316858,0.972309,0.984853,2000,"f84261e3"
"mdgrf","grf","md120 n500","joint","bonf_s","cov_Hc",,0.962,0.00427528,0.952696,0.969532,2000,"f84261e3"
"mdgrf","grf","md120 n500","joint","bonf_s","margin_H_md",,56.364468,0.11539,,,2000,"f84261e3"
"mdgrf","grf","md120 n500","joint","bonf_s","margin_Hc_md",,28.866289,0.058292,,,2000,"f84261e3"
"mdgrf","grf","md120 n500","joint","bonf","joint_coverage",,0.9415,0.00524775,0.930343,0.950964,2000,"f84261e3"
"mdgrf","grf","md120 n500","joint","bonf","share_both_bounds",,1,0,0.998083,1,2000,"f84261e3"
"mdgrf","grf","md120 n500","joint","bonf","cov_H",,0.9795,0.00316858,0.972309,0.984853,2000,"f84261e3"
"mdgrf","grf","md120 n500","joint","bonf","cov_Hc",,0.961,0.00432891,0.951594,0.968639,2000,"f84261e3"
"mdgrf","grf","md120 n500","joint","bonf","margin_H_md",,56.364468,0.11539,,,2000,"f84261e3"
"mdgrf","grf","md120 n500","joint","bonf","margin_Hc_md",,28.246497,0.040423,,,2000,"f84261e3"
"mdgrf","grf","md120 n500","joint","separate_s","joint_coverage",,0.893,0.00691198,0.878691,0.905802,2000,"f84261e3"
"mdgrf","grf","md120 n500","joint","separate_s","share_both_bounds",,1,0,0.998083,1,2000,"f84261e3"
"mdgrf","grf","md120 n500","joint","separate_s","cov_H",,0.956,0.00458607,0.946103,0.964148,2000,"f84261e3"
"mdgrf","grf","md120 n500","joint","separate_s","cov_Hc",,0.9315,0.00564835,0.919582,0.941764,2000,"f84261e3"
"mdgrf","grf","md120 n500","joint","separate_s","margin_H_md",,46.861755,0.10086,,,2000,"f84261e3"
"mdgrf","grf","md120 n500","joint","separate_s","margin_Hc_md",,24.474208,0.0504673,,,2000,"f84261e3"
"mdgrf","grf","md120 n500","joint","calibrated","gamma_mean_s",,0.0252085,9.59479e-06,,,2000,"f84261e3"
"mdgrf","grf","md120 n500","joint","calibrated","corr_s",,0.025568841,0.00164349,,,2000,"f84261e3"
"mdgrf","grf","md120 n500","joint","calibrated","gamma_mean",,0.025145,8.24752e-06,,,2000,"f84261e3"
"mdgrf","grf","md120 n500","joint","calibrated","corr",,0.030022992,0.00166553,,,2000,"f84261e3"
"mdgrf","grf","md120 n500","H","all","mean_size_hhat",,143.6125,0.974546,,,2000,"f84261e3"
"mdgrf","grf","md120 n500","H","all","mean_true_positives",,103.1255,0.926098,,,2000,"f84261e3"
"mdgrf","grf","md120 n500","H","all","sensitivity_mean",,0.59887458,0.00532316,,,2000,"f84261e3"
"mdgrf","grf","md120 n500","H","all","ppv_mean",,0.71486906,0.00455299,,,2000,"f84261e3"
"mdgrf","grf","md120 n500","H","all","mean_n_family",,1222.3815,1.04192,,,2000,"f84261e3"
"mdgrf","grf","md120 n500","H","all","mean_admitted_n",,1059.7685,2.9143,,,2000,"f84261e3"
"mdgrf","grf","md120 n500","H","all","share_size_larger_than_fs",,0.376,0.0108311,0.355028,0.397447,2000,"f84261e3"
"mdgrf","grf","md120 n500","H","all","count_size_larger_than_fs",,752,,,,2000,"f84261e3"
"mdgrf","grf","md120 n500","H","all","share_size_equal_than_fs",,0.0205,0.00316858,0.0151472,0.0276913,2000,"f84261e3"
"mdgrf","grf","md120 n500","H","all","count_size_equal_than_fs",,41,,,,2000,"f84261e3"
"mdgrf","grf","md120 n500","H","all","share_size_smaller_than_fs",,0.6035,0.0109382,0.581883,0.62472,2000,"f84261e3"
"mdgrf","grf","md120 n500","H","all","count_size_smaller_than_fs",,1207,,,,2000,"f84261e3"
"mdsgnb20","fs","md120 n500","H","all","declaration_rate",,1,0,0.998083,1,2000,"b12f5983"
"mdsgnb20","fs","md120 n500","H","all","mean_n_sel",,152.7385,0.88331,,,2000,"b12f5983"
"mdsgnb20","fs","md120 n500","H","all","sensitivity_mean",,0.71159446,0.00527935,,,2000,"b12f5983"
"mdsgnb20","fs","md120 n500","H","all","ppv_mean",,0.79797329,0.00416516,,,2000,"b12f5983"
"mdgrf","grf","md120 n500","H","all","p_hat_mean",,0.1280543,0.00209792,,,2000,"f84261e3"
"mdgrf","grf","md120 n500","H","all","p_hat_share_lt_05",,0.996,0.00141138,0.992127,0.997972,2000,"f84261e3"
"mdgrf","grf","md120 n500","Hc","mr","sd_btc_over_naive_se",,1.0636189,,,,2000,"f84261e3"
"mdgrf","grf","md120 n500","Hc","fld","lamsd_over_naive_se",,0.96874616,,,,2000,"f84261e3"
"mdgrf","grf","md120 n500","Hc","fld_s","lamsd_over_naive_se",,0.99375751,,,,2000,"f84261e3"
"mdgrf","grf","md120 n500","all","all","secs_fit_mr_mean",,51.187403,0.107421,,,2000,"f84261e3"
"mdgrf","grf","md120 n500","all","all","secs_field_mean",,32.274264,0.0730307,,,2000,"f84261e3"
"mdgrf","grf","md120 n500","all","all","secs_complement_mean",,1.8617905,0.00497263,,,2000,"f84261e3"
"mdgrf","grf","md120 n500","Hc","fld_s","display_b",,-0.080362691,,,,2000,"f84261e3"
"mdgrf","grf","md120 n500","Hc","fld_s","display_r",,0.91376467,,,,2000,"f84261e3"
"mdgrf","grf","md120 n500","Hc","fld_s","display_cov1",,0.9315,,,,2000,"f84261e3"
"mdgrf","grf","md120 n500","Hc","fld_s","display_cov1_ref",,0.92258066,,,,2000,"f84261e3"
"mdgrf","grf","md120 n500","Hc","fld_s","display_cov2",,0.9345,,,,2000,"f84261e3"
"mdgrf","grf","md120 n500","Hc","fld_s","display_cov2_ref",,0.92576979,,,,2000,"f84261e3"
"mdgrf","grf","md120 n500","H","naive","display_b",,1.6817364,,,,2000,"f84261e3"
"mdgrf","grf","md120 n500","H","naive","display_r",,1.1649288,,,,2000,"f84261e3"
"mdgrf","grf","md120 n500","H","naive","display_cov1_ref",,0.59266317,,,,2000,"f84261e3"
"mdgrf","grf","md120 n500","H","naive","display_cov2_ref",,0.72620385,,,,2000,"f84261e3"
"mdgrf","grf","md120 n500","H","mr","display_b",,-0.01930118,,,,2000,"f84261e3"
"mdgrf","grf","md120 n500","H","mr","display_r",,1.3822478,,,,2000,"f84261e3"
"mdgrf","grf","md120 n500","H","mr","display_cov1_ref",,0.98907302,,,,2000,"f84261e3"
"mdgrf","grf","md120 n500","H","mr","display_cov2_ref",,0.99324428,,,,2000,"f84261e3"
"mdgrf","grf","md120 n500","H","fld","display_b",,-0.16073935,,,,2000,"f84261e3"
"mdgrf","grf","md120 n500","H","fld","display_r",,1.0044569,,,,2000,"f84261e3"
"mdgrf","grf","md120 n500","H","fld","display_cov1_ref",,0.96507822,,,,2000,"f84261e3"
"mdgrf","grf","md120 n500","H","fld","display_cov2_ref",,0.94808465,,,,2000,"f84261e3"
"mdgrf","grf","md120 n500","Hc","naive","display_b",,-0.86824298,,,,2000,"f84261e3"
"mdgrf","grf","md120 n500","Hc","naive","display_r",,0.98009886,,,,2000,"f84261e3"
"mdgrf","grf","md120 n500","Hc","naive","display_cov1_ref",,0.77152431,,,,2000,"f84261e3"
"mdgrf","grf","md120 n500","Hc","naive","display_cov2_ref",,0.85112238,,,,2000,"f84261e3"
"mdgrf","grf","md120 n500","Hc","mr","display_b",,-0.18529877,,,,2000,"f84261e3"
"mdgrf","grf","md120 n500","Hc","mr","display_r",,1.6713084,,,,2000,"f84261e3"
"mdgrf","grf","md120 n500","Hc","mr","display_cov1_ref",,0.99482273,,,,2000,"f84261e3"
"mdgrf","grf","md120 n500","Hc","mr","display_cov2_ref",,0.9987315,,,,2000,"f84261e3"
"mdgrf","grf","md120 n500","Hc","fld","display_b",,-0.079235647,,,,2000,"f84261e3"
"mdgrf","grf","md120 n500","Hc","fld","display_r",,0.88978184,,,,2000,"f84261e3"
"mdgrf","grf","md120 n500","Hc","fld","display_cov1_ref",,0.91687055,,,,2000,"f84261e3"
"mdgrf","grf","md120 n500","Hc","fld","display_cov2_ref",,0.91787579,,,,2000,"f84261e3"
"mdgrf","grf","null n500 (no subgroup; homogeneous +26)","H","all","declaration_rate",,1,0,0.998083,1,2000,"15bee7cd"
"mdgrf","grf","null n500 (no subgroup; homogeneous +26)","H","naive","bias_md",,60.179597,0.397764,,,2000,"15bee7cd"
"mdgrf","grf","null n500 (no subgroup; homogeneous +26)","H","naive","bias_sd_units",,3.383055,0.0223607,,,2000,"15bee7cd"
"mdgrf","grf","null n500 (no subgroup; homogeneous +26)","H","naive","sd_emp",,17.788537,0.281332,,,2000,"15bee7cd"
"mdgrf","grf","null n500 (no subgroup; homogeneous +26)","H","naive","se_mean",,26.205226,0.0972346,,,2000,"15bee7cd"
"mdgrf","grf","null n500 (no subgroup; homogeneous +26)","H","naive","se_over_sd",,1.4731524,0.023931,,,2000,"15bee7cd"
"mdgrf","grf","null n500 (no subgroup; homogeneous +26)","H","naive","cov1_lower",,0.143,0.00782787,0.128341,0.159027,2000,"15bee7cd"
"mdgrf","grf","null n500 (no subgroup; homogeneous +26)","H","naive","cov2",,0.3,0.010247,0.280315,0.320451,2000,"15bee7cd"
"mdgrf","grf","null n500 (no subgroup; homogeneous +26)","H","naive","halfwidth_md",,51.361299,,,,2000,"15bee7cd"
"mdgrf","grf","null n500 (no subgroup; homogeneous +26)","H","naive","margin1_md",,43.10376,,,,2000,"15bee7cd"
"mdgrf","grf","null n500 (no subgroup; homogeneous +26)","H","oracle","bias_md",,,,,,0,"15bee7cd"
"mdgrf","grf","null n500 (no subgroup; homogeneous +26)","H","oracle","bias_sd_units",,,,,,0,"15bee7cd"
"mdgrf","grf","null n500 (no subgroup; homogeneous +26)","H","oracle","sd_emp",,,,,,0,"15bee7cd"
"mdgrf","grf","null n500 (no subgroup; homogeneous +26)","H","oracle","se_mean",,,,,,0,"15bee7cd"
"mdgrf","grf","null n500 (no subgroup; homogeneous +26)","H","oracle","se_over_sd",,,,,,0,"15bee7cd"
"mdgrf","grf","null n500 (no subgroup; homogeneous +26)","H","oracle","cov1_lower",,,,,,0,"15bee7cd"
"mdgrf","grf","null n500 (no subgroup; homogeneous +26)","H","oracle","cov2",,,,,,0,"15bee7cd"
"mdgrf","grf","null n500 (no subgroup; homogeneous +26)","H","oracle","halfwidth_md",,,,,,0,"15bee7cd"
"mdgrf","grf","null n500 (no subgroup; homogeneous +26)","H","oracle","margin1_md",,,,,,0,"15bee7cd"
"mdgrf","grf","null n500 (no subgroup; homogeneous +26)","H","mr","bias_md",,16.271344,0.464171,,,2000,"15bee7cd"
"mdgrf","grf","null n500 (no subgroup; homogeneous +26)","H","mr","bias_sd_units",,0.78384515,0.0223607,,,2000,"15bee7cd"
"mdgrf","grf","null n500 (no subgroup; homogeneous +26)","H","mr","sd_emp",,20.758365,0.328301,,,2000,"15bee7cd"
"mdgrf","grf","null n500 (no subgroup; homogeneous +26)","H","mr","se_mean",,34.023021,0.109854,,,2000,"15bee7cd"
"mdgrf","grf","null n500 (no subgroup; homogeneous +26)","H","mr","se_over_sd",,1.6390029,0.0264561,,,2000,"15bee7cd"
"mdgrf","grf","null n500 (no subgroup; homogeneous +26)","H","mr","cov1_lower",,0.9715,0.00372074,0.963255,0.977937,2000,"15bee7cd"
"mdgrf","grf","null n500 (no subgroup; homogeneous +26)","H","mr","cov2",,0.991,0.00211175,0.985818,0.9943,2000,"15bee7cd"
"mdgrf","grf","null n500 (no subgroup; homogeneous +26)","H","mr","halfwidth_md",,66.683896,,,,2000,"15bee7cd"
"mdgrf","grf","null n500 (no subgroup; homogeneous +26)","H","mr","margin1_md",,55.962889,,,,2000,"15bee7cd"
"mdgrf","grf","null n500 (no subgroup; homogeneous +26)","H","fld","bias_md",,7.9658399,0.499475,,,2000,"15bee7cd"
"mdgrf","grf","null n500 (no subgroup; homogeneous +26)","H","fld","bias_sd_units",,0.35661767,0.0223607,,,2000,"15bee7cd"
"mdgrf","grf","null n500 (no subgroup; homogeneous +26)","H","fld","sd_emp",,22.337199,0.35327,,,2000,"15bee7cd"
"mdgrf","grf","null n500 (no subgroup; homogeneous +26)","H","fld","se_mean",,25.371272,0.0402189,,,2000,"15bee7cd"
"mdgrf","grf","null n500 (no subgroup; homogeneous +26)","H","fld","se_over_sd",,1.1358305,0.0180536,,,2000,"15bee7cd"
"mdgrf","grf","null n500 (no subgroup; homogeneous +26)","H","fld","cov1_lower",,0.9405,0.0052896,0.929264,0.950047,2000,"15bee7cd"
"mdgrf","grf","null n500 (no subgroup; homogeneous +26)","H","fld","cov2",,0.9685,0.00390562,0.959902,0.975302,2000,"15bee7cd"
"mdgrf","grf","null n500 (no subgroup; homogeneous +26)","H","fld","halfwidth_md",,49.659916,,,,2000,"15bee7cd"
"mdgrf","grf","null n500 (no subgroup; homogeneous +26)","H","fld","margin1_md",,51.76663,,,,2000,"15bee7cd"
"mdgrf","grf","null n500 (no subgroup; homogeneous +26)","H","fld","share_lower_ge_tau",0,0.326,0.0104815,0.305807,0.34686,2000,"15bee7cd"
"mdgrf","grf","null n500 (no subgroup; homogeneous +26)","H","fld","share_lower_ge_tau",10,0.18,0.00859069,0.163781,0.197446,2000,"15bee7cd"
"mdgrf","grf","null n500 (no subgroup; homogeneous +26)","H","fld","share_lower_ge_tau",20,0.0925,0.00647857,0.0805716,0.105991,2000,"15bee7cd"
"mdgrf","grf","null n500 (no subgroup; homogeneous +26)","H","fld","share_lower_ge_tau",30,0.045,0.00463546,0.0367538,0.0549907,2000,"15bee7cd"
"mdgrf","grf","null n500 (no subgroup; homogeneous +26)","H","fld","share_lower_ge_tau",40,0.022,0.00327994,0.0164289,0.0294038,2000,"15bee7cd"
"mdgrf","grf","null n500 (no subgroup; homogeneous +26)","H","fld","share_lower_ge_tau",60,0.004,0.00141138,0.00202825,0.00787346,2000,"15bee7cd"
"mdgrf","grf","null n500 (no subgroup; homogeneous +26)","H","fld","share_lower_ge_tau",80,5e-04,0.000499875,8.82677e-05,0.00282686,2000,"15bee7cd"
"mdgrf","grf","null n500 (no subgroup; homogeneous +26)","H","fld","share_lower_ge_tau",100,0,0,1.0842e-19,0.00191705,2000,"15bee7cd"
"mdgrf","grf","null n500 (no subgroup; homogeneous +26)","H","fld","bound_mean",,-9.24005,0.492353,,,2000,"15bee7cd"
"mdgrf","grf","null n500 (no subgroup; homogeneous +26)","H","fld","bound_q05",,-42.521532,,,,2000,"15bee7cd"
"mdgrf","grf","null n500 (no subgroup; homogeneous +26)","H","fld","bound_q25",,-24.573318,,,,2000,"15bee7cd"
"mdgrf","grf","null n500 (no subgroup; homogeneous +26)","H","fld","bound_q50",,-10.353697,,,,2000,"15bee7cd"
"mdgrf","grf","null n500 (no subgroup; homogeneous +26)","H","fld","bound_q75",,4.6006561,,,,2000,"15bee7cd"
"mdgrf","grf","null n500 (no subgroup; homogeneous +26)","H","fld","bound_q95",,28.537759,,,,2000,"15bee7cd"
"mdgrf","grf","null n500 (no subgroup; homogeneous +26)","H","mr","share_lower_ge_tau",0,0.239,0.00953622,0.220821,0.25818,2000,"15bee7cd"
"mdgrf","grf","null n500 (no subgroup; homogeneous +26)","H","mr","share_lower_ge_tau",10,0.1155,0.00714702,0.102223,0.130251,2000,"15bee7cd"
"mdgrf","grf","null n500 (no subgroup; homogeneous +26)","H","mr","share_lower_ge_tau",20,0.051,0.0049193,0.04219,0.0615315,2000,"15bee7cd"
"mdgrf","grf","null n500 (no subgroup; homogeneous +26)","H","mr","share_lower_ge_tau",30,0.018,0.00297288,0.01303,0.024818,2000,"15bee7cd"
"mdgrf","grf","null n500 (no subgroup; homogeneous +26)","H","mr","share_lower_ge_tau",40,0.008,0.00199198,0.0049303,0.0129561,2000,"15bee7cd"
"mdgrf","grf","null n500 (no subgroup; homogeneous +26)","H","mr","share_lower_ge_tau",60,0.001,0.000706753,0.000274279,0.00363893,2000,"15bee7cd"
"mdgrf","grf","null n500 (no subgroup; homogeneous +26)","H","mr","share_lower_ge_tau",80,0,0,1.0842e-19,0.00191705,2000,"15bee7cd"
"mdgrf","grf","null n500 (no subgroup; homogeneous +26)","H","mr","share_lower_ge_tau",100,0,0,1.0842e-19,0.00191705,2000,"15bee7cd"
"mdgrf","grf","null n500 (no subgroup; homogeneous +26)","H","mr","bound_mean",,-13.43631,0.439585,,,2000,"15bee7cd"
"mdgrf","grf","null n500 (no subgroup; homogeneous +26)","H","mr","bound_q05",,-44.626631,,,,2000,"15bee7cd"
"mdgrf","grf","null n500 (no subgroup; homogeneous +26)","H","mr","bound_q25",,-26.900121,,,,2000,"15bee7cd"
"mdgrf","grf","null n500 (no subgroup; homogeneous +26)","H","mr","bound_q50",,-13.887848,,,,2000,"15bee7cd"
"mdgrf","grf","null n500 (no subgroup; homogeneous +26)","H","mr","bound_q75",,-0.73234733,,,,2000,"15bee7cd"
"mdgrf","grf","null n500 (no subgroup; homogeneous +26)","H","mr","bound_q95",,20.42217,,,,2000,"15bee7cd"
"mdgrf","grf","null n500 (no subgroup; homogeneous +26)","H","naive","share_lower_ge_tau",0,0.9985,0.000865376,0.995599,0.99949,2000,"15bee7cd"
"mdgrf","grf","null n500 (no subgroup; homogeneous +26)","H","naive","share_lower_ge_tau",10,0.987,0.00253288,0.98102,0.991113,2000,"15bee7cd"
"mdgrf","grf","null n500 (no subgroup; homogeneous +26)","H","naive","share_lower_ge_tau",20,0.931,0.00566741,0.919046,0.941302,2000,"15bee7cd"
"mdgrf","grf","null n500 (no subgroup; homogeneous +26)","H","naive","share_lower_ge_tau",30,0.798,0.00897764,0.77984,0.815017,2000,"15bee7cd"
"mdgrf","grf","null n500 (no subgroup; homogeneous +26)","H","naive","share_lower_ge_tau",40,0.559,0.0111022,0.537147,0.580626,2000,"15bee7cd"
"mdgrf","grf","null n500 (no subgroup; homogeneous +26)","H","naive","share_lower_ge_tau",60,0.1505,0.0079953,0.1355,0.16684,2000,"15bee7cd"
"mdgrf","grf","null n500 (no subgroup; homogeneous +26)","H","naive","share_lower_ge_tau",80,0.0205,0.00316858,0.0151472,0.0276913,2000,"15bee7cd"
"mdgrf","grf","null n500 (no subgroup; homogeneous +26)","H","naive","share_lower_ge_tau",100,0.002,0.000998999,0.000778027,0.00513135,2000,"15bee7cd"
"mdgrf","grf","null n500 (no subgroup; homogeneous +26)","H","naive","bound_mean",,43.331073,0.366062,,,2000,"15bee7cd"
"mdgrf","grf","null n500 (no subgroup; homogeneous +26)","H","naive","bound_q05",,17.16339,,,,2000,"15bee7cd"
"mdgrf","grf","null n500 (no subgroup; homogeneous +26)","H","naive","bound_q25",,32.067353,,,,2000,"15bee7cd"
"mdgrf","grf","null n500 (no subgroup; homogeneous +26)","H","naive","bound_q50",,42.697364,,,,2000,"15bee7cd"
"mdgrf","grf","null n500 (no subgroup; homogeneous +26)","H","naive","bound_q75",,53.599521,,,,2000,"15bee7cd"
"mdgrf","grf","null n500 (no subgroup; homogeneous +26)","H","naive","bound_q95",,71.490037,,,,2000,"15bee7cd"
"mdgrf","grf","null n500 (no subgroup; homogeneous +26)","Hc","naive","bias_md",,-16.09404,0.270707,,,2000,"15bee7cd"
"mdgrf","grf","null n500 (no subgroup; homogeneous +26)","Hc","naive","bias_sd_units",,-1.3293828,0.0223607,,,2000,"15bee7cd"
"mdgrf","grf","null n500 (no subgroup; homogeneous +26)","Hc","naive","sd_emp",,12.1064,0.191467,,,2000,"15bee7cd"
"mdgrf","grf","null n500 (no subgroup; homogeneous +26)","Hc","naive","se_mean",,13.127177,0.0172978,,,2000,"15bee7cd"
"mdgrf","grf","null n500 (no subgroup; homogeneous +26)","Hc","naive","se_over_sd",,1.0843171,0.0172083,,,2000,"15bee7cd"
"mdgrf","grf","null n500 (no subgroup; homogeneous +26)","Hc","naive","cov1_upper",,0.688,0.0103599,0.667351,0.707928,2000,"15bee7cd"
"mdgrf","grf","null n500 (no subgroup; homogeneous +26)","Hc","naive","cov2",,0.798,0.00897764,0.77984,0.815017,2000,"15bee7cd"
"mdgrf","grf","null n500 (no subgroup; homogeneous +26)","Hc","naive","halfwidth_md",,25.728795,,,,2000,"15bee7cd"
"mdgrf","grf","null n500 (no subgroup; homogeneous +26)","Hc","naive","margin1_md",,21.592285,,,,2000,"15bee7cd"
"mdgrf","grf","null n500 (no subgroup; homogeneous +26)","Hc","oracle","bias_md",,-0.43137023,0.257399,,,2000,"15bee7cd"
"mdgrf","grf","null n500 (no subgroup; homogeneous +26)","Hc","oracle","bias_sd_units",,-0.037473794,0.0223607,,,2000,"15bee7cd"
"mdgrf","grf","null n500 (no subgroup; homogeneous +26)","Hc","oracle","sd_emp",,11.511251,0.182054,,,2000,"15bee7cd"
"mdgrf","grf","null n500 (no subgroup; homogeneous +26)","Hc","oracle","se_mean",,11.652514,0.00816949,,,2000,"15bee7cd"
"mdgrf","grf","null n500 (no subgroup; homogeneous +26)","Hc","oracle","se_over_sd",,1.0122718,0.0160251,,,2000,"15bee7cd"
"mdgrf","grf","null n500 (no subgroup; homogeneous +26)","Hc","oracle","cov1_upper",,0.95,0.0048734,0.939556,0.958719,2000,"15bee7cd"
"mdgrf","grf","null n500 (no subgroup; homogeneous +26)","Hc","oracle","cov2",,0.9535,0.00470838,0.94337,0.961891,2000,"15bee7cd"
"mdgrf","grf","null n500 (no subgroup; homogeneous +26)","Hc","oracle","halfwidth_md",,22.838927,,,,2000,"15bee7cd"
"mdgrf","grf","null n500 (no subgroup; homogeneous +26)","Hc","oracle","margin1_md",,19.16668,,,,2000,"15bee7cd"
"mdgrf","grf","null n500 (no subgroup; homogeneous +26)","Hc","mr","bias_md",,-5.6866304,0.279301,,,2000,"15bee7cd"
"mdgrf","grf","null n500 (no subgroup; homogeneous +26)","Hc","mr","bias_sd_units",,-0.45526821,0.0223607,,,2000,"15bee7cd"
"mdgrf","grf","null n500 (no subgroup; homogeneous +26)","Hc","mr","sd_emp",,12.490726,0.197545,,,2000,"15bee7cd"
"mdgrf","grf","null n500 (no subgroup; homogeneous +26)","Hc","mr","se_mean",,23.737381,0.0233652,,,2000,"15bee7cd"
"mdgrf","grf","null n500 (no subgroup; homogeneous +26)","Hc","mr","se_over_sd",,1.9004004,0.0301136,,,2000,"15bee7cd"
"mdgrf","grf","null n500 (no subgroup; homogeneous +26)","Hc","mr","cov1_upper",,0.9935,0.00179691,0.98891,0.996197,2000,"15bee7cd"
"mdgrf","grf","null n500 (no subgroup; homogeneous +26)","Hc","mr","cov2",,0.999,0.000706753,0.996361,0.999726,2000,"15bee7cd"
"mdgrf","grf","null n500 (no subgroup; homogeneous +26)","Hc","mr","halfwidth_md",,46.524411,,,,2000,"15bee7cd"
"mdgrf","grf","null n500 (no subgroup; homogeneous +26)","Hc","mr","margin1_md",,39.044517,,,,2000,"15bee7cd"
"mdgrf","grf","null n500 (no subgroup; homogeneous +26)","Hc","fld","bias_md",,-3.5610609,0.283973,,,2000,"15bee7cd"
"mdgrf","grf","null n500 (no subgroup; homogeneous +26)","Hc","fld","bias_sd_units",,-0.28040558,0.0223607,,,2000,"15bee7cd"
"mdgrf","grf","null n500 (no subgroup; homogeneous +26)","Hc","fld","sd_emp",,12.699679,0.20085,,,2000,"15bee7cd"
"mdgrf","grf","null n500 (no subgroup; homogeneous +26)","Hc","fld","se_mean",,12.868348,0.0120315,,,2000,"15bee7cd"
"mdgrf","grf","null n500 (no subgroup; homogeneous +26)","Hc","fld","se_over_sd",,1.0132814,0.0160534,,,2000,"15bee7cd"
"mdgrf","grf","null n500 (no subgroup; homogeneous +26)","Hc","fld","cov1_upper",,0.9155,0.00621931,0.9025,0.926907,2000,"15bee7cd"
"mdgrf","grf","null n500 (no subgroup; homogeneous +26)","Hc","fld","cov2",,0.942,0.00522666,0.930883,0.951422,2000,"15bee7cd"
"mdgrf","grf","null n500 (no subgroup; homogeneous +26)","Hc","fld","halfwidth_md",,25.122156,,,,2000,"15bee7cd"
"mdgrf","grf","null n500 (no subgroup; homogeneous +26)","Hc","fld","margin1_md",,23.303248,,,,2000,"15bee7cd"
"mdgrf","grf","null n500 (no subgroup; homogeneous +26)","Hc","fld_s","bias_md",,-3.572297,0.283356,,,2000,"15bee7cd"
"mdgrf","grf","null n500 (no subgroup; homogeneous +26)","Hc","fld_s","bias_sd_units",,-0.2819034,0.0223607,,,2000,"15bee7cd"
"mdgrf","grf","null n500 (no subgroup; homogeneous +26)","Hc","fld_s","sd_emp",,12.672061,0.200413,,,2000,"15bee7cd"
"mdgrf","grf","null n500 (no subgroup; homogeneous +26)","Hc","fld_s","se_mean",,12.886152,0.0178368,,,2000,"15bee7cd"
"mdgrf","grf","null n500 (no subgroup; homogeneous +26)","Hc","fld_s","se_over_sd",,1.0168947,0.016144,,,2000,"15bee7cd"
"mdgrf","grf","null n500 (no subgroup; homogeneous +26)","Hc","fld_s","cov1_upper",,0.92,0.0060663,0.907289,0.9311,2000,"15bee7cd"
"mdgrf","grf","null n500 (no subgroup; homogeneous +26)","Hc","fld_s","cov2",,0.9435,0.00516274,0.932505,0.952795,2000,"15bee7cd"
"mdgrf","grf","null n500 (no subgroup; homogeneous +26)","Hc","fld_s","halfwidth_md",,25.143541,,,,2000,"15bee7cd"
"mdgrf","grf","null n500 (no subgroup; homogeneous +26)","Hc","fld_s","margin1_md",,23.288625,,,,2000,"15bee7cd"
"mdgrf","grf","null n500 (no subgroup; homogeneous +26)","Hc","fld_s","share_upper_le_tau",0,0.001,0.000706753,0.000274279,0.00363893,2000,"15bee7cd"
"mdgrf","grf","null n500 (no subgroup; homogeneous +26)","Hc","fld_s","share_upper_le_tau",10,0.006,0.00172685,0.00343559,0.0104584,2000,"15bee7cd"
"mdgrf","grf","null n500 (no subgroup; homogeneous +26)","Hc","fld_s","share_upper_le_tau",20,0.0305,0.00384511,0.0238174,0.0389827,2000,"15bee7cd"
"mdgrf","grf","null n500 (no subgroup; homogeneous +26)","Hc","fld_s","share_upper_le_tau",30,0.1345,0.00762921,0.120246,0.150156,2000,"15bee7cd"
"mdgrf","grf","null n500 (no subgroup; homogeneous +26)","Hc","fld_s","share_upper_le_tau",40,0.376,0.0108311,0.355028,0.397447,2000,"15bee7cd"
"mdgrf","grf","null n500 (no subgroup; homogeneous +26)","Hc","fld_s","share_upper_le_tau",60,0.894,0.00688346,0.879745,0.906744,2000,"15bee7cd"
"mdgrf","grf","null n500 (no subgroup; homogeneous +26)","Hc","fld_s","share_upper_le_tau",80,0.998,0.000998999,0.994869,0.999222,2000,"15bee7cd"
"mdgrf","grf","null n500 (no subgroup; homogeneous +26)","Hc","fld_s","share_upper_le_tau",100,1,0,0.998083,1,2000,"15bee7cd"
"mdgrf","grf","null n500 (no subgroup; homogeneous +26)","Hc","fld_s","bound_mean",,43.85723,0.282371,,,2000,"15bee7cd"
"mdgrf","grf","null n500 (no subgroup; homogeneous +26)","Hc","fld_s","bound_q05",,23.235302,,,,2000,"15bee7cd"
"mdgrf","grf","null n500 (no subgroup; homogeneous +26)","Hc","fld_s","bound_q25",,35.936695,,,,2000,"15bee7cd"
"mdgrf","grf","null n500 (no subgroup; homogeneous +26)","Hc","fld_s","bound_q50",,43.717573,,,,2000,"15bee7cd"
"mdgrf","grf","null n500 (no subgroup; homogeneous +26)","Hc","fld_s","bound_q75",,52.163682,,,,2000,"15bee7cd"
"mdgrf","grf","null n500 (no subgroup; homogeneous +26)","Hc","fld_s","bound_q95",,64.797801,,,,2000,"15bee7cd"
"mdgrf","grf","null n500 (no subgroup; homogeneous +26)","Hc","oracle","share_upper_le_tau",0,0,0,1.0842e-19,0.00191705,2000,"15bee7cd"
"mdgrf","grf","null n500 (no subgroup; homogeneous +26)","Hc","oracle","share_upper_le_tau",10,0.003,0.00122291,0.00137563,0.00652992,2000,"15bee7cd"
"mdgrf","grf","null n500 (no subgroup; homogeneous +26)","Hc","oracle","share_upper_le_tau",20,0.018,0.00297288,0.01303,0.024818,2000,"15bee7cd"
"mdgrf","grf","null n500 (no subgroup; homogeneous +26)","Hc","oracle","share_upper_le_tau",30,0.0935,0.00650991,0.0815085,0.10705,2000,"15bee7cd"
"mdgrf","grf","null n500 (no subgroup; homogeneous +26)","Hc","oracle","share_upper_le_tau",40,0.334,0.0105462,0.313665,0.354971,2000,"15bee7cd"
"mdgrf","grf","null n500 (no subgroup; homogeneous +26)","Hc","oracle","share_upper_le_tau",60,0.897,0.00679673,0.882909,0.909569,2000,"15bee7cd"
"mdgrf","grf","null n500 (no subgroup; homogeneous +26)","Hc","oracle","share_upper_le_tau",80,0.9995,0.000499875,0.997173,0.999912,2000,"15bee7cd"
"mdgrf","grf","null n500 (no subgroup; homogeneous +26)","Hc","oracle","share_upper_le_tau",100,1,0,0.998083,1,2000,"15bee7cd"
"mdgrf","grf","null n500 (no subgroup; homogeneous +26)","Hc","oracle","bound_mean",,44.990545,0.257829,,,2000,"15bee7cd"
"mdgrf","grf","null n500 (no subgroup; homogeneous +26)","Hc","oracle","bound_q05",,26.272946,,,,2000,"15bee7cd"
"mdgrf","grf","null n500 (no subgroup; homogeneous +26)","Hc","oracle","bound_q25",,37.385592,,,,2000,"15bee7cd"
"mdgrf","grf","null n500 (no subgroup; homogeneous +26)","Hc","oracle","bound_q50",,45.100285,,,,2000,"15bee7cd"
"mdgrf","grf","null n500 (no subgroup; homogeneous +26)","Hc","oracle","bound_q75",,52.576551,,,,2000,"15bee7cd"
"mdgrf","grf","null n500 (no subgroup; homogeneous +26)","Hc","oracle","bound_q95",,64.005401,,,,2000,"15bee7cd"
"mdgrf","grf","null n500 (no subgroup; homogeneous +26)","Hc","fld","share_upper_le_tau",0,0.001,0.000706753,0.000274279,0.00363893,2000,"15bee7cd"
"mdgrf","grf","null n500 (no subgroup; homogeneous +26)","Hc","fld","share_upper_le_tau",10,0.008,0.00199198,0.0049303,0.0129561,2000,"15bee7cd"
"mdgrf","grf","null n500 (no subgroup; homogeneous +26)","Hc","fld","share_upper_le_tau",20,0.03,0.00381445,0.0233779,0.0384242,2000,"15bee7cd"
"mdgrf","grf","null n500 (no subgroup; homogeneous +26)","Hc","fld","share_upper_le_tau",30,0.135,0.00764117,0.120721,0.150678,2000,"15bee7cd"
"mdgrf","grf","null n500 (no subgroup; homogeneous +26)","Hc","fld","share_upper_le_tau",40,0.376,0.0108311,0.355028,0.397447,2000,"15bee7cd"
"mdgrf","grf","null n500 (no subgroup; homogeneous +26)","Hc","fld","share_upper_le_tau",60,0.896,0.00682583,0.881854,0.908628,2000,"15bee7cd"
"mdgrf","grf","null n500 (no subgroup; homogeneous +26)","Hc","fld","share_upper_le_tau",80,0.998,0.000998999,0.994869,0.999222,2000,"15bee7cd"
"mdgrf","grf","null n500 (no subgroup; homogeneous +26)","Hc","fld","share_upper_le_tau",100,1,0,0.998083,1,2000,"15bee7cd"
"mdgrf","grf","null n500 (no subgroup; homogeneous +26)","Hc","fld","bound_mean",,43.871853,0.286174,,,2000,"15bee7cd"
"mdgrf","grf","null n500 (no subgroup; homogeneous +26)","Hc","fld","bound_q05",,22.510699,,,,2000,"15bee7cd"
"mdgrf","grf","null n500 (no subgroup; homogeneous +26)","Hc","fld","bound_q25",,35.686789,,,,2000,"15bee7cd"
"mdgrf","grf","null n500 (no subgroup; homogeneous +26)","Hc","fld","bound_q50",,43.690781,,,,2000,"15bee7cd"
"mdgrf","grf","null n500 (no subgroup; homogeneous +26)","Hc","fld","bound_q75",,52.316188,,,,2000,"15bee7cd"
"mdgrf","grf","null n500 (no subgroup; homogeneous +26)","Hc","fld","bound_q95",,65.045129,,,,2000,"15bee7cd"
"mdgrf","grf","null n500 (no subgroup; homogeneous +26)","Hc","mr","share_upper_le_tau",0,0,0,1.0842e-19,0.00191705,2000,"15bee7cd"
"mdgrf","grf","null n500 (no subgroup; homogeneous +26)","Hc","mr","share_upper_le_tau",10,0,0,1.0842e-19,0.00191705,2000,"15bee7cd"
"mdgrf","grf","null n500 (no subgroup; homogeneous +26)","Hc","mr","share_upper_le_tau",20,0.001,0.000706753,0.000274279,0.00363893,2000,"15bee7cd"
"mdgrf","grf","null n500 (no subgroup; homogeneous +26)","Hc","mr","share_upper_le_tau",30,0.012,0.00243475,0.00807715,0.0177939,2000,"15bee7cd"
"mdgrf","grf","null n500 (no subgroup; homogeneous +26)","Hc","mr","share_upper_le_tau",40,0.0555,0.00511956,0.0462914,0.0664128,2000,"15bee7cd"
"mdgrf","grf","null n500 (no subgroup; homogeneous +26)","Hc","mr","share_upper_le_tau",60,0.5175,0.0111735,0.495588,0.539345,2000,"15bee7cd"
"mdgrf","grf","null n500 (no subgroup; homogeneous +26)","Hc","mr","share_upper_le_tau",80,0.946,0.00505391,0.935212,0.955078,2000,"15bee7cd"
"mdgrf","grf","null n500 (no subgroup; homogeneous +26)","Hc","mr","share_upper_le_tau",100,0.9995,0.000499875,0.997173,0.999912,2000,"15bee7cd"
"mdgrf","grf","null n500 (no subgroup; homogeneous +26)","Hc","mr","bound_mean",,59.613122,0.278434,,,2000,"15bee7cd"
"mdgrf","grf","null n500 (no subgroup; homogeneous +26)","Hc","mr","bound_q05",,39.351739,,,,2000,"15bee7cd"
"mdgrf","grf","null n500 (no subgroup; homogeneous +26)","Hc","mr","bound_q25",,51.557075,,,,2000,"15bee7cd"
"mdgrf","grf","null n500 (no subgroup; homogeneous +26)","Hc","mr","bound_q50",,59.500133,,,,2000,"15bee7cd"
"mdgrf","grf","null n500 (no subgroup; homogeneous +26)","Hc","mr","bound_q75",,67.810051,,,,2000,"15bee7cd"
"mdgrf","grf","null n500 (no subgroup; homogeneous +26)","Hc","mr","bound_q95",,80.38794,,,,2000,"15bee7cd"
"mdgrf","grf","null n500 (no subgroup; homogeneous +26)","Hc","naive","share_upper_le_tau",0,0.0075,0.00192922,0.00455038,0.0123379,2000,"15bee7cd"
"mdgrf","grf","null n500 (no subgroup; homogeneous +26)","Hc","naive","share_upper_le_tau",10,0.033,0.00399443,0.0260228,0.0417678,2000,"15bee7cd"
"mdgrf","grf","null n500 (no subgroup; homogeneous +26)","Hc","naive","share_upper_le_tau",20,0.155,0.00809243,0.139802,0.171521,2000,"15bee7cd"
"mdgrf","grf","null n500 (no subgroup; homogeneous +26)","Hc","naive","share_upper_le_tau",30,0.4455,0.0111137,0.423843,0.467366,2000,"15bee7cd"
"mdgrf","grf","null n500 (no subgroup; homogeneous +26)","Hc","naive","share_upper_le_tau",40,0.756,0.00960375,0.736698,0.774321,2000,"15bee7cd"
"mdgrf","grf","null n500 (no subgroup; homogeneous +26)","Hc","naive","share_upper_le_tau",60,0.9915,0.00205277,0.986429,0.994686,2000,"15bee7cd"
"mdgrf","grf","null n500 (no subgroup; homogeneous +26)","Hc","naive","share_upper_le_tau",80,1,0,0.998083,1,2000,"15bee7cd"
"mdgrf","grf","null n500 (no subgroup; homogeneous +26)","Hc","naive","share_upper_le_tau",100,1,0,0.998083,1,2000,"15bee7cd"
"mdgrf","grf","null n500 (no subgroup; homogeneous +26)","Hc","naive","bound_mean",,31.753481,0.268238,,,2000,"15bee7cd"
"mdgrf","grf","null n500 (no subgroup; homogeneous +26)","Hc","naive","bound_q05",,12.212068,,,,2000,"15bee7cd"
"mdgrf","grf","null n500 (no subgroup; homogeneous +26)","Hc","naive","bound_q25",,24.108133,,,,2000,"15bee7cd"
"mdgrf","grf","null n500 (no subgroup; homogeneous +26)","Hc","naive","bound_q50",,31.609321,,,,2000,"15bee7cd"
"mdgrf","grf","null n500 (no subgroup; homogeneous +26)","Hc","naive","bound_q75",,39.702955,,,,2000,"15bee7cd"
"mdgrf","grf","null n500 (no subgroup; homogeneous +26)","Hc","naive","bound_q95",,51.546114,,,,2000,"15bee7cd"
"mdgrf","grf","null n500 (no subgroup; homogeneous +26)","joint","bonf_s","joint_coverage",,0.93,0.00570526,0.917974,0.940377,2000,"15bee7cd"
"mdgrf","grf","null n500 (no subgroup; homogeneous +26)","joint","bonf_s","share_both_bounds",,1,0,0.998083,1,2000,"15bee7cd"
"mdgrf","grf","null n500 (no subgroup; homogeneous +26)","joint","bonf_s","cov_H",,0.972,0.0036889,0.963816,0.978375,2000,"15bee7cd"
"mdgrf","grf","null n500 (no subgroup; homogeneous +26)","joint","bonf_s","cov_Hc",,0.957,0.00453602,0.947199,0.965049,2000,"15bee7cd"
"mdgrf","grf","null n500 (no subgroup; homogeneous +26)","joint","bonf_s","margin_H_md",,61.404131,0.0989898,,,2000,"15bee7cd"
"mdgrf","grf","null n500 (no subgroup; homogeneous +26)","joint","bonf_s","margin_Hc_md",,27.342497,0.0477278,,,2000,"15bee7cd"
"mdgrf","grf","null n500 (no subgroup; homogeneous +26)","joint","bonf","joint_coverage",,0.9275,0.00579844,0.915297,0.938064,2000,"15bee7cd"
"mdgrf","grf","null n500 (no subgroup; homogeneous +26)","joint","bonf","share_both_bounds",,1,0,0.998083,1,2000,"15bee7cd"
"mdgrf","grf","null n500 (no subgroup; homogeneous +26)","joint","bonf","cov_H",,0.972,0.0036889,0.963816,0.978375,2000,"15bee7cd"
"mdgrf","grf","null n500 (no subgroup; homogeneous +26)","joint","bonf","cov_Hc",,0.955,0.00463546,0.945009,0.963246,2000,"15bee7cd"
"mdgrf","grf","null n500 (no subgroup; homogeneous +26)","joint","bonf","margin_H_md",,61.404131,0.0989898,,,2000,"15bee7cd"
"mdgrf","grf","null n500 (no subgroup; homogeneous +26)","joint","bonf","margin_Hc_md",,27.411652,0.0377168,,,2000,"15bee7cd"
"mdgrf","grf","null n500 (no subgroup; homogeneous +26)","joint","separate_s","joint_coverage",,0.8645,0.0076531,0.8488,0.878803,2000,"15bee7cd"
"mdgrf","grf","null n500 (no subgroup; homogeneous +26)","joint","separate_s","share_both_bounds",,1,0,0.998083,1,2000,"15bee7cd"
"mdgrf","grf","null n500 (no subgroup; homogeneous +26)","joint","separate_s","cov_H",,0.9405,0.0052896,0.929264,0.950047,2000,"15bee7cd"
"mdgrf","grf","null n500 (no subgroup; homogeneous +26)","joint","separate_s","cov_Hc",,0.92,0.0060663,0.907289,0.9311,2000,"15bee7cd"
"mdgrf","grf","null n500 (no subgroup; homogeneous +26)","joint","separate_s","margin_H_md",,51.76663,0.0833765,,,2000,"15bee7cd"
"mdgrf","grf","null n500 (no subgroup; homogeneous +26)","joint","separate_s","margin_Hc_md",,23.288625,0.041656,,,2000,"15bee7cd"
"mdgrf","grf","null n500 (no subgroup; homogeneous +26)","joint","calibrated","gamma_mean_s",,0.025168,8.77077e-06,,,2000,"15bee7cd"
"mdgrf","grf","null n500 (no subgroup; homogeneous +26)","joint","calibrated","corr_s",,0.093174013,0.0013516,,,2000,"15bee7cd"
"mdgrf","grf","null n500 (no subgroup; homogeneous +26)","joint","calibrated","gamma_mean",,0.0251265,7.69925e-06,,,2000,"15bee7cd"
"mdgrf","grf","null n500 (no subgroup; homogeneous +26)","joint","calibrated","corr",,0.097610056,0.00137896,,,2000,"15bee7cd"
"mdgrf","grf","null n500 (no subgroup; homogeneous +26)","H","all","mean_size_hhat",,106.1385,0.758104,,,2000,"15bee7cd"
"mdgrf","grf","null n500 (no subgroup; homogeneous +26)","H","all","mean_true_positives",,,,,,0,"15bee7cd"
"mdgrf","grf","null n500 (no subgroup; homogeneous +26)","H","all","sensitivity_mean",,,,,,0,"15bee7cd"
"mdgrf","grf","null n500 (no subgroup; homogeneous +26)","H","all","ppv_mean",,0,0,,,2000,"15bee7cd"
"mdgrf","grf","null n500 (no subgroup; homogeneous +26)","H","all","mean_n_family",,1222.3815,1.04192,,,2000,"15bee7cd"
"mdgrf","grf","null n500 (no subgroup; homogeneous +26)","H","all","mean_admitted_n",,508.467,6.40469,,,2000,"15bee7cd"
"mdgrf","grf","null n500 (no subgroup; homogeneous +26)","H","all","share_size_larger_than_fs",,0.43401907,0.011102,0.412407,0.455885,1993,"15bee7cd"
"mdgrf","grf","null n500 (no subgroup; homogeneous +26)","H","all","count_size_larger_than_fs",,865,,,,1993,"15bee7cd"
"mdgrf","grf","null n500 (no subgroup; homogeneous +26)","H","all","share_size_equal_than_fs",,0.043652785,0.00457678,0.0355261,0.0535353,1993,"15bee7cd"
"mdgrf","grf","null n500 (no subgroup; homogeneous +26)","H","all","count_size_equal_than_fs",,87,,,,1993,"15bee7cd"
"mdgrf","grf","null n500 (no subgroup; homogeneous +26)","H","all","share_size_smaller_than_fs",,0.52232815,0.0111888,0.500377,0.544194,1993,"15bee7cd"
"mdgrf","grf","null n500 (no subgroup; homogeneous +26)","H","all","count_size_smaller_than_fs",,1041,,,,1993,"15bee7cd"
"mdsgnb20","fs","null n500 (no subgroup; homogeneous +26)","H","all","declaration_rate",,0.9965,0.00132056,0.992793,0.998304,2000,"dbeee517"
"mdsgnb20","fs","null n500 (no subgroup; homogeneous +26)","H","all","mean_n_sel",,107.49222,0.66958,,,1993,"dbeee517"
"mdsgnb20","fs","null n500 (no subgroup; homogeneous +26)","H","all","sensitivity_mean",,,,,,0,"dbeee517"
"mdsgnb20","fs","null n500 (no subgroup; homogeneous +26)","H","all","ppv_mean",,0,0,,,1993,"dbeee517"
"mdgrf","grf","null n500 (no subgroup; homogeneous +26)","H","all","p_hat_mean",,0.1027812,0.00157014,,,2000,"15bee7cd"
"mdgrf","grf","null n500 (no subgroup; homogeneous +26)","H","all","p_hat_share_lt_05",,0.998,0.000998999,0.994869,0.999222,2000,"15bee7cd"
"mdgrf","grf","null n500 (no subgroup; homogeneous +26)","Hc","mr","sd_btc_over_naive_se",,0.9515165,,,,2000,"15bee7cd"
"mdgrf","grf","null n500 (no subgroup; homogeneous +26)","Hc","fld","lamsd_over_naive_se",,0.98028297,,,,2000,"15bee7cd"
"mdgrf","grf","null n500 (no subgroup; homogeneous +26)","Hc","fld_s","lamsd_over_naive_se",,0.98163918,,,,2000,"15bee7cd"
"mdgrf","grf","null n500 (no subgroup; homogeneous +26)","all","all","secs_fit_mr_mean",,44.115135,0.095235,,,2000,"15bee7cd"
"mdgrf","grf","null n500 (no subgroup; homogeneous +26)","all","all","secs_field_mean",,26.252362,0.0667608,,,2000,"15bee7cd"
"mdgrf","grf","null n500 (no subgroup; homogeneous +26)","all","all","secs_complement_mean",,1.708402,0.00424689,,,2000,"15bee7cd"
"mdgrf","grf","null n500 (no subgroup; homogeneous +26)","Hc","fld_s","display_b",,-0.2819034,,,,2000,"15bee7cd"
"mdgrf","grf","null n500 (no subgroup; homogeneous +26)","Hc","fld_s","display_r",,1.0168947,,,,2000,"15bee7cd"
"mdgrf","grf","null n500 (no subgroup; homogeneous +26)","Hc","fld_s","display_cov1",,0.92,,,,2000,"15bee7cd"
"mdgrf","grf","null n500 (no subgroup; homogeneous +26)","Hc","fld_s","display_cov1_ref",,0.91784779,,,,2000,"15bee7cd"
"mdgrf","grf","null n500 (no subgroup; homogeneous +26)","Hc","fld_s","display_cov2",,0.9435,,,,2000,"15bee7cd"
"mdgrf","grf","null n500 (no subgroup; homogeneous +26)","Hc","fld_s","display_cov2_ref",,0.94502191,,,,2000,"15bee7cd"
"mdgrf","grf","null n500 (no subgroup; homogeneous +26)","H","naive","display_b",,3.383055,,,,2000,"15bee7cd"
"mdgrf","grf","null n500 (no subgroup; homogeneous +26)","H","naive","display_r",,1.4731524,,,,2000,"15bee7cd"
"mdgrf","grf","null n500 (no subgroup; homogeneous +26)","H","naive","display_cov1_ref",,0.168544,,,,2000,"15bee7cd"
"mdgrf","grf","null n500 (no subgroup; homogeneous +26)","H","naive","display_cov2_ref",,0.31004271,,,,2000,"15bee7cd"
"mdgrf","grf","null n500 (no subgroup; homogeneous +26)","H","mr","display_b",,0.78384515,,,,2000,"15bee7cd"
"mdgrf","grf","null n500 (no subgroup; homogeneous +26)","H","mr","display_r",,1.6390029,,,,2000,"15bee7cd"
"mdgrf","grf","null n500 (no subgroup; homogeneous +26)","H","mr","display_cov1_ref",,0.97206669,,,,2000,"15bee7cd"
"mdgrf","grf","null n500 (no subgroup; homogeneous +26)","H","mr","display_cov2_ref",,0.99238798,,,,2000,"15bee7cd"
"mdgrf","grf","null n500 (no subgroup; homogeneous +26)","H","fld","display_b",,0.35661767,,,,2000,"15bee7cd"
"mdgrf","grf","null n500 (no subgroup; homogeneous +26)","H","fld","display_r",,1.1358305,,,,2000,"15bee7cd"
"mdgrf","grf","null n500 (no subgroup; homogeneous +26)","H","fld","display_cov1_ref",,0.93468946,,,,2000,"15bee7cd"
"mdgrf","grf","null n500 (no subgroup; homogeneous +26)","H","fld","display_cov2_ref",,0.96432813,,,,2000,"15bee7cd"
"mdgrf","grf","null n500 (no subgroup; homogeneous +26)","Hc","naive","display_b",,-1.3293828,,,,2000,"15bee7cd"
"mdgrf","grf","null n500 (no subgroup; homogeneous +26)","Hc","naive","display_r",,1.0843171,,,,2000,"15bee7cd"
"mdgrf","grf","null n500 (no subgroup; homogeneous +26)","Hc","naive","display_cov1_ref",,0.67514324,,,,2000,"15bee7cd"
"mdgrf","grf","null n500 (no subgroup; homogeneous +26)","Hc","naive","display_cov2_ref",,0.78666187,,,,2000,"15bee7cd"
"mdgrf","grf","null n500 (no subgroup; homogeneous +26)","Hc","mr","display_b",,-0.45526821,,,,2000,"15bee7cd"
"mdgrf","grf","null n500 (no subgroup; homogeneous +26)","Hc","mr","display_r",,1.9004004,,,,2000,"15bee7cd"
"mdgrf","grf","null n500 (no subgroup; homogeneous +26)","Hc","mr","display_cov1_ref",,0.99621435,,,,2000,"15bee7cd"
"mdgrf","grf","null n500 (no subgroup; homogeneous +26)","Hc","mr","display_cov2_ref",,0.99944664,,,,2000,"15bee7cd"
"mdgrf","grf","null n500 (no subgroup; homogeneous +26)","Hc","fld","display_b",,-0.28040558,,,,2000,"15bee7cd"
"mdgrf","grf","null n500 (no subgroup; homogeneous +26)","Hc","fld","display_r",,1.0132814,,,,2000,"15bee7cd"
"mdgrf","grf","null n500 (no subgroup; homogeneous +26)","Hc","fld","display_cov1_ref",,0.91717142,,,,2000,"15bee7cd"
"mdgrf","grf","null n500 (no subgroup; homogeneous +26)","Hc","fld","display_cov2_ref",,0.94424429,,,,2000,"15bee7cd"
"mdgrf","grf","md40 n700","H","all","declaration_rate",,1,0,0.998083,1,2000,"432f69dc"
"mdgrf","grf","md40 n700","H","naive","bias_md",,60.124491,0.391272,,,2000,"432f69dc"
"mdgrf","grf","md40 n700","H","naive","bias_sd_units",,3.4496282,0.0224491,,,2000,"432f69dc"
"mdgrf","grf","md40 n700","H","naive","sd_emp",,17.429267,0.27565,,,2000,"432f69dc"
"mdgrf","grf","md40 n700","H","naive","se_mean",,25.228607,0.101213,,,2000,"432f69dc"
"mdgrf","grf","md40 n700","H","naive","se_over_sd",,1.4474852,0.0236175,,,2000,"432f69dc"
"mdgrf","grf","md40 n700","H","naive","cov1_lower",,0.0995,0.00669327,0.0871393,0.113396,2000,"432f69dc"
"mdgrf","grf","md40 n700","H","naive","cov2",,0.2355,0.00948788,0.217422,0.254592,2000,"432f69dc"
"mdgrf","grf","md40 n700","H","naive","halfwidth_md",,49.447161,,,,2000,"432f69dc"
"mdgrf","grf","md40 n700","H","naive","margin1_md",,41.497366,,,,2000,"432f69dc"
"mdgrf","grf","md40 n700","H","oracle","bias_md",,0.059969248,0.387847,,,2000,"432f69dc"
"mdgrf","grf","md40 n700","H","oracle","bias_sd_units",,0.0034574274,0.0223607,,,2000,"432f69dc"
"mdgrf","grf","md40 n700","H","oracle","sd_emp",,17.345049,0.274318,,,2000,"432f69dc"
"mdgrf","grf","md40 n700","H","oracle","se_mean",,16.770311,0.0204607,,,2000,"432f69dc"
"mdgrf","grf","md40 n700","H","oracle","se_over_sd",,0.96686443,0.0153367,,,2000,"432f69dc"
"mdgrf","grf","md40 n700","H","oracle","cov1_lower",,0.941,0.00526873,0.929803,0.950506,2000,"432f69dc"
"mdgrf","grf","md40 n700","H","oracle","cov2",,0.943,0.00518416,0.931964,0.952337,2000,"432f69dc"
"mdgrf","grf","md40 n700","H","oracle","halfwidth_md",,32.869809,,,,2000,"432f69dc"
"mdgrf","grf","md40 n700","H","oracle","margin1_md",,27.584707,,,,2000,"432f69dc"
"mdgrf","grf","md40 n700","H","mr","bias_md",,15.787314,0.446885,,,2000,"432f69dc"
"mdgrf","grf","md40 n700","H","mr","bias_sd_units",,0.79018378,0.0223674,,,2000,"432f69dc"
"mdgrf","grf","md40 n700","H","mr","sd_emp",,19.979294,0.315979,,,2000,"432f69dc"
"mdgrf","grf","md40 n700","H","mr","se_mean",,31.700148,0.114333,,,2000,"432f69dc"
"mdgrf","grf","md40 n700","H","mr","se_over_sd",,1.5866501,0.0257377,,,2000,"432f69dc"
"mdgrf","grf","md40 n700","H","mr","cov1_lower",,0.967,0.00399443,0.958232,0.973977,2000,"432f69dc"
"mdgrf","grf","md40 n700","H","mr","cov2",,0.9885,0.00238409,0.982802,0.992325,2000,"432f69dc"
"mdgrf","grf","md40 n700","H","mr","halfwidth_md",,62.131149,,,,2000,"432f69dc"
"mdgrf","grf","md40 n700","H","mr","margin1_md",,52.142104,,,,2000,"432f69dc"
"mdgrf","grf","md40 n700","H","fld","bias_md",,7.5957876,0.478404,,,2000,"432f69dc"
"mdgrf","grf","md40 n700","H","fld","bias_sd_units",,0.35471305,0.0223408,,,2000,"432f69dc"
"mdgrf","grf","md40 n700","H","fld","sd_emp",,21.413894,0.338668,,,2000,"432f69dc"
"mdgrf","grf","md40 n700","H","fld","se_mean",,24.601152,0.0390988,,,2000,"432f69dc"
"mdgrf","grf","md40 n700","H","fld","se_over_sd",,1.1488407,0.0182608,,,2000,"432f69dc"
"mdgrf","grf","md40 n700","H","fld","cov1_lower",,0.943,0.00518416,0.931964,0.952337,2000,"432f69dc"
"mdgrf","grf","md40 n700","H","fld","cov2",,0.967,0.00399443,0.958232,0.973977,2000,"432f69dc"
"mdgrf","grf","md40 n700","H","fld","halfwidth_md",,48.201418,,,,2000,"432f69dc"
"mdgrf","grf","md40 n700","H","fld","margin1_md",,50.633718,,,,2000,"432f69dc"
"mdgrf","grf","md40 n700","H","fld","share_lower_ge_tau",0,0.39,0.0109064,0.368854,0.411568,2000,"432f69dc"
"mdgrf","grf","md40 n700","H","fld","share_lower_ge_tau",10,0.241,0.00956345,0.222764,0.260229,2000,"432f69dc"
"mdgrf","grf","md40 n700","H","fld","share_lower_ge_tau",20,0.1235,0.00735689,0.109798,0.138645,2000,"432f69dc"
"mdgrf","grf","md40 n700","H","fld","share_lower_ge_tau",30,0.0645,0.00549271,0.0545473,0.0761224,2000,"432f69dc"
"mdgrf","grf","md40 n700","H","fld","share_lower_ge_tau",40,0.0315,0.00390562,0.024698,0.0400982,2000,"432f69dc"
"mdgrf","grf","md40 n700","H","fld","share_lower_ge_tau",60,0.01,0.00222486,0.00648277,0.0153959,2000,"432f69dc"
"mdgrf","grf","md40 n700","H","fld","share_lower_ge_tau",80,0.0015,0.000865376,0.000510264,0.00440103,2000,"432f69dc"
"mdgrf","grf","md40 n700","H","fld","share_lower_ge_tau",100,5e-04,0.000499875,8.82677e-05,0.00282686,2000,"432f69dc"
"mdgrf","grf","md40 n700","H","fld","bound_mean",,-3.3079303,0.471093,,,2000,"432f69dc"
"mdgrf","grf","md40 n700","H","fld","bound_q05",,-35.358377,,,,2000,"432f69dc"
"mdgrf","grf","md40 n700","H","fld","bound_q25",,-16.904824,,,,2000,"432f69dc"
"mdgrf","grf","md40 n700","H","fld","bound_q50",,-4.9961124,,,,2000,"432f69dc"
"mdgrf","grf","md40 n700","H","fld","bound_q75",,9.3064716,,,,2000,"432f69dc"
"mdgrf","grf","md40 n700","H","fld","bound_q95",,33.984762,,,,2000,"432f69dc"
"mdgrf","grf","md40 n700","H","oracle","share_lower_ge_tau",0,0.763,0.00950871,0.74387,0.781121,2000,"432f69dc"
"mdgrf","grf","md40 n700","H","oracle","share_lower_ge_tau",10,0.552,0.0111197,0.530127,0.573674,2000,"432f69dc"
"mdgrf","grf","md40 n700","H","oracle","share_lower_ge_tau",20,0.3215,0.0104436,0.30139,0.342295,2000,"432f69dc"
"mdgrf","grf","md40 n700","H","oracle","share_lower_ge_tau",30,0.1645,0.00828975,0.148898,0.181388,2000,"432f69dc"
"mdgrf","grf","md40 n700","H","oracle","share_lower_ge_tau",40,0.059,0.00526873,0.0494942,0.0701966,2000,"432f69dc"
"mdgrf","grf","md40 n700","H","oracle","share_lower_ge_tau",60,0.0035,0.00132056,0.00169643,0.0072072,2000,"432f69dc"
"mdgrf","grf","md40 n700","H","oracle","share_lower_ge_tau",80,0,0,1.0842e-19,0.00191705,2000,"432f69dc"
"mdgrf","grf","md40 n700","H","oracle","share_lower_ge_tau",100,0,0,1.0842e-19,0.00191705,2000,"432f69dc"
"mdgrf","grf","md40 n700","H","oracle","bound_mean",,12.475263,0.389465,,,2000,"432f69dc"
"mdgrf","grf","md40 n700","H","oracle","bound_q05",,-15.496423,,,,2000,"432f69dc"
"mdgrf","grf","md40 n700","H","oracle","bound_q25",,0.80374705,,,,2000,"432f69dc"
"mdgrf","grf","md40 n700","H","oracle","bound_q50",,12.033594,,,,2000,"432f69dc"
"mdgrf","grf","md40 n700","H","oracle","bound_q75",,23.953978,,,,2000,"432f69dc"
"mdgrf","grf","md40 n700","H","oracle","bound_q95",,41.495454,,,,2000,"432f69dc"
"mdgrf","grf","md40 n700","H","mr","share_lower_ge_tau",0,0.3775,0.0108396,0.356509,0.398961,2000,"432f69dc"
"mdgrf","grf","md40 n700","H","mr","share_lower_ge_tau",10,0.19,0.00877211,0.173407,0.207781,2000,"432f69dc"
"mdgrf","grf","md40 n700","H","mr","share_lower_ge_tau",20,0.0905,0.00641521,0.078699,0.103871,2000,"432f69dc"
"mdgrf","grf","md40 n700","H","mr","share_lower_ge_tau",30,0.0395,0.00435544,0.0318089,0.0489567,2000,"432f69dc"
"mdgrf","grf","md40 n700","H","mr","share_lower_ge_tau",40,0.017,0.00289059,0.0121907,0.0236612,2000,"432f69dc"
"mdgrf","grf","md40 n700","H","mr","share_lower_ge_tau",60,0.0015,0.000865376,0.000510264,0.00440103,2000,"432f69dc"
"mdgrf","grf","md40 n700","H","mr","share_lower_ge_tau",80,5e-04,0.000499875,8.82677e-05,0.00282686,2000,"432f69dc"
"mdgrf","grf","md40 n700","H","mr","share_lower_ge_tau",100,0,0,1.0842e-19,0.00191705,2000,"432f69dc"
"mdgrf","grf","md40 n700","H","mr","bound_mean",,-4.8163162,0.418282,,,2000,"432f69dc"
"mdgrf","grf","md40 n700","H","mr","bound_q05",,-33.976756,,,,2000,"432f69dc"
"mdgrf","grf","md40 n700","H","mr","bound_q25",,-16.914622,,,,2000,"432f69dc"
"mdgrf","grf","md40 n700","H","mr","bound_q50",,-5.4347785,,,,2000,"432f69dc"
"mdgrf","grf","md40 n700","H","mr","bound_q75",,6.3945477,,,,2000,"432f69dc"
"mdgrf","grf","md40 n700","H","mr","bound_q95",,27.56462,,,,2000,"432f69dc"
"mdgrf","grf","md40 n700","H","naive","share_lower_ge_tau",0,1,0,0.998083,1,2000,"432f69dc"
"mdgrf","grf","md40 n700","H","naive","share_lower_ge_tau",10,0.997,0.00122291,0.99347,0.998624,2000,"432f69dc"
"mdgrf","grf","md40 n700","H","naive","share_lower_ge_tau",20,0.981,0.00305279,0.97403,0.986126,2000,"432f69dc"
"mdgrf","grf","md40 n700","H","naive","share_lower_ge_tau",30,0.918,0.00613498,0.905159,0.929238,2000,"432f69dc"
"mdgrf","grf","md40 n700","H","naive","share_lower_ge_tau",40,0.7475,0.00971452,0.727998,0.766053,2000,"432f69dc"
"mdgrf","grf","md40 n700","H","naive","share_lower_ge_tau",60,0.232,0.00943864,0.214025,0.251003,2000,"432f69dc"
"mdgrf","grf","md40 n700","H","naive","share_lower_ge_tau",80,0.0385,0.00430219,0.0309143,0.0478551,2000,"432f69dc"
"mdgrf","grf","md40 n700","H","naive","share_lower_ge_tau",100,0.007,0.00186427,0.00417435,0.0117159,2000,"432f69dc"
"mdgrf","grf","md40 n700","H","naive","bound_mean",,50.165599,0.350846,,,2000,"432f69dc"
"mdgrf","grf","md40 n700","H","naive","bound_q05",,26.166627,,,,2000,"432f69dc"
"mdgrf","grf","md40 n700","H","naive","bound_q25",,39.936382,,,,2000,"432f69dc"
"mdgrf","grf","md40 n700","H","naive","bound_q50",,49.444679,,,,2000,"432f69dc"
"mdgrf","grf","md40 n700","H","naive","bound_q75",,59.142062,,,,2000,"432f69dc"
"mdgrf","grf","md40 n700","H","naive","bound_q95",,77.482192,,,,2000,"432f69dc"
"mdgrf","grf","md40 n700","Hc","naive","bias_md",,-11.223921,0.230314,,,2000,"432f69dc"
"mdgrf","grf","md40 n700","Hc","naive","bias_sd_units",,-1.0890908,0.0223481,,,2000,"432f69dc"
"mdgrf","grf","md40 n700","Hc","naive","sd_emp",,10.305772,0.162989,,,2000,"432f69dc"
"mdgrf","grf","md40 n700","Hc","naive","se_mean",,10.782703,0.0120635,,,2000,"432f69dc"
"mdgrf","grf","md40 n700","Hc","naive","se_over_sd",,1.0462781,0.0165886,,,2000,"432f69dc"
"mdgrf","grf","md40 n700","Hc","naive","cov1_upper",,0.7445,0.00975243,0.724929,0.763133,2000,"432f69dc"
"mdgrf","grf","md40 n700","Hc","naive","cov2",,0.8305,0.00838957,0.813427,0.846306,2000,"432f69dc"
"mdgrf","grf","md40 n700","Hc","naive","halfwidth_md",,21.13371,,,,2000,"432f69dc"
"mdgrf","grf","md40 n700","Hc","naive","margin1_md",,17.735969,,,,2000,"432f69dc"
"mdgrf","grf","md40 n700","Hc","oracle","bias_md",,0.16619705,0.27122,,,2000,"432f69dc"
"mdgrf","grf","md40 n700","Hc","oracle","bias_sd_units",,0.013702098,0.0223607,,,2000,"432f69dc"
"mdgrf","grf","md40 n700","Hc","oracle","sd_emp",,12.129314,0.191829,,,2000,"432f69dc"
"mdgrf","grf","md40 n700","Hc","oracle","se_mean",,12.179035,0.009958,,,2000,"432f69dc"
"mdgrf","grf","md40 n700","Hc","oracle","se_over_sd",,1.0040992,0.0159014,,,2000,"432f69dc"
"mdgrf","grf","md40 n700","Hc","oracle","cov1_upper",,0.9545,0.00465992,0.944463,0.962795,2000,"432f69dc"
"mdgrf","grf","md40 n700","Hc","oracle","cov2",,0.9495,0.00489641,0.939012,0.958265,2000,"432f69dc"
"mdgrf","grf","md40 n700","Hc","oracle","halfwidth_md",,23.870909,,,,2000,"432f69dc"
"mdgrf","grf","md40 n700","Hc","oracle","margin1_md",,20.03273,,,,2000,"432f69dc"
"mdgrf","grf","md40 n700","Hc","mr","bias_md",,-3.5849343,0.236019,,,2000,"432f69dc"
"mdgrf","grf","md40 n700","Hc","mr","bias_sd_units",,-0.33939542,0.0223446,,,2000,"432f69dc"
"mdgrf","grf","md40 n700","Hc","mr","sd_emp",,10.562707,0.167053,,,2000,"432f69dc"
"mdgrf","grf","md40 n700","Hc","mr","se_mean",,19.949503,0.0178824,,,2000,"432f69dc"
"mdgrf","grf","md40 n700","Hc","mr","se_over_sd",,1.8886734,0.029918,,,2000,"432f69dc"
"mdgrf","grf","md40 n700","Hc","mr","cov1_upper",,0.9955,0.00149662,0.991469,0.997631,2000,"432f69dc"
"mdgrf","grf","md40 n700","Hc","mr","cov2",,0.999,0.000706753,0.996361,0.999726,2000,"432f69dc"
"mdgrf","grf","md40 n700","Hc","mr","halfwidth_md",,39.100307,,,,2000,"432f69dc"
"mdgrf","grf","md40 n700","Hc","mr","margin1_md",,32.814012,,,,2000,"432f69dc"
"mdgrf","grf","md40 n700","Hc","fld","bias_md",,-1.9868021,0.239376,,,2000,"432f69dc"
"mdgrf","grf","md40 n700","Hc","fld","bias_sd_units",,-0.18543159,0.0223413,,,2000,"432f69dc"
"mdgrf","grf","md40 n700","Hc","fld","sd_emp",,10.714475,0.169453,,,2000,"432f69dc"
"mdgrf","grf","md40 n700","Hc","fld","se_mean",,10.604795,0.0088992,,,2000,"432f69dc"
"mdgrf","grf","md40 n700","Hc","fld","se_over_sd",,0.9897634,0.0156755,,,2000,"432f69dc"
"mdgrf","grf","md40 n700","Hc","fld","cov1_upper",,0.929,0.00574278,0.916903,0.939452,2000,"432f69dc"
"mdgrf","grf","md40 n700","Hc","fld","cov2",,0.945,0.00509779,0.934129,0.954165,2000,"432f69dc"
"mdgrf","grf","md40 n700","Hc","fld","halfwidth_md",,20.685808,,,,2000,"432f69dc"
"mdgrf","grf","md40 n700","Hc","fld","margin1_md",,19.041667,,,,2000,"432f69dc"
"mdgrf","grf","md40 n700","Hc","fld_s","bias_md",,-1.9969691,0.23911,,,2000,"432f69dc"
"mdgrf","grf","md40 n700","Hc","fld_s","bias_sd_units",,-0.18659298,0.022342,,,2000,"432f69dc"
"mdgrf","grf","md40 n700","Hc","fld_s","sd_emp",,10.702274,0.16926,,,2000,"432f69dc"
"mdgrf","grf","md40 n700","Hc","fld_s","se_mean",,10.637068,0.0127692,,,2000,"432f69dc"
"mdgrf","grf","md40 n700","Hc","fld_s","se_over_sd",,0.99390731,0.0157642,,,2000,"432f69dc"
"mdgrf","grf","md40 n700","Hc","fld_s","cov1_upper",,0.931,0.00566741,0.919046,0.941302,2000,"432f69dc"
"mdgrf","grf","md40 n700","Hc","fld_s","cov2",,0.947,0.00500954,0.936297,0.95599,2000,"432f69dc"
"mdgrf","grf","md40 n700","Hc","fld_s","halfwidth_md",,20.741855,,,,2000,"432f69dc"
"mdgrf","grf","md40 n700","Hc","fld_s","margin1_md",,19.06069,,,,2000,"432f69dc"
"mdgrf","grf","md40 n700","Hc","fld_s","share_upper_le_tau",0,0,0,1.0842e-19,0.00191705,2000,"432f69dc"
"mdgrf","grf","md40 n700","Hc","fld_s","share_upper_le_tau",10,5e-04,0.000499875,8.82677e-05,0.00282686,2000,"432f69dc"
"mdgrf","grf","md40 n700","Hc","fld_s","share_upper_le_tau",20,0.0075,0.00192922,0.00455038,0.0123379,2000,"432f69dc"
"mdgrf","grf","md40 n700","Hc","fld_s","share_upper_le_tau",30,0.0555,0.00511956,0.0462914,0.0664128,2000,"432f69dc"
"mdgrf","grf","md40 n700","Hc","fld_s","share_upper_le_tau",40,0.2785,0.0100234,0.259293,0.298556,2000,"432f69dc"
"mdgrf","grf","md40 n700","Hc","fld_s","share_upper_le_tau",60,0.895,0.00685474,0.880799,0.907686,2000,"432f69dc"
"mdgrf","grf","md40 n700","Hc","fld_s","share_upper_le_tau",80,0.9985,0.000865376,0.995599,0.99949,2000,"432f69dc"
"mdgrf","grf","md40 n700","Hc","fld_s","share_upper_le_tau",100,1,0,0.998083,1,2000,"432f69dc"
"mdgrf","grf","md40 n700","Hc","fld_s","bound_mean",,46.346651,0.2393,,,2000,"432f69dc"
"mdgrf","grf","md40 n700","Hc","fld_s","bound_q05",,29.34002,,,,2000,"432f69dc"
"mdgrf","grf","md40 n700","Hc","fld_s","bound_q25",,39.077886,,,,2000,"432f69dc"
"mdgrf","grf","md40 n700","Hc","fld_s","bound_q50",,46.055581,,,,2000,"432f69dc"
"mdgrf","grf","md40 n700","Hc","fld_s","bound_q75",,53.720845,,,,2000,"432f69dc"
"mdgrf","grf","md40 n700","Hc","fld_s","bound_q95",,63.777691,,,,2000,"432f69dc"
"mdgrf","grf","md40 n700","Hc","oracle","share_upper_le_tau",0,0,0,1.0842e-19,0.00191705,2000,"432f69dc"
"mdgrf","grf","md40 n700","Hc","oracle","share_upper_le_tau",10,0.002,0.000998999,0.000778027,0.00513135,2000,"432f69dc"
"mdgrf","grf","md40 n700","Hc","oracle","share_upper_le_tau",20,0.012,0.00243475,0.00807715,0.0177939,2000,"432f69dc"
"mdgrf","grf","md40 n700","Hc","oracle","share_upper_le_tau",30,0.0865,0.00628561,0.0749594,0.099626,2000,"432f69dc"
"mdgrf","grf","md40 n700","Hc","oracle","share_upper_le_tau",40,0.295,0.0101974,0.275422,0.315364,2000,"432f69dc"
"mdgrf","grf","md40 n700","Hc","oracle","share_upper_le_tau",60,0.872,0.00747048,0.856642,0.885932,2000,"432f69dc"
"mdgrf","grf","md40 n700","Hc","oracle","share_upper_le_tau",80,0.9965,0.00132056,0.992793,0.998304,2000,"432f69dc"
"mdgrf","grf","md40 n700","Hc","oracle","share_upper_le_tau",100,1,0,0.998083,1,2000,"432f69dc"
"mdgrf","grf","md40 n700","Hc","oracle","bound_mean",,46.454163,0.271223,,,2000,"432f69dc"
"mdgrf","grf","md40 n700","Hc","oracle","bound_q05",,27.191063,,,,2000,"432f69dc"
"mdgrf","grf","md40 n700","Hc","oracle","bound_q25",,38.43342,,,,2000,"432f69dc"
"mdgrf","grf","md40 n700","Hc","oracle","bound_q50",,46.547955,,,,2000,"432f69dc"
"mdgrf","grf","md40 n700","Hc","oracle","bound_q75",,54.61846,,,,2000,"432f69dc"
"mdgrf","grf","md40 n700","Hc","oracle","bound_q95",,66.501268,,,,2000,"432f69dc"
"mdgrf","grf","md40 n700","Hc","fld","share_upper_le_tau",0,0,0,1.0842e-19,0.00191705,2000,"432f69dc"
"mdgrf","grf","md40 n700","Hc","fld","share_upper_le_tau",10,0.001,0.000706753,0.000274279,0.00363893,2000,"432f69dc"
"mdgrf","grf","md40 n700","Hc","fld","share_upper_le_tau",20,0.0075,0.00192922,0.00455038,0.0123379,2000,"432f69dc"
"mdgrf","grf","md40 n700","Hc","fld","share_upper_le_tau",30,0.055,0.00509779,0.0458348,0.0658714,2000,"432f69dc"
"mdgrf","grf","md40 n700","Hc","fld","share_upper_le_tau",40,0.2715,0.00994454,0.252461,0.291415,2000,"432f69dc"
"mdgrf","grf","md40 n700","Hc","fld","share_upper_le_tau",60,0.894,0.00688346,0.879745,0.906744,2000,"432f69dc"
"mdgrf","grf","md40 n700","Hc","fld","share_upper_le_tau",80,0.999,0.000706753,0.996361,0.999726,2000,"432f69dc"
"mdgrf","grf","md40 n700","Hc","fld","share_upper_le_tau",100,1,0,0.998083,1,2000,"432f69dc"
"mdgrf","grf","md40 n700","Hc","fld","bound_mean",,46.327627,0.240988,,,2000,"432f69dc"
"mdgrf","grf","md40 n700","Hc","fld","bound_q05",,28.812537,,,,2000,"432f69dc"
"mdgrf","grf","md40 n700","Hc","fld","bound_q25",,39.015821,,,,2000,"432f69dc"
"mdgrf","grf","md40 n700","Hc","fld","bound_q50",,46.118537,,,,2000,"432f69dc"
"mdgrf","grf","md40 n700","Hc","fld","bound_q75",,53.752825,,,,2000,"432f69dc"
"mdgrf","grf","md40 n700","Hc","fld","bound_q95",,64.086693,,,,2000,"432f69dc"
"mdgrf","grf","md40 n700","Hc","mr","share_upper_le_tau",0,0,0,1.0842e-19,0.00191705,2000,"432f69dc"
"mdgrf","grf","md40 n700","Hc","mr","share_upper_le_tau",10,0,0,1.0842e-19,0.00191705,2000,"432f69dc"
"mdgrf","grf","md40 n700","Hc","mr","share_upper_le_tau",20,0,0,1.0842e-19,0.00191705,2000,"432f69dc"
"mdgrf","grf","md40 n700","Hc","mr","share_upper_le_tau",30,0.004,0.00141138,0.00202825,0.00787346,2000,"432f69dc"
"mdgrf","grf","md40 n700","Hc","mr","share_upper_le_tau",40,0.0275,0.00365676,0.0211885,0.0356231,2000,"432f69dc"
"mdgrf","grf","md40 n700","Hc","mr","share_upper_le_tau",60,0.501,0.0111803,0.479106,0.52289,2000,"432f69dc"
"mdgrf","grf","md40 n700","Hc","mr","share_upper_le_tau",80,0.969,0.0038755,0.960459,0.975743,2000,"432f69dc"
"mdgrf","grf","md40 n700","Hc","mr","share_upper_le_tau",100,0.9995,0.000499875,0.997173,0.999912,2000,"432f69dc"
"mdgrf","grf","md40 n700","Hc","mr","bound_mean",,60.099972,0.23623,,,2000,"432f69dc"
"mdgrf","grf","md40 n700","Hc","mr","bound_q05",,43.283286,,,,2000,"432f69dc"
"mdgrf","grf","md40 n700","Hc","mr","bound_q25",,53.187768,,,,2000,"432f69dc"
"mdgrf","grf","md40 n700","Hc","mr","bound_q50",,59.962645,,,,2000,"432f69dc"
"mdgrf","grf","md40 n700","Hc","mr","bound_q75",,67.283035,,,,2000,"432f69dc"
"mdgrf","grf","md40 n700","Hc","mr","bound_q95",,77.647732,,,,2000,"432f69dc"
"mdgrf","grf","md40 n700","Hc","naive","share_upper_le_tau",0,5e-04,0.000499875,8.82677e-05,0.00282686,2000,"432f69dc"
"mdgrf","grf","md40 n700","Hc","naive","share_upper_le_tau",10,0.0065,0.00179691,0.0038026,0.0110895,2000,"432f69dc"
"mdgrf","grf","md40 n700","Hc","naive","share_upper_le_tau",20,0.0435,0.00456113,0.0354013,0.053349,2000,"432f69dc"
"mdgrf","grf","md40 n700","Hc","naive","share_upper_le_tau",30,0.231,0.00942441,0.213055,0.249977,2000,"432f69dc"
"mdgrf","grf","md40 n700","Hc","naive","share_upper_le_tau",40,0.609,0.0109114,0.587425,0.630158,2000,"432f69dc"
"mdgrf","grf","md40 n700","Hc","naive","share_upper_le_tau",60,0.988,0.00243475,0.982206,0.991923,2000,"432f69dc"
"mdgrf","grf","md40 n700","Hc","naive","share_upper_le_tau",80,1,0,0.998083,1,2000,"432f69dc"
"mdgrf","grf","md40 n700","Hc","naive","share_upper_le_tau",100,1,0,0.998083,1,2000,"432f69dc"
"mdgrf","grf","md40 n700","Hc","naive","bound_mean",,37.382942,0.229778,,,2000,"432f69dc"
"mdgrf","grf","md40 n700","Hc","naive","bound_q05",,20.709993,,,,2000,"432f69dc"
"mdgrf","grf","md40 n700","Hc","naive","bound_q25",,30.768322,,,,2000,"432f69dc"
"mdgrf","grf","md40 n700","Hc","naive","bound_q50",,37.124825,,,,2000,"432f69dc"
"mdgrf","grf","md40 n700","Hc","naive","bound_q75",,44.422367,,,,2000,"432f69dc"
"mdgrf","grf","md40 n700","Hc","naive","bound_q95",,54.358236,,,,2000,"432f69dc"
"mdgrf","grf","md40 n700","joint","bonf_s","joint_coverage",,0.9345,0.00553217,0.922803,0.944531,2000,"432f69dc"
"mdgrf","grf","md40 n700","joint","bonf_s","share_both_bounds",,1,0,0.998083,1,2000,"432f69dc"
"mdgrf","grf","md40 n700","joint","bonf_s","cov_H",,0.971,0.00375227,0.962695,0.9775,2000,"432f69dc"
"mdgrf","grf","md40 n700","joint","bonf_s","cov_Hc",,0.9625,0.00424816,0.953248,0.969979,2000,"432f69dc"
"mdgrf","grf","md40 n700","joint","bonf_s","margin_H_md",,60.374076,0.0971408,,,2000,"432f69dc"
"mdgrf","grf","md40 n700","joint","bonf_s","margin_Hc_md",,22.372836,0.0344311,,,2000,"432f69dc"
"mdgrf","grf","md40 n700","joint","bonf","joint_coverage",,0.933,0.00559066,0.921192,0.943148,2000,"432f69dc"
"mdgrf","grf","md40 n700","joint","bonf","share_both_bounds",,1,0,0.998083,1,2000,"432f69dc"
"mdgrf","grf","md40 n700","joint","bonf","cov_H",,0.971,0.00375227,0.962695,0.9775,2000,"432f69dc"
"mdgrf","grf","md40 n700","joint","bonf","cov_Hc",,0.961,0.00432891,0.951594,0.968639,2000,"432f69dc"
"mdgrf","grf","md40 n700","joint","bonf","margin_H_md",,60.374076,0.0971408,,,2000,"432f69dc"
"mdgrf","grf","md40 n700","joint","bonf","margin_Hc_md",,22.380544,0.0284206,,,2000,"432f69dc"
"mdgrf","grf","md40 n700","joint","separate_s","joint_coverage",,0.877,0.00734408,0.861879,0.890676,2000,"432f69dc"
"mdgrf","grf","md40 n700","joint","separate_s","share_both_bounds",,1,0,0.998083,1,2000,"432f69dc"
"mdgrf","grf","md40 n700","joint","separate_s","cov_H",,0.943,0.00518416,0.931964,0.952337,2000,"432f69dc"
"mdgrf","grf","md40 n700","joint","separate_s","cov_Hc",,0.931,0.00566741,0.919046,0.941302,2000,"432f69dc"
"mdgrf","grf","md40 n700","joint","separate_s","margin_H_md",,50.633718,0.0801522,,,2000,"432f69dc"
"mdgrf","grf","md40 n700","joint","separate_s","margin_Hc_md",,19.06069,0.0297844,,,2000,"432f69dc"
"mdgrf","grf","md40 n700","joint","calibrated","gamma_mean_s",,0.0251465,8.15795e-06,,,2000,"432f69dc"
"mdgrf","grf","md40 n700","joint","calibrated","corr_s",,0.09261328,0.00127123,,,2000,"432f69dc"
"mdgrf","grf","md40 n700","joint","calibrated","gamma_mean",,0.0251115,7.18051e-06,,,2000,"432f69dc"
"mdgrf","grf","md40 n700","joint","calibrated","corr",,0.096475822,0.00129486,,,2000,"432f69dc"
"mdgrf","grf","md40 n700","H","all","mean_size_hhat",,116.333,0.919188,,,2000,"432f69dc"
"mdgrf","grf","md40 n700","H","all","mean_true_positives",,45.1605,0.681869,,,2000,"432f69dc"
"mdgrf","grf","md40 n700","H","all","sensitivity_mean",,0.18728951,0.0028237,,,2000,"432f69dc"
"mdgrf","grf","md40 n700","H","all","ppv_mean",,0.38630256,0.00482893,,,2000,"432f69dc"
"mdgrf","grf","md40 n700","H","all","mean_n_family",,1354.5475,0.909326,,,2000,"432f69dc"
"mdgrf","grf","md40 n700","H","all","mean_admitted_n",,711.3995,6.96902,,,2000,"432f69dc"
"mdgrf","grf","md40 n700","H","all","share_size_larger_than_fs",,0.43871936,0.0110988,0.417104,0.46057,1999,"432f69dc"
"mdgrf","grf","md40 n700","H","all","count_size_larger_than_fs",,877,,,,1999,"432f69dc"
"mdgrf","grf","md40 n700","H","all","share_size_equal_than_fs",,0.028514257,0.00372257,0.0220736,0.0367636,1999,"432f69dc"
"mdgrf","grf","md40 n700","H","all","count_size_equal_than_fs",,57,,,,1999,"432f69dc"
"mdgrf","grf","md40 n700","H","all","share_size_smaller_than_fs",,0.53276638,0.0111591,0.510853,0.554554,1999,"432f69dc"
"mdgrf","grf","md40 n700","H","all","count_size_smaller_than_fs",,1065,,,,1999,"432f69dc"
"mdsgnb20","fs","md40 n700","H","all","declaration_rate",,0.9995,0.000499875,0.997173,0.999912,2000,"f528d188"
"mdsgnb20","fs","md40 n700","H","all","mean_n_sel",,117.9905,0.846826,,,1999,"f528d188"
"mdsgnb20","fs","md40 n700","H","all","sensitivity_mean",,0.20414191,0.00322774,,,1999,"f528d188"
"mdsgnb20","fs","md40 n700","H","all","ppv_mean",,0.41009499,0.00552929,,,1999,"f528d188"
"mdgrf","grf","md40 n700","H","all","p_hat_mean",,0.0991883,0.00150876,,,2000,"432f69dc"
"mdgrf","grf","md40 n700","H","all","p_hat_share_lt_05",,0.9995,0.000499875,0.997173,0.999912,2000,"432f69dc"
"mdgrf","grf","md40 n700","Hc","mr","sd_btc_over_naive_se",,0.97959727,,,,2000,"432f69dc"
"mdgrf","grf","md40 n700","Hc","fld","lamsd_over_naive_se",,0.98350059,,,,2000,"432f69dc"
"mdgrf","grf","md40 n700","Hc","fld_s","lamsd_over_naive_se",,0.98649362,,,,2000,"432f69dc"
"mdgrf","grf","md40 n700","all","all","secs_fit_mr_mean",,53.469856,0.109422,,,2000,"432f69dc"
"mdgrf","grf","md40 n700","all","all","secs_field_mean",,29.308741,0.0713227,,,2000,"432f69dc"
"mdgrf","grf","md40 n700","all","all","secs_complement_mean",,2.3889175,0.00635095,,,2000,"432f69dc"
"mdgrf","grf","md40 n700","Hc","fld_s","display_b",,-0.18659298,,,,2000,"432f69dc"
"mdgrf","grf","md40 n700","Hc","fld_s","display_r",,0.99390731,,,,2000,"432f69dc"
"mdgrf","grf","md40 n700","Hc","fld_s","display_cov1",,0.931,,,,2000,"432f69dc"
"mdgrf","grf","md40 n700","Hc","fld_s","display_cov1_ref",,0.9262249,,,,2000,"432f69dc"
"mdgrf","grf","md40 n700","Hc","fld_s","display_cov2",,0.947,,,,2000,"432f69dc"
"mdgrf","grf","md40 n700","Hc","fld_s","display_cov2_ref",,0.94452092,,,,2000,"432f69dc"
"mdgrf","grf","md40 n700","H","naive","display_b",,3.4496282,,,,2000,"432f69dc"
"mdgrf","grf","md40 n700","H","naive","display_r",,1.4474852,,,,2000,"432f69dc"
"mdgrf","grf","md40 n700","H","naive","display_cov1_ref",,0.14259639,,,,2000,"432f69dc"
"mdgrf","grf","md40 n700","H","naive","display_cov2_ref",,0.27006738,,,,2000,"432f69dc"
"mdgrf","grf","md40 n700","H","mr","display_b",,0.79018378,,,,2000,"432f69dc"
"mdgrf","grf","md40 n700","H","mr","display_r",,1.5866501,,,,2000,"432f69dc"
"mdgrf","grf","md40 n700","H","mr","display_cov1_ref",,0.96559181,,,,2000,"432f69dc"
"mdgrf","grf","md40 n700","H","mr","display_cov2_ref",,0.98977045,,,,2000,"432f69dc"
"mdgrf","grf","md40 n700","H","fld","display_b",,0.35471305,,,,2000,"432f69dc"
"mdgrf","grf","md40 n700","H","fld","display_r",,1.1488407,,,,2000,"432f69dc"
"mdgrf","grf","md40 n700","H","fld","display_cov1_ref",,0.93760338,,,,2000,"432f69dc"
"mdgrf","grf","md40 n700","H","fld","display_cov2_ref",,0.96650928,,,,2000,"432f69dc"
"mdgrf","grf","md40 n700","Hc","naive","display_b",,-1.0890908,,,,2000,"432f69dc"
"mdgrf","grf","md40 n700","Hc","naive","display_r",,1.0462781,,,,2000,"432f69dc"
"mdgrf","grf","md40 n700","Hc","naive","display_cov1_ref",,0.7362685,,,,2000,"432f69dc"
"mdgrf","grf","md40 n700","Hc","naive","display_cov2_ref",,0.83102339,,,,2000,"432f69dc"
"mdgrf","grf","md40 n700","Hc","mr","display_b",,-0.33939542,,,,2000,"432f69dc"
"mdgrf","grf","md40 n700","Hc","mr","display_r",,1.8886734,,,,2000,"432f69dc"
"mdgrf","grf","md40 n700","Hc","mr","display_cov1_ref",,0.99717296,,,,2000,"432f69dc"
"mdgrf","grf","md40 n700","Hc","mr","display_cov2_ref",,0.99958697,,,,2000,"432f69dc"
"mdgrf","grf","md40 n700","Hc","fld","display_b",,-0.18543159,,,,2000,"432f69dc"
"mdgrf","grf","md40 n700","Hc","fld","display_r",,0.9897634,,,,2000,"432f69dc"
"mdgrf","grf","md40 n700","Hc","fld","display_cov1_ref",,0.9254312,,,,2000,"432f69dc"
"mdgrf","grf","md40 n700","Hc","fld","display_cov2_ref",,0.94354546,,,,2000,"432f69dc"
