=== IDSWEEP START Sun Sep 13 00:34:02 PDT 2026 ; campaign T0 1789282834 (Sun Sep 13 00:00:34 PDT 2026) ; from cell 2 ; ceiling 46800s (13 h) ; hard timeout 57600s (16 h) from T0, 55592s remaining ; watchdog pid 47115 ; dry=0 ===
  host Mac-Studio-3.local ; 14 physical cores ; 36 GB ; git 5e1e47c8
=== CELL p124_h150_n500: completed and gated in an earlier part of this campaign; skipped ===
=== RE-PROJECTION before cell 2 (p124_h150_n1000) at elapsed 0.56 h ===
render overhead: 50.2 s per render -- realized median over 16 renders (1 cells)
realized cells (s):
           cell compute_s wall_s
 p124_h150_n500      1010   1798
            cell compute_s overhead_s wall_s finish_h
 p124_h150_n1000      1736        803   2539     1.26
 p124_h150_n1500      2769        803   3572     2.26
   p31_h150_n500      1510        803   2313     2.90
  p31_h150_n1000      2306        803   3109     3.76
  p31_h150_n1500      3374        803   4177     4.92
  p124_h175_n500      1023        803   1826     5.43
 p124_h175_n1000      1122        803   1925     5.96
 p124_h175_n1500      1227        803   2030     6.53
   p31_h175_n500      1620        803   2423     7.20
  p31_h175_n1000      2467        803   3270     8.11
  p31_h175_n1500      3613        803   4416     9.34
  p124_h100_n500       943        803   1746     9.82
 p124_h100_n1000      1298        803   2102    10.40
 p124_h100_n1500      1828        803   2631    11.14
   p31_h100_n500      1129        803   1932    11.67
  p31_h100_n1000      1730        803   2533    12.38
  p31_h100_n1500      2627        803   3430    13.33
                                        anchors
                                 p124_h150_n500
                                 p124_h150_n500
                                 p124_h150_n500
                                 p124_h150_n500
                                 p124_h150_n500
 p124_h150_n500(flat:cross-host)/p124_h150_n500
 p124_h150_n500(flat:cross-host)/p124_h150_n500
 p124_h150_n500(flat:cross-host)/p124_h150_n500
                                 p124_h150_n500
                                 p124_h150_n500
                                 p124_h150_n500
 p124_h150_n500(flat:cross-host)/p124_h150_n500
                                 p124_h150_n500
                                 p124_h150_n500
                                 p124_h150_n500
                                 p124_h150_n500
                                 p124_h150_n500
projected: all remaining finish at 13.33 h; 16 of 17 remaining fit under the ceiling in order
DECISION cell 2 p124_h150_n1000: elapsed 0.56 h + projected 2539 s = 1.26 h vs ceiling 13.00 h -> GO
=== CELL START: p124_h150_n1000 (z1q='' n=1000 hr=1.50) Sun Sep 13 00:34:03 PDT 2026 ; elapsed 2008s ===
vm.swapusage: total = 0.00M  used = 0.00M  free = 0.00M  (encrypted)
System-wide memory free percentage: 85%
=== RUN START: p124_h150_n1000 consistency effMaxSG -> idsweep_p124_h150_n1000_consistency_effMaxSG Sun Sep 13 00:34:03 PDT 2026 ===
  env set:   FS_S7_FIELD_COMPLEMENT=TRUE FS_S7_FIELD_SCALEC=selected FS_S7_FIELD_DECOMP=TRUE FS_S7_FIELD_RECOV=TRUE FS_S7_IJ_RESIDUAL=two_term FS_S7_FB=none FS_S7_WORKERS=12 FS_S7_MR=FALSE FS_S7_CAMPAIGN=idsweep FS_S7_MODE=batch FS_S7_START=1 FS_S7_NSIMS=500 FS_S7_HR=1.50 FS_S7_N=1000 FS_S7_FOCUS=effMaxSG FS_S7_NBHD=0.20
  env unset: FS_S7_ER_JCUTS FS_S7_METHOD FS_S7_Z1Q
WALL_SECONDS=119 RC=0 OUT=idsweep_p124_h150_n1000_consistency_effMaxSG
GATE A idsweep_p124_h150_n1000_consistency_effMaxSG: 38 passes, 0 failures -- PASS
=== RUN START: p124_h150_n1000 consistency effMinSG -> idsweep_p124_h150_n1000_consistency_effMinSG Sun Sep 13 00:36:03 PDT 2026 ===
  env set:   FS_S7_FIELD_COMPLEMENT=TRUE FS_S7_FIELD_SCALEC=selected FS_S7_FIELD_DECOMP=TRUE FS_S7_FIELD_RECOV=TRUE FS_S7_IJ_RESIDUAL=two_term FS_S7_FB=none FS_S7_WORKERS=12 FS_S7_MR=FALSE FS_S7_CAMPAIGN=idsweep FS_S7_MODE=batch FS_S7_START=1 FS_S7_NSIMS=500 FS_S7_HR=1.50 FS_S7_N=1000 FS_S7_FOCUS=effMinSG FS_S7_NBHD=0.20
  env unset: FS_S7_ER_JCUTS FS_S7_METHOD FS_S7_Z1Q
WALL_SECONDS=114 RC=0 OUT=idsweep_p124_h150_n1000_consistency_effMinSG
GATE A idsweep_p124_h150_n1000_consistency_effMinSG: 38 passes, 0 failures -- PASS
=== RUN START: p124_h150_n1000 consistency maxeffCons -> idsweep_p124_h150_n1000_consistency_maxeffCons Sun Sep 13 00:37:58 PDT 2026 ===
  env set:   FS_S7_FIELD_COMPLEMENT=TRUE FS_S7_FIELD_SCALEC=selected FS_S7_FIELD_DECOMP=TRUE FS_S7_FIELD_RECOV=TRUE FS_S7_IJ_RESIDUAL=two_term FS_S7_FB=none FS_S7_WORKERS=12 FS_S7_MR=FALSE FS_S7_CAMPAIGN=idsweep FS_S7_MODE=batch FS_S7_START=1 FS_S7_NSIMS=500 FS_S7_HR=1.50 FS_S7_N=1000 FS_S7_FOCUS=maxeffCons
  env unset: FS_S7_ER_JCUTS FS_S7_NBHD FS_S7_METHOD FS_S7_Z1Q
WALL_SECONDS=110 RC=0 OUT=idsweep_p124_h150_n1000_consistency_maxeffCons
GATE A idsweep_p124_h150_n1000_consistency_maxeffCons: 38 passes, 0 failures -- PASS
=== RUN START: p124_h150_n1000 consistency maxeff -> idsweep_p124_h150_n1000_consistency_maxeff Sun Sep 13 00:39:49 PDT 2026 ===
  env set:   FS_S7_FIELD_COMPLEMENT=TRUE FS_S7_FIELD_SCALEC=selected FS_S7_FIELD_DECOMP=TRUE FS_S7_FIELD_RECOV=TRUE FS_S7_IJ_RESIDUAL=two_term FS_S7_FB=none FS_S7_WORKERS=12 FS_S7_MR=FALSE FS_S7_CAMPAIGN=idsweep FS_S7_MODE=batch FS_S7_START=1 FS_S7_NSIMS=500 FS_S7_HR=1.50 FS_S7_N=1000 FS_S7_FOCUS=maxeff
  env unset: FS_S7_ER_JCUTS FS_S7_NBHD FS_S7_METHOD FS_S7_Z1Q
WALL_SECONDS=168 RC=0 OUT=idsweep_p124_h150_n1000_consistency_maxeff
GATE A idsweep_p124_h150_n1000_consistency_maxeff: 38 passes, 0 failures -- PASS
=== RUN START: p124_h150_n1000 consistency maxSG -> idsweep_p124_h150_n1000_consistency_maxSG Sun Sep 13 00:42:38 PDT 2026 ===
  env set:   FS_S7_FIELD_COMPLEMENT=TRUE FS_S7_FIELD_SCALEC=selected FS_S7_FIELD_DECOMP=TRUE FS_S7_FIELD_RECOV=TRUE FS_S7_IJ_RESIDUAL=two_term FS_S7_FB=none FS_S7_WORKERS=12 FS_S7_MR=FALSE FS_S7_CAMPAIGN=idsweep FS_S7_MODE=batch FS_S7_START=1 FS_S7_NSIMS=500 FS_S7_HR=1.50 FS_S7_N=1000 FS_S7_FOCUS=maxSG
  env unset: FS_S7_ER_JCUTS FS_S7_NBHD FS_S7_METHOD FS_S7_Z1Q
WALL_SECONDS=131 RC=0 OUT=idsweep_p124_h150_n1000_consistency_maxSG
GATE A idsweep_p124_h150_n1000_consistency_maxSG: 38 passes, 0 failures -- PASS
=== RUN START: p124_h150_n1000 consistency minSG -> idsweep_p124_h150_n1000_consistency_minSG Sun Sep 13 00:44:50 PDT 2026 ===
  env set:   FS_S7_FIELD_COMPLEMENT=TRUE FS_S7_FIELD_SCALEC=selected FS_S7_FIELD_DECOMP=TRUE FS_S7_FIELD_RECOV=TRUE FS_S7_IJ_RESIDUAL=two_term FS_S7_FB=none FS_S7_WORKERS=12 FS_S7_MR=FALSE FS_S7_CAMPAIGN=idsweep FS_S7_MODE=batch FS_S7_START=1 FS_S7_NSIMS=500 FS_S7_HR=1.50 FS_S7_N=1000 FS_S7_FOCUS=minSG
  env unset: FS_S7_ER_JCUTS FS_S7_NBHD FS_S7_METHOD FS_S7_Z1Q
WALL_SECONDS=115 RC=0 OUT=idsweep_p124_h150_n1000_consistency_minSG
GATE A idsweep_p124_h150_n1000_consistency_minSG: 38 passes, 0 failures -- PASS
=== RUN START: p124_h150_n1000 dina effMaxSG -> idsweep_p124_h150_n1000_dina_effMaxSG Sun Sep 13 00:46:46 PDT 2026 ===
  env set:   FS_S7_FIELD_COMPLEMENT=TRUE FS_S7_FIELD_SCALEC=selected FS_S7_FIELD_DECOMP=TRUE FS_S7_FIELD_RECOV=TRUE FS_S7_IJ_RESIDUAL=two_term FS_S7_FB=none FS_S7_WORKERS=12 FS_S7_MR=FALSE FS_S7_CAMPAIGN=idsweep FS_S7_MODE=batch FS_S7_START=1 FS_S7_NSIMS=500 FS_S7_HR=1.50 FS_S7_N=1000 FS_S7_FOCUS=effMaxSG FS_S7_NBHD=0.20 FS_S7_METHOD=dina
  env unset: FS_S7_ER_JCUTS FS_S7_Z1Q
WALL_SECONDS=61 RC=0 OUT=idsweep_p124_h150_n1000_dina_effMaxSG
GATE A idsweep_p124_h150_n1000_dina_effMaxSG: 38 passes, 0 failures -- PASS
=== RUN START: p124_h150_n1000 dina effMinSG -> idsweep_p124_h150_n1000_dina_effMinSG Sun Sep 13 00:47:48 PDT 2026 ===
  env set:   FS_S7_FIELD_COMPLEMENT=TRUE FS_S7_FIELD_SCALEC=selected FS_S7_FIELD_DECOMP=TRUE FS_S7_FIELD_RECOV=TRUE FS_S7_IJ_RESIDUAL=two_term FS_S7_FB=none FS_S7_WORKERS=12 FS_S7_MR=FALSE FS_S7_CAMPAIGN=idsweep FS_S7_MODE=batch FS_S7_START=1 FS_S7_NSIMS=500 FS_S7_HR=1.50 FS_S7_N=1000 FS_S7_FOCUS=effMinSG FS_S7_NBHD=0.20 FS_S7_METHOD=dina
  env unset: FS_S7_ER_JCUTS FS_S7_Z1Q
WALL_SECONDS=62 RC=0 OUT=idsweep_p124_h150_n1000_dina_effMinSG
GATE A idsweep_p124_h150_n1000_dina_effMinSG: 38 passes, 0 failures -- PASS
=== RUN START: p124_h150_n1000 dina maxSG -> idsweep_p124_h150_n1000_dina_maxSG Sun Sep 13 00:48:51 PDT 2026 ===
  env set:   FS_S7_FIELD_COMPLEMENT=TRUE FS_S7_FIELD_SCALEC=selected FS_S7_FIELD_DECOMP=TRUE FS_S7_FIELD_RECOV=TRUE FS_S7_IJ_RESIDUAL=two_term FS_S7_FB=none FS_S7_WORKERS=12 FS_S7_MR=FALSE FS_S7_CAMPAIGN=idsweep FS_S7_MODE=batch FS_S7_START=1 FS_S7_NSIMS=500 FS_S7_HR=1.50 FS_S7_N=1000 FS_S7_FOCUS=maxSG FS_S7_METHOD=dina
  env unset: FS_S7_ER_JCUTS FS_S7_NBHD FS_S7_Z1Q
WALL_SECONDS=78 RC=0 OUT=idsweep_p124_h150_n1000_dina_maxSG
GATE A idsweep_p124_h150_n1000_dina_maxSG: 38 passes, 0 failures -- PASS
=== RUN START: p124_h150_n1000 dina minSG -> idsweep_p124_h150_n1000_dina_minSG Sun Sep 13 00:50:10 PDT 2026 ===
  env set:   FS_S7_FIELD_COMPLEMENT=TRUE FS_S7_FIELD_SCALEC=selected FS_S7_FIELD_DECOMP=TRUE FS_S7_FIELD_RECOV=TRUE FS_S7_IJ_RESIDUAL=two_term FS_S7_FB=none FS_S7_WORKERS=12 FS_S7_MR=FALSE FS_S7_CAMPAIGN=idsweep FS_S7_MODE=batch FS_S7_START=1 FS_S7_NSIMS=500 FS_S7_HR=1.50 FS_S7_N=1000 FS_S7_FOCUS=minSG FS_S7_METHOD=dina
  env unset: FS_S7_ER_JCUTS FS_S7_NBHD FS_S7_Z1Q
WALL_SECONDS=64 RC=0 OUT=idsweep_p124_h150_n1000_dina_minSG
GATE A idsweep_p124_h150_n1000_dina_minSG: 38 passes, 0 failures -- PASS
=== RUN START: p124_h150_n1000 dina maxeffCons -> idsweep_p124_h150_n1000_dina_eff Sun Sep 13 00:51:15 PDT 2026 ===
  env set:   FS_S7_FIELD_COMPLEMENT=TRUE FS_S7_FIELD_SCALEC=selected FS_S7_FIELD_DECOMP=TRUE FS_S7_FIELD_RECOV=TRUE FS_S7_IJ_RESIDUAL=two_term FS_S7_FB=none FS_S7_WORKERS=12 FS_S7_MR=FALSE FS_S7_CAMPAIGN=idsweep FS_S7_MODE=batch FS_S7_START=1 FS_S7_NSIMS=500 FS_S7_HR=1.50 FS_S7_N=1000 FS_S7_FOCUS=maxeffCons FS_S7_METHOD=dina
  env unset: FS_S7_ER_JCUTS FS_S7_NBHD FS_S7_Z1Q
WALL_SECONDS=57 RC=0 OUT=idsweep_p124_h150_n1000_dina_eff
GATE A idsweep_p124_h150_n1000_dina_eff: 38 passes, 0 failures -- PASS
=== RUN START: p124_h150_n1000 grf effMaxSG -> idsweep_p124_h150_n1000_grf_effMaxSG Sun Sep 13 00:52:13 PDT 2026 ===
  env set:   FS_S7_FIELD_COMPLEMENT=TRUE FS_S7_FIELD_SCALEC=selected FS_S7_FIELD_DECOMP=TRUE FS_S7_FIELD_RECOV=TRUE FS_S7_IJ_RESIDUAL=two_term FS_S7_FB=none FS_S7_WORKERS=12 FS_S7_MR=FALSE FS_S7_CAMPAIGN=idsweep FS_S7_MODE=batch FS_S7_START=1 FS_S7_NSIMS=500 FS_S7_HR=1.50 FS_S7_N=1000 FS_S7_FOCUS=effMaxSG FS_S7_NBHD=0.20 FS_S7_METHOD=grf
  env unset: FS_S7_ER_JCUTS FS_S7_Z1Q
WALL_SECONDS=188 RC=0 OUT=idsweep_p124_h150_n1000_grf_effMaxSG
GATE A idsweep_p124_h150_n1000_grf_effMaxSG: 44 passes, 0 failures -- PASS
=== RUN START: p124_h150_n1000 grf effMinSG -> idsweep_p124_h150_n1000_grf_effMinSG Sun Sep 13 00:55:22 PDT 2026 ===
  env set:   FS_S7_FIELD_COMPLEMENT=TRUE FS_S7_FIELD_SCALEC=selected FS_S7_FIELD_DECOMP=TRUE FS_S7_FIELD_RECOV=TRUE FS_S7_IJ_RESIDUAL=two_term FS_S7_FB=none FS_S7_WORKERS=12 FS_S7_MR=FALSE FS_S7_CAMPAIGN=idsweep FS_S7_MODE=batch FS_S7_START=1 FS_S7_NSIMS=500 FS_S7_HR=1.50 FS_S7_N=1000 FS_S7_FOCUS=effMinSG FS_S7_NBHD=0.20 FS_S7_METHOD=grf
  env unset: FS_S7_ER_JCUTS FS_S7_Z1Q
WALL_SECONDS=165 RC=0 OUT=idsweep_p124_h150_n1000_grf_effMinSG
GATE A idsweep_p124_h150_n1000_grf_effMinSG: 44 passes, 0 failures -- PASS
=== RUN START: p124_h150_n1000 grf maxSG -> idsweep_p124_h150_n1000_grf_maxSG Sun Sep 13 00:58:08 PDT 2026 ===
  env set:   FS_S7_FIELD_COMPLEMENT=TRUE FS_S7_FIELD_SCALEC=selected FS_S7_FIELD_DECOMP=TRUE FS_S7_FIELD_RECOV=TRUE FS_S7_IJ_RESIDUAL=two_term FS_S7_FB=none FS_S7_WORKERS=12 FS_S7_MR=FALSE FS_S7_CAMPAIGN=idsweep FS_S7_MODE=batch FS_S7_START=1 FS_S7_NSIMS=500 FS_S7_HR=1.50 FS_S7_N=1000 FS_S7_FOCUS=maxSG FS_S7_METHOD=grf
  env unset: FS_S7_ER_JCUTS FS_S7_NBHD FS_S7_Z1Q
WALL_SECONDS=184 RC=0 OUT=idsweep_p124_h150_n1000_grf_maxSG
GATE A idsweep_p124_h150_n1000_grf_maxSG: 44 passes, 0 failures -- PASS
=== RUN START: p124_h150_n1000 grf minSG -> idsweep_p124_h150_n1000_grf_minSG Sun Sep 13 01:01:13 PDT 2026 ===
  env set:   FS_S7_FIELD_COMPLEMENT=TRUE FS_S7_FIELD_SCALEC=selected FS_S7_FIELD_DECOMP=TRUE FS_S7_FIELD_RECOV=TRUE FS_S7_IJ_RESIDUAL=two_term FS_S7_FB=none FS_S7_WORKERS=12 FS_S7_MR=FALSE FS_S7_CAMPAIGN=idsweep FS_S7_MODE=batch FS_S7_START=1 FS_S7_NSIMS=500 FS_S7_HR=1.50 FS_S7_N=1000 FS_S7_FOCUS=minSG FS_S7_METHOD=grf
  env unset: FS_S7_ER_JCUTS FS_S7_NBHD FS_S7_Z1Q
WALL_SECONDS=173 RC=0 OUT=idsweep_p124_h150_n1000_grf_minSG
GATE A idsweep_p124_h150_n1000_grf_minSG: 44 passes, 0 failures -- PASS
=== RUN START: p124_h150_n1000 grf maxeffCons -> idsweep_p124_h150_n1000_grf_eff Sun Sep 13 01:04:07 PDT 2026 ===
  env set:   FS_S7_FIELD_COMPLEMENT=TRUE FS_S7_FIELD_SCALEC=selected FS_S7_FIELD_DECOMP=TRUE FS_S7_FIELD_RECOV=TRUE FS_S7_IJ_RESIDUAL=two_term FS_S7_FB=none FS_S7_WORKERS=12 FS_S7_MR=FALSE FS_S7_CAMPAIGN=idsweep FS_S7_MODE=batch FS_S7_START=1 FS_S7_NSIMS=500 FS_S7_HR=1.50 FS_S7_N=1000 FS_S7_FOCUS=maxeffCons FS_S7_METHOD=grf
  env unset: FS_S7_ER_JCUTS FS_S7_NBHD FS_S7_Z1Q
WALL_SECONDS=167 RC=0 OUT=idsweep_p124_h150_n1000_grf_eff
GATE A idsweep_p124_h150_n1000_grf_eff: 44 passes, 0 failures -- PASS
CELL DONE: p124_h150_n1000  wall=1972s
GATE I p124_h150_n1000: 293 checks passed, 0 failed -- PASS
=== RE-PROJECTION before cell 3 (p124_h150_n1500) at elapsed 1.11 h ===
render overhead: 44.5 s per render -- realized median over 32 renders (2 cells)
realized cells (s):
            cell compute_s wall_s
  p124_h150_n500      1010   1798
 p124_h150_n1000      1299   1956
            cell compute_s overhead_s wall_s finish_h
 p124_h150_n1500      1881        712   2592     1.83
   p31_h150_n500      1510        712   2221     2.44
  p31_h150_n1000      1895        712   2607     3.17
  p31_h150_n1500      2530        712   3241     4.07
  p124_h175_n500      1023        712   1735     4.55
 p124_h175_n1000      1332        712   2043     5.12
 p124_h175_n1500      1459        712   2171     5.72
   p31_h175_n500      1620        712   2331     6.37
  p31_h175_n1000      2054        712   2766     7.14
  p31_h175_n1500      2773        712   3484     8.10
  p124_h100_n500       943        712   1655     8.56
 p124_h100_n1000      1059        712   1770     9.06
 p124_h100_n1500      1363        712   2074     9.63
   p31_h100_n500      1129        712   1840    10.14
  p31_h100_n1000      1366        712   2078    10.72
  p31_h100_n1500      1871        712   2582    11.44
                                          anchors
                                  p124_h150_n1000
                                   p124_h150_n500
                                  p124_h150_n1000
                                  p124_h150_n1000
   p124_h150_n500(flat:cross-host)/p124_h150_n500
 p124_h150_n1000(flat:cross-host)/p124_h150_n1000
 p124_h150_n1000(flat:cross-host)/p124_h150_n1000
                                   p124_h150_n500
                                  p124_h150_n1000
                                  p124_h150_n1000
   p124_h150_n500(flat:cross-host)/p124_h150_n500
                                  p124_h150_n1000
                                  p124_h150_n1000
                                   p124_h150_n500
                                  p124_h150_n1000
                                  p124_h150_n1000
projected: all remaining finish at 11.44 h; 16 of 16 remaining fit under the ceiling in order
DECISION cell 3 p124_h150_n1500: elapsed 1.11 h + projected 2592 s = 1.83 h vs ceiling 13.00 h -> GO
=== CELL START: p124_h150_n1500 (z1q='' n=1500 hr=1.50) Sun Sep 13 01:06:57 PDT 2026 ; elapsed 3982s ===
vm.swapusage: total = 0.00M  used = 0.00M  free = 0.00M  (encrypted)
System-wide memory free percentage: 84%
=== RUN START: p124_h150_n1500 consistency effMaxSG -> idsweep_p124_h150_n1500_consistency_effMaxSG Sun Sep 13 01:06:57 PDT 2026 ===
  env set:   FS_S7_FIELD_COMPLEMENT=TRUE FS_S7_FIELD_SCALEC=selected FS_S7_FIELD_DECOMP=TRUE FS_S7_FIELD_RECOV=TRUE FS_S7_IJ_RESIDUAL=two_term FS_S7_FB=none FS_S7_WORKERS=12 FS_S7_MR=FALSE FS_S7_CAMPAIGN=idsweep FS_S7_MODE=batch FS_S7_START=1 FS_S7_NSIMS=500 FS_S7_HR=1.50 FS_S7_N=1500 FS_S7_FOCUS=effMaxSG FS_S7_NBHD=0.20
  env unset: FS_S7_ER_JCUTS FS_S7_METHOD FS_S7_Z1Q
WALL_SECONDS=119 RC=0 OUT=idsweep_p124_h150_n1500_consistency_effMaxSG
GATE A idsweep_p124_h150_n1500_consistency_effMaxSG: 38 passes, 0 failures -- PASS
=== RUN START: p124_h150_n1500 consistency effMinSG -> idsweep_p124_h150_n1500_consistency_effMinSG Sun Sep 13 01:08:57 PDT 2026 ===
  env set:   FS_S7_FIELD_COMPLEMENT=TRUE FS_S7_FIELD_SCALEC=selected FS_S7_FIELD_DECOMP=TRUE FS_S7_FIELD_RECOV=TRUE FS_S7_IJ_RESIDUAL=two_term FS_S7_FB=none FS_S7_WORKERS=12 FS_S7_MR=FALSE FS_S7_CAMPAIGN=idsweep FS_S7_MODE=batch FS_S7_START=1 FS_S7_NSIMS=500 FS_S7_HR=1.50 FS_S7_N=1500 FS_S7_FOCUS=effMinSG FS_S7_NBHD=0.20
  env unset: FS_S7_ER_JCUTS FS_S7_METHOD FS_S7_Z1Q
WALL_SECONDS=113 RC=0 OUT=idsweep_p124_h150_n1500_consistency_effMinSG
GATE A idsweep_p124_h150_n1500_consistency_effMinSG: 38 passes, 0 failures -- PASS
=== RUN START: p124_h150_n1500 consistency maxeffCons -> idsweep_p124_h150_n1500_consistency_maxeffCons Sun Sep 13 01:10:51 PDT 2026 ===
  env set:   FS_S7_FIELD_COMPLEMENT=TRUE FS_S7_FIELD_SCALEC=selected FS_S7_FIELD_DECOMP=TRUE FS_S7_FIELD_RECOV=TRUE FS_S7_IJ_RESIDUAL=two_term FS_S7_FB=none FS_S7_WORKERS=12 FS_S7_MR=FALSE FS_S7_CAMPAIGN=idsweep FS_S7_MODE=batch FS_S7_START=1 FS_S7_NSIMS=500 FS_S7_HR=1.50 FS_S7_N=1500 FS_S7_FOCUS=maxeffCons
  env unset: FS_S7_ER_JCUTS FS_S7_NBHD FS_S7_METHOD FS_S7_Z1Q
WALL_SECONDS=111 RC=0 OUT=idsweep_p124_h150_n1500_consistency_maxeffCons
GATE A idsweep_p124_h150_n1500_consistency_maxeffCons: 38 passes, 0 failures -- PASS
=== RUN START: p124_h150_n1500 consistency maxeff -> idsweep_p124_h150_n1500_consistency_maxeff Sun Sep 13 01:12:43 PDT 2026 ===
  env set:   FS_S7_FIELD_COMPLEMENT=TRUE FS_S7_FIELD_SCALEC=selected FS_S7_FIELD_DECOMP=TRUE FS_S7_FIELD_RECOV=TRUE FS_S7_IJ_RESIDUAL=two_term FS_S7_FB=none FS_S7_WORKERS=12 FS_S7_MR=FALSE FS_S7_CAMPAIGN=idsweep FS_S7_MODE=batch FS_S7_START=1 FS_S7_NSIMS=500 FS_S7_HR=1.50 FS_S7_N=1500 FS_S7_FOCUS=maxeff
  env unset: FS_S7_ER_JCUTS FS_S7_NBHD FS_S7_METHOD FS_S7_Z1Q
WALL_SECONDS=183 RC=0 OUT=idsweep_p124_h150_n1500_consistency_maxeff
GATE A idsweep_p124_h150_n1500_consistency_maxeff: 38 passes, 0 failures -- PASS
=== RUN START: p124_h150_n1500 consistency maxSG -> idsweep_p124_h150_n1500_consistency_maxSG Sun Sep 13 01:15:47 PDT 2026 ===
  env set:   FS_S7_FIELD_COMPLEMENT=TRUE FS_S7_FIELD_SCALEC=selected FS_S7_FIELD_DECOMP=TRUE FS_S7_FIELD_RECOV=TRUE FS_S7_IJ_RESIDUAL=two_term FS_S7_FB=none FS_S7_WORKERS=12 FS_S7_MR=FALSE FS_S7_CAMPAIGN=idsweep FS_S7_MODE=batch FS_S7_START=1 FS_S7_NSIMS=500 FS_S7_HR=1.50 FS_S7_N=1500 FS_S7_FOCUS=maxSG
  env unset: FS_S7_ER_JCUTS FS_S7_NBHD FS_S7_METHOD FS_S7_Z1Q
WALL_SECONDS=132 RC=0 OUT=idsweep_p124_h150_n1500_consistency_maxSG
GATE A idsweep_p124_h150_n1500_consistency_maxSG: 38 passes, 0 failures -- PASS
=== RUN START: p124_h150_n1500 consistency minSG -> idsweep_p124_h150_n1500_consistency_minSG Sun Sep 13 01:17:59 PDT 2026 ===
  env set:   FS_S7_FIELD_COMPLEMENT=TRUE FS_S7_FIELD_SCALEC=selected FS_S7_FIELD_DECOMP=TRUE FS_S7_FIELD_RECOV=TRUE FS_S7_IJ_RESIDUAL=two_term FS_S7_FB=none FS_S7_WORKERS=12 FS_S7_MR=FALSE FS_S7_CAMPAIGN=idsweep FS_S7_MODE=batch FS_S7_START=1 FS_S7_NSIMS=500 FS_S7_HR=1.50 FS_S7_N=1500 FS_S7_FOCUS=minSG
  env unset: FS_S7_ER_JCUTS FS_S7_NBHD FS_S7_METHOD FS_S7_Z1Q
WALL_SECONDS=118 RC=0 OUT=idsweep_p124_h150_n1500_consistency_minSG
GATE A idsweep_p124_h150_n1500_consistency_minSG: 38 passes, 0 failures -- PASS
=== RUN START: p124_h150_n1500 dina effMaxSG -> idsweep_p124_h150_n1500_dina_effMaxSG Sun Sep 13 01:19:58 PDT 2026 ===
  env set:   FS_S7_FIELD_COMPLEMENT=TRUE FS_S7_FIELD_SCALEC=selected FS_S7_FIELD_DECOMP=TRUE FS_S7_FIELD_RECOV=TRUE FS_S7_IJ_RESIDUAL=two_term FS_S7_FB=none FS_S7_WORKERS=12 FS_S7_MR=FALSE FS_S7_CAMPAIGN=idsweep FS_S7_MODE=batch FS_S7_START=1 FS_S7_NSIMS=500 FS_S7_HR=1.50 FS_S7_N=1500 FS_S7_FOCUS=effMaxSG FS_S7_NBHD=0.20 FS_S7_METHOD=dina
  env unset: FS_S7_ER_JCUTS FS_S7_Z1Q
WALL_SECONDS=50 RC=0 OUT=idsweep_p124_h150_n1500_dina_effMaxSG
GATE A idsweep_p124_h150_n1500_dina_effMaxSG: 38 passes, 0 failures -- PASS
=== RUN START: p124_h150_n1500 dina effMinSG -> idsweep_p124_h150_n1500_dina_effMinSG Sun Sep 13 01:20:48 PDT 2026 ===
  env set:   FS_S7_FIELD_COMPLEMENT=TRUE FS_S7_FIELD_SCALEC=selected FS_S7_FIELD_DECOMP=TRUE FS_S7_FIELD_RECOV=TRUE FS_S7_IJ_RESIDUAL=two_term FS_S7_FB=none FS_S7_WORKERS=12 FS_S7_MR=FALSE FS_S7_CAMPAIGN=idsweep FS_S7_MODE=batch FS_S7_START=1 FS_S7_NSIMS=500 FS_S7_HR=1.50 FS_S7_N=1500 FS_S7_FOCUS=effMinSG FS_S7_NBHD=0.20 FS_S7_METHOD=dina
  env unset: FS_S7_ER_JCUTS FS_S7_Z1Q
WALL_SECONDS=45 RC=0 OUT=idsweep_p124_h150_n1500_dina_effMinSG
GATE A idsweep_p124_h150_n1500_dina_effMinSG: 38 passes, 0 failures -- PASS
=== RUN START: p124_h150_n1500 dina maxSG -> idsweep_p124_h150_n1500_dina_maxSG Sun Sep 13 01:21:35 PDT 2026 ===
  env set:   FS_S7_FIELD_COMPLEMENT=TRUE FS_S7_FIELD_SCALEC=selected FS_S7_FIELD_DECOMP=TRUE FS_S7_FIELD_RECOV=TRUE FS_S7_IJ_RESIDUAL=two_term FS_S7_FB=none FS_S7_WORKERS=12 FS_S7_MR=FALSE FS_S7_CAMPAIGN=idsweep FS_S7_MODE=batch FS_S7_START=1 FS_S7_NSIMS=500 FS_S7_HR=1.50 FS_S7_N=1500 FS_S7_FOCUS=maxSG FS_S7_METHOD=dina
  env unset: FS_S7_ER_JCUTS FS_S7_NBHD FS_S7_Z1Q
WALL_SECONDS=55 RC=0 OUT=idsweep_p124_h150_n1500_dina_maxSG
GATE A idsweep_p124_h150_n1500_dina_maxSG: 38 passes, 0 failures -- PASS
=== RUN START: p124_h150_n1500 dina minSG -> idsweep_p124_h150_n1500_dina_minSG Sun Sep 13 01:22:31 PDT 2026 ===
  env set:   FS_S7_FIELD_COMPLEMENT=TRUE FS_S7_FIELD_SCALEC=selected FS_S7_FIELD_DECOMP=TRUE FS_S7_FIELD_RECOV=TRUE FS_S7_IJ_RESIDUAL=two_term FS_S7_FB=none FS_S7_WORKERS=12 FS_S7_MR=FALSE FS_S7_CAMPAIGN=idsweep FS_S7_MODE=batch FS_S7_START=1 FS_S7_NSIMS=500 FS_S7_HR=1.50 FS_S7_N=1500 FS_S7_FOCUS=minSG FS_S7_METHOD=dina
  env unset: FS_S7_ER_JCUTS FS_S7_NBHD FS_S7_Z1Q
WALL_SECONDS=48 RC=0 OUT=idsweep_p124_h150_n1500_dina_minSG
GATE A idsweep_p124_h150_n1500_dina_minSG: 38 passes, 0 failures -- PASS
=== RUN START: p124_h150_n1500 dina maxeffCons -> idsweep_p124_h150_n1500_dina_eff Sun Sep 13 01:23:20 PDT 2026 ===
  env set:   FS_S7_FIELD_COMPLEMENT=TRUE FS_S7_FIELD_SCALEC=selected FS_S7_FIELD_DECOMP=TRUE FS_S7_FIELD_RECOV=TRUE FS_S7_IJ_RESIDUAL=two_term FS_S7_FB=none FS_S7_WORKERS=12 FS_S7_MR=FALSE FS_S7_CAMPAIGN=idsweep FS_S7_MODE=batch FS_S7_START=1 FS_S7_NSIMS=500 FS_S7_HR=1.50 FS_S7_N=1500 FS_S7_FOCUS=maxeffCons FS_S7_METHOD=dina
  env unset: FS_S7_ER_JCUTS FS_S7_NBHD FS_S7_Z1Q
WALL_SECONDS=43 RC=0 OUT=idsweep_p124_h150_n1500_dina_eff
GATE A idsweep_p124_h150_n1500_dina_eff: 38 passes, 0 failures -- PASS
=== RUN START: p124_h150_n1500 grf effMaxSG -> idsweep_p124_h150_n1500_grf_effMaxSG Sun Sep 13 01:24:04 PDT 2026 ===
  env set:   FS_S7_FIELD_COMPLEMENT=TRUE FS_S7_FIELD_SCALEC=selected FS_S7_FIELD_DECOMP=TRUE FS_S7_FIELD_RECOV=TRUE FS_S7_IJ_RESIDUAL=two_term FS_S7_FB=none FS_S7_WORKERS=12 FS_S7_MR=FALSE FS_S7_CAMPAIGN=idsweep FS_S7_MODE=batch FS_S7_START=1 FS_S7_NSIMS=500 FS_S7_HR=1.50 FS_S7_N=1500 FS_S7_FOCUS=effMaxSG FS_S7_NBHD=0.20 FS_S7_METHOD=grf
  env unset: FS_S7_ER_JCUTS FS_S7_Z1Q
WALL_SECONDS=216 RC=0 OUT=idsweep_p124_h150_n1500_grf_effMaxSG
GATE A idsweep_p124_h150_n1500_grf_effMaxSG: 44 passes, 0 failures -- PASS
=== RUN START: p124_h150_n1500 grf effMinSG -> idsweep_p124_h150_n1500_grf_effMinSG Sun Sep 13 01:27:41 PDT 2026 ===
  env set:   FS_S7_FIELD_COMPLEMENT=TRUE FS_S7_FIELD_SCALEC=selected FS_S7_FIELD_DECOMP=TRUE FS_S7_FIELD_RECOV=TRUE FS_S7_IJ_RESIDUAL=two_term FS_S7_FB=none FS_S7_WORKERS=12 FS_S7_MR=FALSE FS_S7_CAMPAIGN=idsweep FS_S7_MODE=batch FS_S7_START=1 FS_S7_NSIMS=500 FS_S7_HR=1.50 FS_S7_N=1500 FS_S7_FOCUS=effMinSG FS_S7_NBHD=0.20 FS_S7_METHOD=grf
  env unset: FS_S7_ER_JCUTS FS_S7_Z1Q
WALL_SECONDS=207 RC=0 OUT=idsweep_p124_h150_n1500_grf_effMinSG
GATE A idsweep_p124_h150_n1500_grf_effMinSG: 44 passes, 0 failures -- PASS
=== RUN START: p124_h150_n1500 grf maxSG -> idsweep_p124_h150_n1500_grf_maxSG Sun Sep 13 01:31:09 PDT 2026 ===
  env set:   FS_S7_FIELD_COMPLEMENT=TRUE FS_S7_FIELD_SCALEC=selected FS_S7_FIELD_DECOMP=TRUE FS_S7_FIELD_RECOV=TRUE FS_S7_IJ_RESIDUAL=two_term FS_S7_FB=none FS_S7_WORKERS=12 FS_S7_MR=FALSE FS_S7_CAMPAIGN=idsweep FS_S7_MODE=batch FS_S7_START=1 FS_S7_NSIMS=500 FS_S7_HR=1.50 FS_S7_N=1500 FS_S7_FOCUS=maxSG FS_S7_METHOD=grf
  env unset: FS_S7_ER_JCUTS FS_S7_NBHD FS_S7_Z1Q
WALL_SECONDS=230 RC=0 OUT=idsweep_p124_h150_n1500_grf_maxSG
GATE A idsweep_p124_h150_n1500_grf_maxSG: 44 passes, 0 failures -- PASS
=== RUN START: p124_h150_n1500 grf minSG -> idsweep_p124_h150_n1500_grf_minSG Sun Sep 13 01:35:00 PDT 2026 ===
  env set:   FS_S7_FIELD_COMPLEMENT=TRUE FS_S7_FIELD_SCALEC=selected FS_S7_FIELD_DECOMP=TRUE FS_S7_FIELD_RECOV=TRUE FS_S7_IJ_RESIDUAL=two_term FS_S7_FB=none FS_S7_WORKERS=12 FS_S7_MR=FALSE FS_S7_CAMPAIGN=idsweep FS_S7_MODE=batch FS_S7_START=1 FS_S7_NSIMS=500 FS_S7_HR=1.50 FS_S7_N=1500 FS_S7_FOCUS=minSG FS_S7_METHOD=grf
  env unset: FS_S7_ER_JCUTS FS_S7_NBHD FS_S7_Z1Q
WALL_SECONDS=213 RC=0 OUT=idsweep_p124_h150_n1500_grf_minSG
GATE A idsweep_p124_h150_n1500_grf_minSG: 44 passes, 0 failures -- PASS
=== RUN START: p124_h150_n1500 grf maxeffCons -> idsweep_p124_h150_n1500_grf_eff Sun Sep 13 01:38:34 PDT 2026 ===
  env set:   FS_S7_FIELD_COMPLEMENT=TRUE FS_S7_FIELD_SCALEC=selected FS_S7_FIELD_DECOMP=TRUE FS_S7_FIELD_RECOV=TRUE FS_S7_IJ_RESIDUAL=two_term FS_S7_FB=none FS_S7_WORKERS=12 FS_S7_MR=FALSE FS_S7_CAMPAIGN=idsweep FS_S7_MODE=batch FS_S7_START=1 FS_S7_NSIMS=500 FS_S7_HR=1.50 FS_S7_N=1500 FS_S7_FOCUS=maxeffCons FS_S7_METHOD=grf
  env unset: FS_S7_ER_JCUTS FS_S7_NBHD FS_S7_Z1Q
WALL_SECONDS=207 RC=0 OUT=idsweep_p124_h150_n1500_grf_eff
GATE A idsweep_p124_h150_n1500_grf_eff: 44 passes, 0 failures -- PASS
CELL DONE: p124_h150_n1500  wall=2105s
GATE I p124_h150_n1500: 293 checks passed, 0 failed -- PASS
=== RE-PROJECTION before cell 4 (p31_h150_n500) at elapsed 1.69 h ===
render overhead: 41.9 s per render -- realized median over 48 renders (3 cells)
realized cells (s):
            cell compute_s wall_s
  p124_h150_n500      1010   1798
 p124_h150_n1000      1299   1956
 p124_h150_n1500      1534   2090
            cell compute_s overhead_s wall_s finish_h
   p31_h150_n500      1510        671   2180     2.30
  p31_h150_n1000      1895        671   2566     3.01
  p31_h150_n1500      2034        671   2705     3.76
  p124_h175_n500      1023        671   1694     4.23
 p124_h175_n1000      1332        671   2003     4.79
 p124_h175_n1500      1550        671   2221     5.40
   p31_h175_n500      1620        671   2290     6.04
  p31_h175_n1000      2054        671   2725     6.80
  p31_h175_n1500      2226        671   2897     7.60
  p124_h100_n500       943        671   1614     8.05
 p124_h100_n1000      1059        671   1730     8.53
 p124_h100_n1500      1190        671   1860     9.05
   p31_h100_n500      1129        671   1800     9.55
  p31_h100_n1000      1366        671   2037    10.11
  p31_h100_n1500      1552        671   2223    10.73
                                          anchors
                                   p124_h150_n500
                                  p124_h150_n1000
                                  p124_h150_n1500
   p124_h150_n500(flat:cross-host)/p124_h150_n500
 p124_h150_n1000(flat:cross-host)/p124_h150_n1000
 p124_h150_n1500(flat:cross-host)/p124_h150_n1500
                                   p124_h150_n500
                                  p124_h150_n1000
                                  p124_h150_n1500
   p124_h150_n500(flat:cross-host)/p124_h150_n500
                                  p124_h150_n1000
                                  p124_h150_n1500
                                   p124_h150_n500
                                  p124_h150_n1000
                                  p124_h150_n1500
projected: all remaining finish at 10.73 h; 15 of 15 remaining fit under the ceiling in order
DECISION cell 4 p31_h150_n500: elapsed 1.69 h + projected 2180 s = 2.30 h vs ceiling 13.00 h -> GO
=== CELL START: p31_h150_n500 (z1q='0.60' n=500 hr=1.50) Sun Sep 13 01:42:03 PDT 2026 ; elapsed 6089s ===
vm.swapusage: total = 0.00M  used = 0.00M  free = 0.00M  (encrypted)
System-wide memory free percentage: 85%
=== RUN START: p31_h150_n500 consistency effMaxSG -> idsweep_p31_h150_n500_consistency_effMaxSG Sun Sep 13 01:42:03 PDT 2026 ===
  env set:   FS_S7_FIELD_COMPLEMENT=TRUE FS_S7_FIELD_SCALEC=selected FS_S7_FIELD_DECOMP=TRUE FS_S7_FIELD_RECOV=TRUE FS_S7_IJ_RESIDUAL=two_term FS_S7_FB=none FS_S7_WORKERS=12 FS_S7_MR=FALSE FS_S7_CAMPAIGN=idsweep FS_S7_MODE=batch FS_S7_START=1 FS_S7_NSIMS=500 FS_S7_HR=1.50 FS_S7_N=500 FS_S7_FOCUS=effMaxSG FS_S7_NBHD=0.20 FS_S7_Z1Q=0.60
  env unset: FS_S7_ER_JCUTS FS_S7_METHOD
WALL_SECONDS=177 RC=0 OUT=idsweep_p31_h150_n500_consistency_effMaxSG
GATE A idsweep_p31_h150_n500_consistency_effMaxSG: 38 passes, 0 failures -- PASS
=== RUN START: p31_h150_n500 consistency effMinSG -> idsweep_p31_h150_n500_consistency_effMinSG Sun Sep 13 01:45:01 PDT 2026 ===
  env set:   FS_S7_FIELD_COMPLEMENT=TRUE FS_S7_FIELD_SCALEC=selected FS_S7_FIELD_DECOMP=TRUE FS_S7_FIELD_RECOV=TRUE FS_S7_IJ_RESIDUAL=two_term FS_S7_FB=none FS_S7_WORKERS=12 FS_S7_MR=FALSE FS_S7_CAMPAIGN=idsweep FS_S7_MODE=batch FS_S7_START=1 FS_S7_NSIMS=500 FS_S7_HR=1.50 FS_S7_N=500 FS_S7_FOCUS=effMinSG FS_S7_NBHD=0.20 FS_S7_Z1Q=0.60
  env unset: FS_S7_ER_JCUTS FS_S7_METHOD
WALL_SECONDS=169 RC=0 OUT=idsweep_p31_h150_n500_consistency_effMinSG
GATE A idsweep_p31_h150_n500_consistency_effMinSG: 38 passes, 0 failures -- PASS
=== RUN START: p31_h150_n500 consistency maxeffCons -> idsweep_p31_h150_n500_consistency_maxeffCons Sun Sep 13 01:47:51 PDT 2026 ===
  env set:   FS_S7_FIELD_COMPLEMENT=TRUE FS_S7_FIELD_SCALEC=selected FS_S7_FIELD_DECOMP=TRUE FS_S7_FIELD_RECOV=TRUE FS_S7_IJ_RESIDUAL=two_term FS_S7_FB=none FS_S7_WORKERS=12 FS_S7_MR=FALSE FS_S7_CAMPAIGN=idsweep FS_S7_MODE=batch FS_S7_START=1 FS_S7_NSIMS=500 FS_S7_HR=1.50 FS_S7_N=500 FS_S7_FOCUS=maxeffCons FS_S7_Z1Q=0.60
  env unset: FS_S7_ER_JCUTS FS_S7_NBHD FS_S7_METHOD
WALL_SECONDS=178 RC=0 OUT=idsweep_p31_h150_n500_consistency_maxeffCons
GATE A idsweep_p31_h150_n500_consistency_maxeffCons: 38 passes, 0 failures -- PASS
=== RUN START: p31_h150_n500 consistency maxeff -> idsweep_p31_h150_n500_consistency_maxeff Sun Sep 13 01:50:50 PDT 2026 ===
  env set:   FS_S7_FIELD_COMPLEMENT=TRUE FS_S7_FIELD_SCALEC=selected FS_S7_FIELD_DECOMP=TRUE FS_S7_FIELD_RECOV=TRUE FS_S7_IJ_RESIDUAL=two_term FS_S7_FB=none FS_S7_WORKERS=12 FS_S7_MR=FALSE FS_S7_CAMPAIGN=idsweep FS_S7_MODE=batch FS_S7_START=1 FS_S7_NSIMS=500 FS_S7_HR=1.50 FS_S7_N=500 FS_S7_FOCUS=maxeff FS_S7_Z1Q=0.60
  env unset: FS_S7_ER_JCUTS FS_S7_NBHD FS_S7_METHOD
WALL_SECONDS=170 RC=0 OUT=idsweep_p31_h150_n500_consistency_maxeff
GATE A idsweep_p31_h150_n500_consistency_maxeff: 38 passes, 0 failures -- PASS
=== RUN START: p31_h150_n500 consistency maxSG -> idsweep_p31_h150_n500_consistency_maxSG Sun Sep 13 01:53:41 PDT 2026 ===
  env set:   FS_S7_FIELD_COMPLEMENT=TRUE FS_S7_FIELD_SCALEC=selected FS_S7_FIELD_DECOMP=TRUE FS_S7_FIELD_RECOV=TRUE FS_S7_IJ_RESIDUAL=two_term FS_S7_FB=none FS_S7_WORKERS=12 FS_S7_MR=FALSE FS_S7_CAMPAIGN=idsweep FS_S7_MODE=batch FS_S7_START=1 FS_S7_NSIMS=500 FS_S7_HR=1.50 FS_S7_N=500 FS_S7_FOCUS=maxSG FS_S7_Z1Q=0.60
  env unset: FS_S7_ER_JCUTS FS_S7_NBHD FS_S7_METHOD
WALL_SECONDS=185 RC=0 OUT=idsweep_p31_h150_n500_consistency_maxSG
GATE A idsweep_p31_h150_n500_consistency_maxSG: 38 passes, 0 failures -- PASS
=== RUN START: p31_h150_n500 consistency minSG -> idsweep_p31_h150_n500_consistency_minSG Sun Sep 13 01:56:47 PDT 2026 ===
  env set:   FS_S7_FIELD_COMPLEMENT=TRUE FS_S7_FIELD_SCALEC=selected FS_S7_FIELD_DECOMP=TRUE FS_S7_FIELD_RECOV=TRUE FS_S7_IJ_RESIDUAL=two_term FS_S7_FB=none FS_S7_WORKERS=12 FS_S7_MR=FALSE FS_S7_CAMPAIGN=idsweep FS_S7_MODE=batch FS_S7_START=1 FS_S7_NSIMS=500 FS_S7_HR=1.50 FS_S7_N=500 FS_S7_FOCUS=minSG FS_S7_Z1Q=0.60
  env unset: FS_S7_ER_JCUTS FS_S7_NBHD FS_S7_METHOD
WALL_SECONDS=175 RC=0 OUT=idsweep_p31_h150_n500_consistency_minSG
GATE A idsweep_p31_h150_n500_consistency_minSG: 38 passes, 0 failures -- PASS
=== RUN START: p31_h150_n500 dina effMaxSG -> idsweep_p31_h150_n500_dina_effMaxSG Sun Sep 13 01:59:42 PDT 2026 ===
  env set:   FS_S7_FIELD_COMPLEMENT=TRUE FS_S7_FIELD_SCALEC=selected FS_S7_FIELD_DECOMP=TRUE FS_S7_FIELD_RECOV=TRUE FS_S7_IJ_RESIDUAL=two_term FS_S7_FB=none FS_S7_WORKERS=12 FS_S7_MR=FALSE FS_S7_CAMPAIGN=idsweep FS_S7_MODE=batch FS_S7_START=1 FS_S7_NSIMS=500 FS_S7_HR=1.50 FS_S7_N=500 FS_S7_FOCUS=effMaxSG FS_S7_NBHD=0.20 FS_S7_METHOD=dina FS_S7_Z1Q=0.60
  env unset: FS_S7_ER_JCUTS
WALL_SECONDS=169 RC=0 OUT=idsweep_p31_h150_n500_dina_effMaxSG
GATE A idsweep_p31_h150_n500_dina_effMaxSG: 38 passes, 0 failures -- PASS
=== RUN START: p31_h150_n500 dina effMinSG -> idsweep_p31_h150_n500_dina_effMinSG Sun Sep 13 02:02:32 PDT 2026 ===
  env set:   FS_S7_FIELD_COMPLEMENT=TRUE FS_S7_FIELD_SCALEC=selected FS_S7_FIELD_DECOMP=TRUE FS_S7_FIELD_RECOV=TRUE FS_S7_IJ_RESIDUAL=two_term FS_S7_FB=none FS_S7_WORKERS=12 FS_S7_MR=FALSE FS_S7_CAMPAIGN=idsweep FS_S7_MODE=batch FS_S7_START=1 FS_S7_NSIMS=500 FS_S7_HR=1.50 FS_S7_N=500 FS_S7_FOCUS=effMinSG FS_S7_NBHD=0.20 FS_S7_METHOD=dina FS_S7_Z1Q=0.60
  env unset: FS_S7_ER_JCUTS
WALL_SECONDS=159 RC=0 OUT=idsweep_p31_h150_n500_dina_effMinSG
GATE A idsweep_p31_h150_n500_dina_effMinSG: 38 passes, 0 failures -- PASS
=== RUN START: p31_h150_n500 dina maxSG -> idsweep_p31_h150_n500_dina_maxSG Sun Sep 13 02:05:12 PDT 2026 ===
  env set:   FS_S7_FIELD_COMPLEMENT=TRUE FS_S7_FIELD_SCALEC=selected FS_S7_FIELD_DECOMP=TRUE FS_S7_FIELD_RECOV=TRUE FS_S7_IJ_RESIDUAL=two_term FS_S7_FB=none FS_S7_WORKERS=12 FS_S7_MR=FALSE FS_S7_CAMPAIGN=idsweep FS_S7_MODE=batch FS_S7_START=1 FS_S7_NSIMS=500 FS_S7_HR=1.50 FS_S7_N=500 FS_S7_FOCUS=maxSG FS_S7_METHOD=dina FS_S7_Z1Q=0.60
  env unset: FS_S7_ER_JCUTS FS_S7_NBHD
WALL_SECONDS=151 RC=0 OUT=idsweep_p31_h150_n500_dina_maxSG
GATE A idsweep_p31_h150_n500_dina_maxSG: 38 passes, 0 failures -- PASS
=== RUN START: p31_h150_n500 dina minSG -> idsweep_p31_h150_n500_dina_minSG Sun Sep 13 02:07:44 PDT 2026 ===
  env set:   FS_S7_FIELD_COMPLEMENT=TRUE FS_S7_FIELD_SCALEC=selected FS_S7_FIELD_DECOMP=TRUE FS_S7_FIELD_RECOV=TRUE FS_S7_IJ_RESIDUAL=two_term FS_S7_FB=none FS_S7_WORKERS=12 FS_S7_MR=FALSE FS_S7_CAMPAIGN=idsweep FS_S7_MODE=batch FS_S7_START=1 FS_S7_NSIMS=500 FS_S7_HR=1.50 FS_S7_N=500 FS_S7_FOCUS=minSG FS_S7_METHOD=dina FS_S7_Z1Q=0.60
  env unset: FS_S7_ER_JCUTS FS_S7_NBHD
WALL_SECONDS=163 RC=0 OUT=idsweep_p31_h150_n500_dina_minSG
GATE A idsweep_p31_h150_n500_dina_minSG: 38 passes, 0 failures -- PASS
=== RUN START: p31_h150_n500 dina maxeffCons -> idsweep_p31_h150_n500_dina_eff Sun Sep 13 02:10:28 PDT 2026 ===
  env set:   FS_S7_FIELD_COMPLEMENT=TRUE FS_S7_FIELD_SCALEC=selected FS_S7_FIELD_DECOMP=TRUE FS_S7_FIELD_RECOV=TRUE FS_S7_IJ_RESIDUAL=two_term FS_S7_FB=none FS_S7_WORKERS=12 FS_S7_MR=FALSE FS_S7_CAMPAIGN=idsweep FS_S7_MODE=batch FS_S7_START=1 FS_S7_NSIMS=500 FS_S7_HR=1.50 FS_S7_N=500 FS_S7_FOCUS=maxeffCons FS_S7_METHOD=dina FS_S7_Z1Q=0.60
  env unset: FS_S7_ER_JCUTS FS_S7_NBHD
WALL_SECONDS=162 RC=0 OUT=idsweep_p31_h150_n500_dina_eff
GATE A idsweep_p31_h150_n500_dina_eff: 38 passes, 0 failures -- PASS
=== RUN START: p31_h150_n500 grf effMaxSG -> idsweep_p31_h150_n500_grf_effMaxSG Sun Sep 13 02:13:11 PDT 2026 ===
  env set:   FS_S7_FIELD_COMPLEMENT=TRUE FS_S7_FIELD_SCALEC=selected FS_S7_FIELD_DECOMP=TRUE FS_S7_FIELD_RECOV=TRUE FS_S7_IJ_RESIDUAL=two_term FS_S7_FB=none FS_S7_WORKERS=12 FS_S7_MR=FALSE FS_S7_CAMPAIGN=idsweep FS_S7_MODE=batch FS_S7_START=1 FS_S7_NSIMS=500 FS_S7_HR=1.50 FS_S7_N=500 FS_S7_FOCUS=effMaxSG FS_S7_NBHD=0.20 FS_S7_METHOD=grf FS_S7_Z1Q=0.60
  env unset: FS_S7_ER_JCUTS
WALL_SECONDS=137 RC=0 OUT=idsweep_p31_h150_n500_grf_effMaxSG
GATE A idsweep_p31_h150_n500_grf_effMaxSG: 44 passes, 0 failures -- PASS
=== RUN START: p31_h150_n500 grf effMinSG -> idsweep_p31_h150_n500_grf_effMinSG Sun Sep 13 02:15:29 PDT 2026 ===
  env set:   FS_S7_FIELD_COMPLEMENT=TRUE FS_S7_FIELD_SCALEC=selected FS_S7_FIELD_DECOMP=TRUE FS_S7_FIELD_RECOV=TRUE FS_S7_IJ_RESIDUAL=two_term FS_S7_FB=none FS_S7_WORKERS=12 FS_S7_MR=FALSE FS_S7_CAMPAIGN=idsweep FS_S7_MODE=batch FS_S7_START=1 FS_S7_NSIMS=500 FS_S7_HR=1.50 FS_S7_N=500 FS_S7_FOCUS=effMinSG FS_S7_NBHD=0.20 FS_S7_METHOD=grf FS_S7_Z1Q=0.60
  env unset: FS_S7_ER_JCUTS
WALL_SECONDS=134 RC=0 OUT=idsweep_p31_h150_n500_grf_effMinSG
GATE A idsweep_p31_h150_n500_grf_effMinSG: 44 passes, 0 failures -- PASS
=== RUN START: p31_h150_n500 grf maxSG -> idsweep_p31_h150_n500_grf_maxSG Sun Sep 13 02:17:44 PDT 2026 ===
  env set:   FS_S7_FIELD_COMPLEMENT=TRUE FS_S7_FIELD_SCALEC=selected FS_S7_FIELD_DECOMP=TRUE FS_S7_FIELD_RECOV=TRUE FS_S7_IJ_RESIDUAL=two_term FS_S7_FB=none FS_S7_WORKERS=12 FS_S7_MR=FALSE FS_S7_CAMPAIGN=idsweep FS_S7_MODE=batch FS_S7_START=1 FS_S7_NSIMS=500 FS_S7_HR=1.50 FS_S7_N=500 FS_S7_FOCUS=maxSG FS_S7_METHOD=grf FS_S7_Z1Q=0.60
  env unset: FS_S7_ER_JCUTS FS_S7_NBHD
WALL_SECONDS=119 RC=0 OUT=idsweep_p31_h150_n500_grf_maxSG
GATE A idsweep_p31_h150_n500_grf_maxSG: 44 passes, 0 failures -- PASS
=== RUN START: p31_h150_n500 grf minSG -> idsweep_p31_h150_n500_grf_minSG Sun Sep 13 02:19:44 PDT 2026 ===
  env set:   FS_S7_FIELD_COMPLEMENT=TRUE FS_S7_FIELD_SCALEC=selected FS_S7_FIELD_DECOMP=TRUE FS_S7_FIELD_RECOV=TRUE FS_S7_IJ_RESIDUAL=two_term FS_S7_FB=none FS_S7_WORKERS=12 FS_S7_MR=FALSE FS_S7_CAMPAIGN=idsweep FS_S7_MODE=batch FS_S7_START=1 FS_S7_NSIMS=500 FS_S7_HR=1.50 FS_S7_N=500 FS_S7_FOCUS=minSG FS_S7_METHOD=grf FS_S7_Z1Q=0.60
  env unset: FS_S7_ER_JCUTS FS_S7_NBHD
WALL_SECONDS=136 RC=0 OUT=idsweep_p31_h150_n500_grf_minSG
GATE A idsweep_p31_h150_n500_grf_minSG: 44 passes, 0 failures -- PASS
=== RUN START: p31_h150_n500 grf maxeffCons -> idsweep_p31_h150_n500_grf_eff Sun Sep 13 02:22:01 PDT 2026 ===
  env set:   FS_S7_FIELD_COMPLEMENT=TRUE FS_S7_FIELD_SCALEC=selected FS_S7_FIELD_DECOMP=TRUE FS_S7_FIELD_RECOV=TRUE FS_S7_IJ_RESIDUAL=two_term FS_S7_FB=none FS_S7_WORKERS=12 FS_S7_MR=FALSE FS_S7_CAMPAIGN=idsweep FS_S7_MODE=batch FS_S7_START=1 FS_S7_NSIMS=500 FS_S7_HR=1.50 FS_S7_N=500 FS_S7_FOCUS=maxeffCons FS_S7_METHOD=grf FS_S7_Z1Q=0.60
  env unset: FS_S7_ER_JCUTS FS_S7_NBHD
WALL_SECONDS=133 RC=0 OUT=idsweep_p31_h150_n500_grf_eff
GATE A idsweep_p31_h150_n500_grf_eff: 44 passes, 0 failures -- PASS
CELL DONE: p31_h150_n500  wall=2532s
GATE I p31_h150_n500: 293 checks passed, 0 failed -- PASS
=== RE-PROJECTION before cell 5 (p31_h150_n1000) at elapsed 2.40 h ===
render overhead: 44.8 s per render -- realized median over 64 renders (4 cells)
realized cells (s):
            cell compute_s wall_s
  p124_h150_n500      1010   1798
 p124_h150_n1000      1299   1956
 p124_h150_n1500      1534   2090
   p31_h150_n500      1724   2517
            cell compute_s overhead_s wall_s finish_h
  p31_h150_n1000      1895        717   2612     3.12
  p31_h150_n1500      2034        717   2751     3.88
  p124_h175_n500      1023        717   1740     4.37
 p124_h175_n1000      1332        717   2048     4.94
 p124_h175_n1500      1550        717   2267     5.57
   p31_h175_n500      1853        717   2570     6.28
  p31_h175_n1000      2054        717   2771     7.05
  p31_h175_n1500      2226        717   2942     7.87
  p124_h100_n500       943        717   1660     8.33
 p124_h100_n1000      1059        717   1775     8.82
 p124_h100_n1500      1190        717   1906     9.35
   p31_h100_n500      1276        717   1993     9.90
  p31_h100_n1000      1366        717   2083    10.48
  p31_h100_n1500      1552        717   2269    11.11
                                          anchors
                                  p124_h150_n1000
                                  p124_h150_n1500
   p124_h150_n500(flat:cross-host)/p124_h150_n500
 p124_h150_n1000(flat:cross-host)/p124_h150_n1000
 p124_h150_n1500(flat:cross-host)/p124_h150_n1500
                                    p31_h150_n500
                                  p124_h150_n1000
                                  p124_h150_n1500
   p124_h150_n500(flat:cross-host)/p124_h150_n500
                                  p124_h150_n1000
                                  p124_h150_n1500
                                    p31_h150_n500
                                  p124_h150_n1000
                                  p124_h150_n1500
projected: all remaining finish at 11.11 h; 14 of 14 remaining fit under the ceiling in order
DECISION cell 5 p31_h150_n1000: elapsed 2.40 h + projected 2612 s = 3.12 h vs ceiling 13.00 h -> GO
=== CELL START: p31_h150_n1000 (z1q='0.60' n=1000 hr=1.50) Sun Sep 13 02:24:17 PDT 2026 ; elapsed 8622s ===
vm.swapusage: total = 0.00M  used = 0.00M  free = 0.00M  (encrypted)
System-wide memory free percentage: 86%
=== RUN START: p31_h150_n1000 consistency effMaxSG -> idsweep_p31_h150_n1000_consistency_effMaxSG Sun Sep 13 02:24:17 PDT 2026 ===
  env set:   FS_S7_FIELD_COMPLEMENT=TRUE FS_S7_FIELD_SCALEC=selected FS_S7_FIELD_DECOMP=TRUE FS_S7_FIELD_RECOV=TRUE FS_S7_IJ_RESIDUAL=two_term FS_S7_FB=none FS_S7_WORKERS=12 FS_S7_MR=FALSE FS_S7_CAMPAIGN=idsweep FS_S7_MODE=batch FS_S7_START=1 FS_S7_NSIMS=500 FS_S7_HR=1.50 FS_S7_N=1000 FS_S7_FOCUS=effMaxSG FS_S7_NBHD=0.20 FS_S7_Z1Q=0.60
  env unset: FS_S7_ER_JCUTS FS_S7_METHOD
WALL_SECONDS=203 RC=0 OUT=idsweep_p31_h150_n1000_consistency_effMaxSG
GATE A idsweep_p31_h150_n1000_consistency_effMaxSG: 38 passes, 0 failures -- PASS
=== RUN START: p31_h150_n1000 consistency effMinSG -> idsweep_p31_h150_n1000_consistency_effMinSG Sun Sep 13 02:27:41 PDT 2026 ===
  env set:   FS_S7_FIELD_COMPLEMENT=TRUE FS_S7_FIELD_SCALEC=selected FS_S7_FIELD_DECOMP=TRUE FS_S7_FIELD_RECOV=TRUE FS_S7_IJ_RESIDUAL=two_term FS_S7_FB=none FS_S7_WORKERS=12 FS_S7_MR=FALSE FS_S7_CAMPAIGN=idsweep FS_S7_MODE=batch FS_S7_START=1 FS_S7_NSIMS=500 FS_S7_HR=1.50 FS_S7_N=1000 FS_S7_FOCUS=effMinSG FS_S7_NBHD=0.20 FS_S7_Z1Q=0.60
  env unset: FS_S7_ER_JCUTS FS_S7_METHOD
WALL_SECONDS=199 RC=0 OUT=idsweep_p31_h150_n1000_consistency_effMinSG
GATE A idsweep_p31_h150_n1000_consistency_effMinSG: 38 passes, 0 failures -- PASS
=== RUN START: p31_h150_n1000 consistency maxeffCons -> idsweep_p31_h150_n1000_consistency_maxeffCons Sun Sep 13 02:31:01 PDT 2026 ===
  env set:   FS_S7_FIELD_COMPLEMENT=TRUE FS_S7_FIELD_SCALEC=selected FS_S7_FIELD_DECOMP=TRUE FS_S7_FIELD_RECOV=TRUE FS_S7_IJ_RESIDUAL=two_term FS_S7_FB=none FS_S7_WORKERS=12 FS_S7_MR=FALSE FS_S7_CAMPAIGN=idsweep FS_S7_MODE=batch FS_S7_START=1 FS_S7_NSIMS=500 FS_S7_HR=1.50 FS_S7_N=1000 FS_S7_FOCUS=maxeffCons FS_S7_Z1Q=0.60
  env unset: FS_S7_ER_JCUTS FS_S7_NBHD FS_S7_METHOD
WALL_SECONDS=200 RC=0 OUT=idsweep_p31_h150_n1000_consistency_maxeffCons
GATE A idsweep_p31_h150_n1000_consistency_maxeffCons: 38 passes, 0 failures -- PASS
=== RUN START: p31_h150_n1000 consistency maxeff -> idsweep_p31_h150_n1000_consistency_maxeff Sun Sep 13 02:34:22 PDT 2026 ===
  env set:   FS_S7_FIELD_COMPLEMENT=TRUE FS_S7_FIELD_SCALEC=selected FS_S7_FIELD_DECOMP=TRUE FS_S7_FIELD_RECOV=TRUE FS_S7_IJ_RESIDUAL=two_term FS_S7_FB=none FS_S7_WORKERS=12 FS_S7_MR=FALSE FS_S7_CAMPAIGN=idsweep FS_S7_MODE=batch FS_S7_START=1 FS_S7_NSIMS=500 FS_S7_HR=1.50 FS_S7_N=1000 FS_S7_FOCUS=maxeff FS_S7_Z1Q=0.60
  env unset: FS_S7_ER_JCUTS FS_S7_NBHD FS_S7_METHOD
WALL_SECONDS=176 RC=0 OUT=idsweep_p31_h150_n1000_consistency_maxeff
GATE A idsweep_p31_h150_n1000_consistency_maxeff: 38 passes, 0 failures -- PASS
=== RUN START: p31_h150_n1000 consistency maxSG -> idsweep_p31_h150_n1000_consistency_maxSG Sun Sep 13 02:37:19 PDT 2026 ===
  env set:   FS_S7_FIELD_COMPLEMENT=TRUE FS_S7_FIELD_SCALEC=selected FS_S7_FIELD_DECOMP=TRUE FS_S7_FIELD_RECOV=TRUE FS_S7_IJ_RESIDUAL=two_term FS_S7_FB=none FS_S7_WORKERS=12 FS_S7_MR=FALSE FS_S7_CAMPAIGN=idsweep FS_S7_MODE=batch FS_S7_START=1 FS_S7_NSIMS=500 FS_S7_HR=1.50 FS_S7_N=1000 FS_S7_FOCUS=maxSG FS_S7_Z1Q=0.60
  env unset: FS_S7_ER_JCUTS FS_S7_NBHD FS_S7_METHOD
WALL_SECONDS=195 RC=0 OUT=idsweep_p31_h150_n1000_consistency_maxSG
GATE A idsweep_p31_h150_n1000_consistency_maxSG: 38 passes, 0 failures -- PASS
=== RUN START: p31_h150_n1000 consistency minSG -> idsweep_p31_h150_n1000_consistency_minSG Sun Sep 13 02:40:35 PDT 2026 ===
  env set:   FS_S7_FIELD_COMPLEMENT=TRUE FS_S7_FIELD_SCALEC=selected FS_S7_FIELD_DECOMP=TRUE FS_S7_FIELD_RECOV=TRUE FS_S7_IJ_RESIDUAL=two_term FS_S7_FB=none FS_S7_WORKERS=12 FS_S7_MR=FALSE FS_S7_CAMPAIGN=idsweep FS_S7_MODE=batch FS_S7_START=1 FS_S7_NSIMS=500 FS_S7_HR=1.50 FS_S7_N=1000 FS_S7_FOCUS=minSG FS_S7_Z1Q=0.60
  env unset: FS_S7_ER_JCUTS FS_S7_NBHD FS_S7_METHOD
WALL_SECONDS=202 RC=0 OUT=idsweep_p31_h150_n1000_consistency_minSG
GATE A idsweep_p31_h150_n1000_consistency_minSG: 38 passes, 0 failures -- PASS
=== RUN START: p31_h150_n1000 dina effMaxSG -> idsweep_p31_h150_n1000_dina_effMaxSG Sun Sep 13 02:43:58 PDT 2026 ===
  env set:   FS_S7_FIELD_COMPLEMENT=TRUE FS_S7_FIELD_SCALEC=selected FS_S7_FIELD_DECOMP=TRUE FS_S7_FIELD_RECOV=TRUE FS_S7_IJ_RESIDUAL=two_term FS_S7_FB=none FS_S7_WORKERS=12 FS_S7_MR=FALSE FS_S7_CAMPAIGN=idsweep FS_S7_MODE=batch FS_S7_START=1 FS_S7_NSIMS=500 FS_S7_HR=1.50 FS_S7_N=1000 FS_S7_FOCUS=effMaxSG FS_S7_NBHD=0.20 FS_S7_METHOD=dina FS_S7_Z1Q=0.60
  env unset: FS_S7_ER_JCUTS
WALL_SECONDS=203 RC=0 OUT=idsweep_p31_h150_n1000_dina_effMaxSG
GATE A idsweep_p31_h150_n1000_dina_effMaxSG: 38 passes, 0 failures -- PASS
=== RUN START: p31_h150_n1000 dina effMinSG -> idsweep_p31_h150_n1000_dina_effMinSG Sun Sep 13 02:47:22 PDT 2026 ===
  env set:   FS_S7_FIELD_COMPLEMENT=TRUE FS_S7_FIELD_SCALEC=selected FS_S7_FIELD_DECOMP=TRUE FS_S7_FIELD_RECOV=TRUE FS_S7_IJ_RESIDUAL=two_term FS_S7_FB=none FS_S7_WORKERS=12 FS_S7_MR=FALSE FS_S7_CAMPAIGN=idsweep FS_S7_MODE=batch FS_S7_START=1 FS_S7_NSIMS=500 FS_S7_HR=1.50 FS_S7_N=1000 FS_S7_FOCUS=effMinSG FS_S7_NBHD=0.20 FS_S7_METHOD=dina FS_S7_Z1Q=0.60
  env unset: FS_S7_ER_JCUTS
WALL_SECONDS=216 RC=0 OUT=idsweep_p31_h150_n1000_dina_effMinSG
GATE A idsweep_p31_h150_n1000_dina_effMinSG: 38 passes, 0 failures -- PASS
=== RUN START: p31_h150_n1000 dina maxSG -> idsweep_p31_h150_n1000_dina_maxSG Sun Sep 13 02:50:59 PDT 2026 ===
  env set:   FS_S7_FIELD_COMPLEMENT=TRUE FS_S7_FIELD_SCALEC=selected FS_S7_FIELD_DECOMP=TRUE FS_S7_FIELD_RECOV=TRUE FS_S7_IJ_RESIDUAL=two_term FS_S7_FB=none FS_S7_WORKERS=12 FS_S7_MR=FALSE FS_S7_CAMPAIGN=idsweep FS_S7_MODE=batch FS_S7_START=1 FS_S7_NSIMS=500 FS_S7_HR=1.50 FS_S7_N=1000 FS_S7_FOCUS=maxSG FS_S7_METHOD=dina FS_S7_Z1Q=0.60
  env unset: FS_S7_ER_JCUTS FS_S7_NBHD
WALL_SECONDS=204 RC=0 OUT=idsweep_p31_h150_n1000_dina_maxSG
GATE A idsweep_p31_h150_n1000_dina_maxSG: 38 passes, 0 failures -- PASS
=== RUN START: p31_h150_n1000 dina minSG -> idsweep_p31_h150_n1000_dina_minSG Sun Sep 13 02:54:24 PDT 2026 ===
  env set:   FS_S7_FIELD_COMPLEMENT=TRUE FS_S7_FIELD_SCALEC=selected FS_S7_FIELD_DECOMP=TRUE FS_S7_FIELD_RECOV=TRUE FS_S7_IJ_RESIDUAL=two_term FS_S7_FB=none FS_S7_WORKERS=12 FS_S7_MR=FALSE FS_S7_CAMPAIGN=idsweep FS_S7_MODE=batch FS_S7_START=1 FS_S7_NSIMS=500 FS_S7_HR=1.50 FS_S7_N=1000 FS_S7_FOCUS=minSG FS_S7_METHOD=dina FS_S7_Z1Q=0.60
  env unset: FS_S7_ER_JCUTS FS_S7_NBHD
WALL_SECONDS=200 RC=0 OUT=idsweep_p31_h150_n1000_dina_minSG
GATE A idsweep_p31_h150_n1000_dina_minSG: 38 passes, 0 failures -- PASS
=== RUN START: p31_h150_n1000 dina maxeffCons -> idsweep_p31_h150_n1000_dina_eff Sun Sep 13 02:57:45 PDT 2026 ===
  env set:   FS_S7_FIELD_COMPLEMENT=TRUE FS_S7_FIELD_SCALEC=selected FS_S7_FIELD_DECOMP=TRUE FS_S7_FIELD_RECOV=TRUE FS_S7_IJ_RESIDUAL=two_term FS_S7_FB=none FS_S7_WORKERS=12 FS_S7_MR=FALSE FS_S7_CAMPAIGN=idsweep FS_S7_MODE=batch FS_S7_START=1 FS_S7_NSIMS=500 FS_S7_HR=1.50 FS_S7_N=1000 FS_S7_FOCUS=maxeffCons FS_S7_METHOD=dina FS_S7_Z1Q=0.60
  env unset: FS_S7_ER_JCUTS FS_S7_NBHD
WALL_SECONDS=195 RC=0 OUT=idsweep_p31_h150_n1000_dina_eff
GATE A idsweep_p31_h150_n1000_dina_eff: 38 passes, 0 failures -- PASS
=== RUN START: p31_h150_n1000 grf effMaxSG -> idsweep_p31_h150_n1000_grf_effMaxSG Sun Sep 13 03:01:01 PDT 2026 ===
  env set:   FS_S7_FIELD_COMPLEMENT=TRUE FS_S7_FIELD_SCALEC=selected FS_S7_FIELD_DECOMP=TRUE FS_S7_FIELD_RECOV=TRUE FS_S7_IJ_RESIDUAL=two_term FS_S7_FB=none FS_S7_WORKERS=12 FS_S7_MR=FALSE FS_S7_CAMPAIGN=idsweep FS_S7_MODE=batch FS_S7_START=1 FS_S7_NSIMS=500 FS_S7_HR=1.50 FS_S7_N=1000 FS_S7_FOCUS=effMaxSG FS_S7_NBHD=0.20 FS_S7_METHOD=grf FS_S7_Z1Q=0.60
  env unset: FS_S7_ER_JCUTS
WALL_SECONDS=175 RC=0 OUT=idsweep_p31_h150_n1000_grf_effMaxSG
GATE A idsweep_p31_h150_n1000_grf_effMaxSG: 44 passes, 0 failures -- PASS
=== RUN START: p31_h150_n1000 grf effMinSG -> idsweep_p31_h150_n1000_grf_effMinSG Sun Sep 13 03:03:57 PDT 2026 ===
  env set:   FS_S7_FIELD_COMPLEMENT=TRUE FS_S7_FIELD_SCALEC=selected FS_S7_FIELD_DECOMP=TRUE FS_S7_FIELD_RECOV=TRUE FS_S7_IJ_RESIDUAL=two_term FS_S7_FB=none FS_S7_WORKERS=12 FS_S7_MR=FALSE FS_S7_CAMPAIGN=idsweep FS_S7_MODE=batch FS_S7_START=1 FS_S7_NSIMS=500 FS_S7_HR=1.50 FS_S7_N=1000 FS_S7_FOCUS=effMinSG FS_S7_NBHD=0.20 FS_S7_METHOD=grf FS_S7_Z1Q=0.60
  env unset: FS_S7_ER_JCUTS
WALL_SECONDS=166 RC=0 OUT=idsweep_p31_h150_n1000_grf_effMinSG
GATE A idsweep_p31_h150_n1000_grf_effMinSG: 44 passes, 0 failures -- PASS
=== RUN START: p31_h150_n1000 grf maxSG -> idsweep_p31_h150_n1000_grf_maxSG Sun Sep 13 03:06:44 PDT 2026 ===
  env set:   FS_S7_FIELD_COMPLEMENT=TRUE FS_S7_FIELD_SCALEC=selected FS_S7_FIELD_DECOMP=TRUE FS_S7_FIELD_RECOV=TRUE FS_S7_IJ_RESIDUAL=two_term FS_S7_FB=none FS_S7_WORKERS=12 FS_S7_MR=FALSE FS_S7_CAMPAIGN=idsweep FS_S7_MODE=batch FS_S7_START=1 FS_S7_NSIMS=500 FS_S7_HR=1.50 FS_S7_N=1000 FS_S7_FOCUS=maxSG FS_S7_METHOD=grf FS_S7_Z1Q=0.60
  env unset: FS_S7_ER_JCUTS FS_S7_NBHD
WALL_SECONDS=158 RC=0 OUT=idsweep_p31_h150_n1000_grf_maxSG
GATE A idsweep_p31_h150_n1000_grf_maxSG: 44 passes, 0 failures -- PASS
=== RUN START: p31_h150_n1000 grf minSG -> idsweep_p31_h150_n1000_grf_minSG Sun Sep 13 03:09:23 PDT 2026 ===
  env set:   FS_S7_FIELD_COMPLEMENT=TRUE FS_S7_FIELD_SCALEC=selected FS_S7_FIELD_DECOMP=TRUE FS_S7_FIELD_RECOV=TRUE FS_S7_IJ_RESIDUAL=two_term FS_S7_FB=none FS_S7_WORKERS=12 FS_S7_MR=FALSE FS_S7_CAMPAIGN=idsweep FS_S7_MODE=batch FS_S7_START=1 FS_S7_NSIMS=500 FS_S7_HR=1.50 FS_S7_N=1000 FS_S7_FOCUS=minSG FS_S7_METHOD=grf FS_S7_Z1Q=0.60
  env unset: FS_S7_ER_JCUTS FS_S7_NBHD
WALL_SECONDS=172 RC=0 OUT=idsweep_p31_h150_n1000_grf_minSG
GATE A idsweep_p31_h150_n1000_grf_minSG: 44 passes, 0 failures -- PASS
=== RUN START: p31_h150_n1000 grf maxeffCons -> idsweep_p31_h150_n1000_grf_eff Sun Sep 13 03:12:16 PDT 2026 ===
  env set:   FS_S7_FIELD_COMPLEMENT=TRUE FS_S7_FIELD_SCALEC=selected FS_S7_FIELD_DECOMP=TRUE FS_S7_FIELD_RECOV=TRUE FS_S7_IJ_RESIDUAL=two_term FS_S7_FB=none FS_S7_WORKERS=12 FS_S7_MR=FALSE FS_S7_CAMPAIGN=idsweep FS_S7_MODE=batch FS_S7_START=1 FS_S7_NSIMS=500 FS_S7_HR=1.50 FS_S7_N=1000 FS_S7_FOCUS=maxeffCons FS_S7_METHOD=grf FS_S7_Z1Q=0.60
  env unset: FS_S7_ER_JCUTS FS_S7_NBHD
WALL_SECONDS=171 RC=0 OUT=idsweep_p31_h150_n1000_grf_eff
GATE A idsweep_p31_h150_n1000_grf_eff: 44 passes, 0 failures -- PASS
CELL DONE: p31_h150_n1000  wall=3051s
GATE I p31_h150_n1000: 293 checks passed, 0 failed -- PASS
=== RE-PROJECTION before cell 6 (p31_h150_n1500) at elapsed 3.24 h ===
render overhead: 44.8 s per render -- realized median over 80 renders (5 cells)
realized cells (s):
            cell compute_s wall_s
  p124_h150_n500      1010   1798
 p124_h150_n1000      1299   1956
 p124_h150_n1500      1534   2090
   p31_h150_n500      1724   2517
  p31_h150_n1000      2296   3035
            cell compute_s overhead_s wall_s finish_h
  p31_h150_n1500      2034        717   2751     4.01
  p124_h175_n500      1023        717   1740     4.49
 p124_h175_n1000      1332        717   2048     5.06
 p124_h175_n1500      1550        717   2267     5.69
   p31_h175_n500      1853        717   2570     6.40
  p31_h175_n1000      2478        717   3194     7.29
  p31_h175_n1500      2226        717   2942     8.11
  p124_h100_n500       943        717   1660     8.57
 p124_h100_n1000      1059        717   1775     9.06
 p124_h100_n1500      1190        717   1906     9.59
   p31_h100_n500      1276        717   1993    10.14
  p31_h100_n1000      1671        717   2387    10.81
  p31_h100_n1500      1552        717   2269    11.44
                                          anchors
                                  p124_h150_n1500
   p124_h150_n500(flat:cross-host)/p124_h150_n500
 p124_h150_n1000(flat:cross-host)/p124_h150_n1000
 p124_h150_n1500(flat:cross-host)/p124_h150_n1500
                                    p31_h150_n500
                                   p31_h150_n1000
                                  p124_h150_n1500
   p124_h150_n500(flat:cross-host)/p124_h150_n500
                                  p124_h150_n1000
                                  p124_h150_n1500
                                    p31_h150_n500
                                   p31_h150_n1000
                                  p124_h150_n1500
projected: all remaining finish at 11.44 h; 13 of 13 remaining fit under the ceiling in order
DECISION cell 6 p31_h150_n1500: elapsed 3.24 h + projected 2751 s = 4.01 h vs ceiling 13.00 h -> GO
=== CELL START: p31_h150_n1500 (z1q='0.60' n=1500 hr=1.50) Sun Sep 13 03:15:10 PDT 2026 ; elapsed 11675s ===
vm.swapusage: total = 0.00M  used = 0.00M  free = 0.00M  (encrypted)
System-wide memory free percentage: 86%
=== RUN START: p31_h150_n1500 consistency effMaxSG -> idsweep_p31_h150_n1500_consistency_effMaxSG Sun Sep 13 03:15:10 PDT 2026 ===
  env set:   FS_S7_FIELD_COMPLEMENT=TRUE FS_S7_FIELD_SCALEC=selected FS_S7_FIELD_DECOMP=TRUE FS_S7_FIELD_RECOV=TRUE FS_S7_IJ_RESIDUAL=two_term FS_S7_FB=none FS_S7_WORKERS=12 FS_S7_MR=FALSE FS_S7_CAMPAIGN=idsweep FS_S7_MODE=batch FS_S7_START=1 FS_S7_NSIMS=500 FS_S7_HR=1.50 FS_S7_N=1500 FS_S7_FOCUS=effMaxSG FS_S7_NBHD=0.20 FS_S7_Z1Q=0.60
  env unset: FS_S7_ER_JCUTS FS_S7_METHOD
WALL_SECONDS=224 RC=0 OUT=idsweep_p31_h150_n1500_consistency_effMaxSG
GATE A idsweep_p31_h150_n1500_consistency_effMaxSG: 38 passes, 0 failures -- PASS
=== RUN START: p31_h150_n1500 consistency effMinSG -> idsweep_p31_h150_n1500_consistency_effMinSG Sun Sep 13 03:18:55 PDT 2026 ===
  env set:   FS_S7_FIELD_COMPLEMENT=TRUE FS_S7_FIELD_SCALEC=selected FS_S7_FIELD_DECOMP=TRUE FS_S7_FIELD_RECOV=TRUE FS_S7_IJ_RESIDUAL=two_term FS_S7_FB=none FS_S7_WORKERS=12 FS_S7_MR=FALSE FS_S7_CAMPAIGN=idsweep FS_S7_MODE=batch FS_S7_START=1 FS_S7_NSIMS=500 FS_S7_HR=1.50 FS_S7_N=1500 FS_S7_FOCUS=effMinSG FS_S7_NBHD=0.20 FS_S7_Z1Q=0.60
  env unset: FS_S7_ER_JCUTS FS_S7_METHOD
WALL_SECONDS=218 RC=0 OUT=idsweep_p31_h150_n1500_consistency_effMinSG
GATE A idsweep_p31_h150_n1500_consistency_effMinSG: 38 passes, 0 failures -- PASS
=== RUN START: p31_h150_n1500 consistency maxeffCons -> idsweep_p31_h150_n1500_consistency_maxeffCons Sun Sep 13 03:22:34 PDT 2026 ===
  env set:   FS_S7_FIELD_COMPLEMENT=TRUE FS_S7_FIELD_SCALEC=selected FS_S7_FIELD_DECOMP=TRUE FS_S7_FIELD_RECOV=TRUE FS_S7_IJ_RESIDUAL=two_term FS_S7_FB=none FS_S7_WORKERS=12 FS_S7_MR=FALSE FS_S7_CAMPAIGN=idsweep FS_S7_MODE=batch FS_S7_START=1 FS_S7_NSIMS=500 FS_S7_HR=1.50 FS_S7_N=1500 FS_S7_FOCUS=maxeffCons FS_S7_Z1Q=0.60
  env unset: FS_S7_ER_JCUTS FS_S7_NBHD FS_S7_METHOD
WALL_SECONDS=220 RC=0 OUT=idsweep_p31_h150_n1500_consistency_maxeffCons
GATE A idsweep_p31_h150_n1500_consistency_maxeffCons: 38 passes, 0 failures -- PASS
=== RUN START: p31_h150_n1500 consistency maxeff -> idsweep_p31_h150_n1500_consistency_maxeff Sun Sep 13 03:26:15 PDT 2026 ===
  env set:   FS_S7_FIELD_COMPLEMENT=TRUE FS_S7_FIELD_SCALEC=selected FS_S7_FIELD_DECOMP=TRUE FS_S7_FIELD_RECOV=TRUE FS_S7_IJ_RESIDUAL=two_term FS_S7_FB=none FS_S7_WORKERS=12 FS_S7_MR=FALSE FS_S7_CAMPAIGN=idsweep FS_S7_MODE=batch FS_S7_START=1 FS_S7_NSIMS=500 FS_S7_HR=1.50 FS_S7_N=1500 FS_S7_FOCUS=maxeff FS_S7_Z1Q=0.60
  env unset: FS_S7_ER_JCUTS FS_S7_NBHD FS_S7_METHOD
WALL_SECONDS=193 RC=0 OUT=idsweep_p31_h150_n1500_consistency_maxeff
GATE A idsweep_p31_h150_n1500_consistency_maxeff: 38 passes, 0 failures -- PASS
=== RUN START: p31_h150_n1500 consistency maxSG -> idsweep_p31_h150_n1500_consistency_maxSG Sun Sep 13 03:29:29 PDT 2026 ===
  env set:   FS_S7_FIELD_COMPLEMENT=TRUE FS_S7_FIELD_SCALEC=selected FS_S7_FIELD_DECOMP=TRUE FS_S7_FIELD_RECOV=TRUE FS_S7_IJ_RESIDUAL=two_term FS_S7_FB=none FS_S7_WORKERS=12 FS_S7_MR=FALSE FS_S7_CAMPAIGN=idsweep FS_S7_MODE=batch FS_S7_START=1 FS_S7_NSIMS=500 FS_S7_HR=1.50 FS_S7_N=1500 FS_S7_FOCUS=maxSG FS_S7_Z1Q=0.60
  env unset: FS_S7_ER_JCUTS FS_S7_NBHD FS_S7_METHOD
WALL_SECONDS=213 RC=0 OUT=idsweep_p31_h150_n1500_consistency_maxSG
GATE A idsweep_p31_h150_n1500_consistency_maxSG: 38 passes, 0 failures -- PASS
=== RUN START: p31_h150_n1500 consistency minSG -> idsweep_p31_h150_n1500_consistency_minSG Sun Sep 13 03:33:03 PDT 2026 ===
  env set:   FS_S7_FIELD_COMPLEMENT=TRUE FS_S7_FIELD_SCALEC=selected FS_S7_FIELD_DECOMP=TRUE FS_S7_FIELD_RECOV=TRUE FS_S7_IJ_RESIDUAL=two_term FS_S7_FB=none FS_S7_WORKERS=12 FS_S7_MR=FALSE FS_S7_CAMPAIGN=idsweep FS_S7_MODE=batch FS_S7_START=1 FS_S7_NSIMS=500 FS_S7_HR=1.50 FS_S7_N=1500 FS_S7_FOCUS=minSG FS_S7_Z1Q=0.60
  env unset: FS_S7_ER_JCUTS FS_S7_NBHD FS_S7_METHOD
WALL_SECONDS=222 RC=0 OUT=idsweep_p31_h150_n1500_consistency_minSG
GATE A idsweep_p31_h150_n1500_consistency_minSG: 38 passes, 0 failures -- PASS
=== RUN START: p31_h150_n1500 dina effMaxSG -> idsweep_p31_h150_n1500_dina_effMaxSG Sun Sep 13 03:36:46 PDT 2026 ===
  env set:   FS_S7_FIELD_COMPLEMENT=TRUE FS_S7_FIELD_SCALEC=selected FS_S7_FIELD_DECOMP=TRUE FS_S7_FIELD_RECOV=TRUE FS_S7_IJ_RESIDUAL=two_term FS_S7_FB=none FS_S7_WORKERS=12 FS_S7_MR=FALSE FS_S7_CAMPAIGN=idsweep FS_S7_MODE=batch FS_S7_START=1 FS_S7_NSIMS=500 FS_S7_HR=1.50 FS_S7_N=1500 FS_S7_FOCUS=effMaxSG FS_S7_NBHD=0.20 FS_S7_METHOD=dina FS_S7_Z1Q=0.60
  env unset: FS_S7_ER_JCUTS
WALL_SECONDS=218 RC=0 OUT=idsweep_p31_h150_n1500_dina_effMaxSG
GATE A idsweep_p31_h150_n1500_dina_effMaxSG: 38 passes, 0 failures -- PASS
=== RUN START: p31_h150_n1500 dina effMinSG -> idsweep_p31_h150_n1500_dina_effMinSG Sun Sep 13 03:40:25 PDT 2026 ===
  env set:   FS_S7_FIELD_COMPLEMENT=TRUE FS_S7_FIELD_SCALEC=selected FS_S7_FIELD_DECOMP=TRUE FS_S7_FIELD_RECOV=TRUE FS_S7_IJ_RESIDUAL=two_term FS_S7_FB=none FS_S7_WORKERS=12 FS_S7_MR=FALSE FS_S7_CAMPAIGN=idsweep FS_S7_MODE=batch FS_S7_START=1 FS_S7_NSIMS=500 FS_S7_HR=1.50 FS_S7_N=1500 FS_S7_FOCUS=effMinSG FS_S7_NBHD=0.20 FS_S7_METHOD=dina FS_S7_Z1Q=0.60
  env unset: FS_S7_ER_JCUTS
WALL_SECONDS=213 RC=0 OUT=idsweep_p31_h150_n1500_dina_effMinSG
GATE A idsweep_p31_h150_n1500_dina_effMinSG: 38 passes, 0 failures -- PASS
=== RUN START: p31_h150_n1500 dina maxSG -> idsweep_p31_h150_n1500_dina_maxSG Sun Sep 13 03:43:59 PDT 2026 ===
  env set:   FS_S7_FIELD_COMPLEMENT=TRUE FS_S7_FIELD_SCALEC=selected FS_S7_FIELD_DECOMP=TRUE FS_S7_FIELD_RECOV=TRUE FS_S7_IJ_RESIDUAL=two_term FS_S7_FB=none FS_S7_WORKERS=12 FS_S7_MR=FALSE FS_S7_CAMPAIGN=idsweep FS_S7_MODE=batch FS_S7_START=1 FS_S7_NSIMS=500 FS_S7_HR=1.50 FS_S7_N=1500 FS_S7_FOCUS=maxSG FS_S7_METHOD=dina FS_S7_Z1Q=0.60
  env unset: FS_S7_ER_JCUTS FS_S7_NBHD
WALL_SECONDS=210 RC=0 OUT=idsweep_p31_h150_n1500_dina_maxSG
GATE A idsweep_p31_h150_n1500_dina_maxSG: 38 passes, 0 failures -- PASS
=== RUN START: p31_h150_n1500 dina minSG -> idsweep_p31_h150_n1500_dina_minSG Sun Sep 13 03:47:30 PDT 2026 ===
  env set:   FS_S7_FIELD_COMPLEMENT=TRUE FS_S7_FIELD_SCALEC=selected FS_S7_FIELD_DECOMP=TRUE FS_S7_FIELD_RECOV=TRUE FS_S7_IJ_RESIDUAL=two_term FS_S7_FB=none FS_S7_WORKERS=12 FS_S7_MR=FALSE FS_S7_CAMPAIGN=idsweep FS_S7_MODE=batch FS_S7_START=1 FS_S7_NSIMS=500 FS_S7_HR=1.50 FS_S7_N=1500 FS_S7_FOCUS=minSG FS_S7_METHOD=dina FS_S7_Z1Q=0.60
  env unset: FS_S7_ER_JCUTS FS_S7_NBHD
WALL_SECONDS=238 RC=0 OUT=idsweep_p31_h150_n1500_dina_minSG
GATE A idsweep_p31_h150_n1500_dina_minSG: 38 passes, 0 failures -- PASS
=== RUN START: p31_h150_n1500 dina maxeffCons -> idsweep_p31_h150_n1500_dina_eff Sun Sep 13 03:51:29 PDT 2026 ===
  env set:   FS_S7_FIELD_COMPLEMENT=TRUE FS_S7_FIELD_SCALEC=selected FS_S7_FIELD_DECOMP=TRUE FS_S7_FIELD_RECOV=TRUE FS_S7_IJ_RESIDUAL=two_term FS_S7_FB=none FS_S7_WORKERS=12 FS_S7_MR=FALSE FS_S7_CAMPAIGN=idsweep FS_S7_MODE=batch FS_S7_START=1 FS_S7_NSIMS=500 FS_S7_HR=1.50 FS_S7_N=1500 FS_S7_FOCUS=maxeffCons FS_S7_METHOD=dina FS_S7_Z1Q=0.60
  env unset: FS_S7_ER_JCUTS FS_S7_NBHD
WALL_SECONDS=231 RC=0 OUT=idsweep_p31_h150_n1500_dina_eff
GATE A idsweep_p31_h150_n1500_dina_eff: 38 passes, 0 failures -- PASS
=== RUN START: p31_h150_n1500 grf effMaxSG -> idsweep_p31_h150_n1500_grf_effMaxSG Sun Sep 13 03:55:21 PDT 2026 ===
  env set:   FS_S7_FIELD_COMPLEMENT=TRUE FS_S7_FIELD_SCALEC=selected FS_S7_FIELD_DECOMP=TRUE FS_S7_FIELD_RECOV=TRUE FS_S7_IJ_RESIDUAL=two_term FS_S7_FB=none FS_S7_WORKERS=12 FS_S7_MR=FALSE FS_S7_CAMPAIGN=idsweep FS_S7_MODE=batch FS_S7_START=1 FS_S7_NSIMS=500 FS_S7_HR=1.50 FS_S7_N=1500 FS_S7_FOCUS=effMaxSG FS_S7_NBHD=0.20 FS_S7_METHOD=grf FS_S7_Z1Q=0.60
  env unset: FS_S7_ER_JCUTS
WALL_SECONDS=214 RC=0 OUT=idsweep_p31_h150_n1500_grf_effMaxSG
GATE A idsweep_p31_h150_n1500_grf_effMaxSG: 44 passes, 0 failures -- PASS
=== RUN START: p31_h150_n1500 grf effMinSG -> idsweep_p31_h150_n1500_grf_effMinSG Sun Sep 13 03:58:56 PDT 2026 ===
  env set:   FS_S7_FIELD_COMPLEMENT=TRUE FS_S7_FIELD_SCALEC=selected FS_S7_FIELD_DECOMP=TRUE FS_S7_FIELD_RECOV=TRUE FS_S7_IJ_RESIDUAL=two_term FS_S7_FB=none FS_S7_WORKERS=12 FS_S7_MR=FALSE FS_S7_CAMPAIGN=idsweep FS_S7_MODE=batch FS_S7_START=1 FS_S7_NSIMS=500 FS_S7_HR=1.50 FS_S7_N=1500 FS_S7_FOCUS=effMinSG FS_S7_NBHD=0.20 FS_S7_METHOD=grf FS_S7_Z1Q=0.60
  env unset: FS_S7_ER_JCUTS
WALL_SECONDS=206 RC=0 OUT=idsweep_p31_h150_n1500_grf_effMinSG
GATE A idsweep_p31_h150_n1500_grf_effMinSG: 44 passes, 0 failures -- PASS
=== RUN START: p31_h150_n1500 grf maxSG -> idsweep_p31_h150_n1500_grf_maxSG Sun Sep 13 04:02:23 PDT 2026 ===
  env set:   FS_S7_FIELD_COMPLEMENT=TRUE FS_S7_FIELD_SCALEC=selected FS_S7_FIELD_DECOMP=TRUE FS_S7_FIELD_RECOV=TRUE FS_S7_IJ_RESIDUAL=two_term FS_S7_FB=none FS_S7_WORKERS=12 FS_S7_MR=FALSE FS_S7_CAMPAIGN=idsweep FS_S7_MODE=batch FS_S7_START=1 FS_S7_NSIMS=500 FS_S7_HR=1.50 FS_S7_N=1500 FS_S7_FOCUS=maxSG FS_S7_METHOD=grf FS_S7_Z1Q=0.60
  env unset: FS_S7_ER_JCUTS FS_S7_NBHD
WALL_SECONDS=204 RC=0 OUT=idsweep_p31_h150_n1500_grf_maxSG
GATE A idsweep_p31_h150_n1500_grf_maxSG: 44 passes, 0 failures -- PASS
=== RUN START: p31_h150_n1500 grf minSG -> idsweep_p31_h150_n1500_grf_minSG Sun Sep 13 04:05:48 PDT 2026 ===
  env set:   FS_S7_FIELD_COMPLEMENT=TRUE FS_S7_FIELD_SCALEC=selected FS_S7_FIELD_DECOMP=TRUE FS_S7_FIELD_RECOV=TRUE FS_S7_IJ_RESIDUAL=two_term FS_S7_FB=none FS_S7_WORKERS=12 FS_S7_MR=FALSE FS_S7_CAMPAIGN=idsweep FS_S7_MODE=batch FS_S7_START=1 FS_S7_NSIMS=500 FS_S7_HR=1.50 FS_S7_N=1500 FS_S7_FOCUS=minSG FS_S7_METHOD=grf FS_S7_Z1Q=0.60
  env unset: FS_S7_ER_JCUTS FS_S7_NBHD
WALL_SECONDS=213 RC=0 OUT=idsweep_p31_h150_n1500_grf_minSG
GATE A idsweep_p31_h150_n1500_grf_minSG: 44 passes, 0 failures -- PASS
=== RUN START: p31_h150_n1500 grf maxeffCons -> idsweep_p31_h150_n1500_grf_eff Sun Sep 13 04:09:22 PDT 2026 ===
  env set:   FS_S7_FIELD_COMPLEMENT=TRUE FS_S7_FIELD_SCALEC=selected FS_S7_FIELD_DECOMP=TRUE FS_S7_FIELD_RECOV=TRUE FS_S7_IJ_RESIDUAL=two_term FS_S7_FB=none FS_S7_WORKERS=12 FS_S7_MR=FALSE FS_S7_CAMPAIGN=idsweep FS_S7_MODE=batch FS_S7_START=1 FS_S7_NSIMS=500 FS_S7_HR=1.50 FS_S7_N=1500 FS_S7_FOCUS=maxeffCons FS_S7_METHOD=grf FS_S7_Z1Q=0.60
  env unset: FS_S7_ER_JCUTS FS_S7_NBHD
WALL_SECONDS=211 RC=0 OUT=idsweep_p31_h150_n1500_grf_eff
GATE A idsweep_p31_h150_n1500_grf_eff: 44 passes, 0 failures -- PASS
CELL DONE: p31_h150_n1500  wall=3464s
GATE I p31_h150_n1500: 293 checks passed, 0 failed -- PASS
=== RE-PROJECTION before cell 7 (p124_h175_n500) at elapsed 4.21 h ===
render overhead: 43.9 s per render -- realized median over 96 renders (6 cells)
realized cells (s):
            cell compute_s wall_s
  p124_h150_n500      1010   1798
 p124_h150_n1000      1299   1956
 p124_h150_n1500      1534   2090
   p31_h150_n500      1724   2517
  p31_h150_n1000      2296   3035
  p31_h150_n1500      2760   3448
            cell compute_s overhead_s wall_s finish_h
  p124_h175_n500      1023        702   1725     4.68
 p124_h175_n1000      1332        702   2034     5.25
 p124_h175_n1500      1550        702   2252     5.88
   p31_h175_n500      1853        702   2555     6.58
  p31_h175_n1000      2478        702   3180     7.47
  p31_h175_n1500      3030        702   3732     8.50
  p124_h100_n500       943        702   1645     8.96
 p124_h100_n1000      1059        702   1761     9.45
 p124_h100_n1500      1190        702   1891     9.98
   p31_h100_n500      1276        702   1978    10.53
  p31_h100_n1000      1671        702   2373    11.18
  p31_h100_n1500      2030        702   2732    11.94
                                          anchors
   p124_h150_n500(flat:cross-host)/p124_h150_n500
 p124_h150_n1000(flat:cross-host)/p124_h150_n1000
 p124_h150_n1500(flat:cross-host)/p124_h150_n1500
                                    p31_h150_n500
                                   p31_h150_n1000
                                   p31_h150_n1500
   p124_h150_n500(flat:cross-host)/p124_h150_n500
                                  p124_h150_n1000
                                  p124_h150_n1500
                                    p31_h150_n500
                                   p31_h150_n1000
                                   p31_h150_n1500
projected: all remaining finish at 11.94 h; 12 of 12 remaining fit under the ceiling in order
DECISION cell 7 p124_h175_n500: elapsed 4.21 h + projected 1725 s = 4.68 h vs ceiling 13.00 h -> GO
=== CELL START: p124_h175_n500 (z1q='' n=500 hr=1.75) Sun Sep 13 04:12:55 PDT 2026 ; elapsed 15140s ===
vm.swapusage: total = 0.00M  used = 0.00M  free = 0.00M  (encrypted)
System-wide memory free percentage: 86%
=== RUN START: p124_h175_n500 consistency effMaxSG -> idsweep_p124_h175_n500_consistency_effMaxSG Sun Sep 13 04:12:55 PDT 2026 ===
  env set:   FS_S7_FIELD_COMPLEMENT=TRUE FS_S7_FIELD_SCALEC=selected FS_S7_FIELD_DECOMP=TRUE FS_S7_FIELD_RECOV=TRUE FS_S7_IJ_RESIDUAL=two_term FS_S7_FB=none FS_S7_WORKERS=12 FS_S7_MR=FALSE FS_S7_CAMPAIGN=idsweep FS_S7_MODE=batch FS_S7_START=1 FS_S7_NSIMS=500 FS_S7_HR=1.75 FS_S7_N=500 FS_S7_FOCUS=effMaxSG FS_S7_NBHD=0.20
  env unset: FS_S7_ER_JCUTS FS_S7_METHOD FS_S7_Z1Q
WALL_SECONDS=118 RC=0 OUT=idsweep_p124_h175_n500_consistency_effMaxSG
GATE A idsweep_p124_h175_n500_consistency_effMaxSG: 38 passes, 0 failures -- PASS
=== RUN START: p124_h175_n500 consistency effMinSG -> idsweep_p124_h175_n500_consistency_effMinSG Sun Sep 13 04:14:54 PDT 2026 ===
  env set:   FS_S7_FIELD_COMPLEMENT=TRUE FS_S7_FIELD_SCALEC=selected FS_S7_FIELD_DECOMP=TRUE FS_S7_FIELD_RECOV=TRUE FS_S7_IJ_RESIDUAL=two_term FS_S7_FB=none FS_S7_WORKERS=12 FS_S7_MR=FALSE FS_S7_CAMPAIGN=idsweep FS_S7_MODE=batch FS_S7_START=1 FS_S7_NSIMS=500 FS_S7_HR=1.75 FS_S7_N=500 FS_S7_FOCUS=effMinSG FS_S7_NBHD=0.20
  env unset: FS_S7_ER_JCUTS FS_S7_METHOD FS_S7_Z1Q
WALL_SECONDS=110 RC=0 OUT=idsweep_p124_h175_n500_consistency_effMinSG
GATE A idsweep_p124_h175_n500_consistency_effMinSG: 38 passes, 0 failures -- PASS
=== RUN START: p124_h175_n500 consistency maxeffCons -> idsweep_p124_h175_n500_consistency_maxeffCons Sun Sep 13 04:16:45 PDT 2026 ===
  env set:   FS_S7_FIELD_COMPLEMENT=TRUE FS_S7_FIELD_SCALEC=selected FS_S7_FIELD_DECOMP=TRUE FS_S7_FIELD_RECOV=TRUE FS_S7_IJ_RESIDUAL=two_term FS_S7_FB=none FS_S7_WORKERS=12 FS_S7_MR=FALSE FS_S7_CAMPAIGN=idsweep FS_S7_MODE=batch FS_S7_START=1 FS_S7_NSIMS=500 FS_S7_HR=1.75 FS_S7_N=500 FS_S7_FOCUS=maxeffCons
  env unset: FS_S7_ER_JCUTS FS_S7_NBHD FS_S7_METHOD FS_S7_Z1Q
WALL_SECONDS=110 RC=0 OUT=idsweep_p124_h175_n500_consistency_maxeffCons
GATE A idsweep_p124_h175_n500_consistency_maxeffCons: 38 passes, 0 failures -- PASS
=== RUN START: p124_h175_n500 consistency maxeff -> idsweep_p124_h175_n500_consistency_maxeff Sun Sep 13 04:18:36 PDT 2026 ===
  env set:   FS_S7_FIELD_COMPLEMENT=TRUE FS_S7_FIELD_SCALEC=selected FS_S7_FIELD_DECOMP=TRUE FS_S7_FIELD_RECOV=TRUE FS_S7_IJ_RESIDUAL=two_term FS_S7_FB=none FS_S7_WORKERS=12 FS_S7_MR=FALSE FS_S7_CAMPAIGN=idsweep FS_S7_MODE=batch FS_S7_START=1 FS_S7_NSIMS=500 FS_S7_HR=1.75 FS_S7_N=500 FS_S7_FOCUS=maxeff
  env unset: FS_S7_ER_JCUTS FS_S7_NBHD FS_S7_METHOD FS_S7_Z1Q
WALL_SECONDS=142 RC=0 OUT=idsweep_p124_h175_n500_consistency_maxeff
GATE A idsweep_p124_h175_n500_consistency_maxeff: 38 passes, 0 failures -- PASS
=== RUN START: p124_h175_n500 consistency maxSG -> idsweep_p124_h175_n500_consistency_maxSG Sun Sep 13 04:20:59 PDT 2026 ===
  env set:   FS_S7_FIELD_COMPLEMENT=TRUE FS_S7_FIELD_SCALEC=selected FS_S7_FIELD_DECOMP=TRUE FS_S7_FIELD_RECOV=TRUE FS_S7_IJ_RESIDUAL=two_term FS_S7_FB=none FS_S7_WORKERS=12 FS_S7_MR=FALSE FS_S7_CAMPAIGN=idsweep FS_S7_MODE=batch FS_S7_START=1 FS_S7_NSIMS=500 FS_S7_HR=1.75 FS_S7_N=500 FS_S7_FOCUS=maxSG
  env unset: FS_S7_ER_JCUTS FS_S7_NBHD FS_S7_METHOD FS_S7_Z1Q
WALL_SECONDS=125 RC=0 OUT=idsweep_p124_h175_n500_consistency_maxSG
GATE A idsweep_p124_h175_n500_consistency_maxSG: 38 passes, 0 failures -- PASS
=== RUN START: p124_h175_n500 consistency minSG -> idsweep_p124_h175_n500_consistency_minSG Sun Sep 13 04:23:05 PDT 2026 ===
  env set:   FS_S7_FIELD_COMPLEMENT=TRUE FS_S7_FIELD_SCALEC=selected FS_S7_FIELD_DECOMP=TRUE FS_S7_FIELD_RECOV=TRUE FS_S7_IJ_RESIDUAL=two_term FS_S7_FB=none FS_S7_WORKERS=12 FS_S7_MR=FALSE FS_S7_CAMPAIGN=idsweep FS_S7_MODE=batch FS_S7_START=1 FS_S7_NSIMS=500 FS_S7_HR=1.75 FS_S7_N=500 FS_S7_FOCUS=minSG
  env unset: FS_S7_ER_JCUTS FS_S7_NBHD FS_S7_METHOD FS_S7_Z1Q
WALL_SECONDS=112 RC=0 OUT=idsweep_p124_h175_n500_consistency_minSG
GATE A idsweep_p124_h175_n500_consistency_minSG: 38 passes, 0 failures -- PASS
=== RUN START: p124_h175_n500 dina effMaxSG -> idsweep_p124_h175_n500_dina_effMaxSG Sun Sep 13 04:24:58 PDT 2026 ===
  env set:   FS_S7_FIELD_COMPLEMENT=TRUE FS_S7_FIELD_SCALEC=selected FS_S7_FIELD_DECOMP=TRUE FS_S7_FIELD_RECOV=TRUE FS_S7_IJ_RESIDUAL=two_term FS_S7_FB=none FS_S7_WORKERS=12 FS_S7_MR=FALSE FS_S7_CAMPAIGN=idsweep FS_S7_MODE=batch FS_S7_START=1 FS_S7_NSIMS=500 FS_S7_HR=1.75 FS_S7_N=500 FS_S7_FOCUS=effMaxSG FS_S7_NBHD=0.20 FS_S7_METHOD=dina
  env unset: FS_S7_ER_JCUTS FS_S7_Z1Q
WALL_SECONDS=84 RC=0 OUT=idsweep_p124_h175_n500_dina_effMaxSG
GATE A idsweep_p124_h175_n500_dina_effMaxSG: 38 passes, 0 failures -- PASS
=== RUN START: p124_h175_n500 dina effMinSG -> idsweep_p124_h175_n500_dina_effMinSG Sun Sep 13 04:26:23 PDT 2026 ===
  env set:   FS_S7_FIELD_COMPLEMENT=TRUE FS_S7_FIELD_SCALEC=selected FS_S7_FIELD_DECOMP=TRUE FS_S7_FIELD_RECOV=TRUE FS_S7_IJ_RESIDUAL=two_term FS_S7_FB=none FS_S7_WORKERS=12 FS_S7_MR=FALSE FS_S7_CAMPAIGN=idsweep FS_S7_MODE=batch FS_S7_START=1 FS_S7_NSIMS=500 FS_S7_HR=1.75 FS_S7_N=500 FS_S7_FOCUS=effMinSG FS_S7_NBHD=0.20 FS_S7_METHOD=dina
  env unset: FS_S7_ER_JCUTS FS_S7_Z1Q
WALL_SECONDS=80 RC=0 OUT=idsweep_p124_h175_n500_dina_effMinSG
GATE A idsweep_p124_h175_n500_dina_effMinSG: 38 passes, 0 failures -- PASS
=== RUN START: p124_h175_n500 dina maxSG -> idsweep_p124_h175_n500_dina_maxSG Sun Sep 13 04:27:44 PDT 2026 ===
  env set:   FS_S7_FIELD_COMPLEMENT=TRUE FS_S7_FIELD_SCALEC=selected FS_S7_FIELD_DECOMP=TRUE FS_S7_FIELD_RECOV=TRUE FS_S7_IJ_RESIDUAL=two_term FS_S7_FB=none FS_S7_WORKERS=12 FS_S7_MR=FALSE FS_S7_CAMPAIGN=idsweep FS_S7_MODE=batch FS_S7_START=1 FS_S7_NSIMS=500 FS_S7_HR=1.75 FS_S7_N=500 FS_S7_FOCUS=maxSG FS_S7_METHOD=dina
  env unset: FS_S7_ER_JCUTS FS_S7_NBHD FS_S7_Z1Q
WALL_SECONDS=85 RC=0 OUT=idsweep_p124_h175_n500_dina_maxSG
GATE A idsweep_p124_h175_n500_dina_maxSG: 38 passes, 0 failures -- PASS
=== RUN START: p124_h175_n500 dina minSG -> idsweep_p124_h175_n500_dina_minSG Sun Sep 13 04:29:10 PDT 2026 ===
  env set:   FS_S7_FIELD_COMPLEMENT=TRUE FS_S7_FIELD_SCALEC=selected FS_S7_FIELD_DECOMP=TRUE FS_S7_FIELD_RECOV=TRUE FS_S7_IJ_RESIDUAL=two_term FS_S7_FB=none FS_S7_WORKERS=12 FS_S7_MR=FALSE FS_S7_CAMPAIGN=idsweep FS_S7_MODE=batch FS_S7_START=1 FS_S7_NSIMS=500 FS_S7_HR=1.75 FS_S7_N=500 FS_S7_FOCUS=minSG FS_S7_METHOD=dina
  env unset: FS_S7_ER_JCUTS FS_S7_NBHD FS_S7_Z1Q
WALL_SECONDS=81 RC=0 OUT=idsweep_p124_h175_n500_dina_minSG
GATE A idsweep_p124_h175_n500_dina_minSG: 38 passes, 0 failures -- PASS
=== RUN START: p124_h175_n500 dina maxeffCons -> idsweep_p124_h175_n500_dina_eff Sun Sep 13 04:30:32 PDT 2026 ===
  env set:   FS_S7_FIELD_COMPLEMENT=TRUE FS_S7_FIELD_SCALEC=selected FS_S7_FIELD_DECOMP=TRUE FS_S7_FIELD_RECOV=TRUE FS_S7_IJ_RESIDUAL=two_term FS_S7_FB=none FS_S7_WORKERS=12 FS_S7_MR=FALSE FS_S7_CAMPAIGN=idsweep FS_S7_MODE=batch FS_S7_START=1 FS_S7_NSIMS=500 FS_S7_HR=1.75 FS_S7_N=500 FS_S7_FOCUS=maxeffCons FS_S7_METHOD=dina
  env unset: FS_S7_ER_JCUTS FS_S7_NBHD FS_S7_Z1Q
WALL_SECONDS=81 RC=0 OUT=idsweep_p124_h175_n500_dina_eff
GATE A idsweep_p124_h175_n500_dina_eff: 38 passes, 0 failures -- PASS
=== RUN START: p124_h175_n500 grf effMaxSG -> idsweep_p124_h175_n500_grf_effMaxSG Sun Sep 13 04:31:54 PDT 2026 ===
  env set:   FS_S7_FIELD_COMPLEMENT=TRUE FS_S7_FIELD_SCALEC=selected FS_S7_FIELD_DECOMP=TRUE FS_S7_FIELD_RECOV=TRUE FS_S7_IJ_RESIDUAL=two_term FS_S7_FB=none FS_S7_WORKERS=12 FS_S7_MR=FALSE FS_S7_CAMPAIGN=idsweep FS_S7_MODE=batch FS_S7_START=1 FS_S7_NSIMS=500 FS_S7_HR=1.75 FS_S7_N=500 FS_S7_FOCUS=effMaxSG FS_S7_NBHD=0.20 FS_S7_METHOD=grf
  env unset: FS_S7_ER_JCUTS FS_S7_Z1Q
WALL_SECONDS=136 RC=0 OUT=idsweep_p124_h175_n500_grf_effMaxSG
GATE A idsweep_p124_h175_n500_grf_effMaxSG: 44 passes, 0 failures -- PASS
=== RUN START: p124_h175_n500 grf effMinSG -> idsweep_p124_h175_n500_grf_effMinSG Sun Sep 13 04:34:11 PDT 2026 ===
  env set:   FS_S7_FIELD_COMPLEMENT=TRUE FS_S7_FIELD_SCALEC=selected FS_S7_FIELD_DECOMP=TRUE FS_S7_FIELD_RECOV=TRUE FS_S7_IJ_RESIDUAL=two_term FS_S7_FB=none FS_S7_WORKERS=12 FS_S7_MR=FALSE FS_S7_CAMPAIGN=idsweep FS_S7_MODE=batch FS_S7_START=1 FS_S7_NSIMS=500 FS_S7_HR=1.75 FS_S7_N=500 FS_S7_FOCUS=effMinSG FS_S7_NBHD=0.20 FS_S7_METHOD=grf
  env unset: FS_S7_ER_JCUTS FS_S7_Z1Q
WALL_SECONDS=135 RC=0 OUT=idsweep_p124_h175_n500_grf_effMinSG
GATE A idsweep_p124_h175_n500_grf_effMinSG: 44 passes, 0 failures -- PASS
=== RUN START: p124_h175_n500 grf maxSG -> idsweep_p124_h175_n500_grf_maxSG Sun Sep 13 04:36:27 PDT 2026 ===
  env set:   FS_S7_FIELD_COMPLEMENT=TRUE FS_S7_FIELD_SCALEC=selected FS_S7_FIELD_DECOMP=TRUE FS_S7_FIELD_RECOV=TRUE FS_S7_IJ_RESIDUAL=two_term FS_S7_FB=none FS_S7_WORKERS=12 FS_S7_MR=FALSE FS_S7_CAMPAIGN=idsweep FS_S7_MODE=batch FS_S7_START=1 FS_S7_NSIMS=500 FS_S7_HR=1.75 FS_S7_N=500 FS_S7_FOCUS=maxSG FS_S7_METHOD=grf
  env unset: FS_S7_ER_JCUTS FS_S7_NBHD FS_S7_Z1Q
WALL_SECONDS=140 RC=0 OUT=idsweep_p124_h175_n500_grf_maxSG
GATE A idsweep_p124_h175_n500_grf_maxSG: 44 passes, 0 failures -- PASS
=== RUN START: p124_h175_n500 grf minSG -> idsweep_p124_h175_n500_grf_minSG Sun Sep 13 04:38:48 PDT 2026 ===
  env set:   FS_S7_FIELD_COMPLEMENT=TRUE FS_S7_FIELD_SCALEC=selected FS_S7_FIELD_DECOMP=TRUE FS_S7_FIELD_RECOV=TRUE FS_S7_IJ_RESIDUAL=two_term FS_S7_FB=none FS_S7_WORKERS=12 FS_S7_MR=FALSE FS_S7_CAMPAIGN=idsweep FS_S7_MODE=batch FS_S7_START=1 FS_S7_NSIMS=500 FS_S7_HR=1.75 FS_S7_N=500 FS_S7_FOCUS=minSG FS_S7_METHOD=grf
  env unset: FS_S7_ER_JCUTS FS_S7_NBHD FS_S7_Z1Q
WALL_SECONDS=136 RC=0 OUT=idsweep_p124_h175_n500_grf_minSG
GATE A idsweep_p124_h175_n500_grf_minSG: 44 passes, 0 failures -- PASS
=== RUN START: p124_h175_n500 grf maxeffCons -> idsweep_p124_h175_n500_grf_eff Sun Sep 13 04:41:05 PDT 2026 ===
  env set:   FS_S7_FIELD_COMPLEMENT=TRUE FS_S7_FIELD_SCALEC=selected FS_S7_FIELD_DECOMP=TRUE FS_S7_FIELD_RECOV=TRUE FS_S7_IJ_RESIDUAL=two_term FS_S7_FB=none FS_S7_WORKERS=12 FS_S7_MR=FALSE FS_S7_CAMPAIGN=idsweep FS_S7_MODE=batch FS_S7_START=1 FS_S7_NSIMS=500 FS_S7_HR=1.75 FS_S7_N=500 FS_S7_FOCUS=maxeffCons FS_S7_METHOD=grf
  env unset: FS_S7_ER_JCUTS FS_S7_NBHD FS_S7_Z1Q
WALL_SECONDS=135 RC=0 OUT=idsweep_p124_h175_n500_grf_eff
GATE A idsweep_p124_h175_n500_grf_eff: 44 passes, 0 failures -- PASS
CELL DONE: p124_h175_n500  wall=1826s
GATE I p124_h175_n500: 293 checks passed, 0 failed -- PASS
=== RE-PROJECTION before cell 8 (p124_h175_n1000) at elapsed 4.71 h ===
render overhead: 45.2 s per render -- realized median over 112 renders (7 cells)
realized cells (s):
            cell compute_s wall_s
  p124_h150_n500      1010   1798
 p124_h150_n1000      1299   1956
 p124_h150_n1500      1534   2090
   p31_h150_n500      1724   2517
  p31_h150_n1000      2296   3035
  p31_h150_n1500      2760   3448
  p124_h175_n500      1049   1810
            cell compute_s overhead_s wall_s finish_h
 p124_h175_n1000      1332        723   2055     5.28
 p124_h175_n1500      1550        723   2273     5.92
   p31_h175_n500      1853        723   2576     6.63
  p31_h175_n1000      2478        723   3201     7.52
  p31_h175_n1500      3030        723   3753     8.56
  p124_h100_n500       943        723   1666     9.03
 p124_h100_n1000      1059        723   1782     9.52
 p124_h100_n1500      1190        723   1912    10.05
   p31_h100_n500      1276        723   1999    10.61
  p31_h100_n1000      1671        723   2394    11.27
  p31_h100_n1500      2030        723   2753    12.04
                                          anchors
 p124_h150_n1000(flat:cross-host)/p124_h150_n1000
 p124_h150_n1500(flat:cross-host)/p124_h150_n1500
                                    p31_h150_n500
                                   p31_h150_n1000
                                   p31_h150_n1500
   p124_h150_n500(flat:cross-host)/p124_h150_n500
                                  p124_h150_n1000
                                  p124_h150_n1500
                                    p31_h150_n500
                                   p31_h150_n1000
                                   p31_h150_n1500
projected: all remaining finish at 12.04 h; 11 of 11 remaining fit under the ceiling in order
DECISION cell 8 p124_h175_n1000: elapsed 4.71 h + projected 2055 s = 5.28 h vs ceiling 13.00 h -> GO
=== CELL START: p124_h175_n1000 (z1q='' n=1000 hr=1.75) Sun Sep 13 04:43:23 PDT 2026 ; elapsed 16968s ===
vm.swapusage: total = 0.00M  used = 0.00M  free = 0.00M  (encrypted)
System-wide memory free percentage: 86%
=== RUN START: p124_h175_n1000 consistency effMaxSG -> idsweep_p124_h175_n1000_consistency_effMaxSG Sun Sep 13 04:43:23 PDT 2026 ===
  env set:   FS_S7_FIELD_COMPLEMENT=TRUE FS_S7_FIELD_SCALEC=selected FS_S7_FIELD_DECOMP=TRUE FS_S7_FIELD_RECOV=TRUE FS_S7_IJ_RESIDUAL=two_term FS_S7_FB=none FS_S7_WORKERS=12 FS_S7_MR=FALSE FS_S7_CAMPAIGN=idsweep FS_S7_MODE=batch FS_S7_START=1 FS_S7_NSIMS=500 FS_S7_HR=1.75 FS_S7_N=1000 FS_S7_FOCUS=effMaxSG FS_S7_NBHD=0.20
  env unset: FS_S7_ER_JCUTS FS_S7_METHOD FS_S7_Z1Q
WALL_SECONDS=121 RC=0 OUT=idsweep_p124_h175_n1000_consistency_effMaxSG
GATE A idsweep_p124_h175_n1000_consistency_effMaxSG: 38 passes, 0 failures -- PASS
=== RUN START: p124_h175_n1000 consistency effMinSG -> idsweep_p124_h175_n1000_consistency_effMinSG Sun Sep 13 04:45:25 PDT 2026 ===
  env set:   FS_S7_FIELD_COMPLEMENT=TRUE FS_S7_FIELD_SCALEC=selected FS_S7_FIELD_DECOMP=TRUE FS_S7_FIELD_RECOV=TRUE FS_S7_IJ_RESIDUAL=two_term FS_S7_FB=none FS_S7_WORKERS=12 FS_S7_MR=FALSE FS_S7_CAMPAIGN=idsweep FS_S7_MODE=batch FS_S7_START=1 FS_S7_NSIMS=500 FS_S7_HR=1.75 FS_S7_N=1000 FS_S7_FOCUS=effMinSG FS_S7_NBHD=0.20
  env unset: FS_S7_ER_JCUTS FS_S7_METHOD FS_S7_Z1Q
WALL_SECONDS=115 RC=0 OUT=idsweep_p124_h175_n1000_consistency_effMinSG
GATE A idsweep_p124_h175_n1000_consistency_effMinSG: 38 passes, 0 failures -- PASS
=== RUN START: p124_h175_n1000 consistency maxeffCons -> idsweep_p124_h175_n1000_consistency_maxeffCons Sun Sep 13 04:47:21 PDT 2026 ===
  env set:   FS_S7_FIELD_COMPLEMENT=TRUE FS_S7_FIELD_SCALEC=selected FS_S7_FIELD_DECOMP=TRUE FS_S7_FIELD_RECOV=TRUE FS_S7_IJ_RESIDUAL=two_term FS_S7_FB=none FS_S7_WORKERS=12 FS_S7_MR=FALSE FS_S7_CAMPAIGN=idsweep FS_S7_MODE=batch FS_S7_START=1 FS_S7_NSIMS=500 FS_S7_HR=1.75 FS_S7_N=1000 FS_S7_FOCUS=maxeffCons
  env unset: FS_S7_ER_JCUTS FS_S7_NBHD FS_S7_METHOD FS_S7_Z1Q
WALL_SECONDS=112 RC=0 OUT=idsweep_p124_h175_n1000_consistency_maxeffCons
GATE A idsweep_p124_h175_n1000_consistency_maxeffCons: 38 passes, 0 failures -- PASS
=== RUN START: p124_h175_n1000 consistency maxeff -> idsweep_p124_h175_n1000_consistency_maxeff Sun Sep 13 04:49:14 PDT 2026 ===
  env set:   FS_S7_FIELD_COMPLEMENT=TRUE FS_S7_FIELD_SCALEC=selected FS_S7_FIELD_DECOMP=TRUE FS_S7_FIELD_RECOV=TRUE FS_S7_IJ_RESIDUAL=two_term FS_S7_FB=none FS_S7_WORKERS=12 FS_S7_MR=FALSE FS_S7_CAMPAIGN=idsweep FS_S7_MODE=batch FS_S7_START=1 FS_S7_NSIMS=500 FS_S7_HR=1.75 FS_S7_N=1000 FS_S7_FOCUS=maxeff
  env unset: FS_S7_ER_JCUTS FS_S7_NBHD FS_S7_METHOD FS_S7_Z1Q
WALL_SECONDS=174 RC=0 OUT=idsweep_p124_h175_n1000_consistency_maxeff
GATE A idsweep_p124_h175_n1000_consistency_maxeff: 38 passes, 0 failures -- PASS
=== RUN START: p124_h175_n1000 consistency maxSG -> idsweep_p124_h175_n1000_consistency_maxSG Sun Sep 13 04:52:09 PDT 2026 ===
  env set:   FS_S7_FIELD_COMPLEMENT=TRUE FS_S7_FIELD_SCALEC=selected FS_S7_FIELD_DECOMP=TRUE FS_S7_FIELD_RECOV=TRUE FS_S7_IJ_RESIDUAL=two_term FS_S7_FB=none FS_S7_WORKERS=12 FS_S7_MR=FALSE FS_S7_CAMPAIGN=idsweep FS_S7_MODE=batch FS_S7_START=1 FS_S7_NSIMS=500 FS_S7_HR=1.75 FS_S7_N=1000 FS_S7_FOCUS=maxSG
  env unset: FS_S7_ER_JCUTS FS_S7_NBHD FS_S7_METHOD FS_S7_Z1Q
WALL_SECONDS=153 RC=0 OUT=idsweep_p124_h175_n1000_consistency_maxSG
GATE A idsweep_p124_h175_n1000_consistency_maxSG: 38 passes, 0 failures -- PASS
=== RUN START: p124_h175_n1000 consistency minSG -> idsweep_p124_h175_n1000_consistency_minSG Sun Sep 13 04:54:43 PDT 2026 ===
  env set:   FS_S7_FIELD_COMPLEMENT=TRUE FS_S7_FIELD_SCALEC=selected FS_S7_FIELD_DECOMP=TRUE FS_S7_FIELD_RECOV=TRUE FS_S7_IJ_RESIDUAL=two_term FS_S7_FB=none FS_S7_WORKERS=12 FS_S7_MR=FALSE FS_S7_CAMPAIGN=idsweep FS_S7_MODE=batch FS_S7_START=1 FS_S7_NSIMS=500 FS_S7_HR=1.75 FS_S7_N=1000 FS_S7_FOCUS=minSG
  env unset: FS_S7_ER_JCUTS FS_S7_NBHD FS_S7_METHOD FS_S7_Z1Q
WALL_SECONDS=131 RC=0 OUT=idsweep_p124_h175_n1000_consistency_minSG
GATE A idsweep_p124_h175_n1000_consistency_minSG: 38 passes, 0 failures -- PASS
=== RUN START: p124_h175_n1000 dina effMaxSG -> idsweep_p124_h175_n1000_dina_effMaxSG Sun Sep 13 04:56:55 PDT 2026 ===
  env set:   FS_S7_FIELD_COMPLEMENT=TRUE FS_S7_FIELD_SCALEC=selected FS_S7_FIELD_DECOMP=TRUE FS_S7_FIELD_RECOV=TRUE FS_S7_IJ_RESIDUAL=two_term FS_S7_FB=none FS_S7_WORKERS=12 FS_S7_MR=FALSE FS_S7_CAMPAIGN=idsweep FS_S7_MODE=batch FS_S7_START=1 FS_S7_NSIMS=500 FS_S7_HR=1.75 FS_S7_N=1000 FS_S7_FOCUS=effMaxSG FS_S7_NBHD=0.20 FS_S7_METHOD=dina
  env unset: FS_S7_ER_JCUTS FS_S7_Z1Q
WALL_SECONDS=67 RC=0 OUT=idsweep_p124_h175_n1000_dina_effMaxSG
GATE A idsweep_p124_h175_n1000_dina_effMaxSG: 38 passes, 0 failures -- PASS
=== RUN START: p124_h175_n1000 dina effMinSG -> idsweep_p124_h175_n1000_dina_effMinSG Sun Sep 13 04:58:03 PDT 2026 ===
  env set:   FS_S7_FIELD_COMPLEMENT=TRUE FS_S7_FIELD_SCALEC=selected FS_S7_FIELD_DECOMP=TRUE FS_S7_FIELD_RECOV=TRUE FS_S7_IJ_RESIDUAL=two_term FS_S7_FB=none FS_S7_WORKERS=12 FS_S7_MR=FALSE FS_S7_CAMPAIGN=idsweep FS_S7_MODE=batch FS_S7_START=1 FS_S7_NSIMS=500 FS_S7_HR=1.75 FS_S7_N=1000 FS_S7_FOCUS=effMinSG FS_S7_NBHD=0.20 FS_S7_METHOD=dina
  env unset: FS_S7_ER_JCUTS FS_S7_Z1Q
WALL_SECONDS=63 RC=0 OUT=idsweep_p124_h175_n1000_dina_effMinSG
GATE A idsweep_p124_h175_n1000_dina_effMinSG: 38 passes, 0 failures -- PASS
=== RUN START: p124_h175_n1000 dina maxSG -> idsweep_p124_h175_n1000_dina_maxSG Sun Sep 13 04:59:07 PDT 2026 ===
  env set:   FS_S7_FIELD_COMPLEMENT=TRUE FS_S7_FIELD_SCALEC=selected FS_S7_FIELD_DECOMP=TRUE FS_S7_FIELD_RECOV=TRUE FS_S7_IJ_RESIDUAL=two_term FS_S7_FB=none FS_S7_WORKERS=12 FS_S7_MR=FALSE FS_S7_CAMPAIGN=idsweep FS_S7_MODE=batch FS_S7_START=1 FS_S7_NSIMS=500 FS_S7_HR=1.75 FS_S7_N=1000 FS_S7_FOCUS=maxSG FS_S7_METHOD=dina
  env unset: FS_S7_ER_JCUTS FS_S7_NBHD FS_S7_Z1Q
WALL_SECONDS=76 RC=0 OUT=idsweep_p124_h175_n1000_dina_maxSG
GATE A idsweep_p124_h175_n1000_dina_maxSG: 38 passes, 0 failures -- PASS
=== RUN START: p124_h175_n1000 dina minSG -> idsweep_p124_h175_n1000_dina_minSG Sun Sep 13 05:00:24 PDT 2026 ===
  env set:   FS_S7_FIELD_COMPLEMENT=TRUE FS_S7_FIELD_SCALEC=selected FS_S7_FIELD_DECOMP=TRUE FS_S7_FIELD_RECOV=TRUE FS_S7_IJ_RESIDUAL=two_term FS_S7_FB=none FS_S7_WORKERS=12 FS_S7_MR=FALSE FS_S7_CAMPAIGN=idsweep FS_S7_MODE=batch FS_S7_START=1 FS_S7_NSIMS=500 FS_S7_HR=1.75 FS_S7_N=1000 FS_S7_FOCUS=minSG FS_S7_METHOD=dina
  env unset: FS_S7_ER_JCUTS FS_S7_NBHD FS_S7_Z1Q
WALL_SECONDS=69 RC=0 OUT=idsweep_p124_h175_n1000_dina_minSG
GATE A idsweep_p124_h175_n1000_dina_minSG: 38 passes, 0 failures -- PASS
=== RUN START: p124_h175_n1000 dina maxeffCons -> idsweep_p124_h175_n1000_dina_eff Sun Sep 13 05:01:34 PDT 2026 ===
  env set:   FS_S7_FIELD_COMPLEMENT=TRUE FS_S7_FIELD_SCALEC=selected FS_S7_FIELD_DECOMP=TRUE FS_S7_FIELD_RECOV=TRUE FS_S7_IJ_RESIDUAL=two_term FS_S7_FB=none FS_S7_WORKERS=12 FS_S7_MR=FALSE FS_S7_CAMPAIGN=idsweep FS_S7_MODE=batch FS_S7_START=1 FS_S7_NSIMS=500 FS_S7_HR=1.75 FS_S7_N=1000 FS_S7_FOCUS=maxeffCons FS_S7_METHOD=dina
  env unset: FS_S7_ER_JCUTS FS_S7_NBHD FS_S7_Z1Q
WALL_SECONDS=59 RC=0 OUT=idsweep_p124_h175_n1000_dina_eff
GATE A idsweep_p124_h175_n1000_dina_eff: 38 passes, 0 failures -- PASS
=== RUN START: p124_h175_n1000 grf effMaxSG -> idsweep_p124_h175_n1000_grf_effMaxSG Sun Sep 13 05:02:34 PDT 2026 ===
  env set:   FS_S7_FIELD_COMPLEMENT=TRUE FS_S7_FIELD_SCALEC=selected FS_S7_FIELD_DECOMP=TRUE FS_S7_FIELD_RECOV=TRUE FS_S7_IJ_RESIDUAL=two_term FS_S7_FB=none FS_S7_WORKERS=12 FS_S7_MR=FALSE FS_S7_CAMPAIGN=idsweep FS_S7_MODE=batch FS_S7_START=1 FS_S7_NSIMS=500 FS_S7_HR=1.75 FS_S7_N=1000 FS_S7_FOCUS=effMaxSG FS_S7_NBHD=0.20 FS_S7_METHOD=grf
  env unset: FS_S7_ER_JCUTS FS_S7_Z1Q
WALL_SECONDS=174 RC=0 OUT=idsweep_p124_h175_n1000_grf_effMaxSG
GATE A idsweep_p124_h175_n1000_grf_effMaxSG: 44 passes, 0 failures -- PASS
=== RUN START: p124_h175_n1000 grf effMinSG -> idsweep_p124_h175_n1000_grf_effMinSG Sun Sep 13 05:05:29 PDT 2026 ===
  env set:   FS_S7_FIELD_COMPLEMENT=TRUE FS_S7_FIELD_SCALEC=selected FS_S7_FIELD_DECOMP=TRUE FS_S7_FIELD_RECOV=TRUE FS_S7_IJ_RESIDUAL=two_term FS_S7_FB=none FS_S7_WORKERS=12 FS_S7_MR=FALSE FS_S7_CAMPAIGN=idsweep FS_S7_MODE=batch FS_S7_START=1 FS_S7_NSIMS=500 FS_S7_HR=1.75 FS_S7_N=1000 FS_S7_FOCUS=effMinSG FS_S7_NBHD=0.20 FS_S7_METHOD=grf
  env unset: FS_S7_ER_JCUTS FS_S7_Z1Q
WALL_SECONDS=162 RC=0 OUT=idsweep_p124_h175_n1000_grf_effMinSG
GATE A idsweep_p124_h175_n1000_grf_effMinSG: 44 passes, 0 failures -- PASS
=== RUN START: p124_h175_n1000 grf maxSG -> idsweep_p124_h175_n1000_grf_maxSG Sun Sep 13 05:08:12 PDT 2026 ===
  env set:   FS_S7_FIELD_COMPLEMENT=TRUE FS_S7_FIELD_SCALEC=selected FS_S7_FIELD_DECOMP=TRUE FS_S7_FIELD_RECOV=TRUE FS_S7_IJ_RESIDUAL=two_term FS_S7_FB=none FS_S7_WORKERS=12 FS_S7_MR=FALSE FS_S7_CAMPAIGN=idsweep FS_S7_MODE=batch FS_S7_START=1 FS_S7_NSIMS=500 FS_S7_HR=1.75 FS_S7_N=1000 FS_S7_FOCUS=maxSG FS_S7_METHOD=grf
  env unset: FS_S7_ER_JCUTS FS_S7_NBHD FS_S7_Z1Q
WALL_SECONDS=183 RC=0 OUT=idsweep_p124_h175_n1000_grf_maxSG
GATE A idsweep_p124_h175_n1000_grf_maxSG: 44 passes, 0 failures -- PASS
=== RUN START: p124_h175_n1000 grf minSG -> idsweep_p124_h175_n1000_grf_minSG Sun Sep 13 05:11:16 PDT 2026 ===
  env set:   FS_S7_FIELD_COMPLEMENT=TRUE FS_S7_FIELD_SCALEC=selected FS_S7_FIELD_DECOMP=TRUE FS_S7_FIELD_RECOV=TRUE FS_S7_IJ_RESIDUAL=two_term FS_S7_FB=none FS_S7_WORKERS=12 FS_S7_MR=FALSE FS_S7_CAMPAIGN=idsweep FS_S7_MODE=batch FS_S7_START=1 FS_S7_NSIMS=500 FS_S7_HR=1.75 FS_S7_N=1000 FS_S7_FOCUS=minSG FS_S7_METHOD=grf
  env unset: FS_S7_ER_JCUTS FS_S7_NBHD FS_S7_Z1Q
WALL_SECONDS=171 RC=0 OUT=idsweep_p124_h175_n1000_grf_minSG
GATE A idsweep_p124_h175_n1000_grf_minSG: 44 passes, 0 failures -- PASS
=== RUN START: p124_h175_n1000 grf maxeffCons -> idsweep_p124_h175_n1000_grf_eff Sun Sep 13 05:14:08 PDT 2026 ===
  env set:   FS_S7_FIELD_COMPLEMENT=TRUE FS_S7_FIELD_SCALEC=selected FS_S7_FIELD_DECOMP=TRUE FS_S7_FIELD_RECOV=TRUE FS_S7_IJ_RESIDUAL=two_term FS_S7_FB=none FS_S7_WORKERS=12 FS_S7_MR=FALSE FS_S7_CAMPAIGN=idsweep FS_S7_MODE=batch FS_S7_START=1 FS_S7_NSIMS=500 FS_S7_HR=1.75 FS_S7_N=1000 FS_S7_FOCUS=maxeffCons FS_S7_METHOD=grf
  env unset: FS_S7_ER_JCUTS FS_S7_NBHD FS_S7_Z1Q
WALL_SECONDS=163 RC=0 OUT=idsweep_p124_h175_n1000_grf_eff
GATE A idsweep_p124_h175_n1000_grf_eff: 44 passes, 0 failures -- PASS
CELL DONE: p124_h175_n1000  wall=2009s
GATE I p124_h175_n1000: 293 checks passed, 0 failed -- PASS
=== RE-PROJECTION before cell 9 (p124_h175_n1500) at elapsed 5.27 h ===
render overhead: 43.9 s per render -- realized median over 128 renders (8 cells)
realized cells (s):
            cell compute_s wall_s
  p124_h150_n500      1010   1798
 p124_h150_n1000      1299   1956
 p124_h150_n1500      1534   2090
   p31_h150_n500      1724   2517
  p31_h150_n1000      2296   3035
  p31_h150_n1500      2760   3448
  p124_h175_n500      1049   1810
 p124_h175_n1000      1365   1993
            cell compute_s overhead_s wall_s finish_h
 p124_h175_n1500      1550        702   2252     5.90
   p31_h175_n500      1853        702   2555     6.61
  p31_h175_n1000      2478        702   3180     7.49
  p31_h175_n1500      3030        702   3732     8.53
  p124_h100_n500       943        702   1645     8.98
 p124_h100_n1000      1059        702   1761     9.47
 p124_h100_n1500      1190        702   1891    10.00
   p31_h100_n500      1276        702   1978    10.55
  p31_h100_n1000      1671        702   2373    11.21
  p31_h100_n1500      2030        702   2732    11.97
                                          anchors
 p124_h150_n1500(flat:cross-host)/p124_h150_n1500
                                    p31_h150_n500
                                   p31_h150_n1000
                                   p31_h150_n1500
   p124_h150_n500(flat:cross-host)/p124_h150_n500
                                  p124_h150_n1000
                                  p124_h150_n1500
                                    p31_h150_n500
                                   p31_h150_n1000
                                   p31_h150_n1500
projected: all remaining finish at 11.97 h; 10 of 10 remaining fit under the ceiling in order
DECISION cell 9 p124_h175_n1500: elapsed 5.27 h + projected 2252 s = 5.90 h vs ceiling 13.00 h -> GO
=== CELL START: p124_h175_n1500 (z1q='' n=1500 hr=1.75) Sun Sep 13 05:16:54 PDT 2026 ; elapsed 18979s ===
vm.swapusage: total = 0.00M  used = 0.00M  free = 0.00M  (encrypted)
System-wide memory free percentage: 86%
=== RUN START: p124_h175_n1500 consistency effMaxSG -> idsweep_p124_h175_n1500_consistency_effMaxSG Sun Sep 13 05:16:54 PDT 2026 ===
  env set:   FS_S7_FIELD_COMPLEMENT=TRUE FS_S7_FIELD_SCALEC=selected FS_S7_FIELD_DECOMP=TRUE FS_S7_FIELD_RECOV=TRUE FS_S7_IJ_RESIDUAL=two_term FS_S7_FB=none FS_S7_WORKERS=12 FS_S7_MR=FALSE FS_S7_CAMPAIGN=idsweep FS_S7_MODE=batch FS_S7_START=1 FS_S7_NSIMS=500 FS_S7_HR=1.75 FS_S7_N=1500 FS_S7_FOCUS=effMaxSG FS_S7_NBHD=0.20
  env unset: FS_S7_ER_JCUTS FS_S7_METHOD FS_S7_Z1Q
WALL_SECONDS=121 RC=0 OUT=idsweep_p124_h175_n1500_consistency_effMaxSG
GATE A idsweep_p124_h175_n1500_consistency_effMaxSG: 38 passes, 0 failures -- PASS
=== RUN START: p124_h175_n1500 consistency effMinSG -> idsweep_p124_h175_n1500_consistency_effMinSG Sun Sep 13 05:18:56 PDT 2026 ===
  env set:   FS_S7_FIELD_COMPLEMENT=TRUE FS_S7_FIELD_SCALEC=selected FS_S7_FIELD_DECOMP=TRUE FS_S7_FIELD_RECOV=TRUE FS_S7_IJ_RESIDUAL=two_term FS_S7_FB=none FS_S7_WORKERS=12 FS_S7_MR=FALSE FS_S7_CAMPAIGN=idsweep FS_S7_MODE=batch FS_S7_START=1 FS_S7_NSIMS=500 FS_S7_HR=1.75 FS_S7_N=1500 FS_S7_FOCUS=effMinSG FS_S7_NBHD=0.20
  env unset: FS_S7_ER_JCUTS FS_S7_METHOD FS_S7_Z1Q
WALL_SECONDS=119 RC=0 OUT=idsweep_p124_h175_n1500_consistency_effMinSG
GATE A idsweep_p124_h175_n1500_consistency_effMinSG: 38 passes, 0 failures -- PASS
=== RUN START: p124_h175_n1500 consistency maxeffCons -> idsweep_p124_h175_n1500_consistency_maxeffCons Sun Sep 13 05:20:56 PDT 2026 ===
  env set:   FS_S7_FIELD_COMPLEMENT=TRUE FS_S7_FIELD_SCALEC=selected FS_S7_FIELD_DECOMP=TRUE FS_S7_FIELD_RECOV=TRUE FS_S7_IJ_RESIDUAL=two_term FS_S7_FB=none FS_S7_WORKERS=12 FS_S7_MR=FALSE FS_S7_CAMPAIGN=idsweep FS_S7_MODE=batch FS_S7_START=1 FS_S7_NSIMS=500 FS_S7_HR=1.75 FS_S7_N=1500 FS_S7_FOCUS=maxeffCons
  env unset: FS_S7_ER_JCUTS FS_S7_NBHD FS_S7_METHOD FS_S7_Z1Q
WALL_SECONDS=116 RC=0 OUT=idsweep_p124_h175_n1500_consistency_maxeffCons
GATE A idsweep_p124_h175_n1500_consistency_maxeffCons: 38 passes, 0 failures -- PASS
=== RUN START: p124_h175_n1500 consistency maxeff -> idsweep_p124_h175_n1500_consistency_maxeff Sun Sep 13 05:22:53 PDT 2026 ===
  env set:   FS_S7_FIELD_COMPLEMENT=TRUE FS_S7_FIELD_SCALEC=selected FS_S7_FIELD_DECOMP=TRUE FS_S7_FIELD_RECOV=TRUE FS_S7_IJ_RESIDUAL=two_term FS_S7_FB=none FS_S7_WORKERS=12 FS_S7_MR=FALSE FS_S7_CAMPAIGN=idsweep FS_S7_MODE=batch FS_S7_START=1 FS_S7_NSIMS=500 FS_S7_HR=1.75 FS_S7_N=1500 FS_S7_FOCUS=maxeff
  env unset: FS_S7_ER_JCUTS FS_S7_NBHD FS_S7_METHOD FS_S7_Z1Q
WALL_SECONDS=181 RC=0 OUT=idsweep_p124_h175_n1500_consistency_maxeff
GATE A idsweep_p124_h175_n1500_consistency_maxeff: 38 passes, 0 failures -- PASS
=== RUN START: p124_h175_n1500 consistency maxSG -> idsweep_p124_h175_n1500_consistency_maxSG Sun Sep 13 05:25:54 PDT 2026 ===
  env set:   FS_S7_FIELD_COMPLEMENT=TRUE FS_S7_FIELD_SCALEC=selected FS_S7_FIELD_DECOMP=TRUE FS_S7_FIELD_RECOV=TRUE FS_S7_IJ_RESIDUAL=two_term FS_S7_FB=none FS_S7_WORKERS=12 FS_S7_MR=FALSE FS_S7_CAMPAIGN=idsweep FS_S7_MODE=batch FS_S7_START=1 FS_S7_NSIMS=500 FS_S7_HR=1.75 FS_S7_N=1500 FS_S7_FOCUS=maxSG
  env unset: FS_S7_ER_JCUTS FS_S7_NBHD FS_S7_METHOD FS_S7_Z1Q
WALL_SECONDS=144 RC=0 OUT=idsweep_p124_h175_n1500_consistency_maxSG
GATE A idsweep_p124_h175_n1500_consistency_maxSG: 38 passes, 0 failures -- PASS
=== RUN START: p124_h175_n1500 consistency minSG -> idsweep_p124_h175_n1500_consistency_minSG Sun Sep 13 05:28:20 PDT 2026 ===
  env set:   FS_S7_FIELD_COMPLEMENT=TRUE FS_S7_FIELD_SCALEC=selected FS_S7_FIELD_DECOMP=TRUE FS_S7_FIELD_RECOV=TRUE FS_S7_IJ_RESIDUAL=two_term FS_S7_FB=none FS_S7_WORKERS=12 FS_S7_MR=FALSE FS_S7_CAMPAIGN=idsweep FS_S7_MODE=batch FS_S7_START=1 FS_S7_NSIMS=500 FS_S7_HR=1.75 FS_S7_N=1500 FS_S7_FOCUS=minSG
  env unset: FS_S7_ER_JCUTS FS_S7_NBHD FS_S7_METHOD FS_S7_Z1Q
WALL_SECONDS=125 RC=0 OUT=idsweep_p124_h175_n1500_consistency_minSG
GATE A idsweep_p124_h175_n1500_consistency_minSG: 38 passes, 0 failures -- PASS
=== RUN START: p124_h175_n1500 dina effMaxSG -> idsweep_p124_h175_n1500_dina_effMaxSG Sun Sep 13 05:30:26 PDT 2026 ===
  env set:   FS_S7_FIELD_COMPLEMENT=TRUE FS_S7_FIELD_SCALEC=selected FS_S7_FIELD_DECOMP=TRUE FS_S7_FIELD_RECOV=TRUE FS_S7_IJ_RESIDUAL=two_term FS_S7_FB=none FS_S7_WORKERS=12 FS_S7_MR=FALSE FS_S7_CAMPAIGN=idsweep FS_S7_MODE=batch FS_S7_START=1 FS_S7_NSIMS=500 FS_S7_HR=1.75 FS_S7_N=1500 FS_S7_FOCUS=effMaxSG FS_S7_NBHD=0.20 FS_S7_METHOD=dina
  env unset: FS_S7_ER_JCUTS FS_S7_Z1Q
WALL_SECONDS=58 RC=0 OUT=idsweep_p124_h175_n1500_dina_effMaxSG
GATE A idsweep_p124_h175_n1500_dina_effMaxSG: 38 passes, 0 failures -- PASS
=== RUN START: p124_h175_n1500 dina effMinSG -> idsweep_p124_h175_n1500_dina_effMinSG Sun Sep 13 05:31:24 PDT 2026 ===
  env set:   FS_S7_FIELD_COMPLEMENT=TRUE FS_S7_FIELD_SCALEC=selected FS_S7_FIELD_DECOMP=TRUE FS_S7_FIELD_RECOV=TRUE FS_S7_IJ_RESIDUAL=two_term FS_S7_FB=none FS_S7_WORKERS=12 FS_S7_MR=FALSE FS_S7_CAMPAIGN=idsweep FS_S7_MODE=batch FS_S7_START=1 FS_S7_NSIMS=500 FS_S7_HR=1.75 FS_S7_N=1500 FS_S7_FOCUS=effMinSG FS_S7_NBHD=0.20 FS_S7_METHOD=dina
  env unset: FS_S7_ER_JCUTS FS_S7_Z1Q
WALL_SECONDS=52 RC=0 OUT=idsweep_p124_h175_n1500_dina_effMinSG
GATE A idsweep_p124_h175_n1500_dina_effMinSG: 38 passes, 0 failures -- PASS
=== RUN START: p124_h175_n1500 dina maxSG -> idsweep_p124_h175_n1500_dina_maxSG Sun Sep 13 05:32:18 PDT 2026 ===
  env set:   FS_S7_FIELD_COMPLEMENT=TRUE FS_S7_FIELD_SCALEC=selected FS_S7_FIELD_DECOMP=TRUE FS_S7_FIELD_RECOV=TRUE FS_S7_IJ_RESIDUAL=two_term FS_S7_FB=none FS_S7_WORKERS=12 FS_S7_MR=FALSE FS_S7_CAMPAIGN=idsweep FS_S7_MODE=batch FS_S7_START=1 FS_S7_NSIMS=500 FS_S7_HR=1.75 FS_S7_N=1500 FS_S7_FOCUS=maxSG FS_S7_METHOD=dina
  env unset: FS_S7_ER_JCUTS FS_S7_NBHD FS_S7_Z1Q
WALL_SECONDS=66 RC=0 OUT=idsweep_p124_h175_n1500_dina_maxSG
GATE A idsweep_p124_h175_n1500_dina_maxSG: 38 passes, 0 failures -- PASS
=== RUN START: p124_h175_n1500 dina minSG -> idsweep_p124_h175_n1500_dina_minSG Sun Sep 13 05:33:25 PDT 2026 ===
  env set:   FS_S7_FIELD_COMPLEMENT=TRUE FS_S7_FIELD_SCALEC=selected FS_S7_FIELD_DECOMP=TRUE FS_S7_FIELD_RECOV=TRUE FS_S7_IJ_RESIDUAL=two_term FS_S7_FB=none FS_S7_WORKERS=12 FS_S7_MR=FALSE FS_S7_CAMPAIGN=idsweep FS_S7_MODE=batch FS_S7_START=1 FS_S7_NSIMS=500 FS_S7_HR=1.75 FS_S7_N=1500 FS_S7_FOCUS=minSG FS_S7_METHOD=dina
  env unset: FS_S7_ER_JCUTS FS_S7_NBHD FS_S7_Z1Q
WALL_SECONDS=58 RC=0 OUT=idsweep_p124_h175_n1500_dina_minSG
GATE A idsweep_p124_h175_n1500_dina_minSG: 38 passes, 0 failures -- PASS
=== RUN START: p124_h175_n1500 dina maxeffCons -> idsweep_p124_h175_n1500_dina_eff Sun Sep 13 05:34:24 PDT 2026 ===
  env set:   FS_S7_FIELD_COMPLEMENT=TRUE FS_S7_FIELD_SCALEC=selected FS_S7_FIELD_DECOMP=TRUE FS_S7_FIELD_RECOV=TRUE FS_S7_IJ_RESIDUAL=two_term FS_S7_FB=none FS_S7_WORKERS=12 FS_S7_MR=FALSE FS_S7_CAMPAIGN=idsweep FS_S7_MODE=batch FS_S7_START=1 FS_S7_NSIMS=500 FS_S7_HR=1.75 FS_S7_N=1500 FS_S7_FOCUS=maxeffCons FS_S7_METHOD=dina
  env unset: FS_S7_ER_JCUTS FS_S7_NBHD FS_S7_Z1Q
WALL_SECONDS=50 RC=0 OUT=idsweep_p124_h175_n1500_dina_eff
GATE A idsweep_p124_h175_n1500_dina_eff: 38 passes, 0 failures -- PASS
=== RUN START: p124_h175_n1500 grf effMaxSG -> idsweep_p124_h175_n1500_grf_effMaxSG Sun Sep 13 05:35:15 PDT 2026 ===
  env set:   FS_S7_FIELD_COMPLEMENT=TRUE FS_S7_FIELD_SCALEC=selected FS_S7_FIELD_DECOMP=TRUE FS_S7_FIELD_RECOV=TRUE FS_S7_IJ_RESIDUAL=two_term FS_S7_FB=none FS_S7_WORKERS=12 FS_S7_MR=FALSE FS_S7_CAMPAIGN=idsweep FS_S7_MODE=batch FS_S7_START=1 FS_S7_NSIMS=500 FS_S7_HR=1.75 FS_S7_N=1500 FS_S7_FOCUS=effMaxSG FS_S7_NBHD=0.20 FS_S7_METHOD=grf
  env unset: FS_S7_ER_JCUTS FS_S7_Z1Q
WALL_SECONDS=213 RC=0 OUT=idsweep_p124_h175_n1500_grf_effMaxSG
GATE A idsweep_p124_h175_n1500_grf_effMaxSG: 44 passes, 0 failures -- PASS
=== RUN START: p124_h175_n1500 grf effMinSG -> idsweep_p124_h175_n1500_grf_effMinSG Sun Sep 13 05:38:49 PDT 2026 ===
  env set:   FS_S7_FIELD_COMPLEMENT=TRUE FS_S7_FIELD_SCALEC=selected FS_S7_FIELD_DECOMP=TRUE FS_S7_FIELD_RECOV=TRUE FS_S7_IJ_RESIDUAL=two_term FS_S7_FB=none FS_S7_WORKERS=12 FS_S7_MR=FALSE FS_S7_CAMPAIGN=idsweep FS_S7_MODE=batch FS_S7_START=1 FS_S7_NSIMS=500 FS_S7_HR=1.75 FS_S7_N=1500 FS_S7_FOCUS=effMinSG FS_S7_NBHD=0.20 FS_S7_METHOD=grf
  env unset: FS_S7_ER_JCUTS FS_S7_Z1Q
WALL_SECONDS=206 RC=0 OUT=idsweep_p124_h175_n1500_grf_effMinSG
GATE A idsweep_p124_h175_n1500_grf_effMinSG: 44 passes, 0 failures -- PASS
=== RUN START: p124_h175_n1500 grf maxSG -> idsweep_p124_h175_n1500_grf_maxSG Sun Sep 13 05:42:16 PDT 2026 ===
  env set:   FS_S7_FIELD_COMPLEMENT=TRUE FS_S7_FIELD_SCALEC=selected FS_S7_FIELD_DECOMP=TRUE FS_S7_FIELD_RECOV=TRUE FS_S7_IJ_RESIDUAL=two_term FS_S7_FB=none FS_S7_WORKERS=12 FS_S7_MR=FALSE FS_S7_CAMPAIGN=idsweep FS_S7_MODE=batch FS_S7_START=1 FS_S7_NSIMS=500 FS_S7_HR=1.75 FS_S7_N=1500 FS_S7_FOCUS=maxSG FS_S7_METHOD=grf
  env unset: FS_S7_ER_JCUTS FS_S7_NBHD FS_S7_Z1Q
WALL_SECONDS=228 RC=0 OUT=idsweep_p124_h175_n1500_grf_maxSG
GATE A idsweep_p124_h175_n1500_grf_maxSG: 44 passes, 0 failures -- PASS
=== RUN START: p124_h175_n1500 grf minSG -> idsweep_p124_h175_n1500_grf_minSG Sun Sep 13 05:46:05 PDT 2026 ===
  env set:   FS_S7_FIELD_COMPLEMENT=TRUE FS_S7_FIELD_SCALEC=selected FS_S7_FIELD_DECOMP=TRUE FS_S7_FIELD_RECOV=TRUE FS_S7_IJ_RESIDUAL=two_term FS_S7_FB=none FS_S7_WORKERS=12 FS_S7_MR=FALSE FS_S7_CAMPAIGN=idsweep FS_S7_MODE=batch FS_S7_START=1 FS_S7_NSIMS=500 FS_S7_HR=1.75 FS_S7_N=1500 FS_S7_FOCUS=minSG FS_S7_METHOD=grf
  env unset: FS_S7_ER_JCUTS FS_S7_NBHD FS_S7_Z1Q
WALL_SECONDS=213 RC=0 OUT=idsweep_p124_h175_n1500_grf_minSG
GATE A idsweep_p124_h175_n1500_grf_minSG: 44 passes, 0 failures -- PASS
=== RUN START: p124_h175_n1500 grf maxeffCons -> idsweep_p124_h175_n1500_grf_eff Sun Sep 13 05:49:39 PDT 2026 ===
  env set:   FS_S7_FIELD_COMPLEMENT=TRUE FS_S7_FIELD_SCALEC=selected FS_S7_FIELD_DECOMP=TRUE FS_S7_FIELD_RECOV=TRUE FS_S7_IJ_RESIDUAL=two_term FS_S7_FB=none FS_S7_WORKERS=12 FS_S7_MR=FALSE FS_S7_CAMPAIGN=idsweep FS_S7_MODE=batch FS_S7_START=1 FS_S7_NSIMS=500 FS_S7_HR=1.75 FS_S7_N=1500 FS_S7_FOCUS=maxeffCons FS_S7_METHOD=grf
  env unset: FS_S7_ER_JCUTS FS_S7_NBHD FS_S7_Z1Q
WALL_SECONDS=232 RC=0 OUT=idsweep_p124_h175_n1500_grf_eff
GATE A idsweep_p124_h175_n1500_grf_eff: 44 passes, 0 failures -- PASS
CELL DONE: p124_h175_n1500  wall=2198s
GATE I p124_h175_n1500: 293 checks passed, 0 failed -- PASS
=== RE-PROJECTION before cell 10 (p31_h175_n500) at elapsed 5.88 h ===
render overhead: 42.8 s per render -- realized median over 144 renders (9 cells)
realized cells (s):
            cell compute_s wall_s
  p124_h150_n500      1010   1798
 p124_h150_n1000      1299   1956
 p124_h150_n1500      1534   2090
   p31_h150_n500      1724   2517
  p31_h150_n1000      2296   3035
  p31_h150_n1500      2760   3448
  p124_h175_n500      1049   1810
 p124_h175_n1000      1365   1993
 p124_h175_n1500      1623   2182
            cell compute_s overhead_s wall_s finish_h
   p31_h175_n500      1853        684   2537     6.59
  p31_h175_n1000      2478        684   3162     7.47
  p31_h175_n1500      3030        684   3714     8.50
  p124_h100_n500       943        684   1627     8.95
 p124_h100_n1000      1059        684   1743     9.43
 p124_h100_n1500      1190        684   1874     9.95
   p31_h100_n500      1276        684   1960    10.50
  p31_h100_n1000      1671        684   2355    11.15
  p31_h100_n1500      2030        684   2715    11.91
                                        anchors
                                  p31_h150_n500
                                 p31_h150_n1000
                                 p31_h150_n1500
 p124_h150_n500(flat:cross-host)/p124_h150_n500
                                p124_h150_n1000
                                p124_h150_n1500
                                  p31_h150_n500
                                 p31_h150_n1000
                                 p31_h150_n1500
projected: all remaining finish at 11.91 h; 9 of 9 remaining fit under the ceiling in order
DECISION cell 10 p31_h175_n500: elapsed 5.88 h + projected 2537 s = 6.59 h vs ceiling 13.00 h -> GO
=== CELL START: p31_h175_n500 (z1q='0.60' n=500 hr=1.75) Sun Sep 13 05:53:34 PDT 2026 ; elapsed 21179s ===
vm.swapusage: total = 0.00M  used = 0.00M  free = 0.00M  (encrypted)
System-wide memory free percentage: 85%
=== RUN START: p31_h175_n500 consistency effMaxSG -> idsweep_p31_h175_n500_consistency_effMaxSG Sun Sep 13 05:53:34 PDT 2026 ===
  env set:   FS_S7_FIELD_COMPLEMENT=TRUE FS_S7_FIELD_SCALEC=selected FS_S7_FIELD_DECOMP=TRUE FS_S7_FIELD_RECOV=TRUE FS_S7_IJ_RESIDUAL=two_term FS_S7_FB=none FS_S7_WORKERS=12 FS_S7_MR=FALSE FS_S7_CAMPAIGN=idsweep FS_S7_MODE=batch FS_S7_START=1 FS_S7_NSIMS=500 FS_S7_HR=1.75 FS_S7_N=500 FS_S7_FOCUS=effMaxSG FS_S7_NBHD=0.20 FS_S7_Z1Q=0.60
  env unset: FS_S7_ER_JCUTS FS_S7_METHOD
WALL_SECONDS=202 RC=0 OUT=idsweep_p31_h175_n500_consistency_effMaxSG
GATE A idsweep_p31_h175_n500_consistency_effMaxSG: 38 passes, 0 failures -- PASS
=== RUN START: p31_h175_n500 consistency effMinSG -> idsweep_p31_h175_n500_consistency_effMinSG Sun Sep 13 05:56:57 PDT 2026 ===
  env set:   FS_S7_FIELD_COMPLEMENT=TRUE FS_S7_FIELD_SCALEC=selected FS_S7_FIELD_DECOMP=TRUE FS_S7_FIELD_RECOV=TRUE FS_S7_IJ_RESIDUAL=two_term FS_S7_FB=none FS_S7_WORKERS=12 FS_S7_MR=FALSE FS_S7_CAMPAIGN=idsweep FS_S7_MODE=batch FS_S7_START=1 FS_S7_NSIMS=500 FS_S7_HR=1.75 FS_S7_N=500 FS_S7_FOCUS=effMinSG FS_S7_NBHD=0.20 FS_S7_Z1Q=0.60
  env unset: FS_S7_ER_JCUTS FS_S7_METHOD
WALL_SECONDS=177 RC=0 OUT=idsweep_p31_h175_n500_consistency_effMinSG
GATE A idsweep_p31_h175_n500_consistency_effMinSG: 38 passes, 0 failures -- PASS
=== RUN START: p31_h175_n500 consistency maxeffCons -> idsweep_p31_h175_n500_consistency_maxeffCons Sun Sep 13 05:59:55 PDT 2026 ===
  env set:   FS_S7_FIELD_COMPLEMENT=TRUE FS_S7_FIELD_SCALEC=selected FS_S7_FIELD_DECOMP=TRUE FS_S7_FIELD_RECOV=TRUE FS_S7_IJ_RESIDUAL=two_term FS_S7_FB=none FS_S7_WORKERS=12 FS_S7_MR=FALSE FS_S7_CAMPAIGN=idsweep FS_S7_MODE=batch FS_S7_START=1 FS_S7_NSIMS=500 FS_S7_HR=1.75 FS_S7_N=500 FS_S7_FOCUS=maxeffCons FS_S7_Z1Q=0.60
  env unset: FS_S7_ER_JCUTS FS_S7_NBHD FS_S7_METHOD
WALL_SECONDS=178 RC=0 OUT=idsweep_p31_h175_n500_consistency_maxeffCons
GATE A idsweep_p31_h175_n500_consistency_maxeffCons: 38 passes, 0 failures -- PASS
=== RUN START: p31_h175_n500 consistency maxeff -> idsweep_p31_h175_n500_consistency_maxeff Sun Sep 13 06:02:54 PDT 2026 ===
  env set:   FS_S7_FIELD_COMPLEMENT=TRUE FS_S7_FIELD_SCALEC=selected FS_S7_FIELD_DECOMP=TRUE FS_S7_FIELD_RECOV=TRUE FS_S7_IJ_RESIDUAL=two_term FS_S7_FB=none FS_S7_WORKERS=12 FS_S7_MR=FALSE FS_S7_CAMPAIGN=idsweep FS_S7_MODE=batch FS_S7_START=1 FS_S7_NSIMS=500 FS_S7_HR=1.75 FS_S7_N=500 FS_S7_FOCUS=maxeff FS_S7_Z1Q=0.60
  env unset: FS_S7_ER_JCUTS FS_S7_NBHD FS_S7_METHOD
WALL_SECONDS=147 RC=0 OUT=idsweep_p31_h175_n500_consistency_maxeff
GATE A idsweep_p31_h175_n500_consistency_maxeff: 38 passes, 0 failures -- PASS
=== RUN START: p31_h175_n500 consistency maxSG -> idsweep_p31_h175_n500_consistency_maxSG Sun Sep 13 06:05:22 PDT 2026 ===
  env set:   FS_S7_FIELD_COMPLEMENT=TRUE FS_S7_FIELD_SCALEC=selected FS_S7_FIELD_DECOMP=TRUE FS_S7_FIELD_RECOV=TRUE FS_S7_IJ_RESIDUAL=two_term FS_S7_FB=none FS_S7_WORKERS=12 FS_S7_MR=FALSE FS_S7_CAMPAIGN=idsweep FS_S7_MODE=batch FS_S7_START=1 FS_S7_NSIMS=500 FS_S7_HR=1.75 FS_S7_N=500 FS_S7_FOCUS=maxSG FS_S7_Z1Q=0.60
  env unset: FS_S7_ER_JCUTS FS_S7_NBHD FS_S7_METHOD
WALL_SECONDS=172 RC=0 OUT=idsweep_p31_h175_n500_consistency_maxSG
GATE A idsweep_p31_h175_n500_consistency_maxSG: 38 passes, 0 failures -- PASS
=== RUN START: p31_h175_n500 consistency minSG -> idsweep_p31_h175_n500_consistency_minSG Sun Sep 13 06:08:15 PDT 2026 ===
  env set:   FS_S7_FIELD_COMPLEMENT=TRUE FS_S7_FIELD_SCALEC=selected FS_S7_FIELD_DECOMP=TRUE FS_S7_FIELD_RECOV=TRUE FS_S7_IJ_RESIDUAL=two_term FS_S7_FB=none FS_S7_WORKERS=12 FS_S7_MR=FALSE FS_S7_CAMPAIGN=idsweep FS_S7_MODE=batch FS_S7_START=1 FS_S7_NSIMS=500 FS_S7_HR=1.75 FS_S7_N=500 FS_S7_FOCUS=minSG FS_S7_Z1Q=0.60
  env unset: FS_S7_ER_JCUTS FS_S7_NBHD FS_S7_METHOD
WALL_SECONDS=182 RC=0 OUT=idsweep_p31_h175_n500_consistency_minSG
GATE A idsweep_p31_h175_n500_consistency_minSG: 38 passes, 0 failures -- PASS
=== RUN START: p31_h175_n500 dina effMaxSG -> idsweep_p31_h175_n500_dina_effMaxSG Sun Sep 13 06:11:18 PDT 2026 ===
  env set:   FS_S7_FIELD_COMPLEMENT=TRUE FS_S7_FIELD_SCALEC=selected FS_S7_FIELD_DECOMP=TRUE FS_S7_FIELD_RECOV=TRUE FS_S7_IJ_RESIDUAL=two_term FS_S7_FB=none FS_S7_WORKERS=12 FS_S7_MR=FALSE FS_S7_CAMPAIGN=idsweep FS_S7_MODE=batch FS_S7_START=1 FS_S7_NSIMS=500 FS_S7_HR=1.75 FS_S7_N=500 FS_S7_FOCUS=effMaxSG FS_S7_NBHD=0.20 FS_S7_METHOD=dina FS_S7_Z1Q=0.60
  env unset: FS_S7_ER_JCUTS
WALL_SECONDS=186 RC=0 OUT=idsweep_p31_h175_n500_dina_effMaxSG
GATE A idsweep_p31_h175_n500_dina_effMaxSG: 38 passes, 0 failures -- PASS
=== RUN START: p31_h175_n500 dina effMinSG -> idsweep_p31_h175_n500_dina_effMinSG Sun Sep 13 06:14:25 PDT 2026 ===
  env set:   FS_S7_FIELD_COMPLEMENT=TRUE FS_S7_FIELD_SCALEC=selected FS_S7_FIELD_DECOMP=TRUE FS_S7_FIELD_RECOV=TRUE FS_S7_IJ_RESIDUAL=two_term FS_S7_FB=none FS_S7_WORKERS=12 FS_S7_MR=FALSE FS_S7_CAMPAIGN=idsweep FS_S7_MODE=batch FS_S7_START=1 FS_S7_NSIMS=500 FS_S7_HR=1.75 FS_S7_N=500 FS_S7_FOCUS=effMinSG FS_S7_NBHD=0.20 FS_S7_METHOD=dina FS_S7_Z1Q=0.60
  env unset: FS_S7_ER_JCUTS
WALL_SECONDS=184 RC=0 OUT=idsweep_p31_h175_n500_dina_effMinSG
GATE A idsweep_p31_h175_n500_dina_effMinSG: 38 passes, 0 failures -- PASS
=== RUN START: p31_h175_n500 dina maxSG -> idsweep_p31_h175_n500_dina_maxSG Sun Sep 13 06:17:30 PDT 2026 ===
  env set:   FS_S7_FIELD_COMPLEMENT=TRUE FS_S7_FIELD_SCALEC=selected FS_S7_FIELD_DECOMP=TRUE FS_S7_FIELD_RECOV=TRUE FS_S7_IJ_RESIDUAL=two_term FS_S7_FB=none FS_S7_WORKERS=12 FS_S7_MR=FALSE FS_S7_CAMPAIGN=idsweep FS_S7_MODE=batch FS_S7_START=1 FS_S7_NSIMS=500 FS_S7_HR=1.75 FS_S7_N=500 FS_S7_FOCUS=maxSG FS_S7_METHOD=dina FS_S7_Z1Q=0.60
  env unset: FS_S7_ER_JCUTS FS_S7_NBHD
WALL_SECONDS=168 RC=0 OUT=idsweep_p31_h175_n500_dina_maxSG
GATE A idsweep_p31_h175_n500_dina_maxSG: 38 passes, 0 failures -- PASS
=== RUN START: p31_h175_n500 dina minSG -> idsweep_p31_h175_n500_dina_minSG Sun Sep 13 06:20:19 PDT 2026 ===
  env set:   FS_S7_FIELD_COMPLEMENT=TRUE FS_S7_FIELD_SCALEC=selected FS_S7_FIELD_DECOMP=TRUE FS_S7_FIELD_RECOV=TRUE FS_S7_IJ_RESIDUAL=two_term FS_S7_FB=none FS_S7_WORKERS=12 FS_S7_MR=FALSE FS_S7_CAMPAIGN=idsweep FS_S7_MODE=batch FS_S7_START=1 FS_S7_NSIMS=500 FS_S7_HR=1.75 FS_S7_N=500 FS_S7_FOCUS=minSG FS_S7_METHOD=dina FS_S7_Z1Q=0.60
  env unset: FS_S7_ER_JCUTS FS_S7_NBHD
WALL_SECONDS=185 RC=0 OUT=idsweep_p31_h175_n500_dina_minSG
GATE A idsweep_p31_h175_n500_dina_minSG: 38 passes, 0 failures -- PASS
=== RUN START: p31_h175_n500 dina maxeffCons -> idsweep_p31_h175_n500_dina_eff Sun Sep 13 06:23:25 PDT 2026 ===
  env set:   FS_S7_FIELD_COMPLEMENT=TRUE FS_S7_FIELD_SCALEC=selected FS_S7_FIELD_DECOMP=TRUE FS_S7_FIELD_RECOV=TRUE FS_S7_IJ_RESIDUAL=two_term FS_S7_FB=none FS_S7_WORKERS=12 FS_S7_MR=FALSE FS_S7_CAMPAIGN=idsweep FS_S7_MODE=batch FS_S7_START=1 FS_S7_NSIMS=500 FS_S7_HR=1.75 FS_S7_N=500 FS_S7_FOCUS=maxeffCons FS_S7_METHOD=dina FS_S7_Z1Q=0.60
  env unset: FS_S7_ER_JCUTS FS_S7_NBHD
WALL_SECONDS=185 RC=0 OUT=idsweep_p31_h175_n500_dina_eff
GATE A idsweep_p31_h175_n500_dina_eff: 38 passes, 0 failures -- PASS
=== RUN START: p31_h175_n500 grf effMaxSG -> idsweep_p31_h175_n500_grf_effMaxSG Sun Sep 13 06:26:30 PDT 2026 ===
  env set:   FS_S7_FIELD_COMPLEMENT=TRUE FS_S7_FIELD_SCALEC=selected FS_S7_FIELD_DECOMP=TRUE FS_S7_FIELD_RECOV=TRUE FS_S7_IJ_RESIDUAL=two_term FS_S7_FB=none FS_S7_WORKERS=12 FS_S7_MR=FALSE FS_S7_CAMPAIGN=idsweep FS_S7_MODE=batch FS_S7_START=1 FS_S7_NSIMS=500 FS_S7_HR=1.75 FS_S7_N=500 FS_S7_FOCUS=effMaxSG FS_S7_NBHD=0.20 FS_S7_METHOD=grf FS_S7_Z1Q=0.60
  env unset: FS_S7_ER_JCUTS
WALL_SECONDS=134 RC=0 OUT=idsweep_p31_h175_n500_grf_effMaxSG
GATE A idsweep_p31_h175_n500_grf_effMaxSG: 44 passes, 0 failures -- PASS
=== RUN START: p31_h175_n500 grf effMinSG -> idsweep_p31_h175_n500_grf_effMinSG Sun Sep 13 06:28:45 PDT 2026 ===
  env set:   FS_S7_FIELD_COMPLEMENT=TRUE FS_S7_FIELD_SCALEC=selected FS_S7_FIELD_DECOMP=TRUE FS_S7_FIELD_RECOV=TRUE FS_S7_IJ_RESIDUAL=two_term FS_S7_FB=none FS_S7_WORKERS=12 FS_S7_MR=FALSE FS_S7_CAMPAIGN=idsweep FS_S7_MODE=batch FS_S7_START=1 FS_S7_NSIMS=500 FS_S7_HR=1.75 FS_S7_N=500 FS_S7_FOCUS=effMinSG FS_S7_NBHD=0.20 FS_S7_METHOD=grf FS_S7_Z1Q=0.60
  env unset: FS_S7_ER_JCUTS
WALL_SECONDS=134 RC=0 OUT=idsweep_p31_h175_n500_grf_effMinSG
GATE A idsweep_p31_h175_n500_grf_effMinSG: 44 passes, 0 failures -- PASS
=== RUN START: p31_h175_n500 grf maxSG -> idsweep_p31_h175_n500_grf_maxSG Sun Sep 13 06:31:00 PDT 2026 ===
  env set:   FS_S7_FIELD_COMPLEMENT=TRUE FS_S7_FIELD_SCALEC=selected FS_S7_FIELD_DECOMP=TRUE FS_S7_FIELD_RECOV=TRUE FS_S7_IJ_RESIDUAL=two_term FS_S7_FB=none FS_S7_WORKERS=12 FS_S7_MR=FALSE FS_S7_CAMPAIGN=idsweep FS_S7_MODE=batch FS_S7_START=1 FS_S7_NSIMS=500 FS_S7_HR=1.75 FS_S7_N=500 FS_S7_FOCUS=maxSG FS_S7_METHOD=grf FS_S7_Z1Q=0.60
  env unset: FS_S7_ER_JCUTS FS_S7_NBHD
WALL_SECONDS=113 RC=0 OUT=idsweep_p31_h175_n500_grf_maxSG
GATE A idsweep_p31_h175_n500_grf_maxSG: 44 passes, 0 failures -- PASS
=== RUN START: p31_h175_n500 grf minSG -> idsweep_p31_h175_n500_grf_minSG Sun Sep 13 06:32:54 PDT 2026 ===
  env set:   FS_S7_FIELD_COMPLEMENT=TRUE FS_S7_FIELD_SCALEC=selected FS_S7_FIELD_DECOMP=TRUE FS_S7_FIELD_RECOV=TRUE FS_S7_IJ_RESIDUAL=two_term FS_S7_FB=none FS_S7_WORKERS=12 FS_S7_MR=FALSE FS_S7_CAMPAIGN=idsweep FS_S7_MODE=batch FS_S7_START=1 FS_S7_NSIMS=500 FS_S7_HR=1.75 FS_S7_N=500 FS_S7_FOCUS=minSG FS_S7_METHOD=grf FS_S7_Z1Q=0.60
  env unset: FS_S7_ER_JCUTS FS_S7_NBHD
WALL_SECONDS=136 RC=0 OUT=idsweep_p31_h175_n500_grf_minSG
GATE A idsweep_p31_h175_n500_grf_minSG: 44 passes, 0 failures -- PASS
=== RUN START: p31_h175_n500 grf maxeffCons -> idsweep_p31_h175_n500_grf_eff Sun Sep 13 06:35:11 PDT 2026 ===
  env set:   FS_S7_FIELD_COMPLEMENT=TRUE FS_S7_FIELD_SCALEC=selected FS_S7_FIELD_DECOMP=TRUE FS_S7_FIELD_RECOV=TRUE FS_S7_IJ_RESIDUAL=two_term FS_S7_FB=none FS_S7_WORKERS=12 FS_S7_MR=FALSE FS_S7_CAMPAIGN=idsweep FS_S7_MODE=batch FS_S7_START=1 FS_S7_NSIMS=500 FS_S7_HR=1.75 FS_S7_N=500 FS_S7_FOCUS=maxeffCons FS_S7_METHOD=grf FS_S7_Z1Q=0.60
  env unset: FS_S7_ER_JCUTS FS_S7_NBHD
WALL_SECONDS=132 RC=0 OUT=idsweep_p31_h175_n500_grf_eff
GATE A idsweep_p31_h175_n500_grf_eff: 44 passes, 0 failures -- PASS
CELL DONE: p31_h175_n500  wall=2630s
GATE I p31_h175_n500: 293 checks passed, 0 failed -- PASS
=== RE-PROJECTION before cell 11 (p31_h175_n1000) at elapsed 6.61 h ===
render overhead: 43.8 s per render -- realized median over 160 renders (10 cells)
realized cells (s):
            cell compute_s wall_s
  p124_h150_n500      1010   1798
 p124_h150_n1000      1299   1956
 p124_h150_n1500      1534   2090
   p31_h150_n500      1724   2517
  p31_h150_n1000      2296   3035
  p31_h150_n1500      2760   3448
  p124_h175_n500      1049   1810
 p124_h175_n1000      1365   1993
 p124_h175_n1500      1623   2182
   p31_h175_n500      1866   2615
            cell compute_s overhead_s wall_s finish_h
  p31_h175_n1000      2478        701   3178     7.50
  p31_h175_n1500      3030        701   3731     8.53
  p124_h100_n500       943        701   1644     8.99
 p124_h100_n1000      1059        701   1760     9.48
 p124_h100_n1500      1190        701   1890    10.00
   p31_h100_n500      1276        701   1977    10.55
  p31_h100_n1000      1671        701   2371    11.21
  p31_h100_n1500      2030        701   2731    11.97
                                        anchors
                                 p31_h150_n1000
                                 p31_h150_n1500
 p124_h150_n500(flat:cross-host)/p124_h150_n500
                                p124_h150_n1000
                                p124_h150_n1500
                                  p31_h150_n500
                                 p31_h150_n1000
                                 p31_h150_n1500
projected: all remaining finish at 11.97 h; 8 of 8 remaining fit under the ceiling in order
DECISION cell 11 p31_h175_n1000: elapsed 6.61 h + projected 3178 s = 7.50 h vs ceiling 13.00 h -> GO
=== CELL START: p31_h175_n1000 (z1q='0.60' n=1000 hr=1.75) Sun Sep 13 06:37:26 PDT 2026 ; elapsed 23811s ===
vm.swapusage: total = 0.00M  used = 0.00M  free = 0.00M  (encrypted)
System-wide memory free percentage: 86%
=== RUN START: p31_h175_n1000 consistency effMaxSG -> idsweep_p31_h175_n1000_consistency_effMaxSG Sun Sep 13 06:37:26 PDT 2026 ===
  env set:   FS_S7_FIELD_COMPLEMENT=TRUE FS_S7_FIELD_SCALEC=selected FS_S7_FIELD_DECOMP=TRUE FS_S7_FIELD_RECOV=TRUE FS_S7_IJ_RESIDUAL=two_term FS_S7_FB=none FS_S7_WORKERS=12 FS_S7_MR=FALSE FS_S7_CAMPAIGN=idsweep FS_S7_MODE=batch FS_S7_START=1 FS_S7_NSIMS=500 FS_S7_HR=1.75 FS_S7_N=1000 FS_S7_FOCUS=effMaxSG FS_S7_NBHD=0.20 FS_S7_Z1Q=0.60
  env unset: FS_S7_ER_JCUTS FS_S7_METHOD
WALL_SECONDS=217 RC=0 OUT=idsweep_p31_h175_n1000_consistency_effMaxSG
GATE A idsweep_p31_h175_n1000_consistency_effMaxSG: 38 passes, 0 failures -- PASS
=== RUN START: p31_h175_n1000 consistency effMinSG -> idsweep_p31_h175_n1000_consistency_effMinSG Sun Sep 13 06:41:04 PDT 2026 ===
  env set:   FS_S7_FIELD_COMPLEMENT=TRUE FS_S7_FIELD_SCALEC=selected FS_S7_FIELD_DECOMP=TRUE FS_S7_FIELD_RECOV=TRUE FS_S7_IJ_RESIDUAL=two_term FS_S7_FB=none FS_S7_WORKERS=12 FS_S7_MR=FALSE FS_S7_CAMPAIGN=idsweep FS_S7_MODE=batch FS_S7_START=1 FS_S7_NSIMS=500 FS_S7_HR=1.75 FS_S7_N=1000 FS_S7_FOCUS=effMinSG FS_S7_NBHD=0.20 FS_S7_Z1Q=0.60
  env unset: FS_S7_ER_JCUTS FS_S7_METHOD
WALL_SECONDS=214 RC=0 OUT=idsweep_p31_h175_n1000_consistency_effMinSG
GATE A idsweep_p31_h175_n1000_consistency_effMinSG: 38 passes, 0 failures -- PASS
=== RUN START: p31_h175_n1000 consistency maxeffCons -> idsweep_p31_h175_n1000_consistency_maxeffCons Sun Sep 13 06:44:39 PDT 2026 ===
  env set:   FS_S7_FIELD_COMPLEMENT=TRUE FS_S7_FIELD_SCALEC=selected FS_S7_FIELD_DECOMP=TRUE FS_S7_FIELD_RECOV=TRUE FS_S7_IJ_RESIDUAL=two_term FS_S7_FB=none FS_S7_WORKERS=12 FS_S7_MR=FALSE FS_S7_CAMPAIGN=idsweep FS_S7_MODE=batch FS_S7_START=1 FS_S7_NSIMS=500 FS_S7_HR=1.75 FS_S7_N=1000 FS_S7_FOCUS=maxeffCons FS_S7_Z1Q=0.60
  env unset: FS_S7_ER_JCUTS FS_S7_NBHD FS_S7_METHOD
WALL_SECONDS=216 RC=0 OUT=idsweep_p31_h175_n1000_consistency_maxeffCons
GATE A idsweep_p31_h175_n1000_consistency_maxeffCons: 38 passes, 0 failures -- PASS
=== RUN START: p31_h175_n1000 consistency maxeff -> idsweep_p31_h175_n1000_consistency_maxeff Sun Sep 13 06:48:16 PDT 2026 ===
  env set:   FS_S7_FIELD_COMPLEMENT=TRUE FS_S7_FIELD_SCALEC=selected FS_S7_FIELD_DECOMP=TRUE FS_S7_FIELD_RECOV=TRUE FS_S7_IJ_RESIDUAL=two_term FS_S7_FB=none FS_S7_WORKERS=12 FS_S7_MR=FALSE FS_S7_CAMPAIGN=idsweep FS_S7_MODE=batch FS_S7_START=1 FS_S7_NSIMS=500 FS_S7_HR=1.75 FS_S7_N=1000 FS_S7_FOCUS=maxeff FS_S7_Z1Q=0.60
  env unset: FS_S7_ER_JCUTS FS_S7_NBHD FS_S7_METHOD
WALL_SECONDS=188 RC=0 OUT=idsweep_p31_h175_n1000_consistency_maxeff
GATE A idsweep_p31_h175_n1000_consistency_maxeff: 38 passes, 0 failures -- PASS
=== RUN START: p31_h175_n1000 consistency maxSG -> idsweep_p31_h175_n1000_consistency_maxSG Sun Sep 13 06:51:25 PDT 2026 ===
  env set:   FS_S7_FIELD_COMPLEMENT=TRUE FS_S7_FIELD_SCALEC=selected FS_S7_FIELD_DECOMP=TRUE FS_S7_FIELD_RECOV=TRUE FS_S7_IJ_RESIDUAL=two_term FS_S7_FB=none FS_S7_WORKERS=12 FS_S7_MR=FALSE FS_S7_CAMPAIGN=idsweep FS_S7_MODE=batch FS_S7_START=1 FS_S7_NSIMS=500 FS_S7_HR=1.75 FS_S7_N=1000 FS_S7_FOCUS=maxSG FS_S7_Z1Q=0.60
  env unset: FS_S7_ER_JCUTS FS_S7_NBHD FS_S7_METHOD
WALL_SECONDS=228 RC=0 OUT=idsweep_p31_h175_n1000_consistency_maxSG
GATE A idsweep_p31_h175_n1000_consistency_maxSG: 38 passes, 0 failures -- PASS
=== RUN START: p31_h175_n1000 consistency minSG -> idsweep_p31_h175_n1000_consistency_minSG Sun Sep 13 06:55:14 PDT 2026 ===
  env set:   FS_S7_FIELD_COMPLEMENT=TRUE FS_S7_FIELD_SCALEC=selected FS_S7_FIELD_DECOMP=TRUE FS_S7_FIELD_RECOV=TRUE FS_S7_IJ_RESIDUAL=two_term FS_S7_FB=none FS_S7_WORKERS=12 FS_S7_MR=FALSE FS_S7_CAMPAIGN=idsweep FS_S7_MODE=batch FS_S7_START=1 FS_S7_NSIMS=500 FS_S7_HR=1.75 FS_S7_N=1000 FS_S7_FOCUS=minSG FS_S7_Z1Q=0.60
  env unset: FS_S7_ER_JCUTS FS_S7_NBHD FS_S7_METHOD
WALL_SECONDS=218 RC=0 OUT=idsweep_p31_h175_n1000_consistency_minSG
GATE A idsweep_p31_h175_n1000_consistency_minSG: 38 passes, 0 failures -- PASS
=== RUN START: p31_h175_n1000 dina effMaxSG -> idsweep_p31_h175_n1000_dina_effMaxSG Sun Sep 13 06:58:52 PDT 2026 ===
  env set:   FS_S7_FIELD_COMPLEMENT=TRUE FS_S7_FIELD_SCALEC=selected FS_S7_FIELD_DECOMP=TRUE FS_S7_FIELD_RECOV=TRUE FS_S7_IJ_RESIDUAL=two_term FS_S7_FB=none FS_S7_WORKERS=12 FS_S7_MR=FALSE FS_S7_CAMPAIGN=idsweep FS_S7_MODE=batch FS_S7_START=1 FS_S7_NSIMS=500 FS_S7_HR=1.75 FS_S7_N=1000 FS_S7_FOCUS=effMaxSG FS_S7_NBHD=0.20 FS_S7_METHOD=dina FS_S7_Z1Q=0.60
  env unset: FS_S7_ER_JCUTS
WALL_SECONDS=232 RC=0 OUT=idsweep_p31_h175_n1000_dina_effMaxSG
GATE A idsweep_p31_h175_n1000_dina_effMaxSG: 38 passes, 0 failures -- PASS
=== RUN START: p31_h175_n1000 dina effMinSG -> idsweep_p31_h175_n1000_dina_effMinSG Sun Sep 13 07:02:46 PDT 2026 ===
  env set:   FS_S7_FIELD_COMPLEMENT=TRUE FS_S7_FIELD_SCALEC=selected FS_S7_FIELD_DECOMP=TRUE FS_S7_FIELD_RECOV=TRUE FS_S7_IJ_RESIDUAL=two_term FS_S7_FB=none FS_S7_WORKERS=12 FS_S7_MR=FALSE FS_S7_CAMPAIGN=idsweep FS_S7_MODE=batch FS_S7_START=1 FS_S7_NSIMS=500 FS_S7_HR=1.75 FS_S7_N=1000 FS_S7_FOCUS=effMinSG FS_S7_NBHD=0.20 FS_S7_METHOD=dina FS_S7_Z1Q=0.60
  env unset: FS_S7_ER_JCUTS
WALL_SECONDS=227 RC=0 OUT=idsweep_p31_h175_n1000_dina_effMinSG
GATE A idsweep_p31_h175_n1000_dina_effMinSG: 38 passes, 0 failures -- PASS
=== RUN START: p31_h175_n1000 dina maxSG -> idsweep_p31_h175_n1000_dina_maxSG Sun Sep 13 07:06:34 PDT 2026 ===
  env set:   FS_S7_FIELD_COMPLEMENT=TRUE FS_S7_FIELD_SCALEC=selected FS_S7_FIELD_DECOMP=TRUE FS_S7_FIELD_RECOV=TRUE FS_S7_IJ_RESIDUAL=two_term FS_S7_FB=none FS_S7_WORKERS=12 FS_S7_MR=FALSE FS_S7_CAMPAIGN=idsweep FS_S7_MODE=batch FS_S7_START=1 FS_S7_NSIMS=500 FS_S7_HR=1.75 FS_S7_N=1000 FS_S7_FOCUS=maxSG FS_S7_METHOD=dina FS_S7_Z1Q=0.60
  env unset: FS_S7_ER_JCUTS FS_S7_NBHD
WALL_SECONDS=215 RC=0 OUT=idsweep_p31_h175_n1000_dina_maxSG
GATE A idsweep_p31_h175_n1000_dina_maxSG: 38 passes, 0 failures -- PASS
=== RUN START: p31_h175_n1000 dina minSG -> idsweep_p31_h175_n1000_dina_minSG Sun Sep 13 07:10:10 PDT 2026 ===
  env set:   FS_S7_FIELD_COMPLEMENT=TRUE FS_S7_FIELD_SCALEC=selected FS_S7_FIELD_DECOMP=TRUE FS_S7_FIELD_RECOV=TRUE FS_S7_IJ_RESIDUAL=two_term FS_S7_FB=none FS_S7_WORKERS=12 FS_S7_MR=FALSE FS_S7_CAMPAIGN=idsweep FS_S7_MODE=batch FS_S7_START=1 FS_S7_NSIMS=500 FS_S7_HR=1.75 FS_S7_N=1000 FS_S7_FOCUS=minSG FS_S7_METHOD=dina FS_S7_Z1Q=0.60
  env unset: FS_S7_ER_JCUTS FS_S7_NBHD
WALL_SECONDS=233 RC=0 OUT=idsweep_p31_h175_n1000_dina_minSG
GATE A idsweep_p31_h175_n1000_dina_minSG: 38 passes, 0 failures -- PASS
=== RUN START: p31_h175_n1000 dina maxeffCons -> idsweep_p31_h175_n1000_dina_eff Sun Sep 13 07:14:04 PDT 2026 ===
  env set:   FS_S7_FIELD_COMPLEMENT=TRUE FS_S7_FIELD_SCALEC=selected FS_S7_FIELD_DECOMP=TRUE FS_S7_FIELD_RECOV=TRUE FS_S7_IJ_RESIDUAL=two_term FS_S7_FB=none FS_S7_WORKERS=12 FS_S7_MR=FALSE FS_S7_CAMPAIGN=idsweep FS_S7_MODE=batch FS_S7_START=1 FS_S7_NSIMS=500 FS_S7_HR=1.75 FS_S7_N=1000 FS_S7_FOCUS=maxeffCons FS_S7_METHOD=dina FS_S7_Z1Q=0.60
  env unset: FS_S7_ER_JCUTS FS_S7_NBHD
WALL_SECONDS=228 RC=0 OUT=idsweep_p31_h175_n1000_dina_eff
GATE A idsweep_p31_h175_n1000_dina_eff: 38 passes, 0 failures -- PASS
=== RUN START: p31_h175_n1000 grf effMaxSG -> idsweep_p31_h175_n1000_grf_effMaxSG Sun Sep 13 07:17:53 PDT 2026 ===
  env set:   FS_S7_FIELD_COMPLEMENT=TRUE FS_S7_FIELD_SCALEC=selected FS_S7_FIELD_DECOMP=TRUE FS_S7_FIELD_RECOV=TRUE FS_S7_IJ_RESIDUAL=two_term FS_S7_FB=none FS_S7_WORKERS=12 FS_S7_MR=FALSE FS_S7_CAMPAIGN=idsweep FS_S7_MODE=batch FS_S7_START=1 FS_S7_NSIMS=500 FS_S7_HR=1.75 FS_S7_N=1000 FS_S7_FOCUS=effMaxSG FS_S7_NBHD=0.20 FS_S7_METHOD=grf FS_S7_Z1Q=0.60
  env unset: FS_S7_ER_JCUTS
WALL_SECONDS=170 RC=0 OUT=idsweep_p31_h175_n1000_grf_effMaxSG
GATE A idsweep_p31_h175_n1000_grf_effMaxSG: 44 passes, 0 failures -- PASS
=== RUN START: p31_h175_n1000 grf effMinSG -> idsweep_p31_h175_n1000_grf_effMinSG Sun Sep 13 07:20:44 PDT 2026 ===
  env set:   FS_S7_FIELD_COMPLEMENT=TRUE FS_S7_FIELD_SCALEC=selected FS_S7_FIELD_DECOMP=TRUE FS_S7_FIELD_RECOV=TRUE FS_S7_IJ_RESIDUAL=two_term FS_S7_FB=none FS_S7_WORKERS=12 FS_S7_MR=FALSE FS_S7_CAMPAIGN=idsweep FS_S7_MODE=batch FS_S7_START=1 FS_S7_NSIMS=500 FS_S7_HR=1.75 FS_S7_N=1000 FS_S7_FOCUS=effMinSG FS_S7_NBHD=0.20 FS_S7_METHOD=grf FS_S7_Z1Q=0.60
  env unset: FS_S7_ER_JCUTS
WALL_SECONDS=164 RC=0 OUT=idsweep_p31_h175_n1000_grf_effMinSG
GATE A idsweep_p31_h175_n1000_grf_effMinSG: 44 passes, 0 failures -- PASS
=== RUN START: p31_h175_n1000 grf maxSG -> idsweep_p31_h175_n1000_grf_maxSG Sun Sep 13 07:23:29 PDT 2026 ===
  env set:   FS_S7_FIELD_COMPLEMENT=TRUE FS_S7_FIELD_SCALEC=selected FS_S7_FIELD_DECOMP=TRUE FS_S7_FIELD_RECOV=TRUE FS_S7_IJ_RESIDUAL=two_term FS_S7_FB=none FS_S7_WORKERS=12 FS_S7_MR=FALSE FS_S7_CAMPAIGN=idsweep FS_S7_MODE=batch FS_S7_START=1 FS_S7_NSIMS=500 FS_S7_HR=1.75 FS_S7_N=1000 FS_S7_FOCUS=maxSG FS_S7_METHOD=grf FS_S7_Z1Q=0.60
  env unset: FS_S7_ER_JCUTS FS_S7_NBHD
WALL_SECONDS=152 RC=0 OUT=idsweep_p31_h175_n1000_grf_maxSG
GATE A idsweep_p31_h175_n1000_grf_maxSG: 44 passes, 0 failures -- PASS
=== RUN START: p31_h175_n1000 grf minSG -> idsweep_p31_h175_n1000_grf_minSG Sun Sep 13 07:26:02 PDT 2026 ===
  env set:   FS_S7_FIELD_COMPLEMENT=TRUE FS_S7_FIELD_SCALEC=selected FS_S7_FIELD_DECOMP=TRUE FS_S7_FIELD_RECOV=TRUE FS_S7_IJ_RESIDUAL=two_term FS_S7_FB=none FS_S7_WORKERS=12 FS_S7_MR=FALSE FS_S7_CAMPAIGN=idsweep FS_S7_MODE=batch FS_S7_START=1 FS_S7_NSIMS=500 FS_S7_HR=1.75 FS_S7_N=1000 FS_S7_FOCUS=minSG FS_S7_METHOD=grf FS_S7_Z1Q=0.60
  env unset: FS_S7_ER_JCUTS FS_S7_NBHD
WALL_SECONDS=171 RC=0 OUT=idsweep_p31_h175_n1000_grf_minSG
GATE A idsweep_p31_h175_n1000_grf_minSG: 44 passes, 0 failures -- PASS
=== RUN START: p31_h175_n1000 grf maxeffCons -> idsweep_p31_h175_n1000_grf_eff Sun Sep 13 07:28:54 PDT 2026 ===
  env set:   FS_S7_FIELD_COMPLEMENT=TRUE FS_S7_FIELD_SCALEC=selected FS_S7_FIELD_DECOMP=TRUE FS_S7_FIELD_RECOV=TRUE FS_S7_IJ_RESIDUAL=two_term FS_S7_FB=none FS_S7_WORKERS=12 FS_S7_MR=FALSE FS_S7_CAMPAIGN=idsweep FS_S7_MODE=batch FS_S7_START=1 FS_S7_NSIMS=500 FS_S7_HR=1.75 FS_S7_N=1000 FS_S7_FOCUS=maxeffCons FS_S7_METHOD=grf FS_S7_Z1Q=0.60
  env unset: FS_S7_ER_JCUTS FS_S7_NBHD
WALL_SECONDS=166 RC=0 OUT=idsweep_p31_h175_n1000_grf_eff
GATE A idsweep_p31_h175_n1000_grf_eff: 44 passes, 0 failures -- PASS
CELL DONE: p31_h175_n1000  wall=3255s
GATE I p31_h175_n1000: 293 checks passed, 0 failed -- PASS
=== RE-PROJECTION before cell 12 (p31_h175_n1500) at elapsed 7.52 h ===
render overhead: 43.1 s per render -- realized median over 176 renders (11 cells)
realized cells (s):
            cell compute_s wall_s
  p124_h150_n500      1010   1798
 p124_h150_n1000      1299   1956
 p124_h150_n1500      1534   2090
   p31_h150_n500      1724   2517
  p31_h150_n1000      2296   3035
  p31_h150_n1500      2760   3448
  p124_h175_n500      1049   1810
 p124_h175_n1000      1365   1993
 p124_h175_n1500      1623   2182
   p31_h175_n500      1866   2615
  p31_h175_n1000      2567   3239
            cell compute_s overhead_s wall_s finish_h
  p31_h175_n1500      3030        689   3719     8.55
  p124_h100_n500       943        689   1632     9.01
 p124_h100_n1000      1059        689   1748     9.49
 p124_h100_n1500      1190        689   1879    10.01
   p31_h100_n500      1276        689   1965    10.56
  p31_h100_n1000      1671        689   2360    11.21
  p31_h100_n1500      2030        689   2720    11.97
                                        anchors
                                 p31_h150_n1500
 p124_h150_n500(flat:cross-host)/p124_h150_n500
                                p124_h150_n1000
                                p124_h150_n1500
                                  p31_h150_n500
                                 p31_h150_n1000
                                 p31_h150_n1500
projected: all remaining finish at 11.97 h; 7 of 7 remaining fit under the ceiling in order
DECISION cell 12 p31_h175_n1500: elapsed 7.52 h + projected 3719 s = 8.55 h vs ceiling 13.00 h -> GO
=== CELL START: p31_h175_n1500 (z1q='0.60' n=1500 hr=1.75) Sun Sep 13 07:31:43 PDT 2026 ; elapsed 27068s ===
vm.swapusage: total = 0.00M  used = 0.00M  free = 0.00M  (encrypted)
System-wide memory free percentage: 86%
=== RUN START: p31_h175_n1500 consistency effMaxSG -> idsweep_p31_h175_n1500_consistency_effMaxSG Sun Sep 13 07:31:43 PDT 2026 ===
  env set:   FS_S7_FIELD_COMPLEMENT=TRUE FS_S7_FIELD_SCALEC=selected FS_S7_FIELD_DECOMP=TRUE FS_S7_FIELD_RECOV=TRUE FS_S7_IJ_RESIDUAL=two_term FS_S7_FB=none FS_S7_WORKERS=12 FS_S7_MR=FALSE FS_S7_CAMPAIGN=idsweep FS_S7_MODE=batch FS_S7_START=1 FS_S7_NSIMS=500 FS_S7_HR=1.75 FS_S7_N=1500 FS_S7_FOCUS=effMaxSG FS_S7_NBHD=0.20 FS_S7_Z1Q=0.60
  env unset: FS_S7_ER_JCUTS FS_S7_METHOD
WALL_SECONDS=243 RC=0 OUT=idsweep_p31_h175_n1500_consistency_effMaxSG
GATE A idsweep_p31_h175_n1500_consistency_effMaxSG: 38 passes, 0 failures -- PASS
=== RUN START: p31_h175_n1500 consistency effMinSG -> idsweep_p31_h175_n1500_consistency_effMinSG Sun Sep 13 07:35:47 PDT 2026 ===
  env set:   FS_S7_FIELD_COMPLEMENT=TRUE FS_S7_FIELD_SCALEC=selected FS_S7_FIELD_DECOMP=TRUE FS_S7_FIELD_RECOV=TRUE FS_S7_IJ_RESIDUAL=two_term FS_S7_FB=none FS_S7_WORKERS=12 FS_S7_MR=FALSE FS_S7_CAMPAIGN=idsweep FS_S7_MODE=batch FS_S7_START=1 FS_S7_NSIMS=500 FS_S7_HR=1.75 FS_S7_N=1500 FS_S7_FOCUS=effMinSG FS_S7_NBHD=0.20 FS_S7_Z1Q=0.60
  env unset: FS_S7_ER_JCUTS FS_S7_METHOD
WALL_SECONDS=239 RC=0 OUT=idsweep_p31_h175_n1500_consistency_effMinSG
GATE A idsweep_p31_h175_n1500_consistency_effMinSG: 38 passes, 0 failures -- PASS
=== RUN START: p31_h175_n1500 consistency maxeffCons -> idsweep_p31_h175_n1500_consistency_maxeffCons Sun Sep 13 07:39:47 PDT 2026 ===
  env set:   FS_S7_FIELD_COMPLEMENT=TRUE FS_S7_FIELD_SCALEC=selected FS_S7_FIELD_DECOMP=TRUE FS_S7_FIELD_RECOV=TRUE FS_S7_IJ_RESIDUAL=two_term FS_S7_FB=none FS_S7_WORKERS=12 FS_S7_MR=FALSE FS_S7_CAMPAIGN=idsweep FS_S7_MODE=batch FS_S7_START=1 FS_S7_NSIMS=500 FS_S7_HR=1.75 FS_S7_N=1500 FS_S7_FOCUS=maxeffCons FS_S7_Z1Q=0.60
  env unset: FS_S7_ER_JCUTS FS_S7_NBHD FS_S7_METHOD
WALL_SECONDS=240 RC=0 OUT=idsweep_p31_h175_n1500_consistency_maxeffCons
GATE A idsweep_p31_h175_n1500_consistency_maxeffCons: 38 passes, 0 failures -- PASS
=== RUN START: p31_h175_n1500 consistency maxeff -> idsweep_p31_h175_n1500_consistency_maxeff Sun Sep 13 07:43:47 PDT 2026 ===
  env set:   FS_S7_FIELD_COMPLEMENT=TRUE FS_S7_FIELD_SCALEC=selected FS_S7_FIELD_DECOMP=TRUE FS_S7_FIELD_RECOV=TRUE FS_S7_IJ_RESIDUAL=two_term FS_S7_FB=none FS_S7_WORKERS=12 FS_S7_MR=FALSE FS_S7_CAMPAIGN=idsweep FS_S7_MODE=batch FS_S7_START=1 FS_S7_NSIMS=500 FS_S7_HR=1.75 FS_S7_N=1500 FS_S7_FOCUS=maxeff FS_S7_Z1Q=0.60
  env unset: FS_S7_ER_JCUTS FS_S7_NBHD FS_S7_METHOD
WALL_SECONDS=191 RC=0 OUT=idsweep_p31_h175_n1500_consistency_maxeff
GATE A idsweep_p31_h175_n1500_consistency_maxeff: 38 passes, 0 failures -- PASS
=== RUN START: p31_h175_n1500 consistency maxSG -> idsweep_p31_h175_n1500_consistency_maxSG Sun Sep 13 07:46:59 PDT 2026 ===
  env set:   FS_S7_FIELD_COMPLEMENT=TRUE FS_S7_FIELD_SCALEC=selected FS_S7_FIELD_DECOMP=TRUE FS_S7_FIELD_RECOV=TRUE FS_S7_IJ_RESIDUAL=two_term FS_S7_FB=none FS_S7_WORKERS=12 FS_S7_MR=FALSE FS_S7_CAMPAIGN=idsweep FS_S7_MODE=batch FS_S7_START=1 FS_S7_NSIMS=500 FS_S7_HR=1.75 FS_S7_N=1500 FS_S7_FOCUS=maxSG FS_S7_Z1Q=0.60
  env unset: FS_S7_ER_JCUTS FS_S7_NBHD FS_S7_METHOD
WALL_SECONDS=232 RC=0 OUT=idsweep_p31_h175_n1500_consistency_maxSG
GATE A idsweep_p31_h175_n1500_consistency_maxSG: 38 passes, 0 failures -- PASS
=== RUN START: p31_h175_n1500 consistency minSG -> idsweep_p31_h175_n1500_consistency_minSG Sun Sep 13 07:50:52 PDT 2026 ===
  env set:   FS_S7_FIELD_COMPLEMENT=TRUE FS_S7_FIELD_SCALEC=selected FS_S7_FIELD_DECOMP=TRUE FS_S7_FIELD_RECOV=TRUE FS_S7_IJ_RESIDUAL=two_term FS_S7_FB=none FS_S7_WORKERS=12 FS_S7_MR=FALSE FS_S7_CAMPAIGN=idsweep FS_S7_MODE=batch FS_S7_START=1 FS_S7_NSIMS=500 FS_S7_HR=1.75 FS_S7_N=1500 FS_S7_FOCUS=minSG FS_S7_Z1Q=0.60
  env unset: FS_S7_ER_JCUTS FS_S7_NBHD FS_S7_METHOD
WALL_SECONDS=271 RC=0 OUT=idsweep_p31_h175_n1500_consistency_minSG
GATE A idsweep_p31_h175_n1500_consistency_minSG: 38 passes, 0 failures -- PASS
=== RUN START: p31_h175_n1500 dina effMaxSG -> idsweep_p31_h175_n1500_dina_effMaxSG Sun Sep 13 07:55:24 PDT 2026 ===
  env set:   FS_S7_FIELD_COMPLEMENT=TRUE FS_S7_FIELD_SCALEC=selected FS_S7_FIELD_DECOMP=TRUE FS_S7_FIELD_RECOV=TRUE FS_S7_IJ_RESIDUAL=two_term FS_S7_FB=none FS_S7_WORKERS=12 FS_S7_MR=FALSE FS_S7_CAMPAIGN=idsweep FS_S7_MODE=batch FS_S7_START=1 FS_S7_NSIMS=500 FS_S7_HR=1.75 FS_S7_N=1500 FS_S7_FOCUS=effMaxSG FS_S7_NBHD=0.20 FS_S7_METHOD=dina FS_S7_Z1Q=0.60
  env unset: FS_S7_ER_JCUTS
WALL_SECONDS=269 RC=0 OUT=idsweep_p31_h175_n1500_dina_effMaxSG
GATE A idsweep_p31_h175_n1500_dina_effMaxSG: 38 passes, 0 failures -- PASS
=== RUN START: p31_h175_n1500 dina effMinSG -> idsweep_p31_h175_n1500_dina_effMinSG Sun Sep 13 07:59:54 PDT 2026 ===
  env set:   FS_S7_FIELD_COMPLEMENT=TRUE FS_S7_FIELD_SCALEC=selected FS_S7_FIELD_DECOMP=TRUE FS_S7_FIELD_RECOV=TRUE FS_S7_IJ_RESIDUAL=two_term FS_S7_FB=none FS_S7_WORKERS=12 FS_S7_MR=FALSE FS_S7_CAMPAIGN=idsweep FS_S7_MODE=batch FS_S7_START=1 FS_S7_NSIMS=500 FS_S7_HR=1.75 FS_S7_N=1500 FS_S7_FOCUS=effMinSG FS_S7_NBHD=0.20 FS_S7_METHOD=dina FS_S7_Z1Q=0.60
  env unset: FS_S7_ER_JCUTS
WALL_SECONDS=257 RC=0 OUT=idsweep_p31_h175_n1500_dina_effMinSG
GATE A idsweep_p31_h175_n1500_dina_effMinSG: 38 passes, 0 failures -- PASS
=== RUN START: p31_h175_n1500 dina maxSG -> idsweep_p31_h175_n1500_dina_maxSG Sun Sep 13 08:04:12 PDT 2026 ===
  env set:   FS_S7_FIELD_COMPLEMENT=TRUE FS_S7_FIELD_SCALEC=selected FS_S7_FIELD_DECOMP=TRUE FS_S7_FIELD_RECOV=TRUE FS_S7_IJ_RESIDUAL=two_term FS_S7_FB=none FS_S7_WORKERS=12 FS_S7_MR=FALSE FS_S7_CAMPAIGN=idsweep FS_S7_MODE=batch FS_S7_START=1 FS_S7_NSIMS=500 FS_S7_HR=1.75 FS_S7_N=1500 FS_S7_FOCUS=maxSG FS_S7_METHOD=dina FS_S7_Z1Q=0.60
  env unset: FS_S7_ER_JCUTS FS_S7_NBHD
WALL_SECONDS=247 RC=0 OUT=idsweep_p31_h175_n1500_dina_maxSG
GATE A idsweep_p31_h175_n1500_dina_maxSG: 38 passes, 0 failures -- PASS
=== RUN START: p31_h175_n1500 dina minSG -> idsweep_p31_h175_n1500_dina_minSG Sun Sep 13 08:08:20 PDT 2026 ===
  env set:   FS_S7_FIELD_COMPLEMENT=TRUE FS_S7_FIELD_SCALEC=selected FS_S7_FIELD_DECOMP=TRUE FS_S7_FIELD_RECOV=TRUE FS_S7_IJ_RESIDUAL=two_term FS_S7_FB=none FS_S7_WORKERS=12 FS_S7_MR=FALSE FS_S7_CAMPAIGN=idsweep FS_S7_MODE=batch FS_S7_START=1 FS_S7_NSIMS=500 FS_S7_HR=1.75 FS_S7_N=1500 FS_S7_FOCUS=minSG FS_S7_METHOD=dina FS_S7_Z1Q=0.60
  env unset: FS_S7_ER_JCUTS FS_S7_NBHD
WALL_SECONDS=264 RC=0 OUT=idsweep_p31_h175_n1500_dina_minSG
GATE A idsweep_p31_h175_n1500_dina_minSG: 38 passes, 0 failures -- PASS
=== RUN START: p31_h175_n1500 dina maxeffCons -> idsweep_p31_h175_n1500_dina_eff Sun Sep 13 08:12:45 PDT 2026 ===
  env set:   FS_S7_FIELD_COMPLEMENT=TRUE FS_S7_FIELD_SCALEC=selected FS_S7_FIELD_DECOMP=TRUE FS_S7_FIELD_RECOV=TRUE FS_S7_IJ_RESIDUAL=two_term FS_S7_FB=none FS_S7_WORKERS=12 FS_S7_MR=FALSE FS_S7_CAMPAIGN=idsweep FS_S7_MODE=batch FS_S7_START=1 FS_S7_NSIMS=500 FS_S7_HR=1.75 FS_S7_N=1500 FS_S7_FOCUS=maxeffCons FS_S7_METHOD=dina FS_S7_Z1Q=0.60
  env unset: FS_S7_ER_JCUTS FS_S7_NBHD
WALL_SECONDS=256 RC=0 OUT=idsweep_p31_h175_n1500_dina_eff
GATE A idsweep_p31_h175_n1500_dina_eff: 38 passes, 0 failures -- PASS
=== RUN START: p31_h175_n1500 grf effMaxSG -> idsweep_p31_h175_n1500_grf_effMaxSG Sun Sep 13 08:17:02 PDT 2026 ===
  env set:   FS_S7_FIELD_COMPLEMENT=TRUE FS_S7_FIELD_SCALEC=selected FS_S7_FIELD_DECOMP=TRUE FS_S7_FIELD_RECOV=TRUE FS_S7_IJ_RESIDUAL=two_term FS_S7_FB=none FS_S7_WORKERS=12 FS_S7_MR=FALSE FS_S7_CAMPAIGN=idsweep FS_S7_MODE=batch FS_S7_START=1 FS_S7_NSIMS=500 FS_S7_HR=1.75 FS_S7_N=1500 FS_S7_FOCUS=effMaxSG FS_S7_NBHD=0.20 FS_S7_METHOD=grf FS_S7_Z1Q=0.60
  env unset: FS_S7_ER_JCUTS
WALL_SECONDS=208 RC=0 OUT=idsweep_p31_h175_n1500_grf_effMaxSG
GATE A idsweep_p31_h175_n1500_grf_effMaxSG: 44 passes, 0 failures -- PASS
=== RUN START: p31_h175_n1500 grf effMinSG -> idsweep_p31_h175_n1500_grf_effMinSG Sun Sep 13 08:20:31 PDT 2026 ===
  env set:   FS_S7_FIELD_COMPLEMENT=TRUE FS_S7_FIELD_SCALEC=selected FS_S7_FIELD_DECOMP=TRUE FS_S7_FIELD_RECOV=TRUE FS_S7_IJ_RESIDUAL=two_term FS_S7_FB=none FS_S7_WORKERS=12 FS_S7_MR=FALSE FS_S7_CAMPAIGN=idsweep FS_S7_MODE=batch FS_S7_START=1 FS_S7_NSIMS=500 FS_S7_HR=1.75 FS_S7_N=1500 FS_S7_FOCUS=effMinSG FS_S7_NBHD=0.20 FS_S7_METHOD=grf FS_S7_Z1Q=0.60
  env unset: FS_S7_ER_JCUTS
WALL_SECONDS=203 RC=0 OUT=idsweep_p31_h175_n1500_grf_effMinSG
GATE A idsweep_p31_h175_n1500_grf_effMinSG: 44 passes, 0 failures -- PASS
=== RUN START: p31_h175_n1500 grf maxSG -> idsweep_p31_h175_n1500_grf_maxSG Sun Sep 13 08:23:55 PDT 2026 ===
  env set:   FS_S7_FIELD_COMPLEMENT=TRUE FS_S7_FIELD_SCALEC=selected FS_S7_FIELD_DECOMP=TRUE FS_S7_FIELD_RECOV=TRUE FS_S7_IJ_RESIDUAL=two_term FS_S7_FB=none FS_S7_WORKERS=12 FS_S7_MR=FALSE FS_S7_CAMPAIGN=idsweep FS_S7_MODE=batch FS_S7_START=1 FS_S7_NSIMS=500 FS_S7_HR=1.75 FS_S7_N=1500 FS_S7_FOCUS=maxSG FS_S7_METHOD=grf FS_S7_Z1Q=0.60
  env unset: FS_S7_ER_JCUTS FS_S7_NBHD
WALL_SECONDS=196 RC=0 OUT=idsweep_p31_h175_n1500_grf_maxSG
GATE A idsweep_p31_h175_n1500_grf_maxSG: 44 passes, 0 failures -- PASS
=== RUN START: p31_h175_n1500 grf minSG -> idsweep_p31_h175_n1500_grf_minSG Sun Sep 13 08:27:12 PDT 2026 ===
  env set:   FS_S7_FIELD_COMPLEMENT=TRUE FS_S7_FIELD_SCALEC=selected FS_S7_FIELD_DECOMP=TRUE FS_S7_FIELD_RECOV=TRUE FS_S7_IJ_RESIDUAL=two_term FS_S7_FB=none FS_S7_WORKERS=12 FS_S7_MR=FALSE FS_S7_CAMPAIGN=idsweep FS_S7_MODE=batch FS_S7_START=1 FS_S7_NSIMS=500 FS_S7_HR=1.75 FS_S7_N=1500 FS_S7_FOCUS=minSG FS_S7_METHOD=grf FS_S7_Z1Q=0.60
  env unset: FS_S7_ER_JCUTS FS_S7_NBHD
WALL_SECONDS=213 RC=0 OUT=idsweep_p31_h175_n1500_grf_minSG
GATE A idsweep_p31_h175_n1500_grf_minSG: 44 passes, 0 failures -- PASS
=== RUN START: p31_h175_n1500 grf maxeffCons -> idsweep_p31_h175_n1500_grf_eff Sun Sep 13 08:30:46 PDT 2026 ===
  env set:   FS_S7_FIELD_COMPLEMENT=TRUE FS_S7_FIELD_SCALEC=selected FS_S7_FIELD_DECOMP=TRUE FS_S7_FIELD_RECOV=TRUE FS_S7_IJ_RESIDUAL=two_term FS_S7_FB=none FS_S7_WORKERS=12 FS_S7_MR=FALSE FS_S7_CAMPAIGN=idsweep FS_S7_MODE=batch FS_S7_START=1 FS_S7_NSIMS=500 FS_S7_HR=1.75 FS_S7_N=1500 FS_S7_FOCUS=maxeffCons FS_S7_METHOD=grf FS_S7_Z1Q=0.60
  env unset: FS_S7_ER_JCUTS FS_S7_NBHD
WALL_SECONDS=206 RC=0 OUT=idsweep_p31_h175_n1500_grf_eff
GATE A idsweep_p31_h175_n1500_grf_eff: 44 passes, 0 failures -- PASS
CELL DONE: p31_h175_n1500  wall=3750s
GATE I p31_h175_n1500: 293 checks passed, 0 failed -- PASS
=== RE-PROJECTION before cell 13 (p124_h100_n500) at elapsed 8.56 h ===
render overhead: 42.5 s per render -- realized median over 192 renders (12 cells)
realized cells (s):
            cell compute_s wall_s
  p124_h150_n500      1010   1798
 p124_h150_n1000      1299   1956
 p124_h150_n1500      1534   2090
   p31_h150_n500      1724   2517
  p31_h150_n1000      2296   3035
  p31_h150_n1500      2760   3448
  p124_h175_n500      1049   1810
 p124_h175_n1000      1365   1993
 p124_h175_n1500      1623   2182
   p31_h175_n500      1866   2615
  p31_h175_n1000      2567   3239
  p31_h175_n1500      3115   3735
            cell compute_s overhead_s wall_s finish_h
  p124_h100_n500       943        681   1624     9.01
 p124_h100_n1000      1059        681   1740     9.50
 p124_h100_n1500      1190        681   1870    10.01
   p31_h100_n500      1276        681   1957    10.56
  p31_h100_n1000      1671        681   2351    11.21
  p31_h100_n1500      2030        681   2711    11.96
                                        anchors
 p124_h150_n500(flat:cross-host)/p124_h150_n500
                                p124_h150_n1000
                                p124_h150_n1500
                                  p31_h150_n500
                                 p31_h150_n1000
                                 p31_h150_n1500
projected: all remaining finish at 11.96 h; 6 of 6 remaining fit under the ceiling in order
DECISION cell 13 p124_h100_n500: elapsed 8.56 h + projected 1624 s = 9.01 h vs ceiling 13.00 h -> GO
=== CELL START: p124_h100_n500 (z1q='' n=500 hr=1.00) Sun Sep 13 08:34:15 PDT 2026 ; elapsed 30820s ===
vm.swapusage: total = 0.00M  used = 0.00M  free = 0.00M  (encrypted)
System-wide memory free percentage: 86%
=== RUN START: p124_h100_n500 consistency effMaxSG -> idsweep_p124_h100_n500_consistency_effMaxSG Sun Sep 13 08:34:15 PDT 2026 ===
  env set:   FS_S7_FIELD_COMPLEMENT=TRUE FS_S7_FIELD_SCALEC=selected FS_S7_FIELD_DECOMP=TRUE FS_S7_FIELD_RECOV=TRUE FS_S7_IJ_RESIDUAL=two_term FS_S7_FB=none FS_S7_WORKERS=12 FS_S7_MR=FALSE FS_S7_CAMPAIGN=idsweep FS_S7_MODE=batch FS_S7_START=1 FS_S7_NSIMS=500 FS_S7_HR=1.00 FS_S7_N=500 FS_S7_FOCUS=effMaxSG FS_S7_NBHD=0.20
  env unset: FS_S7_ER_JCUTS FS_S7_METHOD FS_S7_Z1Q
WALL_SECONDS=100 RC=0 OUT=idsweep_p124_h100_n500_consistency_effMaxSG
GATE A idsweep_p124_h100_n500_consistency_effMaxSG: 38 passes, 0 failures -- PASS
=== RUN START: p124_h100_n500 consistency effMinSG -> idsweep_p124_h100_n500_consistency_effMinSG Sun Sep 13 08:35:56 PDT 2026 ===
  env set:   FS_S7_FIELD_COMPLEMENT=TRUE FS_S7_FIELD_SCALEC=selected FS_S7_FIELD_DECOMP=TRUE FS_S7_FIELD_RECOV=TRUE FS_S7_IJ_RESIDUAL=two_term FS_S7_FB=none FS_S7_WORKERS=12 FS_S7_MR=FALSE FS_S7_CAMPAIGN=idsweep FS_S7_MODE=batch FS_S7_START=1 FS_S7_NSIMS=500 FS_S7_HR=1.00 FS_S7_N=500 FS_S7_FOCUS=effMinSG FS_S7_NBHD=0.20
  env unset: FS_S7_ER_JCUTS FS_S7_METHOD FS_S7_Z1Q
WALL_SECONDS=95 RC=0 OUT=idsweep_p124_h100_n500_consistency_effMinSG
GATE A idsweep_p124_h100_n500_consistency_effMinSG: 38 passes, 0 failures -- PASS
=== RUN START: p124_h100_n500 consistency maxeffCons -> idsweep_p124_h100_n500_consistency_maxeffCons Sun Sep 13 08:37:32 PDT 2026 ===
  env set:   FS_S7_FIELD_COMPLEMENT=TRUE FS_S7_FIELD_SCALEC=selected FS_S7_FIELD_DECOMP=TRUE FS_S7_FIELD_RECOV=TRUE FS_S7_IJ_RESIDUAL=two_term FS_S7_FB=none FS_S7_WORKERS=12 FS_S7_MR=FALSE FS_S7_CAMPAIGN=idsweep FS_S7_MODE=batch FS_S7_START=1 FS_S7_NSIMS=500 FS_S7_HR=1.00 FS_S7_N=500 FS_S7_FOCUS=maxeffCons
  env unset: FS_S7_ER_JCUTS FS_S7_NBHD FS_S7_METHOD FS_S7_Z1Q
WALL_SECONDS=97 RC=0 OUT=idsweep_p124_h100_n500_consistency_maxeffCons
GATE A idsweep_p124_h100_n500_consistency_maxeffCons: 38 passes, 0 failures -- PASS
=== RUN START: p124_h100_n500 consistency maxeff -> idsweep_p124_h100_n500_consistency_maxeff Sun Sep 13 08:39:10 PDT 2026 ===
  env set:   FS_S7_FIELD_COMPLEMENT=TRUE FS_S7_FIELD_SCALEC=selected FS_S7_FIELD_DECOMP=TRUE FS_S7_FIELD_RECOV=TRUE FS_S7_IJ_RESIDUAL=two_term FS_S7_FB=none FS_S7_WORKERS=12 FS_S7_MR=FALSE FS_S7_CAMPAIGN=idsweep FS_S7_MODE=batch FS_S7_START=1 FS_S7_NSIMS=500 FS_S7_HR=1.00 FS_S7_N=500 FS_S7_FOCUS=maxeff
  env unset: FS_S7_ER_JCUTS FS_S7_NBHD FS_S7_METHOD FS_S7_Z1Q
WALL_SECONDS=156 RC=0 OUT=idsweep_p124_h100_n500_consistency_maxeff
GATE A idsweep_p124_h100_n500_consistency_maxeff: 38 passes, 0 failures -- PASS
=== RUN START: p124_h100_n500 consistency maxSG -> idsweep_p124_h100_n500_consistency_maxSG Sun Sep 13 08:41:47 PDT 2026 ===
  env set:   FS_S7_FIELD_COMPLEMENT=TRUE FS_S7_FIELD_SCALEC=selected FS_S7_FIELD_DECOMP=TRUE FS_S7_FIELD_RECOV=TRUE FS_S7_IJ_RESIDUAL=two_term FS_S7_FB=none FS_S7_WORKERS=12 FS_S7_MR=FALSE FS_S7_CAMPAIGN=idsweep FS_S7_MODE=batch FS_S7_START=1 FS_S7_NSIMS=500 FS_S7_HR=1.00 FS_S7_N=500 FS_S7_FOCUS=maxSG
  env unset: FS_S7_ER_JCUTS FS_S7_NBHD FS_S7_METHOD FS_S7_Z1Q
WALL_SECONDS=100 RC=0 OUT=idsweep_p124_h100_n500_consistency_maxSG
GATE A idsweep_p124_h100_n500_consistency_maxSG: 38 passes, 0 failures -- PASS
=== RUN START: p124_h100_n500 consistency minSG -> idsweep_p124_h100_n500_consistency_minSG Sun Sep 13 08:43:28 PDT 2026 ===
  env set:   FS_S7_FIELD_COMPLEMENT=TRUE FS_S7_FIELD_SCALEC=selected FS_S7_FIELD_DECOMP=TRUE FS_S7_FIELD_RECOV=TRUE FS_S7_IJ_RESIDUAL=two_term FS_S7_FB=none FS_S7_WORKERS=12 FS_S7_MR=FALSE FS_S7_CAMPAIGN=idsweep FS_S7_MODE=batch FS_S7_START=1 FS_S7_NSIMS=500 FS_S7_HR=1.00 FS_S7_N=500 FS_S7_FOCUS=minSG
  env unset: FS_S7_ER_JCUTS FS_S7_NBHD FS_S7_METHOD FS_S7_Z1Q
WALL_SECONDS=95 RC=0 OUT=idsweep_p124_h100_n500_consistency_minSG
GATE A idsweep_p124_h100_n500_consistency_minSG: 38 passes, 0 failures -- PASS
=== RUN START: p124_h100_n500 dina effMaxSG -> idsweep_p124_h100_n500_dina_effMaxSG Sun Sep 13 08:45:04 PDT 2026 ===
  env set:   FS_S7_FIELD_COMPLEMENT=TRUE FS_S7_FIELD_SCALEC=selected FS_S7_FIELD_DECOMP=TRUE FS_S7_FIELD_RECOV=TRUE FS_S7_IJ_RESIDUAL=two_term FS_S7_FB=none FS_S7_WORKERS=12 FS_S7_MR=FALSE FS_S7_CAMPAIGN=idsweep FS_S7_MODE=batch FS_S7_START=1 FS_S7_NSIMS=500 FS_S7_HR=1.00 FS_S7_N=500 FS_S7_FOCUS=effMaxSG FS_S7_NBHD=0.20 FS_S7_METHOD=dina
  env unset: FS_S7_ER_JCUTS FS_S7_Z1Q
WALL_SECONDS=62 RC=0 OUT=idsweep_p124_h100_n500_dina_effMaxSG
GATE A idsweep_p124_h100_n500_dina_effMaxSG: 38 passes, 0 failures -- PASS
=== RUN START: p124_h100_n500 dina effMinSG -> idsweep_p124_h100_n500_dina_effMinSG Sun Sep 13 08:46:07 PDT 2026 ===
  env set:   FS_S7_FIELD_COMPLEMENT=TRUE FS_S7_FIELD_SCALEC=selected FS_S7_FIELD_DECOMP=TRUE FS_S7_FIELD_RECOV=TRUE FS_S7_IJ_RESIDUAL=two_term FS_S7_FB=none FS_S7_WORKERS=12 FS_S7_MR=FALSE FS_S7_CAMPAIGN=idsweep FS_S7_MODE=batch FS_S7_START=1 FS_S7_NSIMS=500 FS_S7_HR=1.00 FS_S7_N=500 FS_S7_FOCUS=effMinSG FS_S7_NBHD=0.20 FS_S7_METHOD=dina
  env unset: FS_S7_ER_JCUTS FS_S7_Z1Q
WALL_SECONDS=57 RC=0 OUT=idsweep_p124_h100_n500_dina_effMinSG
GATE A idsweep_p124_h100_n500_dina_effMinSG: 38 passes, 0 failures -- PASS
=== RUN START: p124_h100_n500 dina maxSG -> idsweep_p124_h100_n500_dina_maxSG Sun Sep 13 08:47:05 PDT 2026 ===
  env set:   FS_S7_FIELD_COMPLEMENT=TRUE FS_S7_FIELD_SCALEC=selected FS_S7_FIELD_DECOMP=TRUE FS_S7_FIELD_RECOV=TRUE FS_S7_IJ_RESIDUAL=two_term FS_S7_FB=none FS_S7_WORKERS=12 FS_S7_MR=FALSE FS_S7_CAMPAIGN=idsweep FS_S7_MODE=batch FS_S7_START=1 FS_S7_NSIMS=500 FS_S7_HR=1.00 FS_S7_N=500 FS_S7_FOCUS=maxSG FS_S7_METHOD=dina
  env unset: FS_S7_ER_JCUTS FS_S7_NBHD FS_S7_Z1Q
WALL_SECONDS=61 RC=0 OUT=idsweep_p124_h100_n500_dina_maxSG
GATE A idsweep_p124_h100_n500_dina_maxSG: 38 passes, 0 failures -- PASS
=== RUN START: p124_h100_n500 dina minSG -> idsweep_p124_h100_n500_dina_minSG Sun Sep 13 08:48:07 PDT 2026 ===
  env set:   FS_S7_FIELD_COMPLEMENT=TRUE FS_S7_FIELD_SCALEC=selected FS_S7_FIELD_DECOMP=TRUE FS_S7_FIELD_RECOV=TRUE FS_S7_IJ_RESIDUAL=two_term FS_S7_FB=none FS_S7_WORKERS=12 FS_S7_MR=FALSE FS_S7_CAMPAIGN=idsweep FS_S7_MODE=batch FS_S7_START=1 FS_S7_NSIMS=500 FS_S7_HR=1.00 FS_S7_N=500 FS_S7_FOCUS=minSG FS_S7_METHOD=dina
  env unset: FS_S7_ER_JCUTS FS_S7_NBHD FS_S7_Z1Q
WALL_SECONDS=60 RC=0 OUT=idsweep_p124_h100_n500_dina_minSG
GATE A idsweep_p124_h100_n500_dina_minSG: 38 passes, 0 failures -- PASS
=== RUN START: p124_h100_n500 dina maxeffCons -> idsweep_p124_h100_n500_dina_eff Sun Sep 13 08:49:08 PDT 2026 ===
  env set:   FS_S7_FIELD_COMPLEMENT=TRUE FS_S7_FIELD_SCALEC=selected FS_S7_FIELD_DECOMP=TRUE FS_S7_FIELD_RECOV=TRUE FS_S7_IJ_RESIDUAL=two_term FS_S7_FB=none FS_S7_WORKERS=12 FS_S7_MR=FALSE FS_S7_CAMPAIGN=idsweep FS_S7_MODE=batch FS_S7_START=1 FS_S7_NSIMS=500 FS_S7_HR=1.00 FS_S7_N=500 FS_S7_FOCUS=maxeffCons FS_S7_METHOD=dina
  env unset: FS_S7_ER_JCUTS FS_S7_NBHD FS_S7_Z1Q
WALL_SECONDS=59 RC=0 OUT=idsweep_p124_h100_n500_dina_eff
GATE A idsweep_p124_h100_n500_dina_eff: 38 passes, 0 failures -- PASS
=== RUN START: p124_h100_n500 grf effMaxSG -> idsweep_p124_h100_n500_grf_effMaxSG Sun Sep 13 08:50:08 PDT 2026 ===
  env set:   FS_S7_FIELD_COMPLEMENT=TRUE FS_S7_FIELD_SCALEC=selected FS_S7_FIELD_DECOMP=TRUE FS_S7_FIELD_RECOV=TRUE FS_S7_IJ_RESIDUAL=two_term FS_S7_FB=none FS_S7_WORKERS=12 FS_S7_MR=FALSE FS_S7_CAMPAIGN=idsweep FS_S7_MODE=batch FS_S7_START=1 FS_S7_NSIMS=500 FS_S7_HR=1.00 FS_S7_N=500 FS_S7_FOCUS=effMaxSG FS_S7_NBHD=0.20 FS_S7_METHOD=grf
  env unset: FS_S7_ER_JCUTS FS_S7_Z1Q
WALL_SECONDS=164 RC=0 OUT=idsweep_p124_h100_n500_grf_effMaxSG
GATE A idsweep_p124_h100_n500_grf_effMaxSG: 44 passes, 0 failures -- PASS
=== RUN START: p124_h100_n500 grf effMinSG -> idsweep_p124_h100_n500_grf_effMinSG Sun Sep 13 08:52:53 PDT 2026 ===
  env set:   FS_S7_FIELD_COMPLEMENT=TRUE FS_S7_FIELD_SCALEC=selected FS_S7_FIELD_DECOMP=TRUE FS_S7_FIELD_RECOV=TRUE FS_S7_IJ_RESIDUAL=two_term FS_S7_FB=none FS_S7_WORKERS=12 FS_S7_MR=FALSE FS_S7_CAMPAIGN=idsweep FS_S7_MODE=batch FS_S7_START=1 FS_S7_NSIMS=500 FS_S7_HR=1.00 FS_S7_N=500 FS_S7_FOCUS=effMinSG FS_S7_NBHD=0.20 FS_S7_METHOD=grf
  env unset: FS_S7_ER_JCUTS FS_S7_Z1Q
WALL_SECONDS=150 RC=0 OUT=idsweep_p124_h100_n500_grf_effMinSG
GATE A idsweep_p124_h100_n500_grf_effMinSG: 44 passes, 0 failures -- PASS
=== RUN START: p124_h100_n500 grf maxSG -> idsweep_p124_h100_n500_grf_maxSG Sun Sep 13 08:55:24 PDT 2026 ===
  env set:   FS_S7_FIELD_COMPLEMENT=TRUE FS_S7_FIELD_SCALEC=selected FS_S7_FIELD_DECOMP=TRUE FS_S7_FIELD_RECOV=TRUE FS_S7_IJ_RESIDUAL=two_term FS_S7_FB=none FS_S7_WORKERS=12 FS_S7_MR=FALSE FS_S7_CAMPAIGN=idsweep FS_S7_MODE=batch FS_S7_START=1 FS_S7_NSIMS=500 FS_S7_HR=1.00 FS_S7_N=500 FS_S7_FOCUS=maxSG FS_S7_METHOD=grf
  env unset: FS_S7_ER_JCUTS FS_S7_NBHD FS_S7_Z1Q
WALL_SECONDS=143 RC=0 OUT=idsweep_p124_h100_n500_grf_maxSG
GATE A idsweep_p124_h100_n500_grf_maxSG: 44 passes, 0 failures -- PASS
=== RUN START: p124_h100_n500 grf minSG -> idsweep_p124_h100_n500_grf_minSG Sun Sep 13 08:57:48 PDT 2026 ===
  env set:   FS_S7_FIELD_COMPLEMENT=TRUE FS_S7_FIELD_SCALEC=selected FS_S7_FIELD_DECOMP=TRUE FS_S7_FIELD_RECOV=TRUE FS_S7_IJ_RESIDUAL=two_term FS_S7_FB=none FS_S7_WORKERS=12 FS_S7_MR=FALSE FS_S7_CAMPAIGN=idsweep FS_S7_MODE=batch FS_S7_START=1 FS_S7_NSIMS=500 FS_S7_HR=1.00 FS_S7_N=500 FS_S7_FOCUS=minSG FS_S7_METHOD=grf
  env unset: FS_S7_ER_JCUTS FS_S7_NBHD FS_S7_Z1Q
WALL_SECONDS=138 RC=0 OUT=idsweep_p124_h100_n500_grf_minSG
GATE A idsweep_p124_h100_n500_grf_minSG: 44 passes, 0 failures -- PASS
=== RUN START: p124_h100_n500 grf maxeffCons -> idsweep_p124_h100_n500_grf_eff Sun Sep 13 09:00:07 PDT 2026 ===
  env set:   FS_S7_FIELD_COMPLEMENT=TRUE FS_S7_FIELD_SCALEC=selected FS_S7_FIELD_DECOMP=TRUE FS_S7_FIELD_RECOV=TRUE FS_S7_IJ_RESIDUAL=two_term FS_S7_FB=none FS_S7_WORKERS=12 FS_S7_MR=FALSE FS_S7_CAMPAIGN=idsweep FS_S7_MODE=batch FS_S7_START=1 FS_S7_NSIMS=500 FS_S7_HR=1.00 FS_S7_N=500 FS_S7_FOCUS=maxeffCons FS_S7_METHOD=grf
  env unset: FS_S7_ER_JCUTS FS_S7_NBHD FS_S7_Z1Q
WALL_SECONDS=138 RC=0 OUT=idsweep_p124_h100_n500_grf_eff
GATE A idsweep_p124_h100_n500_grf_eff: 44 passes, 0 failures -- PASS
CELL DONE: p124_h100_n500  wall=1691s
GATE I p124_h100_n500: 293 checks passed, 0 failed -- PASS
=== RE-PROJECTION before cell 14 (p124_h100_n1000) at elapsed 9.03 h ===
render overhead: 43.3 s per render -- realized median over 208 renders (13 cells)
realized cells (s):
            cell compute_s wall_s
  p124_h150_n500      1010   1798
 p124_h150_n1000      1299   1956
 p124_h150_n1500      1534   2090
   p31_h150_n500      1724   2517
  p31_h150_n1000      2296   3035
  p31_h150_n1500      2760   3448
  p124_h175_n500      1049   1810
 p124_h175_n1000      1365   1993
 p124_h175_n1500      1623   2182
   p31_h175_n500      1866   2615
  p31_h175_n1000      2567   3239
  p31_h175_n1500      3115   3735
  p124_h100_n500       918   1675
            cell compute_s overhead_s wall_s finish_h         anchors
 p124_h100_n1000      1059        692   1751     9.52 p124_h150_n1000
 p124_h100_n1500      1190        692   1882    10.04 p124_h150_n1500
   p31_h100_n500      1276        692   1968    10.59   p31_h150_n500
  p31_h100_n1000      1671        692   2363    11.24  p31_h150_n1000
  p31_h100_n1500      2030        692   2722    12.00  p31_h150_n1500
projected: all remaining finish at 12.00 h; 5 of 5 remaining fit under the ceiling in order
DECISION cell 14 p124_h100_n1000: elapsed 9.03 h + projected 1751 s = 9.52 h vs ceiling 13.00 h -> GO
=== CELL START: p124_h100_n1000 (z1q='' n=1000 hr=1.00) Sun Sep 13 09:02:27 PDT 2026 ; elapsed 32512s ===
vm.swapusage: total = 0.00M  used = 0.00M  free = 0.00M  (encrypted)
System-wide memory free percentage: 86%
=== RUN START: p124_h100_n1000 consistency effMaxSG -> idsweep_p124_h100_n1000_consistency_effMaxSG Sun Sep 13 09:02:27 PDT 2026 ===
  env set:   FS_S7_FIELD_COMPLEMENT=TRUE FS_S7_FIELD_SCALEC=selected FS_S7_FIELD_DECOMP=TRUE FS_S7_FIELD_RECOV=TRUE FS_S7_IJ_RESIDUAL=two_term FS_S7_FB=none FS_S7_WORKERS=12 FS_S7_MR=FALSE FS_S7_CAMPAIGN=idsweep FS_S7_MODE=batch FS_S7_START=1 FS_S7_NSIMS=500 FS_S7_HR=1.00 FS_S7_N=1000 FS_S7_FOCUS=effMaxSG FS_S7_NBHD=0.20
  env unset: FS_S7_ER_JCUTS FS_S7_METHOD FS_S7_Z1Q
WALL_SECONDS=105 RC=0 OUT=idsweep_p124_h100_n1000_consistency_effMaxSG
GATE A idsweep_p124_h100_n1000_consistency_effMaxSG: 38 passes, 0 failures -- PASS
=== RUN START: p124_h100_n1000 consistency effMinSG -> idsweep_p124_h100_n1000_consistency_effMinSG Sun Sep 13 09:04:13 PDT 2026 ===
  env set:   FS_S7_FIELD_COMPLEMENT=TRUE FS_S7_FIELD_SCALEC=selected FS_S7_FIELD_DECOMP=TRUE FS_S7_FIELD_RECOV=TRUE FS_S7_IJ_RESIDUAL=two_term FS_S7_FB=none FS_S7_WORKERS=12 FS_S7_MR=FALSE FS_S7_CAMPAIGN=idsweep FS_S7_MODE=batch FS_S7_START=1 FS_S7_NSIMS=500 FS_S7_HR=1.00 FS_S7_N=1000 FS_S7_FOCUS=effMinSG FS_S7_NBHD=0.20
  env unset: FS_S7_ER_JCUTS FS_S7_METHOD FS_S7_Z1Q
WALL_SECONDS=99 RC=0 OUT=idsweep_p124_h100_n1000_consistency_effMinSG
GATE A idsweep_p124_h100_n1000_consistency_effMinSG: 38 passes, 0 failures -- PASS
=== RUN START: p124_h100_n1000 consistency maxeffCons -> idsweep_p124_h100_n1000_consistency_maxeffCons Sun Sep 13 09:05:53 PDT 2026 ===
  env set:   FS_S7_FIELD_COMPLEMENT=TRUE FS_S7_FIELD_SCALEC=selected FS_S7_FIELD_DECOMP=TRUE FS_S7_FIELD_RECOV=TRUE FS_S7_IJ_RESIDUAL=two_term FS_S7_FB=none FS_S7_WORKERS=12 FS_S7_MR=FALSE FS_S7_CAMPAIGN=idsweep FS_S7_MODE=batch FS_S7_START=1 FS_S7_NSIMS=500 FS_S7_HR=1.00 FS_S7_N=1000 FS_S7_FOCUS=maxeffCons
  env unset: FS_S7_ER_JCUTS FS_S7_NBHD FS_S7_METHOD FS_S7_Z1Q
WALL_SECONDS=101 RC=0 OUT=idsweep_p124_h100_n1000_consistency_maxeffCons
GATE A idsweep_p124_h100_n1000_consistency_maxeffCons: 38 passes, 0 failures -- PASS
=== RUN START: p124_h100_n1000 consistency maxeff -> idsweep_p124_h100_n1000_consistency_maxeff Sun Sep 13 09:07:35 PDT 2026 ===
  env set:   FS_S7_FIELD_COMPLEMENT=TRUE FS_S7_FIELD_SCALEC=selected FS_S7_FIELD_DECOMP=TRUE FS_S7_FIELD_RECOV=TRUE FS_S7_IJ_RESIDUAL=two_term FS_S7_FB=none FS_S7_WORKERS=12 FS_S7_MR=FALSE FS_S7_CAMPAIGN=idsweep FS_S7_MODE=batch FS_S7_START=1 FS_S7_NSIMS=500 FS_S7_HR=1.00 FS_S7_N=1000 FS_S7_FOCUS=maxeff
  env unset: FS_S7_ER_JCUTS FS_S7_NBHD FS_S7_METHOD FS_S7_Z1Q
WALL_SECONDS=184 RC=0 OUT=idsweep_p124_h100_n1000_consistency_maxeff
GATE A idsweep_p124_h100_n1000_consistency_maxeff: 38 passes, 0 failures -- PASS
=== RUN START: p124_h100_n1000 consistency maxSG -> idsweep_p124_h100_n1000_consistency_maxSG Sun Sep 13 09:10:40 PDT 2026 ===
  env set:   FS_S7_FIELD_COMPLEMENT=TRUE FS_S7_FIELD_SCALEC=selected FS_S7_FIELD_DECOMP=TRUE FS_S7_FIELD_RECOV=TRUE FS_S7_IJ_RESIDUAL=two_term FS_S7_FB=none FS_S7_WORKERS=12 FS_S7_MR=FALSE FS_S7_CAMPAIGN=idsweep FS_S7_MODE=batch FS_S7_START=1 FS_S7_NSIMS=500 FS_S7_HR=1.00 FS_S7_N=1000 FS_S7_FOCUS=maxSG
  env unset: FS_S7_ER_JCUTS FS_S7_NBHD FS_S7_METHOD FS_S7_Z1Q
WALL_SECONDS=105 RC=0 OUT=idsweep_p124_h100_n1000_consistency_maxSG
GATE A idsweep_p124_h100_n1000_consistency_maxSG: 38 passes, 0 failures -- PASS
=== RUN START: p124_h100_n1000 consistency minSG -> idsweep_p124_h100_n1000_consistency_minSG Sun Sep 13 09:12:26 PDT 2026 ===
  env set:   FS_S7_FIELD_COMPLEMENT=TRUE FS_S7_FIELD_SCALEC=selected FS_S7_FIELD_DECOMP=TRUE FS_S7_FIELD_RECOV=TRUE FS_S7_IJ_RESIDUAL=two_term FS_S7_FB=none FS_S7_WORKERS=12 FS_S7_MR=FALSE FS_S7_CAMPAIGN=idsweep FS_S7_MODE=batch FS_S7_START=1 FS_S7_NSIMS=500 FS_S7_HR=1.00 FS_S7_N=1000 FS_S7_FOCUS=minSG
  env unset: FS_S7_ER_JCUTS FS_S7_NBHD FS_S7_METHOD FS_S7_Z1Q
WALL_SECONDS=99 RC=0 OUT=idsweep_p124_h100_n1000_consistency_minSG
GATE A idsweep_p124_h100_n1000_consistency_minSG: 38 passes, 0 failures -- PASS
=== RUN START: p124_h100_n1000 dina effMaxSG -> idsweep_p124_h100_n1000_dina_effMaxSG Sun Sep 13 09:14:06 PDT 2026 ===
  env set:   FS_S7_FIELD_COMPLEMENT=TRUE FS_S7_FIELD_SCALEC=selected FS_S7_FIELD_DECOMP=TRUE FS_S7_FIELD_RECOV=TRUE FS_S7_IJ_RESIDUAL=two_term FS_S7_FB=none FS_S7_WORKERS=12 FS_S7_MR=FALSE FS_S7_CAMPAIGN=idsweep FS_S7_MODE=batch FS_S7_START=1 FS_S7_NSIMS=500 FS_S7_HR=1.00 FS_S7_N=1000 FS_S7_FOCUS=effMaxSG FS_S7_NBHD=0.20 FS_S7_METHOD=dina
  env unset: FS_S7_ER_JCUTS FS_S7_Z1Q
WALL_SECONDS=46 RC=0 OUT=idsweep_p124_h100_n1000_dina_effMaxSG
GATE A idsweep_p124_h100_n1000_dina_effMaxSG: 38 passes, 0 failures -- PASS
=== RUN START: p124_h100_n1000 dina effMinSG -> idsweep_p124_h100_n1000_dina_effMinSG Sun Sep 13 09:14:52 PDT 2026 ===
  env set:   FS_S7_FIELD_COMPLEMENT=TRUE FS_S7_FIELD_SCALEC=selected FS_S7_FIELD_DECOMP=TRUE FS_S7_FIELD_RECOV=TRUE FS_S7_IJ_RESIDUAL=two_term FS_S7_FB=none FS_S7_WORKERS=12 FS_S7_MR=FALSE FS_S7_CAMPAIGN=idsweep FS_S7_MODE=batch FS_S7_START=1 FS_S7_NSIMS=500 FS_S7_HR=1.00 FS_S7_N=1000 FS_S7_FOCUS=effMinSG FS_S7_NBHD=0.20 FS_S7_METHOD=dina
  env unset: FS_S7_ER_JCUTS FS_S7_Z1Q
WALL_SECONDS=45 RC=0 OUT=idsweep_p124_h100_n1000_dina_effMinSG
GATE A idsweep_p124_h100_n1000_dina_effMinSG: 38 passes, 0 failures -- PASS
=== RUN START: p124_h100_n1000 dina maxSG -> idsweep_p124_h100_n1000_dina_maxSG Sun Sep 13 09:15:38 PDT 2026 ===
  env set:   FS_S7_FIELD_COMPLEMENT=TRUE FS_S7_FIELD_SCALEC=selected FS_S7_FIELD_DECOMP=TRUE FS_S7_FIELD_RECOV=TRUE FS_S7_IJ_RESIDUAL=two_term FS_S7_FB=none FS_S7_WORKERS=12 FS_S7_MR=FALSE FS_S7_CAMPAIGN=idsweep FS_S7_MODE=batch FS_S7_START=1 FS_S7_NSIMS=500 FS_S7_HR=1.00 FS_S7_N=1000 FS_S7_FOCUS=maxSG FS_S7_METHOD=dina
  env unset: FS_S7_ER_JCUTS FS_S7_NBHD FS_S7_Z1Q
WALL_SECONDS=45 RC=0 OUT=idsweep_p124_h100_n1000_dina_maxSG
GATE A idsweep_p124_h100_n1000_dina_maxSG: 38 passes, 0 failures -- PASS
=== RUN START: p124_h100_n1000 dina minSG -> idsweep_p124_h100_n1000_dina_minSG Sun Sep 13 09:16:24 PDT 2026 ===
  env set:   FS_S7_FIELD_COMPLEMENT=TRUE FS_S7_FIELD_SCALEC=selected FS_S7_FIELD_DECOMP=TRUE FS_S7_FIELD_RECOV=TRUE FS_S7_IJ_RESIDUAL=two_term FS_S7_FB=none FS_S7_WORKERS=12 FS_S7_MR=FALSE FS_S7_CAMPAIGN=idsweep FS_S7_MODE=batch FS_S7_START=1 FS_S7_NSIMS=500 FS_S7_HR=1.00 FS_S7_N=1000 FS_S7_FOCUS=minSG FS_S7_METHOD=dina
  env unset: FS_S7_ER_JCUTS FS_S7_NBHD FS_S7_Z1Q
WALL_SECONDS=43 RC=0 OUT=idsweep_p124_h100_n1000_dina_minSG
GATE A idsweep_p124_h100_n1000_dina_minSG: 38 passes, 0 failures -- PASS
=== RUN START: p124_h100_n1000 dina maxeffCons -> idsweep_p124_h100_n1000_dina_eff Sun Sep 13 09:17:08 PDT 2026 ===
  env set:   FS_S7_FIELD_COMPLEMENT=TRUE FS_S7_FIELD_SCALEC=selected FS_S7_FIELD_DECOMP=TRUE FS_S7_FIELD_RECOV=TRUE FS_S7_IJ_RESIDUAL=two_term FS_S7_FB=none FS_S7_WORKERS=12 FS_S7_MR=FALSE FS_S7_CAMPAIGN=idsweep FS_S7_MODE=batch FS_S7_START=1 FS_S7_NSIMS=500 FS_S7_HR=1.00 FS_S7_N=1000 FS_S7_FOCUS=maxeffCons FS_S7_METHOD=dina
  env unset: FS_S7_ER_JCUTS FS_S7_NBHD FS_S7_Z1Q
WALL_SECONDS=42 RC=0 OUT=idsweep_p124_h100_n1000_dina_eff
GATE A idsweep_p124_h100_n1000_dina_eff: 38 passes, 0 failures -- PASS
=== RUN START: p124_h100_n1000 grf effMaxSG -> idsweep_p124_h100_n1000_grf_effMaxSG Sun Sep 13 09:17:51 PDT 2026 ===
  env set:   FS_S7_FIELD_COMPLEMENT=TRUE FS_S7_FIELD_SCALEC=selected FS_S7_FIELD_DECOMP=TRUE FS_S7_FIELD_RECOV=TRUE FS_S7_IJ_RESIDUAL=two_term FS_S7_FB=none FS_S7_WORKERS=12 FS_S7_MR=FALSE FS_S7_CAMPAIGN=idsweep FS_S7_MODE=batch FS_S7_START=1 FS_S7_NSIMS=500 FS_S7_HR=1.00 FS_S7_N=1000 FS_S7_FOCUS=effMaxSG FS_S7_NBHD=0.20 FS_S7_METHOD=grf
  env unset: FS_S7_ER_JCUTS FS_S7_Z1Q
WALL_SECONDS=183 RC=0 OUT=idsweep_p124_h100_n1000_grf_effMaxSG
GATE A idsweep_p124_h100_n1000_grf_effMaxSG: 44 passes, 0 failures -- PASS
=== RUN START: p124_h100_n1000 grf effMinSG -> idsweep_p124_h100_n1000_grf_effMinSG Sun Sep 13 09:20:55 PDT 2026 ===
  env set:   FS_S7_FIELD_COMPLEMENT=TRUE FS_S7_FIELD_SCALEC=selected FS_S7_FIELD_DECOMP=TRUE FS_S7_FIELD_RECOV=TRUE FS_S7_IJ_RESIDUAL=two_term FS_S7_FB=none FS_S7_WORKERS=12 FS_S7_MR=FALSE FS_S7_CAMPAIGN=idsweep FS_S7_MODE=batch FS_S7_START=1 FS_S7_NSIMS=500 FS_S7_HR=1.00 FS_S7_N=1000 FS_S7_FOCUS=effMinSG FS_S7_NBHD=0.20 FS_S7_METHOD=grf
  env unset: FS_S7_ER_JCUTS FS_S7_Z1Q
WALL_SECONDS=171 RC=0 OUT=idsweep_p124_h100_n1000_grf_effMinSG
GATE A idsweep_p124_h100_n1000_grf_effMinSG: 44 passes, 0 failures -- PASS
=== RUN START: p124_h100_n1000 grf maxSG -> idsweep_p124_h100_n1000_grf_maxSG Sun Sep 13 09:23:48 PDT 2026 ===
  env set:   FS_S7_FIELD_COMPLEMENT=TRUE FS_S7_FIELD_SCALEC=selected FS_S7_FIELD_DECOMP=TRUE FS_S7_FIELD_RECOV=TRUE FS_S7_IJ_RESIDUAL=two_term FS_S7_FB=none FS_S7_WORKERS=12 FS_S7_MR=FALSE FS_S7_CAMPAIGN=idsweep FS_S7_MODE=batch FS_S7_START=1 FS_S7_NSIMS=500 FS_S7_HR=1.00 FS_S7_N=1000 FS_S7_FOCUS=maxSG FS_S7_METHOD=grf
  env unset: FS_S7_ER_JCUTS FS_S7_NBHD FS_S7_Z1Q
WALL_SECONDS=184 RC=0 OUT=idsweep_p124_h100_n1000_grf_maxSG
GATE A idsweep_p124_h100_n1000_grf_maxSG: 44 passes, 0 failures -- PASS
=== RUN START: p124_h100_n1000 grf minSG -> idsweep_p124_h100_n1000_grf_minSG Sun Sep 13 09:26:53 PDT 2026 ===
  env set:   FS_S7_FIELD_COMPLEMENT=TRUE FS_S7_FIELD_SCALEC=selected FS_S7_FIELD_DECOMP=TRUE FS_S7_FIELD_RECOV=TRUE FS_S7_IJ_RESIDUAL=two_term FS_S7_FB=none FS_S7_WORKERS=12 FS_S7_MR=FALSE FS_S7_CAMPAIGN=idsweep FS_S7_MODE=batch FS_S7_START=1 FS_S7_NSIMS=500 FS_S7_HR=1.00 FS_S7_N=1000 FS_S7_FOCUS=minSG FS_S7_METHOD=grf
  env unset: FS_S7_ER_JCUTS FS_S7_NBHD FS_S7_Z1Q
WALL_SECONDS=173 RC=0 OUT=idsweep_p124_h100_n1000_grf_minSG
GATE A idsweep_p124_h100_n1000_grf_minSG: 44 passes, 0 failures -- PASS
=== RUN START: p124_h100_n1000 grf maxeffCons -> idsweep_p124_h100_n1000_grf_eff Sun Sep 13 09:29:47 PDT 2026 ===
  env set:   FS_S7_FIELD_COMPLEMENT=TRUE FS_S7_FIELD_SCALEC=selected FS_S7_FIELD_DECOMP=TRUE FS_S7_FIELD_RECOV=TRUE FS_S7_IJ_RESIDUAL=two_term FS_S7_FB=none FS_S7_WORKERS=12 FS_S7_MR=FALSE FS_S7_CAMPAIGN=idsweep FS_S7_MODE=batch FS_S7_START=1 FS_S7_NSIMS=500 FS_S7_HR=1.00 FS_S7_N=1000 FS_S7_FOCUS=maxeffCons FS_S7_METHOD=grf
  env unset: FS_S7_ER_JCUTS FS_S7_NBHD FS_S7_Z1Q
WALL_SECONDS=175 RC=0 OUT=idsweep_p124_h100_n1000_grf_eff
GATE A idsweep_p124_h100_n1000_grf_eff: 44 passes, 0 failures -- PASS
CELL DONE: p124_h100_n1000  wall=1816s
GATE I p124_h100_n1000: 293 checks passed, 0 failed -- PASS
=== RE-PROJECTION before cell 15 (p124_h100_n1500) at elapsed 9.54 h ===
render overhead: 42.8 s per render -- realized median over 224 renders (14 cells)
realized cells (s):
            cell compute_s wall_s
  p124_h150_n500      1010   1798
 p124_h150_n1000      1299   1956
 p124_h150_n1500      1534   2090
   p31_h150_n500      1724   2517
  p31_h150_n1000      2296   3035
  p31_h150_n1500      2760   3448
  p124_h175_n500      1049   1810
 p124_h175_n1000      1365   1993
 p124_h175_n1500      1623   2182
   p31_h175_n500      1866   2615
  p31_h175_n1000      2567   3239
  p31_h175_n1500      3115   3735
  p124_h100_n500       918   1675
 p124_h100_n1000      1143   1800
            cell compute_s overhead_s wall_s finish_h         anchors
 p124_h100_n1500      1190        685   1874    10.06 p124_h150_n1500
   p31_h100_n500      1276        685   1961    10.60   p31_h150_n500
  p31_h100_n1000      1671        685   2355    11.26  p31_h150_n1000
  p31_h100_n1500      2030        685   2715    12.01  p31_h150_n1500
projected: all remaining finish at 12.01 h; 4 of 4 remaining fit under the ceiling in order
DECISION cell 15 p124_h100_n1500: elapsed 9.54 h + projected 1874 s = 10.06 h vs ceiling 13.00 h -> GO
=== CELL START: p124_h100_n1500 (z1q='' n=1500 hr=1.00) Sun Sep 13 09:32:45 PDT 2026 ; elapsed 34330s ===
vm.swapusage: total = 0.00M  used = 0.00M  free = 0.00M  (encrypted)
System-wide memory free percentage: 86%
=== RUN START: p124_h100_n1500 consistency effMaxSG -> idsweep_p124_h100_n1500_consistency_effMaxSG Sun Sep 13 09:32:45 PDT 2026 ===
  env set:   FS_S7_FIELD_COMPLEMENT=TRUE FS_S7_FIELD_SCALEC=selected FS_S7_FIELD_DECOMP=TRUE FS_S7_FIELD_RECOV=TRUE FS_S7_IJ_RESIDUAL=two_term FS_S7_FB=none FS_S7_WORKERS=12 FS_S7_MR=FALSE FS_S7_CAMPAIGN=idsweep FS_S7_MODE=batch FS_S7_START=1 FS_S7_NSIMS=500 FS_S7_HR=1.00 FS_S7_N=1500 FS_S7_FOCUS=effMaxSG FS_S7_NBHD=0.20
  env unset: FS_S7_ER_JCUTS FS_S7_METHOD FS_S7_Z1Q
WALL_SECONDS=107 RC=0 OUT=idsweep_p124_h100_n1500_consistency_effMaxSG
GATE A idsweep_p124_h100_n1500_consistency_effMaxSG: 38 passes, 0 failures -- PASS
=== RUN START: p124_h100_n1500 consistency effMinSG -> idsweep_p124_h100_n1500_consistency_effMinSG Sun Sep 13 09:34:33 PDT 2026 ===
  env set:   FS_S7_FIELD_COMPLEMENT=TRUE FS_S7_FIELD_SCALEC=selected FS_S7_FIELD_DECOMP=TRUE FS_S7_FIELD_RECOV=TRUE FS_S7_IJ_RESIDUAL=two_term FS_S7_FB=none FS_S7_WORKERS=12 FS_S7_MR=FALSE FS_S7_CAMPAIGN=idsweep FS_S7_MODE=batch FS_S7_START=1 FS_S7_NSIMS=500 FS_S7_HR=1.00 FS_S7_N=1500 FS_S7_FOCUS=effMinSG FS_S7_NBHD=0.20
  env unset: FS_S7_ER_JCUTS FS_S7_METHOD FS_S7_Z1Q
WALL_SECONDS=99 RC=0 OUT=idsweep_p124_h100_n1500_consistency_effMinSG
GATE A idsweep_p124_h100_n1500_consistency_effMinSG: 38 passes, 0 failures -- PASS
=== RUN START: p124_h100_n1500 consistency maxeffCons -> idsweep_p124_h100_n1500_consistency_maxeffCons Sun Sep 13 09:36:13 PDT 2026 ===
  env set:   FS_S7_FIELD_COMPLEMENT=TRUE FS_S7_FIELD_SCALEC=selected FS_S7_FIELD_DECOMP=TRUE FS_S7_FIELD_RECOV=TRUE FS_S7_IJ_RESIDUAL=two_term FS_S7_FB=none FS_S7_WORKERS=12 FS_S7_MR=FALSE FS_S7_CAMPAIGN=idsweep FS_S7_MODE=batch FS_S7_START=1 FS_S7_NSIMS=500 FS_S7_HR=1.00 FS_S7_N=1500 FS_S7_FOCUS=maxeffCons
  env unset: FS_S7_ER_JCUTS FS_S7_NBHD FS_S7_METHOD FS_S7_Z1Q
WALL_SECONDS=100 RC=0 OUT=idsweep_p124_h100_n1500_consistency_maxeffCons
GATE A idsweep_p124_h100_n1500_consistency_maxeffCons: 38 passes, 0 failures -- PASS
=== RUN START: p124_h100_n1500 consistency maxeff -> idsweep_p124_h100_n1500_consistency_maxeff Sun Sep 13 09:37:54 PDT 2026 ===
  env set:   FS_S7_FIELD_COMPLEMENT=TRUE FS_S7_FIELD_SCALEC=selected FS_S7_FIELD_DECOMP=TRUE FS_S7_FIELD_RECOV=TRUE FS_S7_IJ_RESIDUAL=two_term FS_S7_FB=none FS_S7_WORKERS=12 FS_S7_MR=FALSE FS_S7_CAMPAIGN=idsweep FS_S7_MODE=batch FS_S7_START=1 FS_S7_NSIMS=500 FS_S7_HR=1.00 FS_S7_N=1500 FS_S7_FOCUS=maxeff
  env unset: FS_S7_ER_JCUTS FS_S7_NBHD FS_S7_METHOD FS_S7_Z1Q
WALL_SECONDS=199 RC=0 OUT=idsweep_p124_h100_n1500_consistency_maxeff
GATE A idsweep_p124_h100_n1500_consistency_maxeff: 38 passes, 0 failures -- PASS
=== RUN START: p124_h100_n1500 consistency maxSG -> idsweep_p124_h100_n1500_consistency_maxSG Sun Sep 13 09:41:14 PDT 2026 ===
  env set:   FS_S7_FIELD_COMPLEMENT=TRUE FS_S7_FIELD_SCALEC=selected FS_S7_FIELD_DECOMP=TRUE FS_S7_FIELD_RECOV=TRUE FS_S7_IJ_RESIDUAL=two_term FS_S7_FB=none FS_S7_WORKERS=12 FS_S7_MR=FALSE FS_S7_CAMPAIGN=idsweep FS_S7_MODE=batch FS_S7_START=1 FS_S7_NSIMS=500 FS_S7_HR=1.00 FS_S7_N=1500 FS_S7_FOCUS=maxSG
  env unset: FS_S7_ER_JCUTS FS_S7_NBHD FS_S7_METHOD FS_S7_Z1Q
WALL_SECONDS=107 RC=0 OUT=idsweep_p124_h100_n1500_consistency_maxSG
GATE A idsweep_p124_h100_n1500_consistency_maxSG: 38 passes, 0 failures -- PASS
=== RUN START: p124_h100_n1500 consistency minSG -> idsweep_p124_h100_n1500_consistency_minSG Sun Sep 13 09:43:02 PDT 2026 ===
  env set:   FS_S7_FIELD_COMPLEMENT=TRUE FS_S7_FIELD_SCALEC=selected FS_S7_FIELD_DECOMP=TRUE FS_S7_FIELD_RECOV=TRUE FS_S7_IJ_RESIDUAL=two_term FS_S7_FB=none FS_S7_WORKERS=12 FS_S7_MR=FALSE FS_S7_CAMPAIGN=idsweep FS_S7_MODE=batch FS_S7_START=1 FS_S7_NSIMS=500 FS_S7_HR=1.00 FS_S7_N=1500 FS_S7_FOCUS=minSG
  env unset: FS_S7_ER_JCUTS FS_S7_NBHD FS_S7_METHOD FS_S7_Z1Q
WALL_SECONDS=100 RC=0 OUT=idsweep_p124_h100_n1500_consistency_minSG
GATE A idsweep_p124_h100_n1500_consistency_minSG: 38 passes, 0 failures -- PASS
=== RUN START: p124_h100_n1500 dina effMaxSG -> idsweep_p124_h100_n1500_dina_effMaxSG Sun Sep 13 09:44:43 PDT 2026 ===
  env set:   FS_S7_FIELD_COMPLEMENT=TRUE FS_S7_FIELD_SCALEC=selected FS_S7_FIELD_DECOMP=TRUE FS_S7_FIELD_RECOV=TRUE FS_S7_IJ_RESIDUAL=two_term FS_S7_FB=none FS_S7_WORKERS=12 FS_S7_MR=FALSE FS_S7_CAMPAIGN=idsweep FS_S7_MODE=batch FS_S7_START=1 FS_S7_NSIMS=500 FS_S7_HR=1.00 FS_S7_N=1500 FS_S7_FOCUS=effMaxSG FS_S7_NBHD=0.20 FS_S7_METHOD=dina
  env unset: FS_S7_ER_JCUTS FS_S7_Z1Q
WALL_SECONDS=34 RC=0 OUT=idsweep_p124_h100_n1500_dina_effMaxSG
GATE A idsweep_p124_h100_n1500_dina_effMaxSG: 38 passes, 0 failures -- PASS
=== RUN START: p124_h100_n1500 dina effMinSG -> idsweep_p124_h100_n1500_dina_effMinSG Sun Sep 13 09:45:18 PDT 2026 ===
  env set:   FS_S7_FIELD_COMPLEMENT=TRUE FS_S7_FIELD_SCALEC=selected FS_S7_FIELD_DECOMP=TRUE FS_S7_FIELD_RECOV=TRUE FS_S7_IJ_RESIDUAL=two_term FS_S7_FB=none FS_S7_WORKERS=12 FS_S7_MR=FALSE FS_S7_CAMPAIGN=idsweep FS_S7_MODE=batch FS_S7_START=1 FS_S7_NSIMS=500 FS_S7_HR=1.00 FS_S7_N=1500 FS_S7_FOCUS=effMinSG FS_S7_NBHD=0.20 FS_S7_METHOD=dina
  env unset: FS_S7_ER_JCUTS FS_S7_Z1Q
WALL_SECONDS=32 RC=0 OUT=idsweep_p124_h100_n1500_dina_effMinSG
GATE A idsweep_p124_h100_n1500_dina_effMinSG: 38 passes, 0 failures -- PASS
=== RUN START: p124_h100_n1500 dina maxSG -> idsweep_p124_h100_n1500_dina_maxSG Sun Sep 13 09:45:51 PDT 2026 ===
  env set:   FS_S7_FIELD_COMPLEMENT=TRUE FS_S7_FIELD_SCALEC=selected FS_S7_FIELD_DECOMP=TRUE FS_S7_FIELD_RECOV=TRUE FS_S7_IJ_RESIDUAL=two_term FS_S7_FB=none FS_S7_WORKERS=12 FS_S7_MR=FALSE FS_S7_CAMPAIGN=idsweep FS_S7_MODE=batch FS_S7_START=1 FS_S7_NSIMS=500 FS_S7_HR=1.00 FS_S7_N=1500 FS_S7_FOCUS=maxSG FS_S7_METHOD=dina
  env unset: FS_S7_ER_JCUTS FS_S7_NBHD FS_S7_Z1Q
WALL_SECONDS=32 RC=0 OUT=idsweep_p124_h100_n1500_dina_maxSG
GATE A idsweep_p124_h100_n1500_dina_maxSG: 38 passes, 0 failures -- PASS
=== RUN START: p124_h100_n1500 dina minSG -> idsweep_p124_h100_n1500_dina_minSG Sun Sep 13 09:46:24 PDT 2026 ===
  env set:   FS_S7_FIELD_COMPLEMENT=TRUE FS_S7_FIELD_SCALEC=selected FS_S7_FIELD_DECOMP=TRUE FS_S7_FIELD_RECOV=TRUE FS_S7_IJ_RESIDUAL=two_term FS_S7_FB=none FS_S7_WORKERS=12 FS_S7_MR=FALSE FS_S7_CAMPAIGN=idsweep FS_S7_MODE=batch FS_S7_START=1 FS_S7_NSIMS=500 FS_S7_HR=1.00 FS_S7_N=1500 FS_S7_FOCUS=minSG FS_S7_METHOD=dina
  env unset: FS_S7_ER_JCUTS FS_S7_NBHD FS_S7_Z1Q
WALL_SECONDS=31 RC=0 OUT=idsweep_p124_h100_n1500_dina_minSG
GATE A idsweep_p124_h100_n1500_dina_minSG: 38 passes, 0 failures -- PASS
=== RUN START: p124_h100_n1500 dina maxeffCons -> idsweep_p124_h100_n1500_dina_eff Sun Sep 13 09:46:56 PDT 2026 ===
  env set:   FS_S7_FIELD_COMPLEMENT=TRUE FS_S7_FIELD_SCALEC=selected FS_S7_FIELD_DECOMP=TRUE FS_S7_FIELD_RECOV=TRUE FS_S7_IJ_RESIDUAL=two_term FS_S7_FB=none FS_S7_WORKERS=12 FS_S7_MR=FALSE FS_S7_CAMPAIGN=idsweep FS_S7_MODE=batch FS_S7_START=1 FS_S7_NSIMS=500 FS_S7_HR=1.00 FS_S7_N=1500 FS_S7_FOCUS=maxeffCons FS_S7_METHOD=dina
  env unset: FS_S7_ER_JCUTS FS_S7_NBHD FS_S7_Z1Q
WALL_SECONDS=32 RC=0 OUT=idsweep_p124_h100_n1500_dina_eff
GATE A idsweep_p124_h100_n1500_dina_eff: 38 passes, 0 failures -- PASS
=== RUN START: p124_h100_n1500 grf effMaxSG -> idsweep_p124_h100_n1500_grf_effMaxSG Sun Sep 13 09:47:29 PDT 2026 ===
  env set:   FS_S7_FIELD_COMPLEMENT=TRUE FS_S7_FIELD_SCALEC=selected FS_S7_FIELD_DECOMP=TRUE FS_S7_FIELD_RECOV=TRUE FS_S7_IJ_RESIDUAL=two_term FS_S7_FB=none FS_S7_WORKERS=12 FS_S7_MR=FALSE FS_S7_CAMPAIGN=idsweep FS_S7_MODE=batch FS_S7_START=1 FS_S7_NSIMS=500 FS_S7_HR=1.00 FS_S7_N=1500 FS_S7_FOCUS=effMaxSG FS_S7_NBHD=0.20 FS_S7_METHOD=grf
  env unset: FS_S7_ER_JCUTS FS_S7_Z1Q
WALL_SECONDS=223 RC=0 OUT=idsweep_p124_h100_n1500_grf_effMaxSG
GATE A idsweep_p124_h100_n1500_grf_effMaxSG: 44 passes, 0 failures -- PASS
=== RUN START: p124_h100_n1500 grf effMinSG -> idsweep_p124_h100_n1500_grf_effMinSG Sun Sep 13 09:51:13 PDT 2026 ===
  env set:   FS_S7_FIELD_COMPLEMENT=TRUE FS_S7_FIELD_SCALEC=selected FS_S7_FIELD_DECOMP=TRUE FS_S7_FIELD_RECOV=TRUE FS_S7_IJ_RESIDUAL=two_term FS_S7_FB=none FS_S7_WORKERS=12 FS_S7_MR=FALSE FS_S7_CAMPAIGN=idsweep FS_S7_MODE=batch FS_S7_START=1 FS_S7_NSIMS=500 FS_S7_HR=1.00 FS_S7_N=1500 FS_S7_FOCUS=effMinSG FS_S7_NBHD=0.20 FS_S7_METHOD=grf
  env unset: FS_S7_ER_JCUTS FS_S7_Z1Q
WALL_SECONDS=232 RC=0 OUT=idsweep_p124_h100_n1500_grf_effMinSG
GATE A idsweep_p124_h100_n1500_grf_effMinSG: 44 passes, 0 failures -- PASS
=== RUN START: p124_h100_n1500 grf maxSG -> idsweep_p124_h100_n1500_grf_maxSG Sun Sep 13 09:55:06 PDT 2026 ===
  env set:   FS_S7_FIELD_COMPLEMENT=TRUE FS_S7_FIELD_SCALEC=selected FS_S7_FIELD_DECOMP=TRUE FS_S7_FIELD_RECOV=TRUE FS_S7_IJ_RESIDUAL=two_term FS_S7_FB=none FS_S7_WORKERS=12 FS_S7_MR=FALSE FS_S7_CAMPAIGN=idsweep FS_S7_MODE=batch FS_S7_START=1 FS_S7_NSIMS=500 FS_S7_HR=1.00 FS_S7_N=1500 FS_S7_FOCUS=maxSG FS_S7_METHOD=grf
  env unset: FS_S7_ER_JCUTS FS_S7_NBHD FS_S7_Z1Q
WALL_SECONDS=221 RC=0 OUT=idsweep_p124_h100_n1500_grf_maxSG
GATE A idsweep_p124_h100_n1500_grf_maxSG: 44 passes, 0 failures -- PASS
=== RUN START: p124_h100_n1500 grf minSG -> idsweep_p124_h100_n1500_grf_minSG Sun Sep 13 09:58:49 PDT 2026 ===
  env set:   FS_S7_FIELD_COMPLEMENT=TRUE FS_S7_FIELD_SCALEC=selected FS_S7_FIELD_DECOMP=TRUE FS_S7_FIELD_RECOV=TRUE FS_S7_IJ_RESIDUAL=two_term FS_S7_FB=none FS_S7_WORKERS=12 FS_S7_MR=FALSE FS_S7_CAMPAIGN=idsweep FS_S7_MODE=batch FS_S7_START=1 FS_S7_NSIMS=500 FS_S7_HR=1.00 FS_S7_N=1500 FS_S7_FOCUS=minSG FS_S7_METHOD=grf
  env unset: FS_S7_ER_JCUTS FS_S7_NBHD FS_S7_Z1Q
WALL_SECONDS=207 RC=0 OUT=idsweep_p124_h100_n1500_grf_minSG
GATE A idsweep_p124_h100_n1500_grf_minSG: 44 passes, 0 failures -- PASS
=== RUN START: p124_h100_n1500 grf maxeffCons -> idsweep_p124_h100_n1500_grf_eff Sun Sep 13 10:02:17 PDT 2026 ===
  env set:   FS_S7_FIELD_COMPLEMENT=TRUE FS_S7_FIELD_SCALEC=selected FS_S7_FIELD_DECOMP=TRUE FS_S7_FIELD_RECOV=TRUE FS_S7_IJ_RESIDUAL=two_term FS_S7_FB=none FS_S7_WORKERS=12 FS_S7_MR=FALSE FS_S7_CAMPAIGN=idsweep FS_S7_MODE=batch FS_S7_START=1 FS_S7_NSIMS=500 FS_S7_HR=1.00 FS_S7_N=1500 FS_S7_FOCUS=maxeffCons FS_S7_METHOD=grf
  env unset: FS_S7_ER_JCUTS FS_S7_NBHD FS_S7_Z1Q
WALL_SECONDS=211 RC=0 OUT=idsweep_p124_h100_n1500_grf_eff
GATE A idsweep_p124_h100_n1500_grf_eff: 44 passes, 0 failures -- PASS
CELL DONE: p124_h100_n1500  wall=1984s
GATE I p124_h100_n1500: 293 checks passed, 0 failed -- PASS
=== RE-PROJECTION before cell 16 (p31_h100_n500) at elapsed 10.09 h ===
render overhead: 42.3 s per render -- realized median over 240 renders (15 cells)
realized cells (s):
            cell compute_s wall_s
  p124_h150_n500      1010   1798
 p124_h150_n1000      1299   1956
 p124_h150_n1500      1534   2090
   p31_h150_n500      1724   2517
  p31_h150_n1000      2296   3035
  p31_h150_n1500      2760   3448
  p124_h175_n500      1049   1810
 p124_h175_n1000      1365   1993
 p124_h175_n1500      1623   2182
   p31_h175_n500      1866   2615
  p31_h175_n1000      2567   3239
  p31_h175_n1500      3115   3735
  p124_h100_n500       918   1675
 p124_h100_n1000      1143   1800
 p124_h100_n1500      1383   1967
           cell compute_s overhead_s wall_s finish_h        anchors
  p31_h100_n500      1276        677   1953    10.63  p31_h150_n500
 p31_h100_n1000      1671        677   2347    11.28 p31_h150_n1000
 p31_h100_n1500      2030        677   2707    12.03 p31_h150_n1500
projected: all remaining finish at 12.03 h; 3 of 3 remaining fit under the ceiling in order
DECISION cell 16 p31_h100_n500: elapsed 10.09 h + projected 1953 s = 10.63 h vs ceiling 13.00 h -> GO
=== CELL START: p31_h100_n500 (z1q='0.60' n=500 hr=1.00) Sun Sep 13 10:05:50 PDT 2026 ; elapsed 36315s ===
vm.swapusage: total = 0.00M  used = 0.00M  free = 0.00M  (encrypted)
System-wide memory free percentage: 85%
=== RUN START: p31_h100_n500 consistency effMaxSG -> idsweep_p31_h100_n500_consistency_effMaxSG Sun Sep 13 10:05:50 PDT 2026 ===
  env set:   FS_S7_FIELD_COMPLEMENT=TRUE FS_S7_FIELD_SCALEC=selected FS_S7_FIELD_DECOMP=TRUE FS_S7_FIELD_RECOV=TRUE FS_S7_IJ_RESIDUAL=two_term FS_S7_FB=none FS_S7_WORKERS=12 FS_S7_MR=FALSE FS_S7_CAMPAIGN=idsweep FS_S7_MODE=batch FS_S7_START=1 FS_S7_NSIMS=500 FS_S7_HR=1.00 FS_S7_N=500 FS_S7_FOCUS=effMaxSG FS_S7_NBHD=0.20 FS_S7_Z1Q=0.60
  env unset: FS_S7_ER_JCUTS FS_S7_METHOD
WALL_SECONDS=134 RC=0 OUT=idsweep_p31_h100_n500_consistency_effMaxSG
GATE A idsweep_p31_h100_n500_consistency_effMaxSG: 38 passes, 0 failures -- PASS
=== RUN START: p31_h100_n500 consistency effMinSG -> idsweep_p31_h100_n500_consistency_effMinSG Sun Sep 13 10:08:06 PDT 2026 ===
  env set:   FS_S7_FIELD_COMPLEMENT=TRUE FS_S7_FIELD_SCALEC=selected FS_S7_FIELD_DECOMP=TRUE FS_S7_FIELD_RECOV=TRUE FS_S7_IJ_RESIDUAL=two_term FS_S7_FB=none FS_S7_WORKERS=12 FS_S7_MR=FALSE FS_S7_CAMPAIGN=idsweep FS_S7_MODE=batch FS_S7_START=1 FS_S7_NSIMS=500 FS_S7_HR=1.00 FS_S7_N=500 FS_S7_FOCUS=effMinSG FS_S7_NBHD=0.20 FS_S7_Z1Q=0.60
  env unset: FS_S7_ER_JCUTS FS_S7_METHOD
WALL_SECONDS=134 RC=0 OUT=idsweep_p31_h100_n500_consistency_effMinSG
GATE A idsweep_p31_h100_n500_consistency_effMinSG: 38 passes, 0 failures -- PASS
=== RUN START: p31_h100_n500 consistency maxeffCons -> idsweep_p31_h100_n500_consistency_maxeffCons Sun Sep 13 10:10:21 PDT 2026 ===
  env set:   FS_S7_FIELD_COMPLEMENT=TRUE FS_S7_FIELD_SCALEC=selected FS_S7_FIELD_DECOMP=TRUE FS_S7_FIELD_RECOV=TRUE FS_S7_IJ_RESIDUAL=two_term FS_S7_FB=none FS_S7_WORKERS=12 FS_S7_MR=FALSE FS_S7_CAMPAIGN=idsweep FS_S7_MODE=batch FS_S7_START=1 FS_S7_NSIMS=500 FS_S7_HR=1.00 FS_S7_N=500 FS_S7_FOCUS=maxeffCons FS_S7_Z1Q=0.60
  env unset: FS_S7_ER_JCUTS FS_S7_NBHD FS_S7_METHOD
WALL_SECONDS=132 RC=0 OUT=idsweep_p31_h100_n500_consistency_maxeffCons
GATE A idsweep_p31_h100_n500_consistency_maxeffCons: 38 passes, 0 failures -- PASS
=== RUN START: p31_h100_n500 consistency maxeff -> idsweep_p31_h100_n500_consistency_maxeff Sun Sep 13 10:12:34 PDT 2026 ===
  env set:   FS_S7_FIELD_COMPLEMENT=TRUE FS_S7_FIELD_SCALEC=selected FS_S7_FIELD_DECOMP=TRUE FS_S7_FIELD_RECOV=TRUE FS_S7_IJ_RESIDUAL=two_term FS_S7_FB=none FS_S7_WORKERS=12 FS_S7_MR=FALSE FS_S7_CAMPAIGN=idsweep FS_S7_MODE=batch FS_S7_START=1 FS_S7_NSIMS=500 FS_S7_HR=1.00 FS_S7_N=500 FS_S7_FOCUS=maxeff FS_S7_Z1Q=0.60
  env unset: FS_S7_ER_JCUTS FS_S7_NBHD FS_S7_METHOD
WALL_SECONDS=156 RC=0 OUT=idsweep_p31_h100_n500_consistency_maxeff
GATE A idsweep_p31_h100_n500_consistency_maxeff: 38 passes, 0 failures -- PASS
=== RUN START: p31_h100_n500 consistency maxSG -> idsweep_p31_h100_n500_consistency_maxSG Sun Sep 13 10:15:11 PDT 2026 ===
  env set:   FS_S7_FIELD_COMPLEMENT=TRUE FS_S7_FIELD_SCALEC=selected FS_S7_FIELD_DECOMP=TRUE FS_S7_FIELD_RECOV=TRUE FS_S7_IJ_RESIDUAL=two_term FS_S7_FB=none FS_S7_WORKERS=12 FS_S7_MR=FALSE FS_S7_CAMPAIGN=idsweep FS_S7_MODE=batch FS_S7_START=1 FS_S7_NSIMS=500 FS_S7_HR=1.00 FS_S7_N=500 FS_S7_FOCUS=maxSG FS_S7_Z1Q=0.60
  env unset: FS_S7_ER_JCUTS FS_S7_NBHD FS_S7_METHOD
WALL_SECONDS=135 RC=0 OUT=idsweep_p31_h100_n500_consistency_maxSG
GATE A idsweep_p31_h100_n500_consistency_maxSG: 38 passes, 0 failures -- PASS
=== RUN START: p31_h100_n500 consistency minSG -> idsweep_p31_h100_n500_consistency_minSG Sun Sep 13 10:17:27 PDT 2026 ===
  env set:   FS_S7_FIELD_COMPLEMENT=TRUE FS_S7_FIELD_SCALEC=selected FS_S7_FIELD_DECOMP=TRUE FS_S7_FIELD_RECOV=TRUE FS_S7_IJ_RESIDUAL=two_term FS_S7_FB=none FS_S7_WORKERS=12 FS_S7_MR=FALSE FS_S7_CAMPAIGN=idsweep FS_S7_MODE=batch FS_S7_START=1 FS_S7_NSIMS=500 FS_S7_HR=1.00 FS_S7_N=500 FS_S7_FOCUS=minSG FS_S7_Z1Q=0.60
  env unset: FS_S7_ER_JCUTS FS_S7_NBHD FS_S7_METHOD
WALL_SECONDS=131 RC=0 OUT=idsweep_p31_h100_n500_consistency_minSG
GATE A idsweep_p31_h100_n500_consistency_minSG: 38 passes, 0 failures -- PASS
=== RUN START: p31_h100_n500 dina effMaxSG -> idsweep_p31_h100_n500_dina_effMaxSG Sun Sep 13 10:19:39 PDT 2026 ===
  env set:   FS_S7_FIELD_COMPLEMENT=TRUE FS_S7_FIELD_SCALEC=selected FS_S7_FIELD_DECOMP=TRUE FS_S7_FIELD_RECOV=TRUE FS_S7_IJ_RESIDUAL=two_term FS_S7_FB=none FS_S7_WORKERS=12 FS_S7_MR=FALSE FS_S7_CAMPAIGN=idsweep FS_S7_MODE=batch FS_S7_START=1 FS_S7_NSIMS=500 FS_S7_HR=1.00 FS_S7_N=500 FS_S7_FOCUS=effMaxSG FS_S7_NBHD=0.20 FS_S7_METHOD=dina FS_S7_Z1Q=0.60
  env unset: FS_S7_ER_JCUTS
WALL_SECONDS=103 RC=0 OUT=idsweep_p31_h100_n500_dina_effMaxSG
GATE A idsweep_p31_h100_n500_dina_effMaxSG: 38 passes, 0 failures -- PASS
=== RUN START: p31_h100_n500 dina effMinSG -> idsweep_p31_h100_n500_dina_effMinSG Sun Sep 13 10:21:23 PDT 2026 ===
  env set:   FS_S7_FIELD_COMPLEMENT=TRUE FS_S7_FIELD_SCALEC=selected FS_S7_FIELD_DECOMP=TRUE FS_S7_FIELD_RECOV=TRUE FS_S7_IJ_RESIDUAL=two_term FS_S7_FB=none FS_S7_WORKERS=12 FS_S7_MR=FALSE FS_S7_CAMPAIGN=idsweep FS_S7_MODE=batch FS_S7_START=1 FS_S7_NSIMS=500 FS_S7_HR=1.00 FS_S7_N=500 FS_S7_FOCUS=effMinSG FS_S7_NBHD=0.20 FS_S7_METHOD=dina FS_S7_Z1Q=0.60
  env unset: FS_S7_ER_JCUTS
WALL_SECONDS=99 RC=0 OUT=idsweep_p31_h100_n500_dina_effMinSG
GATE A idsweep_p31_h100_n500_dina_effMinSG: 38 passes, 0 failures -- PASS
=== RUN START: p31_h100_n500 dina maxSG -> idsweep_p31_h100_n500_dina_maxSG Sun Sep 13 10:23:03 PDT 2026 ===
  env set:   FS_S7_FIELD_COMPLEMENT=TRUE FS_S7_FIELD_SCALEC=selected FS_S7_FIELD_DECOMP=TRUE FS_S7_FIELD_RECOV=TRUE FS_S7_IJ_RESIDUAL=two_term FS_S7_FB=none FS_S7_WORKERS=12 FS_S7_MR=FALSE FS_S7_CAMPAIGN=idsweep FS_S7_MODE=batch FS_S7_START=1 FS_S7_NSIMS=500 FS_S7_HR=1.00 FS_S7_N=500 FS_S7_FOCUS=maxSG FS_S7_METHOD=dina FS_S7_Z1Q=0.60
  env unset: FS_S7_ER_JCUTS FS_S7_NBHD
WALL_SECONDS=101 RC=0 OUT=idsweep_p31_h100_n500_dina_maxSG
GATE A idsweep_p31_h100_n500_dina_maxSG: 38 passes, 0 failures -- PASS
=== RUN START: p31_h100_n500 dina minSG -> idsweep_p31_h100_n500_dina_minSG Sun Sep 13 10:24:45 PDT 2026 ===
  env set:   FS_S7_FIELD_COMPLEMENT=TRUE FS_S7_FIELD_SCALEC=selected FS_S7_FIELD_DECOMP=TRUE FS_S7_FIELD_RECOV=TRUE FS_S7_IJ_RESIDUAL=two_term FS_S7_FB=none FS_S7_WORKERS=12 FS_S7_MR=FALSE FS_S7_CAMPAIGN=idsweep FS_S7_MODE=batch FS_S7_START=1 FS_S7_NSIMS=500 FS_S7_HR=1.00 FS_S7_N=500 FS_S7_FOCUS=minSG FS_S7_METHOD=dina FS_S7_Z1Q=0.60
  env unset: FS_S7_ER_JCUTS FS_S7_NBHD
WALL_SECONDS=98 RC=0 OUT=idsweep_p31_h100_n500_dina_minSG
GATE A idsweep_p31_h100_n500_dina_minSG: 38 passes, 0 failures -- PASS
=== RUN START: p31_h100_n500 dina maxeffCons -> idsweep_p31_h100_n500_dina_eff Sun Sep 13 10:26:24 PDT 2026 ===
  env set:   FS_S7_FIELD_COMPLEMENT=TRUE FS_S7_FIELD_SCALEC=selected FS_S7_FIELD_DECOMP=TRUE FS_S7_FIELD_RECOV=TRUE FS_S7_IJ_RESIDUAL=two_term FS_S7_FB=none FS_S7_WORKERS=12 FS_S7_MR=FALSE FS_S7_CAMPAIGN=idsweep FS_S7_MODE=batch FS_S7_START=1 FS_S7_NSIMS=500 FS_S7_HR=1.00 FS_S7_N=500 FS_S7_FOCUS=maxeffCons FS_S7_METHOD=dina FS_S7_Z1Q=0.60
  env unset: FS_S7_ER_JCUTS FS_S7_NBHD
WALL_SECONDS=101 RC=0 OUT=idsweep_p31_h100_n500_dina_eff
GATE A idsweep_p31_h100_n500_dina_eff: 38 passes, 0 failures -- PASS
=== RUN START: p31_h100_n500 grf effMaxSG -> idsweep_p31_h100_n500_grf_effMaxSG Sun Sep 13 10:28:06 PDT 2026 ===
  env set:   FS_S7_FIELD_COMPLEMENT=TRUE FS_S7_FIELD_SCALEC=selected FS_S7_FIELD_DECOMP=TRUE FS_S7_FIELD_RECOV=TRUE FS_S7_IJ_RESIDUAL=two_term FS_S7_FB=none FS_S7_WORKERS=12 FS_S7_MR=FALSE FS_S7_CAMPAIGN=idsweep FS_S7_MODE=batch FS_S7_START=1 FS_S7_NSIMS=500 FS_S7_HR=1.00 FS_S7_N=500 FS_S7_FOCUS=effMaxSG FS_S7_NBHD=0.20 FS_S7_METHOD=grf FS_S7_Z1Q=0.60
  env unset: FS_S7_ER_JCUTS
WALL_SECONDS=143 RC=0 OUT=idsweep_p31_h100_n500_grf_effMaxSG
GATE A idsweep_p31_h100_n500_grf_effMaxSG: 44 passes, 0 failures -- PASS
=== RUN START: p31_h100_n500 grf effMinSG -> idsweep_p31_h100_n500_grf_effMinSG Sun Sep 13 10:30:30 PDT 2026 ===
  env set:   FS_S7_FIELD_COMPLEMENT=TRUE FS_S7_FIELD_SCALEC=selected FS_S7_FIELD_DECOMP=TRUE FS_S7_FIELD_RECOV=TRUE FS_S7_IJ_RESIDUAL=two_term FS_S7_FB=none FS_S7_WORKERS=12 FS_S7_MR=FALSE FS_S7_CAMPAIGN=idsweep FS_S7_MODE=batch FS_S7_START=1 FS_S7_NSIMS=500 FS_S7_HR=1.00 FS_S7_N=500 FS_S7_FOCUS=effMinSG FS_S7_NBHD=0.20 FS_S7_METHOD=grf FS_S7_Z1Q=0.60
  env unset: FS_S7_ER_JCUTS
WALL_SECONDS=137 RC=0 OUT=idsweep_p31_h100_n500_grf_effMinSG
GATE A idsweep_p31_h100_n500_grf_effMinSG: 44 passes, 0 failures -- PASS
=== RUN START: p31_h100_n500 grf maxSG -> idsweep_p31_h100_n500_grf_maxSG Sun Sep 13 10:32:48 PDT 2026 ===
  env set:   FS_S7_FIELD_COMPLEMENT=TRUE FS_S7_FIELD_SCALEC=selected FS_S7_FIELD_DECOMP=TRUE FS_S7_FIELD_RECOV=TRUE FS_S7_IJ_RESIDUAL=two_term FS_S7_FB=none FS_S7_WORKERS=12 FS_S7_MR=FALSE FS_S7_CAMPAIGN=idsweep FS_S7_MODE=batch FS_S7_START=1 FS_S7_NSIMS=500 FS_S7_HR=1.00 FS_S7_N=500 FS_S7_FOCUS=maxSG FS_S7_METHOD=grf FS_S7_Z1Q=0.60
  env unset: FS_S7_ER_JCUTS FS_S7_NBHD
WALL_SECONDS=136 RC=0 OUT=idsweep_p31_h100_n500_grf_maxSG
GATE A idsweep_p31_h100_n500_grf_maxSG: 44 passes, 0 failures -- PASS
=== RUN START: p31_h100_n500 grf minSG -> idsweep_p31_h100_n500_grf_minSG Sun Sep 13 10:35:05 PDT 2026 ===
  env set:   FS_S7_FIELD_COMPLEMENT=TRUE FS_S7_FIELD_SCALEC=selected FS_S7_FIELD_DECOMP=TRUE FS_S7_FIELD_RECOV=TRUE FS_S7_IJ_RESIDUAL=two_term FS_S7_FB=none FS_S7_WORKERS=12 FS_S7_MR=FALSE FS_S7_CAMPAIGN=idsweep FS_S7_MODE=batch FS_S7_START=1 FS_S7_NSIMS=500 FS_S7_HR=1.00 FS_S7_N=500 FS_S7_FOCUS=minSG FS_S7_METHOD=grf FS_S7_Z1Q=0.60
  env unset: FS_S7_ER_JCUTS FS_S7_NBHD
WALL_SECONDS=141 RC=0 OUT=idsweep_p31_h100_n500_grf_minSG
GATE A idsweep_p31_h100_n500_grf_minSG: 44 passes, 0 failures -- PASS
=== RUN START: p31_h100_n500 grf maxeffCons -> idsweep_p31_h100_n500_grf_eff Sun Sep 13 10:37:27 PDT 2026 ===
  env set:   FS_S7_FIELD_COMPLEMENT=TRUE FS_S7_FIELD_SCALEC=selected FS_S7_FIELD_DECOMP=TRUE FS_S7_FIELD_RECOV=TRUE FS_S7_IJ_RESIDUAL=two_term FS_S7_FB=none FS_S7_WORKERS=12 FS_S7_MR=FALSE FS_S7_CAMPAIGN=idsweep FS_S7_MODE=batch FS_S7_START=1 FS_S7_NSIMS=500 FS_S7_HR=1.00 FS_S7_N=500 FS_S7_FOCUS=maxeffCons FS_S7_METHOD=grf FS_S7_Z1Q=0.60
  env unset: FS_S7_ER_JCUTS FS_S7_NBHD
WALL_SECONDS=139 RC=0 OUT=idsweep_p31_h100_n500_grf_eff
GATE A idsweep_p31_h100_n500_grf_eff: 44 passes, 0 failures -- PASS
CELL DONE: p31_h100_n500  wall=2037s
GATE I p31_h100_n500: 293 checks passed, 0 failed -- PASS
=== RE-PROJECTION before cell 17 (p31_h100_n1000) at elapsed 10.65 h ===
render overhead: 43.4 s per render -- realized median over 256 renders (16 cells)
realized cells (s):
            cell compute_s wall_s
  p124_h150_n500      1010   1798
 p124_h150_n1000      1299   1956
 p124_h150_n1500      1534   2090
   p31_h150_n500      1724   2517
  p31_h150_n1000      2296   3035
  p31_h150_n1500      2760   3448
  p124_h175_n500      1049   1810
 p124_h175_n1000      1365   1993
 p124_h175_n1500      1623   2182
   p31_h175_n500      1866   2615
  p31_h175_n1000      2567   3239
  p31_h175_n1500      3115   3735
  p124_h100_n500       918   1675
 p124_h100_n1000      1143   1800
 p124_h100_n1500      1383   1967
   p31_h100_n500      1187   2020
           cell compute_s overhead_s wall_s finish_h        anchors
 p31_h100_n1000      1671        694   2364    11.31 p31_h150_n1000
 p31_h100_n1500      2030        694   2724    12.07 p31_h150_n1500
projected: all remaining finish at 12.07 h; 2 of 2 remaining fit under the ceiling in order
DECISION cell 17 p31_h100_n1000: elapsed 10.65 h + projected 2364 s = 11.31 h vs ceiling 13.00 h -> GO
=== CELL START: p31_h100_n1000 (z1q='0.60' n=1000 hr=1.00) Sun Sep 13 10:39:49 PDT 2026 ; elapsed 38354s ===
vm.swapusage: total = 0.00M  used = 0.00M  free = 0.00M  (encrypted)
System-wide memory free percentage: 86%
=== RUN START: p31_h100_n1000 consistency effMaxSG -> idsweep_p31_h100_n1000_consistency_effMaxSG Sun Sep 13 10:39:49 PDT 2026 ===
  env set:   FS_S7_FIELD_COMPLEMENT=TRUE FS_S7_FIELD_SCALEC=selected FS_S7_FIELD_DECOMP=TRUE FS_S7_FIELD_RECOV=TRUE FS_S7_IJ_RESIDUAL=two_term FS_S7_FB=none FS_S7_WORKERS=12 FS_S7_MR=FALSE FS_S7_CAMPAIGN=idsweep FS_S7_MODE=batch FS_S7_START=1 FS_S7_NSIMS=500 FS_S7_HR=1.00 FS_S7_N=1000 FS_S7_FOCUS=effMaxSG FS_S7_NBHD=0.20 FS_S7_Z1Q=0.60
  env unset: FS_S7_ER_JCUTS FS_S7_METHOD
WALL_SECONDS=150 RC=0 OUT=idsweep_p31_h100_n1000_consistency_effMaxSG
GATE A idsweep_p31_h100_n1000_consistency_effMaxSG: 38 passes, 0 failures -- PASS
=== RUN START: p31_h100_n1000 consistency effMinSG -> idsweep_p31_h100_n1000_consistency_effMinSG Sun Sep 13 10:42:20 PDT 2026 ===
  env set:   FS_S7_FIELD_COMPLEMENT=TRUE FS_S7_FIELD_SCALEC=selected FS_S7_FIELD_DECOMP=TRUE FS_S7_FIELD_RECOV=TRUE FS_S7_IJ_RESIDUAL=two_term FS_S7_FB=none FS_S7_WORKERS=12 FS_S7_MR=FALSE FS_S7_CAMPAIGN=idsweep FS_S7_MODE=batch FS_S7_START=1 FS_S7_NSIMS=500 FS_S7_HR=1.00 FS_S7_N=1000 FS_S7_FOCUS=effMinSG FS_S7_NBHD=0.20 FS_S7_Z1Q=0.60
  env unset: FS_S7_ER_JCUTS FS_S7_METHOD
WALL_SECONDS=139 RC=0 OUT=idsweep_p31_h100_n1000_consistency_effMinSG
GATE A idsweep_p31_h100_n1000_consistency_effMinSG: 38 passes, 0 failures -- PASS
=== RUN START: p31_h100_n1000 consistency maxeffCons -> idsweep_p31_h100_n1000_consistency_maxeffCons Sun Sep 13 10:44:40 PDT 2026 ===
  env set:   FS_S7_FIELD_COMPLEMENT=TRUE FS_S7_FIELD_SCALEC=selected FS_S7_FIELD_DECOMP=TRUE FS_S7_FIELD_RECOV=TRUE FS_S7_IJ_RESIDUAL=two_term FS_S7_FB=none FS_S7_WORKERS=12 FS_S7_MR=FALSE FS_S7_CAMPAIGN=idsweep FS_S7_MODE=batch FS_S7_START=1 FS_S7_NSIMS=500 FS_S7_HR=1.00 FS_S7_N=1000 FS_S7_FOCUS=maxeffCons FS_S7_Z1Q=0.60
  env unset: FS_S7_ER_JCUTS FS_S7_NBHD FS_S7_METHOD
WALL_SECONDS=144 RC=0 OUT=idsweep_p31_h100_n1000_consistency_maxeffCons
GATE A idsweep_p31_h100_n1000_consistency_maxeffCons: 38 passes, 0 failures -- PASS
=== RUN START: p31_h100_n1000 consistency maxeff -> idsweep_p31_h100_n1000_consistency_maxeff Sun Sep 13 10:47:05 PDT 2026 ===
  env set:   FS_S7_FIELD_COMPLEMENT=TRUE FS_S7_FIELD_SCALEC=selected FS_S7_FIELD_DECOMP=TRUE FS_S7_FIELD_RECOV=TRUE FS_S7_IJ_RESIDUAL=two_term FS_S7_FB=none FS_S7_WORKERS=12 FS_S7_MR=FALSE FS_S7_CAMPAIGN=idsweep FS_S7_MODE=batch FS_S7_START=1 FS_S7_NSIMS=500 FS_S7_HR=1.00 FS_S7_N=1000 FS_S7_FOCUS=maxeff FS_S7_Z1Q=0.60
  env unset: FS_S7_ER_JCUTS FS_S7_NBHD FS_S7_METHOD
WALL_SECONDS=186 RC=0 OUT=idsweep_p31_h100_n1000_consistency_maxeff
GATE A idsweep_p31_h100_n1000_consistency_maxeff: 38 passes, 0 failures -- PASS
=== RUN START: p31_h100_n1000 consistency maxSG -> idsweep_p31_h100_n1000_consistency_maxSG Sun Sep 13 10:50:11 PDT 2026 ===
  env set:   FS_S7_FIELD_COMPLEMENT=TRUE FS_S7_FIELD_SCALEC=selected FS_S7_FIELD_DECOMP=TRUE FS_S7_FIELD_RECOV=TRUE FS_S7_IJ_RESIDUAL=two_term FS_S7_FB=none FS_S7_WORKERS=12 FS_S7_MR=FALSE FS_S7_CAMPAIGN=idsweep FS_S7_MODE=batch FS_S7_START=1 FS_S7_NSIMS=500 FS_S7_HR=1.00 FS_S7_N=1000 FS_S7_FOCUS=maxSG FS_S7_Z1Q=0.60
  env unset: FS_S7_ER_JCUTS FS_S7_NBHD FS_S7_METHOD
WALL_SECONDS=158 RC=0 OUT=idsweep_p31_h100_n1000_consistency_maxSG
GATE A idsweep_p31_h100_n1000_consistency_maxSG: 38 passes, 0 failures -- PASS
=== RUN START: p31_h100_n1000 consistency minSG -> idsweep_p31_h100_n1000_consistency_minSG Sun Sep 13 10:52:50 PDT 2026 ===
  env set:   FS_S7_FIELD_COMPLEMENT=TRUE FS_S7_FIELD_SCALEC=selected FS_S7_FIELD_DECOMP=TRUE FS_S7_FIELD_RECOV=TRUE FS_S7_IJ_RESIDUAL=two_term FS_S7_FB=none FS_S7_WORKERS=12 FS_S7_MR=FALSE FS_S7_CAMPAIGN=idsweep FS_S7_MODE=batch FS_S7_START=1 FS_S7_NSIMS=500 FS_S7_HR=1.00 FS_S7_N=1000 FS_S7_FOCUS=minSG FS_S7_Z1Q=0.60
  env unset: FS_S7_ER_JCUTS FS_S7_NBHD FS_S7_METHOD
WALL_SECONDS=157 RC=0 OUT=idsweep_p31_h100_n1000_consistency_minSG
GATE A idsweep_p31_h100_n1000_consistency_minSG: 38 passes, 0 failures -- PASS
=== RUN START: p31_h100_n1000 dina effMaxSG -> idsweep_p31_h100_n1000_dina_effMaxSG Sun Sep 13 10:55:28 PDT 2026 ===
  env set:   FS_S7_FIELD_COMPLEMENT=TRUE FS_S7_FIELD_SCALEC=selected FS_S7_FIELD_DECOMP=TRUE FS_S7_FIELD_RECOV=TRUE FS_S7_IJ_RESIDUAL=two_term FS_S7_FB=none FS_S7_WORKERS=12 FS_S7_MR=FALSE FS_S7_CAMPAIGN=idsweep FS_S7_MODE=batch FS_S7_START=1 FS_S7_NSIMS=500 FS_S7_HR=1.00 FS_S7_N=1000 FS_S7_FOCUS=effMaxSG FS_S7_NBHD=0.20 FS_S7_METHOD=dina FS_S7_Z1Q=0.60
  env unset: FS_S7_ER_JCUTS
WALL_SECONDS=108 RC=0 OUT=idsweep_p31_h100_n1000_dina_effMaxSG
GATE A idsweep_p31_h100_n1000_dina_effMaxSG: 38 passes, 0 failures -- PASS
=== RUN START: p31_h100_n1000 dina effMinSG -> idsweep_p31_h100_n1000_dina_effMinSG Sun Sep 13 10:57:17 PDT 2026 ===
  env set:   FS_S7_FIELD_COMPLEMENT=TRUE FS_S7_FIELD_SCALEC=selected FS_S7_FIELD_DECOMP=TRUE FS_S7_FIELD_RECOV=TRUE FS_S7_IJ_RESIDUAL=two_term FS_S7_FB=none FS_S7_WORKERS=12 FS_S7_MR=FALSE FS_S7_CAMPAIGN=idsweep FS_S7_MODE=batch FS_S7_START=1 FS_S7_NSIMS=500 FS_S7_HR=1.00 FS_S7_N=1000 FS_S7_FOCUS=effMinSG FS_S7_NBHD=0.20 FS_S7_METHOD=dina FS_S7_Z1Q=0.60
  env unset: FS_S7_ER_JCUTS
WALL_SECONDS=101 RC=0 OUT=idsweep_p31_h100_n1000_dina_effMinSG
GATE A idsweep_p31_h100_n1000_dina_effMinSG: 38 passes, 0 failures -- PASS
=== RUN START: p31_h100_n1000 dina maxSG -> idsweep_p31_h100_n1000_dina_maxSG Sun Sep 13 10:58:59 PDT 2026 ===
  env set:   FS_S7_FIELD_COMPLEMENT=TRUE FS_S7_FIELD_SCALEC=selected FS_S7_FIELD_DECOMP=TRUE FS_S7_FIELD_RECOV=TRUE FS_S7_IJ_RESIDUAL=two_term FS_S7_FB=none FS_S7_WORKERS=12 FS_S7_MR=FALSE FS_S7_CAMPAIGN=idsweep FS_S7_MODE=batch FS_S7_START=1 FS_S7_NSIMS=500 FS_S7_HR=1.00 FS_S7_N=1000 FS_S7_FOCUS=maxSG FS_S7_METHOD=dina FS_S7_Z1Q=0.60
  env unset: FS_S7_ER_JCUTS FS_S7_NBHD
WALL_SECONDS=98 RC=0 OUT=idsweep_p31_h100_n1000_dina_maxSG
GATE A idsweep_p31_h100_n1000_dina_maxSG: 38 passes, 0 failures -- PASS
=== RUN START: p31_h100_n1000 dina minSG -> idsweep_p31_h100_n1000_dina_minSG Sun Sep 13 11:00:38 PDT 2026 ===
  env set:   FS_S7_FIELD_COMPLEMENT=TRUE FS_S7_FIELD_SCALEC=selected FS_S7_FIELD_DECOMP=TRUE FS_S7_FIELD_RECOV=TRUE FS_S7_IJ_RESIDUAL=two_term FS_S7_FB=none FS_S7_WORKERS=12 FS_S7_MR=FALSE FS_S7_CAMPAIGN=idsweep FS_S7_MODE=batch FS_S7_START=1 FS_S7_NSIMS=500 FS_S7_HR=1.00 FS_S7_N=1000 FS_S7_FOCUS=minSG FS_S7_METHOD=dina FS_S7_Z1Q=0.60
  env unset: FS_S7_ER_JCUTS FS_S7_NBHD
WALL_SECONDS=95 RC=0 OUT=idsweep_p31_h100_n1000_dina_minSG
GATE A idsweep_p31_h100_n1000_dina_minSG: 38 passes, 0 failures -- PASS
=== RUN START: p31_h100_n1000 dina maxeffCons -> idsweep_p31_h100_n1000_dina_eff Sun Sep 13 11:02:14 PDT 2026 ===
  env set:   FS_S7_FIELD_COMPLEMENT=TRUE FS_S7_FIELD_SCALEC=selected FS_S7_FIELD_DECOMP=TRUE FS_S7_FIELD_RECOV=TRUE FS_S7_IJ_RESIDUAL=two_term FS_S7_FB=none FS_S7_WORKERS=12 FS_S7_MR=FALSE FS_S7_CAMPAIGN=idsweep FS_S7_MODE=batch FS_S7_START=1 FS_S7_NSIMS=500 FS_S7_HR=1.00 FS_S7_N=1000 FS_S7_FOCUS=maxeffCons FS_S7_METHOD=dina FS_S7_Z1Q=0.60
  env unset: FS_S7_ER_JCUTS FS_S7_NBHD
WALL_SECONDS=94 RC=0 OUT=idsweep_p31_h100_n1000_dina_eff
GATE A idsweep_p31_h100_n1000_dina_eff: 38 passes, 0 failures -- PASS
=== RUN START: p31_h100_n1000 grf effMaxSG -> idsweep_p31_h100_n1000_grf_effMaxSG Sun Sep 13 11:03:49 PDT 2026 ===
  env set:   FS_S7_FIELD_COMPLEMENT=TRUE FS_S7_FIELD_SCALEC=selected FS_S7_FIELD_DECOMP=TRUE FS_S7_FIELD_RECOV=TRUE FS_S7_IJ_RESIDUAL=two_term FS_S7_FB=none FS_S7_WORKERS=12 FS_S7_MR=FALSE FS_S7_CAMPAIGN=idsweep FS_S7_MODE=batch FS_S7_START=1 FS_S7_NSIMS=500 FS_S7_HR=1.00 FS_S7_N=1000 FS_S7_FOCUS=effMaxSG FS_S7_NBHD=0.20 FS_S7_METHOD=grf FS_S7_Z1Q=0.60
  env unset: FS_S7_ER_JCUTS
WALL_SECONDS=187 RC=0 OUT=idsweep_p31_h100_n1000_grf_effMaxSG
GATE A idsweep_p31_h100_n1000_grf_effMaxSG: 44 passes, 0 failures -- PASS
=== RUN START: p31_h100_n1000 grf effMinSG -> idsweep_p31_h100_n1000_grf_effMinSG Sun Sep 13 11:06:57 PDT 2026 ===
  env set:   FS_S7_FIELD_COMPLEMENT=TRUE FS_S7_FIELD_SCALEC=selected FS_S7_FIELD_DECOMP=TRUE FS_S7_FIELD_RECOV=TRUE FS_S7_IJ_RESIDUAL=two_term FS_S7_FB=none FS_S7_WORKERS=12 FS_S7_MR=FALSE FS_S7_CAMPAIGN=idsweep FS_S7_MODE=batch FS_S7_START=1 FS_S7_NSIMS=500 FS_S7_HR=1.00 FS_S7_N=1000 FS_S7_FOCUS=effMinSG FS_S7_NBHD=0.20 FS_S7_METHOD=grf FS_S7_Z1Q=0.60
  env unset: FS_S7_ER_JCUTS
WALL_SECONDS=176 RC=0 OUT=idsweep_p31_h100_n1000_grf_effMinSG
GATE A idsweep_p31_h100_n1000_grf_effMinSG: 44 passes, 0 failures -- PASS
=== RUN START: p31_h100_n1000 grf maxSG -> idsweep_p31_h100_n1000_grf_maxSG Sun Sep 13 11:09:54 PDT 2026 ===
  env set:   FS_S7_FIELD_COMPLEMENT=TRUE FS_S7_FIELD_SCALEC=selected FS_S7_FIELD_DECOMP=TRUE FS_S7_FIELD_RECOV=TRUE FS_S7_IJ_RESIDUAL=two_term FS_S7_FB=none FS_S7_WORKERS=12 FS_S7_MR=FALSE FS_S7_CAMPAIGN=idsweep FS_S7_MODE=batch FS_S7_START=1 FS_S7_NSIMS=500 FS_S7_HR=1.00 FS_S7_N=1000 FS_S7_FOCUS=maxSG FS_S7_METHOD=grf FS_S7_Z1Q=0.60
  env unset: FS_S7_ER_JCUTS FS_S7_NBHD
WALL_SECONDS=182 RC=0 OUT=idsweep_p31_h100_n1000_grf_maxSG
GATE A idsweep_p31_h100_n1000_grf_maxSG: 44 passes, 0 failures -- PASS
=== RUN START: p31_h100_n1000 grf minSG -> idsweep_p31_h100_n1000_grf_minSG Sun Sep 13 11:12:57 PDT 2026 ===
  env set:   FS_S7_FIELD_COMPLEMENT=TRUE FS_S7_FIELD_SCALEC=selected FS_S7_FIELD_DECOMP=TRUE FS_S7_FIELD_RECOV=TRUE FS_S7_IJ_RESIDUAL=two_term FS_S7_FB=none FS_S7_WORKERS=12 FS_S7_MR=FALSE FS_S7_CAMPAIGN=idsweep FS_S7_MODE=batch FS_S7_START=1 FS_S7_NSIMS=500 FS_S7_HR=1.00 FS_S7_N=1000 FS_S7_FOCUS=minSG FS_S7_METHOD=grf FS_S7_Z1Q=0.60
  env unset: FS_S7_ER_JCUTS FS_S7_NBHD
WALL_SECONDS=175 RC=0 OUT=idsweep_p31_h100_n1000_grf_minSG
GATE A idsweep_p31_h100_n1000_grf_minSG: 44 passes, 0 failures -- PASS
=== RUN START: p31_h100_n1000 grf maxeffCons -> idsweep_p31_h100_n1000_grf_eff Sun Sep 13 11:15:53 PDT 2026 ===
  env set:   FS_S7_FIELD_COMPLEMENT=TRUE FS_S7_FIELD_SCALEC=selected FS_S7_FIELD_DECOMP=TRUE FS_S7_FIELD_RECOV=TRUE FS_S7_IJ_RESIDUAL=two_term FS_S7_FB=none FS_S7_WORKERS=12 FS_S7_MR=FALSE FS_S7_CAMPAIGN=idsweep FS_S7_MODE=batch FS_S7_START=1 FS_S7_NSIMS=500 FS_S7_HR=1.00 FS_S7_N=1000 FS_S7_FOCUS=maxeffCons FS_S7_METHOD=grf FS_S7_Z1Q=0.60
  env unset: FS_S7_ER_JCUTS FS_S7_NBHD
WALL_SECONDS=179 RC=0 OUT=idsweep_p31_h100_n1000_grf_eff
GATE A idsweep_p31_h100_n1000_grf_eff: 44 passes, 0 failures -- PASS
CELL DONE: p31_h100_n1000  wall=2344s
GATE I p31_h100_n1000: 293 checks passed, 0 failed -- PASS
=== RE-PROJECTION before cell 18 (p31_h100_n1500) at elapsed 11.31 h ===
render overhead: 43.9 s per render -- realized median over 272 renders (17 cells)
realized cells (s):
            cell compute_s wall_s
  p124_h150_n500      1010   1798
 p124_h150_n1000      1299   1956
 p124_h150_n1500      1534   2090
   p31_h150_n500      1724   2517
  p31_h150_n1000      2296   3035
  p31_h150_n1500      2760   3448
  p124_h175_n500      1049   1810
 p124_h175_n1000      1365   1993
 p124_h175_n1500      1623   2182
   p31_h175_n500      1866   2615
  p31_h175_n1000      2567   3239
  p31_h175_n1500      3115   3735
  p124_h100_n500       918   1675
 p124_h100_n1000      1143   1800
 p124_h100_n1500      1383   1967
   p31_h100_n500      1187   2020
  p31_h100_n1000      1499   2329
           cell compute_s overhead_s wall_s finish_h        anchors
 p31_h100_n1500      2030        702   2732    12.06 p31_h150_n1500
projected: all remaining finish at 12.06 h; 1 of 1 remaining fit under the ceiling in order
DECISION cell 18 p31_h100_n1500: elapsed 11.31 h + projected 2732 s = 12.06 h vs ceiling 13.00 h -> GO
=== CELL START: p31_h100_n1500 (z1q='0.60' n=1500 hr=1.00) Sun Sep 13 11:18:55 PDT 2026 ; elapsed 40700s ===
vm.swapusage: total = 0.00M  used = 0.00M  free = 0.00M  (encrypted)
System-wide memory free percentage: 86%
=== RUN START: p31_h100_n1500 consistency effMaxSG -> idsweep_p31_h100_n1500_consistency_effMaxSG Sun Sep 13 11:18:55 PDT 2026 ===
  env set:   FS_S7_FIELD_COMPLEMENT=TRUE FS_S7_FIELD_SCALEC=selected FS_S7_FIELD_DECOMP=TRUE FS_S7_FIELD_RECOV=TRUE FS_S7_IJ_RESIDUAL=two_term FS_S7_FB=none FS_S7_WORKERS=12 FS_S7_MR=FALSE FS_S7_CAMPAIGN=idsweep FS_S7_MODE=batch FS_S7_START=1 FS_S7_NSIMS=500 FS_S7_HR=1.00 FS_S7_N=1500 FS_S7_FOCUS=effMaxSG FS_S7_NBHD=0.20 FS_S7_Z1Q=0.60
  env unset: FS_S7_ER_JCUTS FS_S7_METHOD
WALL_SECONDS=158 RC=0 OUT=idsweep_p31_h100_n1500_consistency_effMaxSG
GATE A idsweep_p31_h100_n1500_consistency_effMaxSG: 38 passes, 0 failures -- PASS
=== RUN START: p31_h100_n1500 consistency effMinSG -> idsweep_p31_h100_n1500_consistency_effMinSG Sun Sep 13 11:21:34 PDT 2026 ===
  env set:   FS_S7_FIELD_COMPLEMENT=TRUE FS_S7_FIELD_SCALEC=selected FS_S7_FIELD_DECOMP=TRUE FS_S7_FIELD_RECOV=TRUE FS_S7_IJ_RESIDUAL=two_term FS_S7_FB=none FS_S7_WORKERS=12 FS_S7_MR=FALSE FS_S7_CAMPAIGN=idsweep FS_S7_MODE=batch FS_S7_START=1 FS_S7_NSIMS=500 FS_S7_HR=1.00 FS_S7_N=1500 FS_S7_FOCUS=effMinSG FS_S7_NBHD=0.20 FS_S7_Z1Q=0.60
  env unset: FS_S7_ER_JCUTS FS_S7_METHOD
WALL_SECONDS=145 RC=0 OUT=idsweep_p31_h100_n1500_consistency_effMinSG
GATE A idsweep_p31_h100_n1500_consistency_effMinSG: 38 passes, 0 failures -- PASS
=== RUN START: p31_h100_n1500 consistency maxeffCons -> idsweep_p31_h100_n1500_consistency_maxeffCons Sun Sep 13 11:24:00 PDT 2026 ===
  env set:   FS_S7_FIELD_COMPLEMENT=TRUE FS_S7_FIELD_SCALEC=selected FS_S7_FIELD_DECOMP=TRUE FS_S7_FIELD_RECOV=TRUE FS_S7_IJ_RESIDUAL=two_term FS_S7_FB=none FS_S7_WORKERS=12 FS_S7_MR=FALSE FS_S7_CAMPAIGN=idsweep FS_S7_MODE=batch FS_S7_START=1 FS_S7_NSIMS=500 FS_S7_HR=1.00 FS_S7_N=1500 FS_S7_FOCUS=maxeffCons FS_S7_Z1Q=0.60
  env unset: FS_S7_ER_JCUTS FS_S7_NBHD FS_S7_METHOD
WALL_SECONDS=148 RC=0 OUT=idsweep_p31_h100_n1500_consistency_maxeffCons
GATE A idsweep_p31_h100_n1500_consistency_maxeffCons: 38 passes, 0 failures -- PASS
=== RUN START: p31_h100_n1500 consistency maxeff -> idsweep_p31_h100_n1500_consistency_maxeff Sun Sep 13 11:26:29 PDT 2026 ===
  env set:   FS_S7_FIELD_COMPLEMENT=TRUE FS_S7_FIELD_SCALEC=selected FS_S7_FIELD_DECOMP=TRUE FS_S7_FIELD_RECOV=TRUE FS_S7_IJ_RESIDUAL=two_term FS_S7_FB=none FS_S7_WORKERS=12 FS_S7_MR=FALSE FS_S7_CAMPAIGN=idsweep FS_S7_MODE=batch FS_S7_START=1 FS_S7_NSIMS=500 FS_S7_HR=1.00 FS_S7_N=1500 FS_S7_FOCUS=maxeff FS_S7_Z1Q=0.60
  env unset: FS_S7_ER_JCUTS FS_S7_NBHD FS_S7_METHOD
WALL_SECONDS=205 RC=0 OUT=idsweep_p31_h100_n1500_consistency_maxeff
GATE A idsweep_p31_h100_n1500_consistency_maxeff: 38 passes, 0 failures -- PASS
=== RUN START: p31_h100_n1500 consistency maxSG -> idsweep_p31_h100_n1500_consistency_maxSG Sun Sep 13 11:29:55 PDT 2026 ===
  env set:   FS_S7_FIELD_COMPLEMENT=TRUE FS_S7_FIELD_SCALEC=selected FS_S7_FIELD_DECOMP=TRUE FS_S7_FIELD_RECOV=TRUE FS_S7_IJ_RESIDUAL=two_term FS_S7_FB=none FS_S7_WORKERS=12 FS_S7_MR=FALSE FS_S7_CAMPAIGN=idsweep FS_S7_MODE=batch FS_S7_START=1 FS_S7_NSIMS=500 FS_S7_HR=1.00 FS_S7_N=1500 FS_S7_FOCUS=maxSG FS_S7_Z1Q=0.60
  env unset: FS_S7_ER_JCUTS FS_S7_NBHD FS_S7_METHOD
WALL_SECONDS=160 RC=0 OUT=idsweep_p31_h100_n1500_consistency_maxSG
GATE A idsweep_p31_h100_n1500_consistency_maxSG: 38 passes, 0 failures -- PASS
=== RUN START: p31_h100_n1500 consistency minSG -> idsweep_p31_h100_n1500_consistency_minSG Sun Sep 13 11:32:36 PDT 2026 ===
  env set:   FS_S7_FIELD_COMPLEMENT=TRUE FS_S7_FIELD_SCALEC=selected FS_S7_FIELD_DECOMP=TRUE FS_S7_FIELD_RECOV=TRUE FS_S7_IJ_RESIDUAL=two_term FS_S7_FB=none FS_S7_WORKERS=12 FS_S7_MR=FALSE FS_S7_CAMPAIGN=idsweep FS_S7_MODE=batch FS_S7_START=1 FS_S7_NSIMS=500 FS_S7_HR=1.00 FS_S7_N=1500 FS_S7_FOCUS=minSG FS_S7_Z1Q=0.60
  env unset: FS_S7_ER_JCUTS FS_S7_NBHD FS_S7_METHOD
WALL_SECONDS=145 RC=0 OUT=idsweep_p31_h100_n1500_consistency_minSG
GATE A idsweep_p31_h100_n1500_consistency_minSG: 38 passes, 0 failures -- PASS
=== RUN START: p31_h100_n1500 dina effMaxSG -> idsweep_p31_h100_n1500_dina_effMaxSG Sun Sep 13 11:35:02 PDT 2026 ===
  env set:   FS_S7_FIELD_COMPLEMENT=TRUE FS_S7_FIELD_SCALEC=selected FS_S7_FIELD_DECOMP=TRUE FS_S7_FIELD_RECOV=TRUE FS_S7_IJ_RESIDUAL=two_term FS_S7_FB=none FS_S7_WORKERS=12 FS_S7_MR=FALSE FS_S7_CAMPAIGN=idsweep FS_S7_MODE=batch FS_S7_START=1 FS_S7_NSIMS=500 FS_S7_HR=1.00 FS_S7_N=1500 FS_S7_FOCUS=effMaxSG FS_S7_NBHD=0.20 FS_S7_METHOD=dina FS_S7_Z1Q=0.60
  env unset: FS_S7_ER_JCUTS
WALL_SECONDS=83 RC=0 OUT=idsweep_p31_h100_n1500_dina_effMaxSG
GATE A idsweep_p31_h100_n1500_dina_effMaxSG: 38 passes, 0 failures -- PASS
=== RUN START: p31_h100_n1500 dina effMinSG -> idsweep_p31_h100_n1500_dina_effMinSG Sun Sep 13 11:36:26 PDT 2026 ===
  env set:   FS_S7_FIELD_COMPLEMENT=TRUE FS_S7_FIELD_SCALEC=selected FS_S7_FIELD_DECOMP=TRUE FS_S7_FIELD_RECOV=TRUE FS_S7_IJ_RESIDUAL=two_term FS_S7_FB=none FS_S7_WORKERS=12 FS_S7_MR=FALSE FS_S7_CAMPAIGN=idsweep FS_S7_MODE=batch FS_S7_START=1 FS_S7_NSIMS=500 FS_S7_HR=1.00 FS_S7_N=1500 FS_S7_FOCUS=effMinSG FS_S7_NBHD=0.20 FS_S7_METHOD=dina FS_S7_Z1Q=0.60
  env unset: FS_S7_ER_JCUTS
WALL_SECONDS=77 RC=0 OUT=idsweep_p31_h100_n1500_dina_effMinSG
GATE A idsweep_p31_h100_n1500_dina_effMinSG: 38 passes, 0 failures -- PASS
=== RUN START: p31_h100_n1500 dina maxSG -> idsweep_p31_h100_n1500_dina_maxSG Sun Sep 13 11:37:43 PDT 2026 ===
  env set:   FS_S7_FIELD_COMPLEMENT=TRUE FS_S7_FIELD_SCALEC=selected FS_S7_FIELD_DECOMP=TRUE FS_S7_FIELD_RECOV=TRUE FS_S7_IJ_RESIDUAL=two_term FS_S7_FB=none FS_S7_WORKERS=12 FS_S7_MR=FALSE FS_S7_CAMPAIGN=idsweep FS_S7_MODE=batch FS_S7_START=1 FS_S7_NSIMS=500 FS_S7_HR=1.00 FS_S7_N=1500 FS_S7_FOCUS=maxSG FS_S7_METHOD=dina FS_S7_Z1Q=0.60
  env unset: FS_S7_ER_JCUTS FS_S7_NBHD
WALL_SECONDS=83 RC=0 OUT=idsweep_p31_h100_n1500_dina_maxSG
GATE A idsweep_p31_h100_n1500_dina_maxSG: 38 passes, 0 failures -- PASS
=== RUN START: p31_h100_n1500 dina minSG -> idsweep_p31_h100_n1500_dina_minSG Sun Sep 13 11:39:07 PDT 2026 ===
  env set:   FS_S7_FIELD_COMPLEMENT=TRUE FS_S7_FIELD_SCALEC=selected FS_S7_FIELD_DECOMP=TRUE FS_S7_FIELD_RECOV=TRUE FS_S7_IJ_RESIDUAL=two_term FS_S7_FB=none FS_S7_WORKERS=12 FS_S7_MR=FALSE FS_S7_CAMPAIGN=idsweep FS_S7_MODE=batch FS_S7_START=1 FS_S7_NSIMS=500 FS_S7_HR=1.00 FS_S7_N=1500 FS_S7_FOCUS=minSG FS_S7_METHOD=dina FS_S7_Z1Q=0.60
  env unset: FS_S7_ER_JCUTS FS_S7_NBHD
WALL_SECONDS=77 RC=0 OUT=idsweep_p31_h100_n1500_dina_minSG
GATE A idsweep_p31_h100_n1500_dina_minSG: 38 passes, 0 failures -- PASS
=== RUN START: p31_h100_n1500 dina maxeffCons -> idsweep_p31_h100_n1500_dina_eff Sun Sep 13 11:40:25 PDT 2026 ===
  env set:   FS_S7_FIELD_COMPLEMENT=TRUE FS_S7_FIELD_SCALEC=selected FS_S7_FIELD_DECOMP=TRUE FS_S7_FIELD_RECOV=TRUE FS_S7_IJ_RESIDUAL=two_term FS_S7_FB=none FS_S7_WORKERS=12 FS_S7_MR=FALSE FS_S7_CAMPAIGN=idsweep FS_S7_MODE=batch FS_S7_START=1 FS_S7_NSIMS=500 FS_S7_HR=1.00 FS_S7_N=1500 FS_S7_FOCUS=maxeffCons FS_S7_METHOD=dina FS_S7_Z1Q=0.60
  env unset: FS_S7_ER_JCUTS FS_S7_NBHD
WALL_SECONDS=77 RC=0 OUT=idsweep_p31_h100_n1500_dina_eff
GATE A idsweep_p31_h100_n1500_dina_eff: 38 passes, 0 failures -- PASS
=== RUN START: p31_h100_n1500 grf effMaxSG -> idsweep_p31_h100_n1500_grf_effMaxSG Sun Sep 13 11:41:43 PDT 2026 ===
  env set:   FS_S7_FIELD_COMPLEMENT=TRUE FS_S7_FIELD_SCALEC=selected FS_S7_FIELD_DECOMP=TRUE FS_S7_FIELD_RECOV=TRUE FS_S7_IJ_RESIDUAL=two_term FS_S7_FB=none FS_S7_WORKERS=12 FS_S7_MR=FALSE FS_S7_CAMPAIGN=idsweep FS_S7_MODE=batch FS_S7_START=1 FS_S7_NSIMS=500 FS_S7_HR=1.00 FS_S7_N=1500 FS_S7_FOCUS=effMaxSG FS_S7_NBHD=0.20 FS_S7_METHOD=grf FS_S7_Z1Q=0.60
  env unset: FS_S7_ER_JCUTS
WALL_SECONDS=228 RC=0 OUT=idsweep_p31_h100_n1500_grf_effMaxSG
GATE A idsweep_p31_h100_n1500_grf_effMaxSG: 44 passes, 0 failures -- PASS
=== RUN START: p31_h100_n1500 grf effMinSG -> idsweep_p31_h100_n1500_grf_effMinSG Sun Sep 13 11:45:32 PDT 2026 ===
  env set:   FS_S7_FIELD_COMPLEMENT=TRUE FS_S7_FIELD_SCALEC=selected FS_S7_FIELD_DECOMP=TRUE FS_S7_FIELD_RECOV=TRUE FS_S7_IJ_RESIDUAL=two_term FS_S7_FB=none FS_S7_WORKERS=12 FS_S7_MR=FALSE FS_S7_CAMPAIGN=idsweep FS_S7_MODE=batch FS_S7_START=1 FS_S7_NSIMS=500 FS_S7_HR=1.00 FS_S7_N=1500 FS_S7_FOCUS=effMinSG FS_S7_NBHD=0.20 FS_S7_METHOD=grf FS_S7_Z1Q=0.60
  env unset: FS_S7_ER_JCUTS
WALL_SECONDS=216 RC=0 OUT=idsweep_p31_h100_n1500_grf_effMinSG
GATE A idsweep_p31_h100_n1500_grf_effMinSG: 44 passes, 0 failures -- PASS
=== RUN START: p31_h100_n1500 grf maxSG -> idsweep_p31_h100_n1500_grf_maxSG Sun Sep 13 11:49:09 PDT 2026 ===
  env set:   FS_S7_FIELD_COMPLEMENT=TRUE FS_S7_FIELD_SCALEC=selected FS_S7_FIELD_DECOMP=TRUE FS_S7_FIELD_RECOV=TRUE FS_S7_IJ_RESIDUAL=two_term FS_S7_FB=none FS_S7_WORKERS=12 FS_S7_MR=FALSE FS_S7_CAMPAIGN=idsweep FS_S7_MODE=batch FS_S7_START=1 FS_S7_NSIMS=500 FS_S7_HR=1.00 FS_S7_N=1500 FS_S7_FOCUS=maxSG FS_S7_METHOD=grf FS_S7_Z1Q=0.60
  env unset: FS_S7_ER_JCUTS FS_S7_NBHD
WALL_SECONDS=236 RC=0 OUT=idsweep_p31_h100_n1500_grf_maxSG
GATE A idsweep_p31_h100_n1500_grf_maxSG: 44 passes, 0 failures -- PASS
=== RUN START: p31_h100_n1500 grf minSG -> idsweep_p31_h100_n1500_grf_minSG Sun Sep 13 11:53:06 PDT 2026 ===
  env set:   FS_S7_FIELD_COMPLEMENT=TRUE FS_S7_FIELD_SCALEC=selected FS_S7_FIELD_DECOMP=TRUE FS_S7_FIELD_RECOV=TRUE FS_S7_IJ_RESIDUAL=two_term FS_S7_FB=none FS_S7_WORKERS=12 FS_S7_MR=FALSE FS_S7_CAMPAIGN=idsweep FS_S7_MODE=batch FS_S7_START=1 FS_S7_NSIMS=500 FS_S7_HR=1.00 FS_S7_N=1500 FS_S7_FOCUS=minSG FS_S7_METHOD=grf FS_S7_Z1Q=0.60
  env unset: FS_S7_ER_JCUTS FS_S7_NBHD
WALL_SECONDS=249 RC=0 OUT=idsweep_p31_h100_n1500_grf_minSG
GATE A idsweep_p31_h100_n1500_grf_minSG: 44 passes, 0 failures -- PASS
=== RUN START: p31_h100_n1500 grf maxeffCons -> idsweep_p31_h100_n1500_grf_eff Sun Sep 13 11:57:17 PDT 2026 ===
  env set:   FS_S7_FIELD_COMPLEMENT=TRUE FS_S7_FIELD_SCALEC=selected FS_S7_FIELD_DECOMP=TRUE FS_S7_FIELD_RECOV=TRUE FS_S7_IJ_RESIDUAL=two_term FS_S7_FB=none FS_S7_WORKERS=12 FS_S7_MR=FALSE FS_S7_CAMPAIGN=idsweep FS_S7_MODE=batch FS_S7_START=1 FS_S7_NSIMS=500 FS_S7_HR=1.00 FS_S7_N=1500 FS_S7_FOCUS=maxeffCons FS_S7_METHOD=grf FS_S7_Z1Q=0.60
  env unset: FS_S7_ER_JCUTS FS_S7_NBHD
WALL_SECONDS=228 RC=0 OUT=idsweep_p31_h100_n1500_grf_eff
GATE A idsweep_p31_h100_n1500_grf_eff: 44 passes, 0 failures -- PASS
CELL DONE: p31_h100_n1500  wall=2531s
GATE I p31_h100_n1500: 293 checks passed, 0 failed -- PASS
IDSWEEP COMPLETE Sun Sep 13 12:01:07 PDT 2026 total_wall=43233s ; completed 18 cells: p124_h150_n500 p124_h150_n1000 p124_h150_n1500 p31_h150_n500 p31_h150_n1000 p31_h150_n1500 p124_h175_n500 p124_h175_n1000 p124_h175_n1500 p31_h175_n500 p31_h175_n1000 p31_h175_n1500 p124_h100_n500 p124_h100_n1000 p124_h100_n1500 p31_h100_n500 p31_h100_n1000 p31_h100_n1500 ; deferred 0: none
