"sim","seed","cell","pstar","errored","error_msg","declared","max_pcons","n_rows_out_sg","n_candidates_total","n_passed","sg.def","n","n_treated","events","event_rate","settings_ok","settings_bad","effect_measure","warnings","seconds"
1,8316952,1,0.5,FALSE,NA,1,0.78,5,16,5,"!{size <= 35} & !{meno}",686,246,296,0.431486880466472,TRUE,"","NULL","",5.718
2,8316953,1,0.5,FALSE,NA,1,0.99,71,223,71,"{age <= 46} & {er <= 9}",686,246,280,0.408163265306122,TRUE,"","NULL","",7.669
3,8316954,1,0.5,FALSE,NA,1,0.93,64,159,64,"!{pgr <= 26} & !{er <= 100}",686,246,288,0.419825072886297,TRUE,"","NULL","",6.326
4,8316955,1,0.5,FALSE,NA,1,0.79,16,36,16,"{nodes <= 1} & !{pgr <= 16}",686,246,273,0.397959183673469,TRUE,"","NULL","",3.715
5,8316956,1,0.5,FALSE,NA,1,0.67,10,73,10,"{er <= 100} & {nodes <= 1}",686,246,307,0.447521865889213,TRUE,"","NULL","",6.393
6,8316957,1,0.5,FALSE,NA,1,0.97,26,103,26,"!{pgr <= 77} & {er <= 100}",686,246,284,0.41399416909621,TRUE,"","NULL","",5.742
7,8316958,1,0.5,FALSE,NA,1,0.92,27,46,27,"!{size <= 35} & {pgr <= 184}",686,246,298,0.434402332361516,TRUE,"","NULL","",5.375
8,8316959,1,0.5,FALSE,NA,1,0.57,3,14,3,"!{er <= 174} & {pgr <= 337}",686,246,296,0.431486880466472,TRUE,"","NULL","",4.047
9,8316960,1,0.5,FALSE,NA,1,1,94,164,94,"!{pgr <= 184} & {age <= 61}",686,246,291,0.424198250728863,TRUE,"","NULL","",7.248
10,8316961,1,0.5,FALSE,NA,1,0.98,49,148,49,"!{age <= 61} & {er <= 70}",686,246,280,0.408163265306122,TRUE,"","NULL","",6.055
11,8316962,1,0.5,FALSE,NA,1,0.97,47,162,47,"{er <= 17} & {size <= 20}",686,246,312,0.454810495626822,TRUE,"","NULL","",6.546
12,8316963,1,0.5,FALSE,NA,1,0.78,10,40,10,"!{pgr <= 16} & {er <= 30}",686,246,267,0.389212827988338,TRUE,"","NULL","",3.747
13,8316964,1,0.5,FALSE,NA,1,0.76,3,39,3,"!{age <= 61} & {pgr <= 45}",686,246,291,0.424198250728863,TRUE,"","NULL","",5.542
14,8316965,1,0.5,FALSE,NA,1,0.96,19,90,19,"!{age <= 53} & {er <= 17}",686,246,317,0.462099125364431,TRUE,"","NULL","",5.603
15,8316966,1,0.5,FALSE,NA,1,0.97,31,61,31,"!{age <= 61} & !{er <= 0}",686,246,295,0.43002915451895,TRUE,"","NULL","",5.016
16,8316967,1,0.5,FALSE,NA,1,0.88,12,39,12,"!{grade3} & !{size <= 35}",686,246,285,0.415451895043732,TRUE,"","NULL","",4.737
17,8316968,1,0.5,FALSE,NA,1,0.95,33,104,33,"{er <= 70} & !{pgr <= 45}",686,246,300,0.43731778425656,TRUE,"","NULL","",6.6
18,8316969,1,0.5,FALSE,NA,1,0.73,1,16,1,"{size <= 20} & {nodes <= 1}",686,246,291,0.424198250728863,TRUE,"","NULL","",4.623
19,8316970,1,0.5,FALSE,NA,1,0.88,24,114,24,"{nodes <= 3} & !{pgr <= 77}",686,246,317,0.462099125364431,TRUE,"","NULL","",6.168
20,8316971,1,0.5,FALSE,NA,1,0.81,13,78,13,"!{er <= 44} & {pgr <= 114}",686,246,315,0.459183673469388,TRUE,"","NULL","",4.761
21,8316972,1,0.5,FALSE,NA,1,0.91,14,99,14,"!{pgr <= 16} & {er <= 17}",686,246,327,0.47667638483965,TRUE,"","NULL","",7.035
22,8316973,1,0.5,FALSE,NA,1,0.89,11,64,11,"{age <= 46} & !{er <= 9}",686,246,298,0.434402332361516,TRUE,"","NULL","",5.639
23,8316974,1,0.5,FALSE,NA,1,0.55,1,27,1,"{grade3} & !{meno}",686,246,324,0.472303206997085,TRUE,"","NULL","",4.866
24,8316975,1,0.5,FALSE,NA,1,0.76,14,57,14,"!{nodes <= 3} & !{meno}",686,246,277,0.403790087463557,TRUE,"","NULL","",4.62
25,8316976,1,0.5,FALSE,NA,1,0.88,17,66,17,"{size <= 35} & !{pgr <= 184}",686,246,283,0.412536443148688,TRUE,"","NULL","",5.683
26,8316977,1,0.5,FALSE,NA,1,0.94,14,92,14,"{er <= 3} & {nodes <= 7}",686,246,306,0.446064139941691,TRUE,"","NULL","",5.909
27,8316978,1,0.5,FALSE,NA,1,0.68,9,87,9,"{age <= 46} & !{nodes <= 1}",686,246,310,0.451895043731778,TRUE,"","NULL","",5.473
28,8316979,1,0.5,FALSE,NA,1,0.98,112,358,112,"{pgr <= 2} & {nodes <= 5}",686,246,330,0.481049562682216,TRUE,"","NULL","",7.761
29,8316980,1,0.5,FALSE,NA,1,0.88,5,31,5,"{nodes <= 7} & {pgr <= 0}",686,246,293,0.427113702623907,TRUE,"","NULL","",5.601
30,8316981,1,0.5,FALSE,NA,1,0.76,8,46,8,"{er <= 44} & !{pgr <= 16}",686,246,304,0.443148688046647,TRUE,"","NULL","",5.352
31,8316982,1,0.5,FALSE,NA,0,NA,0,1,0,"",686,246,322,0.469387755102041,TRUE,"","NULL","",4.521
32,8316983,1,0.5,FALSE,NA,1,0.8,24,169,24,"{nodes <= 1} & {size <= 35}",686,246,291,0.424198250728863,TRUE,"","NULL","",6.561
33,8316984,1,0.5,FALSE,NA,1,0.9,5,36,5,"{pgr <= 2} & !{nodes <= 1}",686,246,295,0.43002915451895,TRUE,"","NULL","",5.744
34,8316985,1,0.5,FALSE,NA,1,0.68,4,54,4,"{nodes <= 1} & !{size <= 20}",686,246,325,0.473760932944606,TRUE,"","NULL","",5.322
35,8316986,1,0.5,FALSE,NA,1,0.95,53,213,53,"{er <= 17} & !{er <= 9}",686,246,302,0.440233236151603,TRUE,"","NULL","",7.391
36,8316987,1,0.5,FALSE,NA,1,1,37,154,37,"!{er <= 30} & {pgr <= 45}",686,246,286,0.416909620991254,TRUE,"","NULL","",5.384
37,8316988,1,0.5,FALSE,NA,1,1,49,179,49,"{er <= 70} & {pgr <= 0}",686,246,304,0.443148688046647,TRUE,"","NULL","",7.927
38,8316989,1,0.5,FALSE,NA,1,0.73,5,60,5,"!{pgr <= 77} & {pgr <= 184}",686,246,310,0.451895043731778,TRUE,"","NULL","",5.004
39,8316990,1,0.5,FALSE,NA,1,0.99,167,412,167,"{nodes <= 1} & !{pgr <= 16}",686,246,289,0.421282798833819,TRUE,"","NULL","",9.006
40,8316991,1,0.5,FALSE,NA,1,0.65,2,27,2,"!{pgr <= 114} & !{nodes <= 1}",686,246,293,0.427113702623907,TRUE,"","NULL","",3.382
41,8316992,1,0.5,FALSE,NA,1,0.85,11,79,11,"{size <= 25} & {er <= 17}",686,246,315,0.459183673469388,TRUE,"","NULL","",6.802
42,8316993,1,0.5,FALSE,NA,1,0.93,7,56,7,"{nodes <= 5} & !{nodes <= 3}",686,246,282,0.411078717201166,TRUE,"","NULL","",5.377
43,8316994,1,0.5,FALSE,NA,1,0.72,2,23,2,"!{er <= 174} & {nodes <= 7}",686,246,274,0.399416909620991,TRUE,"","NULL","",4.962
44,8316995,1,0.5,FALSE,NA,1,0.91,23,92,23,"{nodes <= 1} & {pgr <= 45}",686,246,289,0.421282798833819,TRUE,"","NULL","",5.047
45,8316996,1,0.5,FALSE,NA,0,NA,0,4,0,"",686,246,312,0.454810495626822,TRUE,"","NULL","",5.411
46,8316997,1,0.5,FALSE,NA,1,0.65,1,14,1,"!{nodes <= 3} & !{age <= 61}",686,246,313,0.456268221574344,TRUE,"","NULL","",4.907
47,8316998,1,0.5,FALSE,NA,1,0.58,2,10,2,"{pgr <= 2} & {nodes <= 5}",686,246,296,0.431486880466472,TRUE,"","NULL","",4.554
48,8316999,1,0.5,FALSE,NA,0,NA,0,9,0,"",686,246,279,0.406705539358601,TRUE,"","NULL","",4.287
49,8317000,1,0.5,FALSE,NA,1,0.72,2,63,2,"{nodes <= 5} & {pgr <= 2}",686,246,332,0.483965014577259,TRUE,"","NULL","",6.493
50,8317001,1,0.5,FALSE,NA,1,0.64,2,32,2,"{size <= 25} & {pgr <= 26}",686,246,292,0.425655976676385,TRUE,"","NULL","",5.115
51,8317002,1,0.5,FALSE,NA,1,0.84,8,31,8,"{nodes <= 5} & {er <= 9}",686,246,297,0.432944606413994,TRUE,"","NULL","",4.784
52,8317003,1,0.5,FALSE,NA,1,0.8,2,20,2,"!{pgr <= 16} & !{nodes <= 7}",686,246,310,0.451895043731778,TRUE,"","NULL","",4.882
53,8317004,1,0.5,FALSE,NA,1,0.88,29,127,29,"!{age <= 53} & !{er <= 174}",686,246,320,0.466472303206997,TRUE,"","NULL","",7.16
54,8317005,1,0.5,FALSE,NA,1,0.78,2,12,2,"{pgr <= 26} & !{pgr <= 16}",686,246,296,0.431486880466472,TRUE,"","NULL","",4.719
55,8317006,1,0.5,FALSE,NA,1,0.57,1,3,1,"!{er <= 30} & {er <= 70}",686,246,309,0.450437317784257,TRUE,"","NULL","",4.564
56,8317007,1,0.5,FALSE,NA,1,0.8,14,94,14,"{nodes <= 3} & !{pgr <= 45}",686,246,302,0.440233236151603,TRUE,"","NULL","",5.483
57,8317008,1,0.5,FALSE,NA,1,0.93,50,221,50,"!{pgr <= 184} & {nodes <= 7}",686,246,284,0.41399416909621,TRUE,"","NULL","",8.611
58,8317009,1,0.5,FALSE,NA,1,0.61,11,53,11,"!{size <= 29} & {pgr <= 77}",686,246,312,0.454810495626822,TRUE,"","NULL","",5.103
59,8317010,1,0.5,FALSE,NA,1,0.94,14,37,14,"{age <= 46} & {er <= 17}",686,246,308,0.448979591836735,TRUE,"","NULL","",4.815
60,8317011,1,0.5,FALSE,NA,1,0.95,54,154,54,"{age <= 46} & {er <= 30}",686,246,300,0.43731778425656,TRUE,"","NULL","",5.268
61,8317012,1,0.5,FALSE,NA,1,0.96,97,287,97,"{nodes <= 3} & {pgr <= 8}",686,246,300,0.43731778425656,TRUE,"","NULL","",9.056
62,8317013,1,0.5,FALSE,NA,1,0.99,20,84,20,"{er <= 17} & !{er <= 9}",686,246,291,0.424198250728863,TRUE,"","NULL","",5.51
63,8317014,1,0.5,FALSE,NA,1,0.98,206,484,206,"!{pgr <= 77} & !{nodes <= 3}",686,246,293,0.427113702623907,TRUE,"","NULL","",9.36
64,8317015,1,0.5,FALSE,NA,1,0.88,26,91,26,"!{pgr <= 114} & {er <= 294}",686,246,306,0.446064139941691,TRUE,"","NULL","",3.449
65,8317016,1,0.5,FALSE,NA,1,0.91,17,85,17,"!{age <= 61} & !{size <= 25}",686,246,286,0.416909620991254,TRUE,"","NULL","",6.608
66,8317017,1,0.5,FALSE,NA,0,NA,0,9,0,"",686,246,287,0.418367346938776,TRUE,"","NULL","",4.258
67,8317018,1,0.5,FALSE,NA,1,0.85,5,32,5,"{nodes <= 7} & {er <= 0}",686,246,305,0.444606413994169,TRUE,"","NULL","",4.907
68,8317019,1,0.5,FALSE,NA,1,0.84,14,60,14,"{age <= 61} & !{age <= 53}",686,246,299,0.435860058309038,TRUE,"","NULL","",4.949
69,8317020,1,0.5,FALSE,NA,0,NA,0,2,0,"",686,246,291,0.424198250728863,TRUE,"","NULL","",4.856
70,8317021,1,0.5,FALSE,NA,1,0.98,32,116,32,"!{age <= 61} & !{er <= 174}",686,246,318,0.463556851311953,TRUE,"","NULL","",6.086
71,8317022,1,0.5,FALSE,NA,1,0.84,11,41,11,"{size <= 20} & !{er <= 3}",686,246,291,0.424198250728863,TRUE,"","NULL","",4.981
72,8317023,1,0.5,FALSE,NA,1,0.87,31,144,31,"{nodes <= 3} & !{pgr <= 77}",686,246,289,0.421282798833819,TRUE,"","NULL","",5.765
73,8317024,1,0.5,FALSE,NA,1,0.74,8,27,8,"!{size <= 25} & !{pgr <= 26}",686,246,299,0.435860058309038,TRUE,"","NULL","",5.99
74,8317025,1,0.5,FALSE,NA,1,0.98,37,106,37,"{pgr <= 2} & !{grade3}",686,246,296,0.431486880466472,TRUE,"","NULL","",5.773
75,8317026,1,0.5,FALSE,NA,1,0.75,16,50,16,"!{pgr <= 184} & !{grade3}",686,246,326,0.475218658892128,TRUE,"","NULL","",5.048
76,8317027,1,0.5,FALSE,NA,1,0.98,139,318,139,"{er <= 44} & !{pgr <= 77}",686,246,301,0.438775510204082,TRUE,"","NULL","",7.335
77,8317028,1,0.5,FALSE,NA,1,0.6,4,34,4,"!{pgr <= 77} & {er <= 70}",686,246,257,0.37463556851312,TRUE,"","NULL","",5.787
78,8317029,1,0.5,FALSE,NA,1,0.56,2,10,2,"{size <= 20} & {er <= 30}",686,246,280,0.408163265306122,TRUE,"","NULL","",4.769
79,8317030,1,0.5,FALSE,NA,1,0.91,3,25,3,"{nodes <= 1} & {size <= 25}",686,246,295,0.43002915451895,TRUE,"","NULL","",4.731
80,8317031,1,0.5,FALSE,NA,1,0.98,53,167,53,"!{age <= 53} & {er <= 17}",686,246,295,0.43002915451895,TRUE,"","NULL","",6.404
81,8317032,1,0.5,FALSE,NA,1,0.95,31,86,31,"{age <= 46} & !{pgr <= 16}",686,246,309,0.450437317784257,TRUE,"","NULL","",6.605
82,8317033,1,0.5,FALSE,NA,1,0.99,53,196,53,"{age <= 46} & !{er <= 30}",686,246,316,0.46064139941691,TRUE,"","NULL","",7.028
83,8317034,1,0.5,FALSE,NA,1,0.9,25,87,25,"{pgr <= 2} & {age <= 61}",686,246,323,0.470845481049563,TRUE,"","NULL","",5.495
84,8317035,1,0.5,FALSE,NA,1,0.99,64,285,64,"!{size <= 35} & {er <= 100}",686,246,305,0.444606413994169,TRUE,"","NULL","",6.4
85,8317036,1,0.5,FALSE,NA,1,0.71,7,29,7,"{age <= 46} & {nodes <= 3}",686,246,325,0.473760932944606,TRUE,"","NULL","",5.786
86,8317037,1,0.5,FALSE,NA,1,0.95,43,182,43,"!{age <= 61} & !{pgr <= 0}",686,246,301,0.438775510204082,TRUE,"","NULL","",6.799
87,8317038,1,0.5,FALSE,NA,1,0.88,30,171,30,"!{pgr <= 77} & {pgr <= 184}",686,246,300,0.43731778425656,TRUE,"","NULL","",6.685
88,8317039,1,0.5,FALSE,NA,1,0.88,10,49,10,"{nodes <= 3} & !{size <= 29}",686,246,316,0.46064139941691,TRUE,"","NULL","",4.019
89,8317040,1,0.5,FALSE,NA,1,0.86,8,42,8,"!{pgr <= 114} & !{er <= 70}",686,246,296,0.431486880466472,TRUE,"","NULL","",5.786
90,8317041,1,0.5,FALSE,NA,1,0.79,9,46,9,"{grade3} & !{pgr <= 2}",686,246,288,0.419825072886297,TRUE,"","NULL","",5.023
91,8317042,1,0.5,FALSE,NA,1,0.94,21,99,21,"!{pgr <= 77} & !{size <= 20}",686,246,288,0.419825072886297,TRUE,"","NULL","",5.749
92,8317043,1,0.5,FALSE,NA,1,0.91,34,140,34,"{nodes <= 3} & {er <= 70}",686,246,310,0.451895043731778,TRUE,"","NULL","",5.876
93,8317044,1,0.5,FALSE,NA,1,0.85,62,278,62,"{size <= 29} & !{meno}",686,246,291,0.424198250728863,TRUE,"","NULL","",9.36
94,8317045,1,0.5,FALSE,NA,1,0.87,9,56,9,"{nodes <= 1} & !{er <= 0}",686,246,280,0.408163265306122,TRUE,"","NULL","",5.151
95,8317046,1,0.5,FALSE,NA,1,0.82,18,136,18,"{size <= 25} & !{pgr <= 16}",686,246,312,0.454810495626822,TRUE,"","NULL","",6.153
96,8317047,1,0.5,FALSE,NA,1,0.97,72,191,72,"!{meno} & !{pgr <= 77}",686,246,294,0.428571428571429,TRUE,"","NULL","",5.087
97,8317048,1,0.5,FALSE,NA,0,NA,0,2,0,"",686,246,315,0.459183673469388,TRUE,"","NULL","",5.341
98,8317049,1,0.5,FALSE,NA,1,0.86,9,47,9,"{pgr <= 2} & {size <= 29}",686,246,304,0.443148688046647,TRUE,"","NULL","",5.36
99,8317050,1,0.5,FALSE,NA,1,0.85,18,94,18,"!{er <= 70} & !{pgr <= 114}",686,246,309,0.450437317784257,TRUE,"","NULL","",5.771
100,8317051,1,0.5,FALSE,NA,1,0.99,36,197,36,"{nodes <= 1} & {pgr <= 16}",686,246,308,0.448979591836735,TRUE,"","NULL","",6.246
101,8317052,1,0.5,FALSE,NA,1,0.8,14,76,14,"{grade3} & {er <= 70}",686,246,274,0.399416909620991,TRUE,"","NULL","",6.426
102,8317053,1,0.5,FALSE,NA,1,0.96,27,117,27,"{pgr <= 8} & {size <= 29}",686,246,313,0.456268221574344,TRUE,"","NULL","",6.121
103,8317054,1,0.5,FALSE,NA,1,0.99,29,147,29,"{er <= 3} & !{pgr <= 0}",686,246,272,0.396501457725948,TRUE,"","NULL","",6.108
104,8317055,1,0.5,FALSE,NA,1,0.95,129,419,129,"{grade3} & !{pgr <= 2}",686,246,315,0.459183673469388,TRUE,"","NULL","",7.459
105,8317056,1,0.5,FALSE,NA,1,0.93,94,235,94,"!{nodes <= 1} & {er <= 3}",686,246,300,0.43731778425656,TRUE,"","NULL","",8.609
106,8317057,1,0.5,FALSE,NA,1,0.95,21,66,21,"{er <= 44} & !{er <= 9}",686,246,310,0.451895043731778,TRUE,"","NULL","",5.143
107,8317058,1,0.5,FALSE,NA,1,0.98,22,49,22,"!{size <= 35} & {nodes <= 5}",686,246,313,0.456268221574344,TRUE,"","NULL","",5.257
108,8317059,1,0.5,FALSE,NA,1,0.77,6,38,6,"{nodes <= 3} & !{er <= 70}",686,246,289,0.421282798833819,TRUE,"","NULL","",3.945
109,8317060,1,0.5,FALSE,NA,1,0.98,62,228,62,"!{er <= 44} & {er <= 100}",686,246,288,0.419825072886297,TRUE,"","NULL","",8.545
110,8317061,1,0.5,FALSE,NA,1,0.95,45,118,45,"{age <= 46} & !{nodes <= 3}",686,246,297,0.432944606413994,TRUE,"","NULL","",5.899
111,8317062,1,0.5,FALSE,NA,1,0.84,19,68,19,"{pgr <= 8} & !{size <= 20}",686,246,299,0.435860058309038,TRUE,"","NULL","",5.151
112,8317063,1,0.5,FALSE,NA,1,0.93,40,132,40,"{er <= 17} & !{pgr <= 16}",686,246,318,0.463556851311953,TRUE,"","NULL","",4.607
113,8317064,1,0.5,FALSE,NA,1,0.98,25,127,25,"!{pgr <= 45} & !{size <= 35}",686,246,302,0.440233236151603,TRUE,"","NULL","",7.828
114,8317065,1,0.5,FALSE,NA,1,0.98,115,417,115,"{size <= 29} & !{er <= 100}",686,246,272,0.396501457725948,TRUE,"","NULL","",9.39
115,8317066,1,0.5,FALSE,NA,0,NA,0,8,0,"",686,246,304,0.443148688046647,TRUE,"","NULL","",4.302
116,8317067,1,0.5,FALSE,NA,1,0.58,1,39,1,"!{pgr <= 0} & {er <= 3}",686,246,304,0.443148688046647,TRUE,"","NULL","",3.553
117,8317068,1,0.5,FALSE,NA,1,0.84,14,55,14,"!{age <= 61} & {size <= 29}",686,246,303,0.441690962099125,TRUE,"","NULL","",6.192
118,8317069,1,0.5,FALSE,NA,1,0.92,27,81,27,"{grade3} & !{size <= 20}",686,246,311,0.4533527696793,TRUE,"","NULL","",5.403
119,8317070,1,0.5,FALSE,NA,0,NA,0,24,0,"",686,246,296,0.431486880466472,TRUE,"","NULL","",4.546
120,8317071,1,0.5,FALSE,NA,1,0.88,11,57,11,"!{nodes <= 1} & !{er <= 100}",686,246,282,0.411078717201166,TRUE,"","NULL","",4.802
121,8317072,1,0.5,FALSE,NA,0,NA,0,14,0,"",686,246,299,0.435860058309038,TRUE,"","NULL","",5.126
122,8317073,1,0.5,FALSE,NA,1,0.81,8,77,8,"{age <= 46} & {pgr <= 114}",686,246,315,0.459183673469388,TRUE,"","NULL","",5.463
123,8317074,1,0.5,FALSE,NA,1,0.96,114,261,114,"!{pgr <= 45} & {size <= 20}",686,246,302,0.440233236151603,TRUE,"","NULL","",7.594
124,8317075,1,0.5,FALSE,NA,1,0.94,43,128,43,"!{er <= 174} & {meno}",686,246,290,0.422740524781341,TRUE,"","NULL","",4.969
125,8317076,1,0.5,FALSE,NA,1,0.91,8,44,8,"{age <= 46} & {pgr <= 77}",686,246,283,0.412536443148688,TRUE,"","NULL","",5.84
126,8317077,1,0.5,FALSE,NA,1,0.96,39,106,39,"!{nodes <= 7} & {er <= 100}",686,246,309,0.450437317784257,TRUE,"","NULL","",6.061
127,8317078,1,0.5,FALSE,NA,0,NA,0,16,0,"",686,246,300,0.43731778425656,TRUE,"","NULL","",4.343
128,8317079,1,0.5,FALSE,NA,1,0.92,17,84,17,"!{pgr <= 26} & !{nodes <= 5}",686,246,297,0.432944606413994,TRUE,"","NULL","",5.242
129,8317080,1,0.5,FALSE,NA,1,0.77,6,83,6,"{nodes <= 1} & !{pgr <= 8}",686,246,293,0.427113702623907,TRUE,"","NULL","Loglik converged before variable  1 ; coefficient may be infinite. ",6.625
130,8317081,1,0.5,FALSE,NA,1,1,161,300,161,"!{pgr <= 114} & {age <= 61}",686,246,295,0.43002915451895,TRUE,"","NULL","",8.105
131,8317082,1,0.5,FALSE,NA,1,0.94,22,98,22,"{pgr <= 26} & !{pgr <= 8}",686,246,268,0.39067055393586,TRUE,"","NULL","",5.35
132,8317083,1,0.5,FALSE,NA,1,0.57,4,38,4,"{age <= 46} & {pgr <= 45}",686,246,276,0.402332361516035,TRUE,"","NULL","",3.543
133,8317084,1,0.5,FALSE,NA,1,0.91,10,50,10,"!{pgr <= 184}",686,246,283,0.412536443148688,TRUE,"","NULL","",6.111
134,8317085,1,0.5,FALSE,NA,1,0.77,10,90,10,"{age <= 53} & !{nodes <= 3}",686,246,292,0.425655976676385,TRUE,"","NULL","",5.609
135,8317086,1,0.5,FALSE,NA,1,0.62,1,16,1,"{nodes <= 5} & {er <= 3}",686,246,315,0.459183673469388,TRUE,"","NULL","",4.757
136,8317087,1,0.5,FALSE,NA,1,0.82,7,67,7,"!{pgr <= 114} & {er <= 174}",686,246,304,0.443148688046647,TRUE,"","NULL","",5.011
137,8317088,1,0.5,FALSE,NA,1,0.7,1,6,1,"{nodes <= 1} & {er <= 17}",686,246,280,0.408163265306122,TRUE,"","NULL","",5.29
138,8317089,1,0.5,FALSE,NA,1,0.91,5,32,5,"!{er <= 30} & !{size <= 35}",686,246,283,0.412536443148688,TRUE,"","NULL","",4.943
139,8317090,1,0.5,FALSE,NA,1,0.86,8,37,8,"!{age <= 61} & !{pgr <= 8}",686,246,289,0.421282798833819,TRUE,"","NULL","",4.832
140,8317091,1,0.5,FALSE,NA,1,0.91,39,172,39,"!{pgr <= 184} & !{er <= 17}",686,246,291,0.424198250728863,TRUE,"","NULL","",6.339
141,8317092,1,0.5,FALSE,NA,1,0.79,11,73,11,"{er <= 70} & !{pgr <= 77}",686,246,313,0.456268221574344,TRUE,"","NULL","",6.36
142,8317093,1,0.5,FALSE,NA,1,0.98,22,93,22,"{age <= 61} & {pgr <= 0}",686,246,316,0.46064139941691,TRUE,"","NULL","",5.656
143,8317094,1,0.5,FALSE,NA,1,0.88,12,46,12,"!{pgr <= 184} & !{age <= 46}",686,246,303,0.441690962099125,TRUE,"","NULL","",5.002
144,8317095,1,0.5,FALSE,NA,1,0.87,13,36,13,"!{nodes <= 7} & !{size <= 20}",686,246,302,0.440233236151603,TRUE,"","NULL","",4.374
145,8317096,1,0.5,FALSE,NA,1,0.66,1,6,1,"{age <= 46} & {size <= 25}",686,246,321,0.467930029154519,TRUE,"","NULL","",5.4
146,8317097,1,0.5,FALSE,NA,1,0.75,10,55,10,"!{pgr <= 184}",686,246,288,0.419825072886297,TRUE,"","NULL","",5.668
147,8317098,1,0.5,FALSE,NA,1,0.96,27,105,27,"!{er <= 294}",686,246,294,0.428571428571429,TRUE,"","NULL","",6.094
148,8317099,1,0.5,FALSE,NA,1,0.96,18,58,18,"{nodes <= 5} & {pgr <= 2}",686,246,309,0.450437317784257,TRUE,"","NULL","",4.68
149,8317100,1,0.5,FALSE,NA,1,0.82,39,162,39,"!{grade3} & !{er <= 174}",686,246,318,0.463556851311953,TRUE,"","NULL","",8.06
150,8317101,1,0.5,FALSE,NA,1,0.93,11,59,11,"{age <= 46} & {pgr <= 45}",686,246,304,0.443148688046647,TRUE,"","NULL","",5.372
151,8317102,1,0.5,FALSE,NA,1,0.96,77,208,77,"!{pgr <= 77} & !{er <= 44}",686,246,276,0.402332361516035,TRUE,"","NULL","",7.112
152,8317103,1,0.5,FALSE,NA,1,0.87,29,125,29,"!{pgr <= 114} & {er <= 294}",686,246,292,0.425655976676385,TRUE,"","NULL","",4.413
153,8317104,1,0.5,FALSE,NA,1,0.79,17,84,17,"!{pgr <= 77} & {pgr <= 184}",686,246,306,0.446064139941691,TRUE,"","NULL","",6.59
154,8317105,1,0.5,FALSE,NA,1,0.83,12,52,12,"{nodes <= 3} & {pgr <= 8}",686,246,291,0.424198250728863,TRUE,"","NULL","",5.151
155,8317106,1,0.5,FALSE,NA,1,0.96,28,128,28,"!{nodes <= 3} & {nodes <= 5}",686,246,299,0.435860058309038,TRUE,"","NULL","",6.229
156,8317107,1,0.5,FALSE,NA,1,0.81,3,21,3,"{nodes <= 1} & {size <= 29}",686,246,292,0.425655976676385,TRUE,"","NULL","",3.771
157,8317108,1,0.5,FALSE,NA,1,0.91,64,233,64,"!{pgr <= 114} & !{age <= 46}",686,246,301,0.438775510204082,TRUE,"","NULL","",8.756
158,8317109,1,0.5,FALSE,NA,0,NA,0,13,0,"",686,246,309,0.450437317784257,TRUE,"","NULL","",4.878
159,8317110,1,0.5,FALSE,NA,1,0.61,2,44,2,"!{age <= 61} & !{pgr <= 77}",686,246,304,0.443148688046647,TRUE,"","NULL","",5.005
160,8317111,1,0.5,FALSE,NA,1,0.98,27,139,27,"!{age <= 53} & !{size <= 35}",686,246,310,0.451895043731778,TRUE,"","NULL","",5.122
161,8317112,1,0.5,FALSE,NA,1,0.65,1,3,1,"!{pgr <= 114} & {pgr <= 184}",686,246,295,0.43002915451895,TRUE,"","NULL","",4.975
162,8317113,1,0.5,FALSE,NA,1,0.93,25,99,25,"{size <= 25} & {grade3}",686,246,284,0.41399416909621,TRUE,"","NULL","",5.983
163,8317114,1,0.5,FALSE,NA,1,0.63,3,57,3,"!{size <= 25} & !{er <= 100}",686,246,306,0.446064139941691,TRUE,"","NULL","",5.434
164,8317115,1,0.5,FALSE,NA,1,0.72,3,29,3,"!{er <= 70} & {size <= 25}",686,246,285,0.415451895043732,TRUE,"","NULL","",4.407
165,8317116,1,0.5,FALSE,NA,1,0.99,21,75,21,"!{pgr <= 26} & !{nodes <= 5}",686,246,309,0.450437317784257,TRUE,"","NULL","",6.497
166,8317117,1,0.5,FALSE,NA,1,0.99,124,373,124,"{er <= 9} & {size <= 29}",686,246,299,0.435860058309038,TRUE,"","NULL","",9.48
167,8317118,1,0.5,FALSE,NA,1,0.79,8,48,8,"{size <= 20} & {age <= 53}",686,246,279,0.406705539358601,TRUE,"","NULL","",4.676
168,8317119,1,0.5,FALSE,NA,0,NA,0,4,0,"",686,246,272,0.396501457725948,TRUE,"","NULL","",3.348
169,8317120,1,0.5,FALSE,NA,1,0.94,22,129,22,"!{pgr <= 184} & !{age <= 46}",686,246,314,0.457725947521866,TRUE,"","NULL","",7.181
170,8317121,1,0.5,FALSE,NA,1,0.93,25,86,25,"{age <= 53} & !{pgr <= 77}",686,246,304,0.443148688046647,TRUE,"","NULL","",5.529
171,8317122,1,0.5,FALSE,NA,1,0.71,4,60,4,"{er <= 294} & !{er <= 100}",686,246,315,0.459183673469388,TRUE,"","NULL","",5.215
172,8317123,1,0.5,FALSE,NA,1,0.94,15,65,15,"{nodes <= 5} & !{size <= 35}",686,246,307,0.447521865889213,TRUE,"","NULL","",4.69
173,8317124,1,0.5,FALSE,NA,1,0.87,60,255,60,"{size <= 29} & {meno}",686,246,289,0.421282798833819,TRUE,"","NULL","",8.712
174,8317125,1,0.5,FALSE,NA,1,0.82,8,46,8,"{er <= 30} & !{pgr <= 26}",686,246,293,0.427113702623907,TRUE,"","NULL","",5.187
175,8317126,1,0.5,FALSE,NA,0,NA,0,16,0,"",686,246,305,0.444606413994169,TRUE,"","NULL","",4.932
176,8317127,1,0.5,FALSE,NA,1,0.54,1,16,1,"!{er <= 44} & {pgr <= 26}",686,246,309,0.450437317784257,TRUE,"","NULL","",3.614
177,8317128,1,0.5,FALSE,NA,1,0.97,41,117,41,"{grade3} & !{age <= 53}",686,246,293,0.427113702623907,TRUE,"","NULL","",7.15
178,8317129,1,0.5,FALSE,NA,1,0.91,6,47,6,"!{age <= 53} & {nodes <= 1}",686,246,308,0.448979591836735,TRUE,"","NULL","",5.062
179,8317130,1,0.5,FALSE,NA,1,0.66,1,17,1,"!{er <= 70} & !{nodes <= 5}",686,246,316,0.46064139941691,TRUE,"","NULL","",4.911
180,8317131,1,0.5,FALSE,NA,1,0.66,3,37,3,"{er <= 70} & !{er <= 9}",686,246,286,0.416909620991254,TRUE,"","NULL","",4.491
181,8317132,1,0.5,FALSE,NA,1,0.55,1,13,1,"!{pgr <= 184} & {nodes <= 7}",686,246,310,0.451895043731778,TRUE,"","NULL","",5.567
182,8317133,1,0.5,FALSE,NA,1,0.85,5,28,5,"{nodes <= 1} & {er <= 44}",686,246,272,0.396501457725948,TRUE,"","NULL","",4.792
183,8317134,1,0.5,FALSE,NA,1,0.98,75,230,75,"!{size <= 35} & {er <= 294}",686,246,315,0.459183673469388,TRUE,"","NULL","",7.963
184,8317135,1,0.5,FALSE,NA,1,0.76,14,69,14,"{size <= 29} & {er <= 70}",686,246,309,0.450437317784257,TRUE,"","NULL","",4.505
185,8317136,1,0.5,FALSE,NA,1,0.98,17,122,17,"{nodes <= 1} & {size <= 25}",686,246,319,0.465014577259475,TRUE,"","NULL","",7.356
186,8317137,1,0.5,FALSE,NA,1,0.97,32,129,32,"{pgr <= 16} & !{er <= 9}",686,246,315,0.459183673469388,TRUE,"","NULL","",6.145
187,8317138,1,0.5,FALSE,NA,1,0.54,2,11,2,"!{pgr <= 114} & {er <= 100}",686,246,310,0.451895043731778,TRUE,"","NULL","",4.402
188,8317139,1,0.5,FALSE,NA,1,0.94,75,299,75,"!{meno} & !{pgr <= 26}",686,246,286,0.416909620991254,TRUE,"","NULL","",6.829
189,8317140,1,0.5,FALSE,NA,1,0.98,16,54,16,"{grade3} & !{pgr <= 8}",686,246,296,0.431486880466472,TRUE,"","NULL","",6.371
190,8317141,1,0.5,FALSE,NA,1,0.8,16,85,16,"{nodes <= 1} & !{er <= 44}",686,246,319,0.465014577259475,TRUE,"","NULL","",5.576
191,8317142,1,0.5,FALSE,NA,1,0.9,27,134,27,"!{pgr <= 77} & {nodes <= 3}",686,246,312,0.454810495626822,TRUE,"","NULL","",6.375
192,8317143,1,0.5,FALSE,NA,1,0.99,10,35,10,"!{er <= 44} & {er <= 70}",686,246,291,0.424198250728863,TRUE,"","NULL","",4.188
193,8317144,1,0.5,FALSE,NA,1,0.66,3,27,3,"!{size <= 29} & !{pgr <= 77}",686,246,304,0.443148688046647,TRUE,"","NULL","",5.078
194,8317145,1,0.5,FALSE,NA,1,0.73,18,123,18,"{er <= 44} & {meno}",686,246,313,0.456268221574344,TRUE,"","NULL","",5.701
195,8317146,1,0.5,FALSE,NA,1,0.87,4,15,4,"{er <= 0} & {nodes <= 7}",686,246,297,0.432944606413994,TRUE,"","NULL","",4.379
196,8317147,1,0.5,FALSE,NA,1,0.58,2,33,2,"{size <= 29} & !{er <= 174}",686,246,289,0.421282798833819,TRUE,"","NULL","",4.828
197,8317148,1,0.5,FALSE,NA,1,0.66,5,31,5,"!{er <= 3} & {pgr <= 8}",686,246,297,0.432944606413994,TRUE,"","NULL","",5.018
198,8317149,1,0.5,FALSE,NA,1,0.95,46,170,46,"{er <= 9} & !{nodes <= 1}",686,246,284,0.41399416909621,TRUE,"","NULL","",6.915
199,8317150,1,0.5,FALSE,NA,1,0.87,39,149,39,"{nodes <= 1} & {size <= 29}",686,246,306,0.446064139941691,TRUE,"","NULL","",6.152
200,8317151,1,0.5,FALSE,NA,1,0.86,30,104,30,"{size <= 20} & {meno}",686,246,306,0.446064139941691,TRUE,"","NULL","",4.867
201,8317152,1,0.5,FALSE,NA,1,0.87,11,51,11,"{nodes <= 3} & !{pgr <= 114}",686,246,282,0.411078717201166,TRUE,"","NULL","",5.167
202,8317153,1,0.5,FALSE,NA,1,0.84,11,72,11,"!{grade3} & !{er <= 100}",686,246,307,0.447521865889213,TRUE,"","NULL","",5.154
203,8317154,1,0.5,FALSE,NA,1,0.57,1,6,1,"{meno} & {grade3}",686,246,312,0.454810495626822,TRUE,"","NULL","",4.644
204,8317155,1,0.5,FALSE,NA,1,0.9,33,97,33,"!{er <= 100} & {nodes <= 7}",686,246,304,0.443148688046647,TRUE,"","NULL","",5.767
205,8317156,1,0.5,FALSE,NA,1,0.99,63,209,63,"!{age <= 61} & !{er <= 17}",686,246,298,0.434402332361516,TRUE,"","NULL","",7.514
206,8317157,1,0.5,FALSE,NA,1,0.91,16,68,16,"!{pgr <= 45} & !{meno}",686,246,309,0.450437317784257,TRUE,"","NULL","",4.928
207,8317158,1,0.5,FALSE,NA,1,0.72,1,20,1,"{er <= 3} & !{size <= 25}",686,246,269,0.392128279883382,TRUE,"","NULL","",4.296
208,8317159,1,0.5,FALSE,NA,1,0.89,11,62,11,"{size <= 20} & !{er <= 30}",686,246,300,0.43731778425656,TRUE,"","NULL","",4.74299999999999
209,8317160,1,0.5,FALSE,NA,1,0.96,8,63,8,"!{size <= 35} & !{er <= 44}",686,246,295,0.43002915451895,TRUE,"","NULL","",5.353
210,8317161,1,0.5,FALSE,NA,1,0.99,62,182,62,"{er <= 9} & {age <= 53}",686,246,301,0.438775510204082,TRUE,"","NULL","",6.545
211,8317162,1,0.5,FALSE,NA,1,0.51,1,55,1,"!{meno} & !{size <= 35}",686,246,314,0.457725947521866,TRUE,"","NULL","",5.078
212,8317163,1,0.5,FALSE,NA,1,0.87,11,50,11,"{er <= 3} & {size <= 35}",686,246,307,0.447521865889213,TRUE,"","NULL","",4.605
213,8317164,1,0.5,FALSE,NA,1,0.59,1,27,1,"!{pgr <= 45} & !{age <= 53}",686,246,290,0.422740524781341,TRUE,"","NULL","",5.088
214,8317165,1,0.5,FALSE,NA,1,0.93,32,126,32,"{size <= 29} & {pgr <= 8}",686,246,290,0.422740524781341,TRUE,"","NULL","",6.114
215,8317166,1,0.5,FALSE,NA,1,0.98,55,206,55,"!{age <= 53} & {pgr <= 8}",686,246,323,0.470845481049563,TRUE,"","NULL","",7.145
216,8317167,1,0.5,FALSE,NA,1,0.69,6,34,6,"!{pgr <= 114} & !{er <= 70}",686,246,300,0.43731778425656,TRUE,"","NULL","",4.193
217,8317168,1,0.5,FALSE,NA,0,NA,0,1,0,"",686,246,286,0.416909620991254,TRUE,"","NULL","",4.49
218,8317169,1,0.5,FALSE,NA,1,0.83,34,118,34,"{nodes <= 3} & !{pgr <= 26}",686,246,284,0.41399416909621,TRUE,"","NULL","",5.73099999999999
219,8317170,1,0.5,FALSE,NA,1,0.99,162,431,162,"!{pgr <= 77} & {nodes <= 3}",686,246,300,0.43731778425656,TRUE,"","NULL","",9.841
220,8317171,1,0.5,FALSE,NA,1,0.82,13,63,13,"!{meno} & {pgr <= 77}",686,246,304,0.443148688046647,TRUE,"","NULL","",3.781
221,8317172,1,0.5,FALSE,NA,1,0.9,4,26,4,"!{pgr <= 114} & !{age <= 53}",686,246,314,0.457725947521866,TRUE,"","NULL","",5.099
222,8317173,1,0.5,FALSE,NA,1,0.84,5,30,5,"{er <= 70} & !{pgr <= 77}",686,246,280,0.408163265306122,TRUE,"","NULL","",4.767
223,8317174,1,0.5,FALSE,NA,1,0.91,10,56,10,"{age <= 53} & !{size <= 35}",686,246,305,0.444606413994169,TRUE,"","NULL","",5.198
224,8317175,1,0.5,FALSE,NA,1,0.84,8,90,8,"!{nodes <= 5} & !{er <= 44}",686,246,282,0.411078717201166,TRUE,"","NULL","",5.34099999999999
225,8317176,1,0.5,FALSE,NA,0,NA,0,14,0,"",686,246,287,0.418367346938776,TRUE,"","NULL","",4.555
226,8317177,1,0.5,FALSE,NA,1,0.92,43,107,43,"{grade3} & {er <= 100}",686,246,305,0.444606413994169,TRUE,"","NULL","",5.744
227,8317178,1,0.5,FALSE,NA,1,0.89,6,28,6,"!{er <= 9} & {er <= 30}",686,246,300,0.43731778425656,TRUE,"","NULL","",5.147
228,8317179,1,0.5,FALSE,NA,1,0.97,73,270,73,"!{meno} & !{er <= 30}",686,246,310,0.451895043731778,TRUE,"","NULL","",7.127
229,8317180,1,0.5,FALSE,NA,1,0.91,62,241,62,"!{pgr <= 26} & !{size <= 29}",686,246,286,0.416909620991254,TRUE,"","NULL","",7.669
230,8317181,1,0.5,FALSE,NA,1,0.93,25,104,25,"!{nodes <= 7} & {er <= 30}",686,246,286,0.416909620991254,TRUE,"","NULL","",5.277
231,8317182,1,0.5,FALSE,NA,0,NA,0,5,0,"",686,246,300,0.43731778425656,TRUE,"","NULL","",4.454
232,8317183,1,0.5,FALSE,NA,1,0.85,9,28,9,"!{meno} & {er <= 17}",686,246,305,0.444606413994169,TRUE,"","NULL","",4.249
233,8317184,1,0.5,FALSE,NA,0,NA,0,12,0,"",686,246,289,0.421282798833819,TRUE,"","NULL","",4.678
234,8317185,1,0.5,FALSE,NA,1,0.78,14,83,14,"!{age <= 46} & !{pgr <= 114}",686,246,295,0.43002915451895,TRUE,"","NULL","",5.618
235,8317186,1,0.5,FALSE,NA,1,0.96,36,117,36,"{size <= 35} & !{pgr <= 184}",686,246,292,0.425655976676385,TRUE,"","NULL","",6.205
236,8317187,1,0.5,FALSE,NA,1,0.64,4,37,4,"!{pgr <= 26} & !{nodes <= 3}",686,246,301,0.438775510204082,TRUE,"","NULL","",4.46
237,8317188,1,0.5,FALSE,NA,1,0.94,25,83,25,"!{pgr <= 114} & {nodes <= 7}",686,246,298,0.434402332361516,TRUE,"","NULL","",5.615
238,8317189,1,0.5,FALSE,NA,1,0.92,95,312,95,"{nodes <= 5} & {meno}",686,246,316,0.46064139941691,TRUE,"","NULL","",8.241
239,8317190,1,0.5,FALSE,NA,1,0.73,4,30,4,"{size <= 20} & {age <= 53}",686,246,303,0.441690962099125,TRUE,"","NULL","",4.469
240,8317191,1,0.5,FALSE,NA,1,0.9,35,147,35,"{size <= 25} & !{er <= 0}",686,246,291,0.424198250728863,TRUE,"","NULL","",5.007
241,8317192,1,0.5,FALSE,NA,1,0.96,11,130,11,"{nodes <= 5} & !{nodes <= 3}",686,246,277,0.403790087463557,TRUE,"","NULL","",6.373
242,8317193,1,0.5,FALSE,NA,1,0.96,18,69,18,"!{pgr <= 2} & !{nodes <= 7}",686,246,327,0.47667638483965,TRUE,"","NULL","",5.538
243,8317194,1,0.5,FALSE,NA,1,0.98,52,226,52,"{er <= 30} & !{size <= 35}",686,246,291,0.424198250728863,TRUE,"","NULL","",7.158
244,8317195,1,0.5,FALSE,NA,1,0.82,15,93,15,"{nodes <= 1} & {meno}",686,246,308,0.448979591836735,TRUE,"","NULL","",4.588
245,8317196,1,0.5,FALSE,NA,1,0.95,61,252,61,"{er <= 70} & !{nodes <= 3}",686,246,298,0.434402332361516,TRUE,"","NULL","",8.067
246,8317197,1,0.5,FALSE,NA,1,0.67,1,5,1,"!{er <= 9} & {grade3}",686,246,332,0.483965014577259,TRUE,"","NULL","",4.175
247,8317198,1,0.5,FALSE,NA,1,0.87,8,48,8,"{er <= 70} & !{pgr <= 114}",686,246,314,0.457725947521866,TRUE,"","NULL","",4.966
248,8317199,1,0.5,FALSE,NA,1,0.62,3,57,3,"!{pgr <= 16} & !{nodes <= 5}",686,246,300,0.43731778425656,TRUE,"","NULL","",4.628
249,8317200,1,0.5,FALSE,NA,1,0.98,93,254,93,"!{er <= 30} & !{nodes <= 7}",686,246,315,0.459183673469388,TRUE,"","NULL","",8.137
250,8317201,1,0.5,FALSE,NA,1,0.96,35,184,35,"{nodes <= 1} & {size <= 25}",686,246,292,0.425655976676385,TRUE,"","NULL","",6.473
251,8317202,1,0.5,FALSE,NA,1,0.85,14,49,14,"!{er <= 100} & !{pgr <= 26}",686,246,295,0.43002915451895,TRUE,"","NULL","",5.211
252,8317203,1,0.5,FALSE,NA,1,0.85,10,65,10,"!{age <= 61} & !{nodes <= 3}",686,246,296,0.431486880466472,TRUE,"","NULL","",3.85
253,8317204,1,0.5,FALSE,NA,1,0.83,26,149,26,"!{meno} & {pgr <= 114}",686,246,273,0.397959183673469,TRUE,"","NULL","",6.432
254,8317205,1,0.5,FALSE,NA,1,0.89,45,166,45,"!{grade3} & !{size <= 35}",686,246,309,0.450437317784257,TRUE,"","NULL","",6.334
255,8317206,1,0.5,FALSE,NA,1,0.75,8,39,8,"{size <= 20} & !{pgr <= 16}",686,246,313,0.456268221574344,TRUE,"","NULL","",4.862
256,8317207,1,0.5,FALSE,NA,1,0.96,146,414,146,"!{pgr <= 16} & {er <= 17}",686,246,296,0.431486880466472,TRUE,"","NULL","",7.289
257,8317208,1,0.5,FALSE,NA,1,0.92,24,115,24,"{size <= 20} & !{pgr <= 45}",686,246,308,0.448979591836735,TRUE,"","NULL","",6.493
258,8317209,1,0.5,FALSE,NA,1,0.9,37,163,37,"!{er <= 30} & {age <= 46}",686,246,309,0.450437317784257,TRUE,"","NULL","",6.437
259,8317210,1,0.5,FALSE,NA,1,0.95,58,151,58,"!{pgr <= 2} & !{age <= 61}",686,246,303,0.441690962099125,TRUE,"","NULL","",6.545
260,8317211,1,0.5,FALSE,NA,1,0.7,1,15,1,"!{er <= 9} & {er <= 17}",686,246,292,0.425655976676385,TRUE,"","NULL","",3.467
261,8317212,1,0.5,FALSE,NA,0,NA,0,3,0,"",686,246,328,0.478134110787172,TRUE,"","NULL","",4.988
262,8317213,1,0.5,FALSE,NA,1,0.75,15,91,15,"!{size <= 25} & {er <= 70}",686,246,304,0.443148688046647,TRUE,"","NULL","",5.218
263,8317214,1,0.5,FALSE,NA,1,0.73,5,37,5,"!{grade3} & !{pgr <= 184}",686,246,285,0.415451895043732,TRUE,"","NULL","",5.011
264,8317215,1,0.5,FALSE,NA,1,0.98,39,151,39,"!{meno} & {er <= 9}",686,246,308,0.448979591836735,TRUE,"","NULL","",6.09999999999999
265,8317216,1,0.5,FALSE,NA,1,0.63,9,48,9,"!{meno} & !{pgr <= 16}",686,246,297,0.432944606413994,TRUE,"","NULL","",5.424
266,8317217,1,0.5,FALSE,NA,1,0.98,75,136,75,"{pgr <= 2} & !{age <= 46}",686,246,318,0.463556851311953,TRUE,"","NULL","",5.806
267,8317218,1,0.5,FALSE,NA,1,0.99,31,138,31,"{nodes <= 5} & !{size <= 35}",686,246,304,0.443148688046647,TRUE,"","NULL","",6.231
268,8317219,1,0.5,FALSE,NA,1,0.92,21,116,21,"!{meno} & {er <= 9}",686,246,319,0.465014577259475,TRUE,"","NULL","",4.974
269,8317220,1,0.5,FALSE,NA,1,0.96,49,156,49,"{nodes <= 5} & {age <= 46}",686,246,297,0.432944606413994,TRUE,"","NULL","",7.012
270,8317221,1,0.5,FALSE,NA,1,0.96,10,56,10,"{size <= 20} & {er <= 17}",686,246,326,0.475218658892128,TRUE,"","NULL","",4.89299999999999
271,8317222,1,0.5,FALSE,NA,1,0.95,66,250,66,"{er <= 9} & !{pgr <= 2}",686,246,312,0.454810495626822,TRUE,"","NULL","Loglik converged before variable  1 ; coefficient may be infinite. ",8.033
272,8317223,1,0.5,FALSE,NA,1,0.84,32,132,32,"{er <= 9} & {pgr <= 16}",686,246,305,0.444606413994169,TRUE,"","NULL","",4.471
273,8317224,1,0.5,FALSE,NA,1,0.52,1,11,1,"{age <= 61} & {er <= 0}",686,246,290,0.422740524781341,TRUE,"","NULL","",4.809
274,8317225,1,0.5,FALSE,NA,1,0.92,63,272,63,"{nodes <= 3} & !{size <= 29}",686,246,309,0.450437317784257,TRUE,"","NULL","",7.896
275,8317226,1,0.5,FALSE,NA,1,0.83,56,167,56,"{age <= 53} & !{age <= 46}",686,246,286,0.416909620991254,TRUE,"","NULL","",6.334
276,8317227,1,0.5,FALSE,NA,1,0.6,4,25,4,"!{size <= 35} & {meno}",686,246,295,0.43002915451895,TRUE,"","NULL","",3.591
277,8317228,1,0.5,FALSE,NA,1,0.99,56,274,56,"!{er <= 174} & {size <= 29}",686,246,314,0.457725947521866,TRUE,"","NULL","",8.794
278,8317229,1,0.5,FALSE,NA,1,0.69,5,46,5,"{nodes <= 5} & !{size <= 29}",686,246,297,0.432944606413994,TRUE,"","NULL","",4.591
279,8317230,1,0.5,FALSE,NA,1,0.62,3,38,3,"{nodes <= 1} & {size <= 29}",686,246,295,0.43002915451895,TRUE,"","NULL","",4.757
280,8317231,1,0.5,FALSE,NA,1,0.76,11,90,11,"!{nodes <= 5} & {age <= 61}",686,246,292,0.425655976676385,TRUE,"","NULL","",4.617
281,8317232,1,0.5,FALSE,NA,1,0.62,2,12,2,"{grade3} & {size <= 29}",686,246,283,0.412536443148688,TRUE,"","NULL","",4.75
282,8317233,1,0.5,FALSE,NA,1,0.52,1,13,1,"!{size <= 29} & !{er <= 100}",686,246,270,0.393586005830904,TRUE,"","NULL","",4.522
283,8317234,1,0.5,FALSE,NA,1,0.95,85,240,85,"{size <= 35} & {pgr <= 2}",686,246,320,0.466472303206997,TRUE,"","NULL","",7.305
284,8317235,1,0.5,FALSE,NA,1,0.98,16,65,16,"{age <= 46} & {nodes <= 5}",686,246,300,0.43731778425656,TRUE,"","NULL","",4.71599999999999
285,8317236,1,0.5,FALSE,NA,1,0.99,354,699,354,"!{size <= 25} & !{pgr <= 114}",686,246,292,0.425655976676385,TRUE,"","NULL","",14.087
286,8317237,1,0.5,FALSE,NA,1,0.99,142,358,142,"{grade3} & {er <= 30}",686,246,295,0.43002915451895,TRUE,"","NULL","",8.254
287,8317238,1,0.5,FALSE,NA,1,0.94,26,76,26,"{nodes <= 7} & {pgr <= 2}",686,246,279,0.406705539358601,TRUE,"","NULL","",3.561
288,8317239,1,0.5,FALSE,NA,1,0.94,12,88,12,"{grade3} & !{er <= 9}",686,246,311,0.4533527696793,TRUE,"","NULL","",3.26
289,8317240,1,0.5,FALSE,NA,1,0.82,7,40,7,"{size <= 25} & {nodes <= 1}",686,246,295,0.43002915451895,TRUE,"","NULL","",5.538
290,8317241,1,0.5,FALSE,NA,1,0.82,4,49,4,"{pgr <= 2} & !{grade3}",686,246,292,0.425655976676385,TRUE,"","NULL","",4.778
291,8317242,1,0.5,FALSE,NA,1,0.57,1,23,1,"{nodes <= 1} & {er <= 17}",686,246,302,0.440233236151603,TRUE,"","NULL","",4.411
292,8317243,1,0.5,FALSE,NA,1,0.82,13,64,13,"!{pgr <= 184}",686,246,279,0.406705539358601,TRUE,"","NULL","",5.09
293,8317244,1,0.5,FALSE,NA,1,1,28,104,28,"{size <= 20} & !{nodes <= 3}",686,246,296,0.431486880466472,TRUE,"","NULL","",6.503
294,8317245,1,0.5,FALSE,NA,1,0.98,92,331,92,"!{pgr <= 77} & {er <= 70}",686,246,312,0.454810495626822,TRUE,"","NULL","",8.538
295,8317246,1,0.5,FALSE,NA,1,0.98,58,148,58,"{nodes <= 5} & !{pgr <= 184}",686,246,301,0.438775510204082,TRUE,"","NULL","",6.133
296,8317247,1,0.5,FALSE,NA,1,0.83,12,56,12,"{nodes <= 1} & !{pgr <= 8}",686,246,284,0.41399416909621,TRUE,"","NULL","",3.714
297,8317248,1,0.5,FALSE,NA,1,1,116,265,116,"{age <= 46} & !{size <= 25}",686,246,294,0.428571428571429,TRUE,"","NULL","",8.459
298,8317249,1,0.5,FALSE,NA,1,0.78,18,61,18,"{nodes <= 1} & !{er <= 30}",686,246,295,0.43002915451895,TRUE,"","NULL","",4.875
299,8317250,1,0.5,FALSE,NA,1,0.98,18,78,18,"{er <= 30} & {nodes <= 1}",686,246,304,0.443148688046647,TRUE,"","NULL","",5.204
300,8317251,1,0.5,FALSE,NA,1,0.99,59,123,59,"{er <= 3} & {pgr <= 2}",686,246,306,0.446064139941691,TRUE,"","NULL","",4.967
301,8317252,1,0.5,FALSE,NA,1,0.98,29,106,29,"!{er <= 100} & {pgr <= 77}",686,246,280,0.408163265306122,TRUE,"","NULL","",6.362
302,8317253,1,0.5,FALSE,NA,1,0.9,40,131,40,"{age <= 53} & {size <= 20}",686,246,296,0.431486880466472,TRUE,"","NULL","",5.85
303,8317254,1,0.5,FALSE,NA,1,0.99,30,149,30,"{nodes <= 1} & !{size <= 20}",686,246,296,0.431486880466472,TRUE,"","NULL","",6.115
304,8317255,1,0.5,FALSE,NA,1,0.71,5,31,5,"{er <= 30} & !{pgr <= 16}",686,246,316,0.46064139941691,TRUE,"","NULL","",3.893
305,8317256,1,0.5,FALSE,NA,1,0.72,2,28,2,"{nodes <= 3} & {pgr <= 8}",686,246,298,0.434402332361516,TRUE,"","NULL","",4.864
306,8317257,1,0.5,FALSE,NA,1,0.98,82,222,82,"{size <= 20} & !{pgr <= 16}",686,246,280,0.408163265306122,TRUE,"","NULL","",7.142
307,8317258,1,0.5,FALSE,NA,1,0.71,4,16,4,"{er <= 174} & !{er <= 70}",686,246,299,0.435860058309038,TRUE,"","NULL","",5.017
308,8317259,1,0.5,FALSE,NA,1,0.56,1,11,1,"{age <= 61} & !{er <= 100}",686,246,300,0.43731778425656,TRUE,"","NULL","",4.20999999999999
309,8317260,1,0.5,FALSE,NA,1,0.98,42,178,42,"!{er <= 100} & {size <= 29}",686,246,301,0.438775510204082,TRUE,"","NULL","",7.447
310,8317261,1,0.5,FALSE,NA,0,NA,0,8,0,"",686,246,287,0.418367346938776,TRUE,"","NULL","",4.071
311,8317262,1,0.5,FALSE,NA,1,0.59,1,8,1,"!{pgr <= 77} & {er <= 70}",686,246,279,0.406705539358601,TRUE,"","NULL","",4.113
312,8317263,1,0.5,FALSE,NA,1,0.7,2,47,2,"{nodes <= 1} & {er <= 44}",686,246,300,0.43731778425656,TRUE,"","NULL","",5.008
313,8317264,1,0.5,FALSE,NA,1,0.95,72,191,72,"!{pgr <= 184} & !{er <= 30}",686,246,307,0.447521865889213,TRUE,"","NULL","",7.377
314,8317265,1,0.5,FALSE,NA,1,0.68,4,22,4,"!{size <= 35} & {pgr <= 77}",686,246,319,0.465014577259475,TRUE,"","NULL","",4.454
315,8317266,1,0.5,FALSE,NA,1,0.97,6,19,6,"!{er <= 30} & {er <= 70}",686,246,303,0.441690962099125,TRUE,"","NULL","",4.425
316,8317267,1,0.5,FALSE,NA,1,0.92,2,39,2,"{pgr <= 8} & !{meno}",686,246,270,0.393586005830904,TRUE,"","NULL","",4.528
317,8317268,1,0.5,FALSE,NA,1,0.96,87,278,87,"!{pgr <= 114} & !{age <= 46}",686,246,296,0.431486880466472,TRUE,"","NULL","",8.495
318,8317269,1,0.5,FALSE,NA,1,0.84,13,50,13,"{size <= 20} & {er <= 294}",686,246,305,0.444606413994169,TRUE,"","NULL","",4.814
319,8317270,1,0.5,FALSE,NA,1,0.92,68,202,68,"{nodes <= 7} & !{pgr <= 184}",686,246,307,0.447521865889213,TRUE,"","NULL","",6.559
320,8317271,1,0.5,FALSE,NA,1,0.73,8,42,8,"{nodes <= 1} & {pgr <= 77}",686,246,288,0.419825072886297,TRUE,"","NULL","",3.609
321,8317272,1,0.5,FALSE,NA,1,0.87,35,175,35,"{age <= 46} & {er <= 100}",686,246,314,0.457725947521866,TRUE,"","NULL","",6.966
322,8317273,1,0.5,FALSE,NA,1,0.81,36,175,36,"{meno} & !{pgr <= 26}",686,246,299,0.435860058309038,TRUE,"","NULL","",6.70800000000001
323,8317274,1,0.5,FALSE,NA,1,0.9,14,78,14,"{er <= 9} & !{nodes <= 5}",686,246,326,0.475218658892128,TRUE,"","NULL","",5.1
324,8317275,1,0.5,FALSE,NA,1,0.9,5,42,5,"{size <= 20} & !{pgr <= 77}",686,246,305,0.444606413994169,TRUE,"","NULL","",3.867
325,8317276,1,0.5,FALSE,NA,1,0.99,54,210,54,"!{pgr <= 114} & !{size <= 29}",686,246,310,0.451895043731778,TRUE,"","NULL","",8.211
326,8317277,1,0.5,FALSE,NA,1,0.95,20,90,20,"{nodes <= 5} & !{size <= 35}",686,246,301,0.438775510204082,TRUE,"","NULL","",5.718
327,8317278,1,0.5,FALSE,NA,0,NA,0,12,0,"",686,246,297,0.432944606413994,TRUE,"","NULL","",4.33
328,8317279,1,0.5,FALSE,NA,1,0.87,2,7,2,"!{pgr <= 8} & {pgr <= 16}",686,246,295,0.43002915451895,TRUE,"","NULL","",3.753
329,8317280,1,0.5,FALSE,NA,0,NA,0,3,0,"",686,246,279,0.406705539358601,TRUE,"","NULL","",4.3
330,8317281,1,0.5,FALSE,NA,1,0.96,51,224,51,"{age <= 53} & {pgr <= 8}",686,246,303,0.441690962099125,TRUE,"","NULL","",7.367
331,8317282,1,0.5,FALSE,NA,1,0.67,8,86,8,"{age <= 53} & !{er <= 44}",686,246,295,0.43002915451895,TRUE,"","NULL","",5.755
332,8317283,1,0.5,FALSE,NA,1,0.79,5,32,5,"!{meno} & {pgr <= 26}",686,246,281,0.409620991253644,TRUE,"","NULL","",4.27399999999999
333,8317284,1,0.5,FALSE,NA,1,0.84,31,96,31,"{nodes <= 7} & !{size <= 35}",686,246,312,0.454810495626822,TRUE,"","NULL","",6.278
334,8317285,1,0.5,FALSE,NA,1,0.88,21,90,21,"!{er <= 100} & !{pgr <= 16}",686,246,313,0.456268221574344,TRUE,"","NULL","",5.241
335,8317286,1,0.5,FALSE,NA,1,0.69,1,23,1,"!{pgr <= 77} & !{er <= 174}",686,246,310,0.451895043731778,TRUE,"","NULL","",4.527
336,8317287,1,0.5,FALSE,NA,1,0.9,16,94,16,"!{nodes <= 3} & {nodes <= 5}",686,246,313,0.456268221574344,TRUE,"","NULL","",5.266
337,8317288,1,0.5,FALSE,NA,1,0.62,1,10,1,"{nodes <= 3} & !{er <= 174}",686,246,295,0.43002915451895,TRUE,"","NULL","",5.152
338,8317289,1,0.5,FALSE,NA,1,0.99,21,62,21,"!{pgr <= 184} & {nodes <= 5}",686,246,299,0.435860058309038,TRUE,"","NULL","",5.304
339,8317290,1,0.5,FALSE,NA,1,0.67,2,38,2,"{nodes <= 5} & !{nodes <= 3}",686,246,322,0.469387755102041,TRUE,"","NULL","",4.903
340,8317291,1,0.5,FALSE,NA,1,0.96,71,198,71,"!{size <= 35} & {nodes <= 5}",686,246,279,0.406705539358601,TRUE,"","NULL","",6.313
341,8317292,1,0.5,FALSE,NA,1,0.97,8,41,8,"!{er <= 70} & !{meno}",686,246,316,0.46064139941691,TRUE,"","NULL","",5.467
342,8317293,1,0.5,FALSE,NA,1,0.91,2,15,2,"!{pgr <= 114} & !{nodes <= 3}",686,246,318,0.463556851311953,TRUE,"","NULL","",4.576
343,8317294,1,0.5,FALSE,NA,1,0.84,2,36,2,"!{pgr <= 8} & {pgr <= 16}",686,246,325,0.473760932944606,TRUE,"","NULL","",5.022
344,8317295,1,0.5,FALSE,NA,1,0.66,3,38,3,"!{age <= 53} & !{pgr <= 26}",686,246,330,0.481049562682216,TRUE,"","NULL","",4.737
345,8317296,1,0.5,FALSE,NA,1,0.95,43,103,43,"!{meno} & {pgr <= 8}",686,246,291,0.424198250728863,TRUE,"","NULL","",5.901
346,8317297,1,0.5,FALSE,NA,0,NA,0,7,0,"",686,246,292,0.425655976676385,TRUE,"","NULL","",4.22
347,8317298,1,0.5,FALSE,NA,1,0.8,8,63,8,"{nodes <= 7} & !{er <= 174}",686,246,309,0.450437317784257,TRUE,"","NULL","",5.278
348,8317299,1,0.5,FALSE,NA,1,0.98,47,137,47,"{size <= 20} & !{pgr <= 0}",686,246,281,0.409620991253644,TRUE,"","NULL","",5.652
349,8317300,1,0.5,FALSE,NA,1,0.72,4,35,4,"!{er <= 30} & {nodes <= 1}",686,246,314,0.457725947521866,TRUE,"","NULL","",5.887
350,8317301,1,0.5,FALSE,NA,1,0.63,2,25,2,"{age <= 46} & {size <= 29}",686,246,302,0.440233236151603,TRUE,"","NULL","",4.262
351,8317302,1,0.5,FALSE,NA,1,0.95,43,154,43,"!{er <= 30} & {pgr <= 114}",686,246,302,0.440233236151603,TRUE,"","NULL","",6.47000000000001
352,8317303,1,0.5,FALSE,NA,1,0.93,42,151,42,"!{er <= 70} & !{meno}",686,246,301,0.438775510204082,TRUE,"","NULL","",5.782
353,8317304,1,0.5,FALSE,NA,1,0.85,3,60,3,"{pgr <= 0} & {er <= 3}",686,246,282,0.411078717201166,TRUE,"","NULL","",5.997
354,8317305,1,0.5,FALSE,NA,1,0.94,38,143,38,"{er <= 30} & !{pgr <= 16}",686,246,308,0.448979591836735,TRUE,"","NULL","",5.948
355,8317306,1,0.5,FALSE,NA,1,1,87,147,87,"{er <= 0} & {pgr <= 8}",686,246,312,0.454810495626822,TRUE,"","NULL","",6.121
356,8317307,1,0.5,FALSE,NA,1,0.96,21,98,21,"{nodes <= 1} & {er <= 17}",686,246,314,0.457725947521866,TRUE,"","NULL","",4.853
357,8317308,1,0.5,FALSE,NA,1,0.92,47,122,47,"!{pgr <= 77} & !{nodes <= 1}",686,246,279,0.406705539358601,TRUE,"","NULL","",6.876
358,8317309,1,0.5,FALSE,NA,1,0.8,37,148,37,"!{pgr <= 45} & {er <= 70}",686,246,310,0.451895043731778,TRUE,"","NULL","",6.099
359,8317310,1,0.5,FALSE,NA,1,0.52,3,38,3,"{nodes <= 1} & {er <= 44}",686,246,299,0.435860058309038,TRUE,"","NULL","",4.973
360,8317311,1,0.5,FALSE,NA,1,0.99,18,73,18,"{nodes <= 5} & !{size <= 35}",686,246,286,0.416909620991254,TRUE,"","NULL","",4.59800000000001
361,8317312,1,0.5,FALSE,NA,1,0.84,22,94,22,"!{age <= 61} & !{er <= 0}",686,246,301,0.438775510204082,TRUE,"","NULL","",6.372
362,8317313,1,0.5,FALSE,NA,1,0.89,55,243,55,"{nodes <= 1} & !{age <= 53}",686,246,316,0.46064139941691,TRUE,"","NULL","",7.094
363,8317314,1,0.5,FALSE,NA,1,0.7,3,28,3,"!{pgr <= 184} & {er <= 174}",686,246,303,0.441690962099125,TRUE,"","NULL","",4.462
364,8317315,1,0.5,FALSE,NA,1,0.99,85,223,85,"{nodes <= 1} & !{pgr <= 26}",686,246,288,0.419825072886297,TRUE,"","NULL","",6.037
365,8317316,1,0.5,FALSE,NA,1,0.97,93,261,93,"{meno} & !{pgr <= 77}",686,246,312,0.454810495626822,TRUE,"","NULL","",8.158
366,8317317,1,0.5,FALSE,NA,1,0.93,74,259,74,"!{pgr <= 26} & !{size <= 35}",686,246,298,0.434402332361516,TRUE,"","NULL","",7.547
367,8317318,1,0.5,FALSE,NA,1,0.88,6,40,6,"!{nodes <= 5} & !{age <= 53}",686,246,270,0.393586005830904,TRUE,"","NULL","",4.672
368,8317319,1,0.5,FALSE,NA,1,0.78,17,83,17,"{age <= 53} & !{age <= 46}",686,246,316,0.46064139941691,TRUE,"","NULL","",3.752
369,8317320,1,0.5,FALSE,NA,1,0.74,6,48,6,"{er <= 0} & {pgr <= 26}",686,246,317,0.462099125364431,TRUE,"","NULL","",5.849
370,8317321,1,0.5,FALSE,NA,1,0.89,8,63,8,"!{meno} & !{size <= 35}",686,246,300,0.43731778425656,TRUE,"","NULL","",5.09
371,8317322,1,0.5,FALSE,NA,1,0.84,7,31,7,"!{pgr <= 77} & {size <= 29}",686,246,285,0.415451895043732,TRUE,"","NULL","",4.749
372,8317323,1,0.5,FALSE,NA,1,0.85,47,220,47,"{nodes <= 7} & !{size <= 29}",686,246,308,0.448979591836735,TRUE,"","NULL","",6.55
373,8317324,1,0.5,FALSE,NA,1,0.97,44,108,44,"!{er <= 100} & {age <= 61}",686,246,291,0.424198250728863,TRUE,"","NULL","",6.022
374,8317325,1,0.5,FALSE,NA,1,0.81,18,90,18,"!{age <= 61} & !{nodes <= 1}",686,246,295,0.43002915451895,TRUE,"","NULL","",5.761
375,8317326,1,0.5,FALSE,NA,1,1,15,53,15,"{er <= 9} & !{pgr <= 2}",686,246,294,0.428571428571429,TRUE,"","NULL","",4.962
376,8317327,1,0.5,FALSE,NA,1,0.98,46,188,46,"{nodes <= 3} & !{pgr <= 77}",686,246,321,0.467930029154519,TRUE,"","NULL","",5.863
377,8317328,1,0.5,FALSE,NA,1,0.82,11,86,11,"!{size <= 25} & {pgr <= 16}",686,246,299,0.435860058309038,TRUE,"","NULL","",5.569
378,8317329,1,0.5,FALSE,NA,1,0.98,45,164,45,"{pgr <= 2} & !{size <= 25}",686,246,287,0.418367346938776,TRUE,"","NULL","",6.909
379,8317330,1,0.5,FALSE,NA,1,0.95,41,147,41,"!{pgr <= 45} & !{nodes <= 3}",686,246,307,0.447521865889213,TRUE,"","NULL","",6.194
380,8317331,1,0.5,FALSE,NA,0,NA,0,3,0,"",686,246,314,0.457725947521866,TRUE,"","NULL","",3.554
381,8317332,1,0.5,FALSE,NA,1,0.77,7,47,7,"!{age <= 61} & !{pgr <= 2}",686,246,310,0.451895043731778,TRUE,"","NULL","",5.648
382,8317333,1,0.5,FALSE,NA,1,0.87,16,81,16,"{size <= 25} & !{age <= 61}",686,246,275,0.400874635568513,TRUE,"","NULL","",5.161
383,8317334,1,0.5,FALSE,NA,1,0.8,6,28,6,"{size <= 20} & !{pgr <= 8}",686,246,274,0.399416909620991,TRUE,"","NULL","",4.704
384,8317335,1,0.5,FALSE,NA,1,0.95,60,161,60,"!{er <= 100} & !{age <= 53}",686,246,302,0.440233236151603,TRUE,"","NULL","",6.012
385,8317336,1,0.5,FALSE,NA,1,0.9,7,32,7,"{age <= 46} & {pgr <= 16}",686,246,314,0.457725947521866,TRUE,"","NULL","",4.73
386,8317337,1,0.5,FALSE,NA,1,0.98,21,64,21,"!{size <= 35} & {er <= 30}",686,246,307,0.447521865889213,TRUE,"","NULL","",5.17099999999999
387,8317338,1,0.5,FALSE,NA,1,0.89,29,113,29,"{age <= 46} & !{pgr <= 2}",686,246,307,0.447521865889213,TRUE,"","NULL","",6.01100000000001
388,8317339,1,0.5,FALSE,NA,1,1,110,252,110,"{meno} & {pgr <= 2}",686,246,308,0.448979591836735,TRUE,"","NULL","",6.542
389,8317340,1,0.5,FALSE,NA,1,0.97,46,190,46,"!{er <= 100} & !{size <= 29}",686,246,321,0.467930029154519,TRUE,"","NULL","",7.53999999999999
390,8317341,1,0.5,FALSE,NA,1,0.98,39,140,39,"{er <= 9} & {meno}",686,246,298,0.434402332361516,TRUE,"","NULL","",6.13499999999999
391,8317342,1,0.5,FALSE,NA,1,0.99,136,332,136,"{er <= 100} & !{er <= 70}",686,246,285,0.415451895043732,TRUE,"","NULL","",7.83799999999999
392,8317343,1,0.5,FALSE,NA,1,0.81,6,44,6,"!{meno} & {nodes <= 3}",686,246,299,0.435860058309038,TRUE,"","NULL","",3.71299999999999
393,8317344,1,0.5,FALSE,NA,1,0.73,3,19,3,"!{pgr <= 8} & {er <= 30}",686,246,301,0.438775510204082,TRUE,"","NULL","",4.428
394,8317345,1,0.5,FALSE,NA,1,0.65,2,27,2,"!{pgr <= 26} & {er <= 44}",686,246,293,0.427113702623907,TRUE,"","NULL","",4.63
395,8317346,1,0.5,FALSE,NA,1,0.95,16,83,16,"!{er <= 174} & {pgr <= 184}",686,246,285,0.415451895043732,TRUE,"","NULL","",5.226
396,8317347,1,0.5,FALSE,NA,1,0.92,60,137,60,"!{er <= 174} & {size <= 35}",686,246,311,0.4533527696793,TRUE,"","NULL","",5.899
397,8317348,1,0.5,FALSE,NA,1,0.96,10,56,10,"{er <= 100} & !{pgr <= 114}",686,246,287,0.418367346938776,TRUE,"","NULL","",5.11199999999999
398,8317349,1,0.5,FALSE,NA,1,0.98,112,268,112,"{age <= 46} & {er <= 17}",686,246,281,0.409620991253644,TRUE,"","NULL","",7.96299999999999
399,8317350,1,0.5,FALSE,NA,1,0.98,130,337,130,"{age <= 46} & {er <= 30}",686,246,286,0.416909620991254,TRUE,"","NULL","",7.70099999999999
400,8317351,1,0.5,FALSE,NA,1,0.85,13,48,13,"{age <= 46} & {nodes <= 3}",686,246,305,0.444606413994169,TRUE,"","NULL","",3.54599999999999
401,8317352,1,0.5,FALSE,NA,1,0.69,5,38,5,"!{meno} & !{age <= 46}",686,246,304,0.443148688046647,TRUE,"","NULL","",5.35400000000001
402,8317353,1,0.5,FALSE,NA,1,0.96,94,388,94,"!{age <= 53} & {age <= 61}",686,246,314,0.457725947521866,TRUE,"","NULL","",9.14399999999999
403,8317354,1,0.5,FALSE,NA,1,0.95,19,82,19,"!{pgr <= 114} & {size <= 29}",686,246,313,0.456268221574344,TRUE,"","NULL","",5.19300000000001
404,8317355,1,0.5,FALSE,NA,1,0.91,85,306,85,"!{pgr <= 184} & !{grade3}",686,246,300,0.43731778425656,TRUE,"","NULL","",6.001
405,8317356,1,0.5,FALSE,NA,1,0.79,3,37,3,"!{pgr <= 114} & {size <= 35}",686,246,295,0.43002915451895,TRUE,"","NULL","",5.33
406,8317357,1,0.5,FALSE,NA,1,0.5,1,22,1,"!{age <= 61} & {er <= 100}",686,246,290,0.422740524781341,TRUE,"","NULL","",4.82799999999999
407,8317358,1,0.5,FALSE,NA,1,0.88,7,38,7,"!{size <= 20} & !{er <= 174}",686,246,310,0.451895043731778,TRUE,"","NULL","",5.072
408,8317359,1,0.5,FALSE,NA,1,0.88,34,141,34,"!{age <= 61} & {nodes <= 7}",686,246,304,0.443148688046647,TRUE,"","NULL","",5.777
409,8317360,1,0.5,FALSE,NA,1,0.98,97,177,97,"!{er <= 174} & !{nodes <= 1}",686,246,281,0.409620991253644,TRUE,"","NULL","",6.771
410,8317361,1,0.5,FALSE,NA,1,0.98,35,123,35,"!{size <= 35} & {meno}",686,246,281,0.409620991253644,TRUE,"","NULL","",5.73699999999999
411,8317362,1,0.5,FALSE,NA,1,0.9,22,83,22,"{age <= 46} & !{pgr <= 26}",686,246,287,0.418367346938776,TRUE,"","NULL","",5.31500000000001
412,8317363,1,0.5,FALSE,NA,1,0.92,10,57,10,"!{age <= 61} & {pgr <= 114}",686,246,295,0.43002915451895,TRUE,"","NULL","",4.208
413,8317364,1,0.5,FALSE,NA,1,0.94,48,172,48,"!{age <= 61} & !{pgr <= 26}",686,246,284,0.41399416909621,TRUE,"","NULL","",7.24799999999999
414,8317365,1,0.5,FALSE,NA,1,0.89,18,104,18,"!{size <= 35} & {age <= 53}",686,246,310,0.451895043731778,TRUE,"","NULL","",5.58900000000001
415,8317366,1,0.5,FALSE,NA,1,0.89,33,123,33,"{pgr <= 0} & {er <= 44}",686,246,327,0.47667638483965,TRUE,"","NULL","",5.94999999999999
416,8317367,1,0.5,FALSE,NA,1,0.86,32,187,32,"{nodes <= 3} & {size <= 25}",686,246,289,0.421282798833819,TRUE,"","NULL","",5.253
417,8317368,1,0.5,FALSE,NA,1,0.52,1,9,1,"!{er <= 100} & {er <= 294}",686,246,302,0.440233236151603,TRUE,"","NULL","",4.73200000000001
418,8317369,1,0.5,FALSE,NA,1,0.78,5,39,5,"{age <= 53} & !{nodes <= 5}",686,246,312,0.454810495626822,TRUE,"","NULL","",4.94799999999999
419,8317370,1,0.5,FALSE,NA,1,0.93,25,107,25,"!{er <= 30} & !{meno}",686,246,295,0.43002915451895,TRUE,"","NULL","",5.93799999999999
420,8317371,1,0.5,FALSE,NA,1,1,38,113,38,"!{er <= 30} & !{size <= 35}",686,246,309,0.450437317784257,TRUE,"","NULL","",5.29900000000001
421,8317372,1,0.5,FALSE,NA,1,0.98,20,59,20,"{age <= 46} & {size <= 29}",686,246,302,0.440233236151603,TRUE,"","NULL","",5.392
422,8317373,1,0.5,FALSE,NA,1,0.97,72,218,72,"!{er <= 100} & {size <= 29}",686,246,278,0.405247813411079,TRUE,"","NULL","",7.14700000000001
423,8317374,1,0.5,FALSE,NA,1,0.95,26,120,26,"!{pgr <= 77} & !{age <= 53}",686,246,306,0.446064139941691,TRUE,"","NULL","",5.771
424,8317375,1,0.5,FALSE,NA,1,0.91,49,169,49,"{meno} & {er <= 17}",686,246,293,0.427113702623907,TRUE,"","NULL","",5.05799999999999
425,8317376,1,0.5,FALSE,NA,1,0.68,5,53,5,"!{meno} & !{nodes <= 3}",686,246,295,0.43002915451895,TRUE,"","NULL","",5.059
426,8317377,1,0.5,FALSE,NA,1,0.96,45,123,45,"{pgr <= 0} & !{size <= 20}",686,246,292,0.425655976676385,TRUE,"","NULL","",6.241
427,8317378,1,0.5,FALSE,NA,1,0.99,33,78,33,"!{er <= 174} & !{nodes <= 1}",686,246,322,0.469387755102041,TRUE,"","NULL","",5.605
428,8317379,1,0.5,FALSE,NA,1,0.95,25,90,25,"!{age <= 61} & !{size <= 20}",686,246,271,0.395043731778426,TRUE,"","NULL","",4.822
429,8317380,1,0.5,FALSE,NA,1,0.91,6,40,6,"{nodes <= 1} & !{age <= 53}",686,246,297,0.432944606413994,TRUE,"","NULL","",5.432
430,8317381,1,0.5,FALSE,NA,1,0.63,1,6,1,"{nodes <= 1} & !{pgr <= 45}",686,246,326,0.475218658892128,TRUE,"","NULL","",4.452
431,8317382,1,0.5,FALSE,NA,1,0.93,8,43,8,"{size <= 20} & {age <= 53}",686,246,302,0.440233236151603,TRUE,"","NULL","",4.72500000000001
432,8317383,1,0.5,FALSE,NA,1,0.81,8,28,8,"!{er <= 9} & {age <= 46}",686,246,308,0.448979591836735,TRUE,"","NULL","",4.78800000000001
433,8317384,1,0.5,FALSE,NA,1,0.97,36,171,36,"{er <= 100} & !{er <= 70}",686,246,287,0.418367346938776,TRUE,"","NULL","",7.214
434,8317385,1,0.5,FALSE,NA,1,0.75,2,36,2,"{nodes <= 3} & {grade3}",686,246,293,0.427113702623907,TRUE,"","NULL","",4.75
435,8317386,1,0.5,FALSE,NA,1,0.52,1,33,1,"!{er <= 174} & {meno}",686,246,324,0.472303206997085,TRUE,"","NULL","",5.411
436,8317387,1,0.5,FALSE,NA,1,0.98,104,301,104,"!{size <= 35} & !{grade3}",686,246,278,0.405247813411079,TRUE,"","NULL","",6.679
437,8317388,1,0.5,FALSE,NA,1,0.88,30,108,30,"{size <= 20} & !{er <= 17}",686,246,299,0.435860058309038,TRUE,"","NULL","",6.39900000000001
438,8317389,1,0.5,FALSE,NA,1,0.94,27,140,27,"!{age <= 53} & !{nodes <= 5}",686,246,303,0.441690962099125,TRUE,"","NULL","",6.099
439,8317390,1,0.5,FALSE,NA,1,0.7,8,38,8,"!{pgr <= 114} & !{er <= 44}",686,246,307,0.447521865889213,TRUE,"","NULL","",4.694
440,8317391,1,0.5,FALSE,NA,1,0.95,13,103,13,"{pgr <= 114} & !{er <= 70}",686,246,296,0.431486880466472,TRUE,"","NULL","",5.09699999999999
441,8317392,1,0.5,FALSE,NA,1,0.94,25,111,25,"!{meno} & {grade3}",686,246,288,0.419825072886297,TRUE,"","NULL","",5.992
442,8317393,1,0.5,FALSE,NA,1,0.65,1,26,1,"!{pgr <= 2} & {er <= 9}",686,246,273,0.397959183673469,TRUE,"","NULL","",4.77900000000001
443,8317394,1,0.5,FALSE,NA,1,0.95,137,350,137,"{er <= 3} & {age <= 61}",686,246,293,0.427113702623907,TRUE,"","NULL","",8.33
444,8317395,1,0.5,FALSE,NA,1,0.89,6,38,6,"{age <= 61} & !{age <= 53}",686,246,286,0.416909620991254,TRUE,"","NULL","",3.87
445,8317396,1,0.5,FALSE,NA,1,0.77,12,71,12,"{size <= 29} & !{age <= 61}",686,246,289,0.421282798833819,TRUE,"","NULL","",5.64400000000001
446,8317397,1,0.5,FALSE,NA,1,0.95,49,163,49,"!{size <= 35} & {pgr <= 45}",686,246,293,0.427113702623907,TRUE,"","NULL","",6.264
447,8317398,1,0.5,FALSE,NA,1,0.83,3,28,3,"!{nodes <= 1} & !{er <= 174}",686,246,298,0.434402332361516,TRUE,"","NULL","",4.514
448,8317399,1,0.5,FALSE,NA,1,0.95,47,156,47,"!{pgr <= 77} & !{size <= 29}",686,246,312,0.454810495626822,TRUE,"","NULL","",5.58699999999999
449,8317400,1,0.5,FALSE,NA,1,0.82,7,46,7,"!{size <= 29} & !{pgr <= 114}",686,246,284,0.41399416909621,TRUE,"","NULL","",5.169
450,8317401,1,0.5,FALSE,NA,1,0.83,7,60,7,"!{er <= 100} & !{grade3}",686,246,294,0.428571428571429,TRUE,"","NULL","",5.328
451,8317402,1,0.5,FALSE,NA,1,0.97,36,87,36,"{er <= 3} & {size <= 35}",686,246,294,0.428571428571429,TRUE,"","NULL","",5.776
452,8317403,1,0.5,FALSE,NA,1,0.93,9,35,9,"{er <= 3} & {nodes <= 7}",686,246,304,0.443148688046647,TRUE,"","NULL","",4.44
453,8317404,1,0.5,FALSE,NA,1,0.98,69,193,69,"!{er <= 44} & !{nodes <= 5}",686,246,287,0.418367346938776,TRUE,"","NULL","",7.01
454,8317405,1,0.5,FALSE,NA,1,0.95,66,221,66,"!{pgr <= 114} & !{grade3}",686,246,295,0.43002915451895,TRUE,"","NULL","",7.107
455,8317406,1,0.5,FALSE,NA,1,0.98,68,233,68,"!{pgr <= 77} & {er <= 100}",686,246,297,0.432944606413994,TRUE,"","NULL","",6.652
456,8317407,1,0.5,FALSE,NA,1,0.99,59,142,59,"{size <= 25} & !{er <= 30}",686,246,304,0.443148688046647,TRUE,"","NULL","",4.25
457,8317408,1,0.5,FALSE,NA,1,0.98,70,214,70,"{pgr <= 2} & !{nodes <= 1}",686,246,294,0.428571428571429,TRUE,"","NULL","",7.619
458,8317409,1,0.5,FALSE,NA,1,0.9,13,68,13,"{nodes <= 3} & !{pgr <= 77}",686,246,291,0.424198250728863,TRUE,"","NULL","",5.09099999999999
459,8317410,1,0.5,FALSE,NA,1,0.78,9,53,9,"!{er <= 100} & !{nodes <= 1}",686,246,299,0.435860058309038,TRUE,"","NULL","",4.92400000000001
460,8317411,1,0.5,FALSE,NA,1,0.96,28,174,28,"!{grade3} & !{nodes <= 5}",686,246,292,0.425655976676385,TRUE,"","NULL","",5.342
461,8317412,1,0.5,FALSE,NA,1,0.99,180,403,180,"!{age <= 46} & !{er <= 100}",686,246,290,0.422740524781341,TRUE,"","NULL","",10.229
462,8317413,1,0.5,FALSE,NA,1,0.93,21,106,21,"{er <= 44} & !{pgr <= 26}",686,246,302,0.440233236151603,TRUE,"","NULL","",5.61499999999999
463,8317414,1,0.5,FALSE,NA,0,NA,0,9,0,"",686,246,300,0.43731778425656,TRUE,"","NULL","",4.23100000000001
464,8317415,1,0.5,FALSE,NA,0,NA,0,8,0,"",686,246,307,0.447521865889213,TRUE,"","NULL","",3.613
465,8317416,1,0.5,FALSE,NA,1,1,157,301,157,"{er <= 3} & !{age <= 46}",686,246,298,0.434402332361516,TRUE,"","NULL","",8.463
466,8317417,1,0.5,FALSE,NA,1,0.83,5,36,5,"!{size <= 25} & {pgr <= 16}",686,246,285,0.415451895043732,TRUE,"","NULL","",4.94900000000001
467,8317418,1,0.5,FALSE,NA,1,0.81,13,66,13,"{pgr <= 114} & !{pgr <= 45}",686,246,301,0.438775510204082,TRUE,"","NULL","",5.01600000000001
468,8317419,1,0.5,FALSE,NA,1,0.85,9,49,9,"{age <= 46} & !{nodes <= 3}",686,246,300,0.43731778425656,TRUE,"","NULL","",3.938
469,8317420,1,0.5,FALSE,NA,1,0.97,122,337,122,"!{pgr <= 114} & !{er <= 70}",686,246,293,0.427113702623907,TRUE,"","NULL","",8.877
470,8317421,1,0.5,FALSE,NA,1,0.88,25,116,25,"{age <= 61} & !{er <= 100}",686,246,297,0.432944606413994,TRUE,"","NULL","",5.718
471,8317422,1,0.5,FALSE,NA,1,0.96,61,166,61,"!{grade3} & {er <= 9}",686,246,311,0.4533527696793,TRUE,"","NULL","",6.29700000000001
472,8317423,1,0.5,FALSE,NA,1,0.78,2,51,2,"!{nodes <= 5} & !{er <= 30}",686,246,297,0.432944606413994,TRUE,"","NULL","",3.52900000000001
473,8317424,1,0.5,FALSE,NA,1,0.81,8,50,8,"!{size <= 35} & !{grade3}",686,246,277,0.403790087463557,TRUE,"","NULL","",5.09800000000001
474,8317425,1,0.5,FALSE,NA,1,0.9,11,38,11,"!{pgr <= 26} & !{size <= 29}",686,246,313,0.456268221574344,TRUE,"","NULL","",4.75399999999999
475,8317426,1,0.5,FALSE,NA,1,0.85,18,70,18,"{size <= 20} & !{er <= 9}",686,246,325,0.473760932944606,TRUE,"","NULL","",5.408
476,8317427,1,0.5,FALSE,NA,1,0.58,1,23,1,"!{pgr <= 184} & {nodes <= 5}",686,246,300,0.43731778425656,TRUE,"","NULL","",4.57799999999999
477,8317428,1,0.5,FALSE,NA,1,0.78,8,58,8,"!{age <= 61} & {nodes <= 5}",686,246,302,0.440233236151603,TRUE,"","NULL","",5.528
478,8317429,1,0.5,FALSE,NA,1,0.6,1,14,1,"{size <= 20} & {er <= 30}",686,246,288,0.419825072886297,TRUE,"","NULL","",4.654
479,8317430,1,0.5,FALSE,NA,1,0.97,45,152,45,"!{pgr <= 77} & {er <= 70}",686,246,314,0.457725947521866,TRUE,"","NULL","",6.768
480,8317431,1,0.5,FALSE,NA,1,0.64,2,23,2,"!{pgr <= 114} & !{nodes <= 1}",686,246,308,0.448979591836735,TRUE,"","NULL","",4.285
481,8317432,1,0.5,FALSE,NA,1,0.95,72,188,72,"!{pgr <= 184}",686,246,321,0.467930029154519,TRUE,"","NULL","",7.749
482,8317433,1,0.5,FALSE,NA,1,0.5,1,18,1,"{meno} & {size <= 20}",686,246,289,0.421282798833819,TRUE,"","NULL","",4.10599999999999
483,8317434,1,0.5,FALSE,NA,1,0.95,73,304,73,"{size <= 35} & !{age <= 61}",686,246,291,0.424198250728863,TRUE,"","NULL","",7.715
484,8317435,1,0.5,FALSE,NA,1,0.84,9,56,9,"{pgr <= 2} & {er <= 9}",686,246,306,0.446064139941691,TRUE,"","NULL","",3.83199999999999
485,8317436,1,0.5,FALSE,NA,1,0.93,32,138,32,"!{grade3} & !{nodes <= 7}",686,246,310,0.451895043731778,TRUE,"","NULL","",6.63200000000001
486,8317437,1,0.5,FALSE,NA,1,0.91,28,92,28,"{er <= 100} & {age <= 46}",686,246,278,0.405247813411079,TRUE,"","NULL","",5.806
487,8317438,1,0.5,FALSE,NA,1,0.69,4,47,4,"!{age <= 61} & !{er <= 100}",686,246,307,0.447521865889213,TRUE,"","NULL","",4.81500000000001
488,8317439,1,0.5,FALSE,NA,1,0.84,7,39,7,"!{pgr <= 114} & {pgr <= 184}",686,246,312,0.454810495626822,TRUE,"","NULL","",4.27
489,8317440,1,0.5,FALSE,NA,1,0.75,2,9,2,"{nodes <= 1} & !{pgr <= 16}",686,246,290,0.422740524781341,TRUE,"","NULL","",4.63
490,8317441,1,0.5,FALSE,NA,1,0.69,6,44,6,"{size <= 35} & !{size <= 29}",686,246,277,0.403790087463557,TRUE,"","NULL","",4.76600000000001
491,8317442,1,0.5,FALSE,NA,1,0.89,43,177,43,"!{pgr <= 184} & !{grade3}",686,246,296,0.431486880466472,TRUE,"","NULL","",6.788
492,8317443,1,0.5,FALSE,NA,1,0.92,46,188,46,"{er <= 3} & {size <= 29}",686,246,307,0.447521865889213,TRUE,"","NULL","",6.19200000000001
493,8317444,1,0.5,FALSE,NA,1,0.99,138,334,138,"{grade3} & !{size <= 29}",686,246,292,0.425655976676385,TRUE,"","NULL","",8.994
494,8317445,1,0.5,FALSE,NA,1,0.71,27,163,27,"{nodes <= 7} & {er <= 30}",686,246,298,0.434402332361516,TRUE,"","NULL","",5.97199999999999
495,8317446,1,0.5,FALSE,NA,1,0.83,5,29,5,"!{age <= 61} & {size <= 35}",686,246,317,0.462099125364431,TRUE,"","NULL","",4.84
496,8317447,1,0.5,FALSE,NA,1,0.91,10,44,10,"!{nodes <= 5} & !{pgr <= 16}",686,246,322,0.469387755102041,TRUE,"","NULL","",3.65299999999999
497,8317448,1,0.5,FALSE,NA,1,0.73,15,111,15,"{size <= 25} & {er <= 100}",686,246,294,0.428571428571429,TRUE,"","NULL","",6.238
498,8317449,1,0.5,FALSE,NA,1,0.99,51,145,51,"{age <= 46} & {er <= 17}",686,246,281,0.409620991253644,TRUE,"","NULL","",6.51100000000001
499,8317450,1,0.5,FALSE,NA,1,0.94,32,120,32,"{size <= 20} & {er <= 30}",686,246,291,0.424198250728863,TRUE,"","NULL","",5.67700000000001
500,8317451,1,0.5,FALSE,NA,1,0.98,99,378,99,"{nodes <= 5} & !{nodes <= 3}",686,246,301,0.438775510204082,TRUE,"","NULL","",6.81700000000001
501,8317452,1,0.5,FALSE,NA,1,0.91,24,110,24,"!{er <= 30} & {nodes <= 1}",686,246,286,0.416909620991254,TRUE,"","NULL","",6.509
502,8317453,1,0.5,FALSE,NA,1,0.72,14,79,14,"{nodes <= 3} & !{er <= 70}",686,246,305,0.444606413994169,TRUE,"","NULL","",5.265
503,8317454,1,0.5,FALSE,NA,1,0.81,8,68,8,"{age <= 61} & !{er <= 100}",686,246,314,0.457725947521866,TRUE,"","NULL","",5.035
504,8317455,1,0.5,FALSE,NA,1,0.94,31,119,31,"{age <= 46} & !{nodes <= 1}",686,246,309,0.450437317784257,TRUE,"","NULL","",5.57799999999999
505,8317456,1,0.5,FALSE,NA,1,0.59,8,54,8,"!{age <= 61} & !{pgr <= 8}",686,246,291,0.424198250728863,TRUE,"","NULL","",5.16999999999999
506,8317457,1,0.5,FALSE,NA,1,0.51,1,26,1,"!{size <= 29} & !{pgr <= 26}",686,246,300,0.43731778425656,TRUE,"","NULL","",4.59899999999999
507,8317458,1,0.5,FALSE,NA,1,0.88,20,102,20,"!{er <= 30} & !{nodes <= 3}",686,246,309,0.450437317784257,TRUE,"","NULL","",5.583
508,8317459,1,0.5,FALSE,NA,1,0.95,38,134,38,"{nodes <= 1} & !{pgr <= 26}",686,246,314,0.457725947521866,TRUE,"","NULL","",5.876
509,8317460,1,0.5,FALSE,NA,0,NA,0,27,0,"",686,246,288,0.419825072886297,TRUE,"","NULL","",5.044
510,8317461,1,0.5,FALSE,NA,1,0.57,1,9,1,"!{meno} & !{size <= 29}",686,246,288,0.419825072886297,TRUE,"","NULL","",4.274
511,8317462,1,0.5,FALSE,NA,1,0.84,13,105,13,"!{er <= 3} & {age <= 46}",686,246,302,0.440233236151603,TRUE,"","NULL","",5.56599999999999
512,8317463,1,0.5,FALSE,NA,1,0.86,8,53,8,"{er <= 9} & !{pgr <= 0}",686,246,289,0.421282798833819,TRUE,"","NULL","",4.70700000000001
513,8317464,1,0.5,FALSE,NA,1,0.97,40,124,40,"{size <= 20} & !{er <= 44}",686,246,299,0.435860058309038,TRUE,"","NULL","",6.157
514,8317465,1,0.5,FALSE,NA,1,0.82,2,9,2,"!{grade3} & {pgr <= 2}",686,246,283,0.412536443148688,TRUE,"","NULL","",4.54899999999999
515,8317466,1,0.5,FALSE,NA,1,0.76,2,23,2,"{age <= 46} & {pgr <= 16}",686,246,325,0.473760932944606,TRUE,"","NULL","",4.404
516,8317467,1,0.5,FALSE,NA,0,NA,0,9,0,"",686,246,287,0.418367346938776,TRUE,"","NULL","",4.387
517,8317468,1,0.5,FALSE,NA,0,NA,0,5,0,"",686,246,295,0.43002915451895,TRUE,"","NULL","",4.682
518,8317469,1,0.5,FALSE,NA,1,0.88,24,73,24,"!{nodes <= 3} & !{er <= 30}",686,246,299,0.435860058309038,TRUE,"","NULL","",5.489
519,8317470,1,0.5,FALSE,NA,1,0.86,5,54,5,"{meno} & {grade3}",686,246,306,0.446064139941691,TRUE,"","NULL","",5.08800000000001
520,8317471,1,0.5,FALSE,NA,1,0.75,10,101,10,"{er <= 100} & !{er <= 30}",686,246,289,0.421282798833819,TRUE,"","NULL","",5.29600000000001
521,8317472,1,0.5,FALSE,NA,1,0.94,75,286,75,"!{pgr <= 26} & {er <= 70}",686,246,298,0.434402332361516,TRUE,"","NULL","",8.671
522,8317473,1,0.5,FALSE,NA,1,0.84,19,78,19,"{size <= 20} & !{pgr <= 45}",686,246,280,0.408163265306122,TRUE,"","NULL","",5.361
523,8317474,1,0.5,FALSE,NA,1,0.55,2,9,2,"!{pgr <= 114} & {age <= 53}",686,246,300,0.43731778425656,TRUE,"","NULL","",4.60300000000001
524,8317475,1,0.5,FALSE,NA,1,0.83,8,31,8,"!{er <= 9} & !{nodes <= 5}",686,246,305,0.444606413994169,TRUE,"","NULL","",3.86199999999999
525,8317476,1,0.5,FALSE,NA,1,0.94,29,111,29,"{nodes <= 1} & {pgr <= 77}",686,246,292,0.425655976676385,TRUE,"","NULL","",6.161
526,8317477,1,0.5,FALSE,NA,1,0.99,6,49,6,"{pgr <= 16} & !{pgr <= 8}",686,246,304,0.443148688046647,TRUE,"","NULL","",4.988
527,8317478,1,0.5,FALSE,NA,1,0.95,81,234,81,"!{pgr <= 114} & !{er <= 44}",686,246,309,0.450437317784257,TRUE,"","NULL","",6.98699999999999
528,8317479,1,0.5,FALSE,NA,0,NA,0,1,0,"",686,246,310,0.451895043731778,TRUE,"","NULL","",3.721
529,8317480,1,0.5,FALSE,NA,1,0.85,14,74,14,"!{size <= 25} & {nodes <= 3}",686,246,299,0.435860058309038,TRUE,"","NULL","",5.794
530,8317481,1,0.5,FALSE,NA,1,0.96,58,238,58,"!{pgr <= 26} & !{meno}",686,246,281,0.409620991253644,TRUE,"","NULL","",7.636
531,8317482,1,0.5,FALSE,NA,1,0.57,1,6,1,"{er <= 44} & !{pgr <= 77}",686,246,314,0.457725947521866,TRUE,"","NULL","",4.319
532,8317483,1,0.5,FALSE,NA,0,NA,0,8,0,"",686,246,271,0.395043731778426,TRUE,"","NULL","",3.764
533,8317484,1,0.5,FALSE,NA,1,0.77,7,69,7,"!{nodes <= 1} & {er <= 3}",686,246,288,0.419825072886297,TRUE,"","NULL","",5.489
534,8317485,1,0.5,FALSE,NA,1,0.97,10,27,10,"!{age <= 61} & {pgr <= 16}",686,246,304,0.443148688046647,TRUE,"","NULL","",4.66000000000001
535,8317486,1,0.5,FALSE,NA,1,0.89,14,58,14,"!{pgr <= 45} & {age <= 46}",686,246,309,0.450437317784257,TRUE,"","NULL","",5.28699999999999
536,8317487,1,0.5,FALSE,NA,1,0.91,11,54,11,"{size <= 29} & !{nodes <= 5}",686,246,291,0.424198250728863,TRUE,"","NULL","",4.78800000000001
537,8317488,1,0.5,FALSE,NA,1,0.66,8,57,8,"{nodes <= 7} & !{age <= 61}",686,246,294,0.428571428571429,TRUE,"","NULL","",5.011
538,8317489,1,0.5,FALSE,NA,1,0.95,31,179,31,"!{meno} & {size <= 25}",686,246,296,0.431486880466472,TRUE,"","NULL","",6.601
539,8317490,1,0.5,FALSE,NA,1,0.7,1,30,1,"{er <= 17} & !{er <= 9}",686,246,298,0.434402332361516,TRUE,"","NULL","",4.627
540,8317491,1,0.5,FALSE,NA,1,0.83,14,83,14,"{size <= 25} & !{age <= 53}",686,246,311,0.4533527696793,TRUE,"","NULL","",4.827
541,8317492,1,0.5,FALSE,NA,1,0.97,64,171,64,"!{pgr <= 26} & !{size <= 35}",686,246,309,0.450437317784257,TRUE,"","NULL","",7.15800000000001
542,8317493,1,0.5,FALSE,NA,1,0.65,1,6,1,"!{size <= 29} & {age <= 46}",686,246,293,0.427113702623907,TRUE,"","NULL","",4.009
543,8317494,1,0.5,FALSE,NA,1,0.95,24,92,24,"!{pgr <= 184} & {nodes <= 7}",686,246,300,0.43731778425656,TRUE,"","NULL","",5.59400000000001
544,8317495,1,0.5,FALSE,NA,1,0.98,136,434,136,"!{er <= 100} & {pgr <= 184}",686,246,294,0.428571428571429,TRUE,"","NULL","",8.306
545,8317496,1,0.5,FALSE,NA,1,0.9,4,26,4,"{size <= 35} & !{er <= 174}",686,246,282,0.411078717201166,TRUE,"","NULL","",5.206
546,8317497,1,0.5,FALSE,NA,1,0.72,4,62,4,"!{age <= 61} & {pgr <= 114}",686,246,313,0.456268221574344,TRUE,"","NULL","",5.292
547,8317498,1,0.5,FALSE,NA,1,0.99,8,42,8,"{nodes <= 7} & !{nodes <= 5}",686,246,314,0.457725947521866,TRUE,"","NULL","",4.898
548,8317499,1,0.5,FALSE,NA,1,0.88,31,155,31,"!{er <= 100} & !{nodes <= 1}",686,246,307,0.447521865889213,TRUE,"","NULL","",5.929
549,8317500,1,0.5,FALSE,NA,1,0.66,2,47,2,"{pgr <= 8} & {er <= 3}",686,246,314,0.457725947521866,TRUE,"","NULL","",5.169
550,8317501,1,0.5,FALSE,NA,1,0.7,8,37,8,"{size <= 20} & {er <= 100}",686,246,317,0.462099125364431,TRUE,"","NULL","",5.08699999999999
551,8317502,1,0.5,FALSE,NA,1,0.64,1,22,1,"{age <= 61} & {er <= 0}",686,246,316,0.46064139941691,TRUE,"","NULL","",5.00700000000001
552,8317503,1,0.5,FALSE,NA,1,0.8,4,48,4,"!{pgr <= 114} & {meno}",686,246,327,0.47667638483965,TRUE,"","NULL","",4.84700000000001
553,8317504,1,0.5,FALSE,NA,1,0.97,24,106,24,"!{pgr <= 184} & !{age <= 46}",686,246,301,0.438775510204082,TRUE,"","NULL","",6.07
554,8317505,1,0.5,FALSE,NA,1,0.63,4,21,4,"{age <= 46} & !{er <= 9}",686,246,308,0.448979591836735,TRUE,"","NULL","",4.416
555,8317506,1,0.5,FALSE,NA,1,0.88,38,152,38,"!{er <= 30} & {er <= 70}",686,246,290,0.422740524781341,TRUE,"","NULL","",6.59399999999999
556,8317507,1,0.5,FALSE,NA,1,0.71,1,12,1,"{grade3} & !{nodes <= 5}",686,246,296,0.431486880466472,TRUE,"","NULL","",3.67099999999999
557,8317508,1,0.5,FALSE,NA,1,0.8,21,96,21,"{nodes <= 1} & !{grade3}",686,246,285,0.415451895043732,TRUE,"","NULL","",5.947
558,8317509,1,0.5,FALSE,NA,0,NA,0,8,0,"",686,246,296,0.431486880466472,TRUE,"","NULL","",4.23099999999999
559,8317510,1,0.5,FALSE,NA,1,0.67,1,6,1,"!{pgr <= 45} & !{nodes <= 3}",686,246,289,0.421282798833819,TRUE,"","NULL","",4.51100000000001
560,8317511,1,0.5,FALSE,NA,1,0.97,48,112,48,"{age <= 46} & !{pgr <= 8}",686,246,317,0.462099125364431,TRUE,"","NULL","",5.54600000000001
561,8317512,1,0.5,FALSE,NA,1,0.85,20,138,20,"!{pgr <= 114} & {size <= 29}",686,246,322,0.469387755102041,TRUE,"","NULL","",6.84699999999999
562,8317513,1,0.5,FALSE,NA,0,NA,0,10,0,"",686,246,294,0.428571428571429,TRUE,"","NULL","",4.32599999999999
563,8317514,1,0.5,FALSE,NA,1,0.82,11,66,11,"!{pgr <= 114} & {age <= 53}",686,246,288,0.419825072886297,TRUE,"","NULL","",5.35900000000001
564,8317515,1,0.5,FALSE,NA,1,0.89,4,16,4,"!{pgr <= 114} & !{nodes <= 3}",686,246,319,0.465014577259475,TRUE,"","NULL","",4.331
565,8317516,1,0.5,FALSE,NA,1,0.81,27,124,27,"!{age <= 61} & {pgr <= 184}",686,246,294,0.428571428571429,TRUE,"","NULL","",6.652
566,8317517,1,0.5,FALSE,NA,1,0.95,20,66,20,"{pgr <= 2} & {age <= 61}",686,246,269,0.392128279883382,TRUE,"","NULL","",5.11800000000001
567,8317518,1,0.5,FALSE,NA,1,0.94,88,280,88,"{pgr <= 114} & !{pgr <= 45}",686,246,280,0.408163265306122,TRUE,"","NULL","",7.986
568,8317519,1,0.5,FALSE,NA,0,NA,0,7,0,"",686,246,317,0.462099125364431,TRUE,"","NULL","",3.44900000000001
569,8317520,1,0.5,FALSE,NA,1,0.91,15,78,15,"{nodes <= 1} & {size <= 25}",686,246,290,0.422740524781341,TRUE,"","NULL","",6.222
570,8317521,1,0.5,FALSE,NA,1,0.91,20,92,20,"!{er <= 9} & !{size <= 35}",686,246,281,0.409620991253644,TRUE,"","NULL","",5.536
571,8317522,1,0.5,FALSE,NA,1,0.79,15,126,15,"!{size <= 25} & !{nodes <= 3}",686,246,318,0.463556851311953,TRUE,"","NULL","",6.00500000000001
572,8317523,1,0.5,FALSE,NA,1,0.95,13,75,13,"{age <= 46} & {er <= 44}",686,246,296,0.431486880466472,TRUE,"","NULL","",4.539
573,8317524,1,0.5,FALSE,NA,1,0.89,24,75,24,"!{pgr <= 184}",686,246,311,0.4533527696793,TRUE,"","NULL","",6.037
574,8317525,1,0.5,FALSE,NA,0,NA,0,10,0,"",686,246,286,0.416909620991254,TRUE,"","NULL","",4.371
575,8317526,1,0.5,FALSE,NA,0,NA,0,5,0,"",686,246,300,0.43731778425656,TRUE,"","NULL","",4.327
576,8317527,1,0.5,FALSE,NA,1,0.97,135,364,135,"!{er <= 44} & !{pgr <= 184}",686,246,292,0.425655976676385,TRUE,"","NULL","",8.26900000000001
577,8317528,1,0.5,FALSE,NA,1,0.93,30,175,30,"!{nodes <= 1} & !{age <= 61}",686,246,297,0.432944606413994,TRUE,"","NULL","",7.122
578,8317529,1,0.5,FALSE,NA,1,0.8,3,20,3,"!{er <= 294}",686,246,319,0.465014577259475,TRUE,"","NULL","",4.61499999999999
579,8317530,1,0.5,FALSE,NA,1,0.84,14,65,14,"!{age <= 61} & !{pgr <= 0}",686,246,325,0.473760932944606,TRUE,"","NULL","",5.197
580,8317531,1,0.5,FALSE,NA,1,0.89,7,35,7,"{size <= 20} & !{age <= 53}",686,246,302,0.440233236151603,TRUE,"","NULL","",4.58
581,8317532,1,0.5,FALSE,NA,1,0.9,26,112,26,"!{pgr <= 45} & !{nodes <= 3}",686,246,290,0.422740524781341,TRUE,"","NULL","",6.261
582,8317533,1,0.5,FALSE,NA,1,1,366,756,366,"!{grade3} & {pgr <= 16}",686,246,317,0.462099125364431,TRUE,"","NULL","",14.002
583,8317534,1,0.5,FALSE,NA,1,0.83,24,110,24,"{pgr <= 16} & !{er <= 0}",686,246,287,0.418367346938776,TRUE,"","NULL","",4.056
584,8317535,1,0.5,FALSE,NA,0,NA,0,11,0,"",686,246,315,0.459183673469388,TRUE,"","NULL","",2.824
585,8317536,1,0.5,FALSE,NA,1,0.99,183,430,183,"!{er <= 30} & !{size <= 25}",686,246,316,0.46064139941691,TRUE,"","NULL","",10.141
586,8317537,1,0.5,FALSE,NA,1,0.73,9,67,9,"!{size <= 25} & {size <= 35}",686,246,316,0.46064139941691,TRUE,"","NULL","",5.327
587,8317538,1,0.5,FALSE,NA,1,0.86,13,50,13,"!{pgr <= 77} & {er <= 70}",686,246,314,0.457725947521866,TRUE,"","NULL","",4.851
588,8317539,1,0.5,FALSE,NA,1,0.96,58,231,58,"!{er <= 100} & !{nodes <= 1}",686,246,302,0.440233236151603,TRUE,"","NULL","",4.976
589,8317540,1,0.5,FALSE,NA,1,0.9,6,18,6,"{size <= 29} & !{er <= 100}",686,246,317,0.462099125364431,TRUE,"","NULL","",4.813
590,8317541,1,0.5,FALSE,NA,0,NA,0,10,0,"",686,246,290,0.422740524781341,TRUE,"","NULL","",4.51300000000001
591,8317542,1,0.5,FALSE,NA,0,NA,0,6,0,"",686,246,307,0.447521865889213,TRUE,"","NULL","",4.51900000000001
592,8317543,1,0.5,FALSE,NA,1,0.86,32,141,32,"!{age <= 53} & {pgr <= 77}",686,246,301,0.438775510204082,TRUE,"","NULL","",5.59700000000001
593,8317544,1,0.5,FALSE,NA,1,0.8,11,41,11,"{pgr <= 2} & !{size <= 20}",686,246,288,0.419825072886297,TRUE,"","NULL","",4.88900000000001
594,8317545,1,0.5,FALSE,NA,1,0.82,13,50,13,"{nodes <= 1} & {er <= 70}",686,246,304,0.443148688046647,TRUE,"","NULL","",4.77900000000001
595,8317546,1,0.5,FALSE,NA,1,0.66,4,33,4,"{nodes <= 3} & !{nodes <= 1}",686,246,317,0.462099125364431,TRUE,"","NULL","",5.06400000000001
596,8317547,1,0.5,FALSE,NA,1,0.84,19,106,19,"!{nodes <= 5} & {pgr <= 8}",686,246,301,0.438775510204082,TRUE,"","NULL","",5.367
597,8317548,1,0.5,FALSE,NA,1,0.91,4,22,4,"!{nodes <= 7} & {pgr <= 26}",686,246,288,0.419825072886297,TRUE,"","NULL","",4.77199999999999
598,8317549,1,0.5,FALSE,NA,1,0.99,97,289,97,"!{age <= 61} & !{er <= 44}",686,246,307,0.447521865889213,TRUE,"","NULL","",8.45299999999999
599,8317550,1,0.5,FALSE,NA,1,0.96,49,126,49,"{er <= 0}",686,246,316,0.46064139941691,TRUE,"","NULL","",6.10799999999999
600,8317551,1,0.5,FALSE,NA,1,0.84,12,56,12,"{nodes <= 3} & {size <= 20}",686,246,294,0.428571428571429,TRUE,"","NULL","",3.926
601,8317552,1,0.5,FALSE,NA,1,0.87,3,20,3,"{nodes <= 3} & {grade3}",686,246,298,0.434402332361516,TRUE,"","NULL","",5.032
602,8317553,1,0.5,FALSE,NA,1,0.65,2,18,2,"!{age <= 61} & !{size <= 25}",686,246,290,0.422740524781341,TRUE,"","NULL","",4.768
603,8317554,1,0.5,FALSE,NA,1,0.95,61,139,61,"!{age <= 46} & {er <= 9}",686,246,312,0.454810495626822,TRUE,"","NULL","",5.866
604,8317555,1,0.5,FALSE,NA,1,0.99,13,52,13,"{er <= 30} & !{nodes <= 7}",686,246,324,0.472303206997085,TRUE,"","NULL","",4.86199999999999
605,8317556,1,0.5,FALSE,NA,1,0.74,6,40,6,"{nodes <= 3} & !{nodes <= 1}",686,246,298,0.434402332361516,TRUE,"","NULL","",4.83999999999999
606,8317557,1,0.5,FALSE,NA,1,0.99,27,113,27,"{size <= 25} & {er <= 3}",686,246,316,0.46064139941691,TRUE,"","NULL","",5.84099999999999
607,8317558,1,0.5,FALSE,NA,1,0.94,29,67,29,"!{size <= 35} & {pgr <= 114}",686,246,307,0.447521865889213,TRUE,"","NULL","",5.35599999999999
608,8317559,1,0.5,FALSE,NA,1,0.54,1,4,1,"{age <= 46} & !{nodes <= 3}",686,246,316,0.46064139941691,TRUE,"","NULL","",4.20899999999999
609,8317560,1,0.5,FALSE,NA,1,0.63,9,73,9,"{nodes <= 3} & {er <= 9}",686,246,306,0.446064139941691,TRUE,"","NULL","",6.096
610,8317561,1,0.5,FALSE,NA,1,0.71,5,47,5,"!{er <= 174} & !{size <= 20}",686,246,299,0.435860058309038,TRUE,"","NULL","",5.13200000000001
611,8317562,1,0.5,FALSE,NA,1,0.72,4,47,4,"{age <= 53} & !{er <= 70}",686,246,296,0.431486880466472,TRUE,"","NULL","",4.821
612,8317563,1,0.5,FALSE,NA,1,0.93,31,159,31,"!{pgr <= 114} & !{size <= 29}",686,246,321,0.467930029154519,TRUE,"","NULL","",5.76700000000001
613,8317564,1,0.5,FALSE,NA,1,0.93,44,122,44,"{pgr <= 26} & !{size <= 29}",686,246,271,0.395043731778426,TRUE,"","NULL","",5.986
614,8317565,1,0.5,FALSE,NA,1,0.91,24,92,24,"{er <= 174} & !{pgr <= 77}",686,246,295,0.43002915451895,TRUE,"","NULL","",5.886
615,8317566,1,0.5,FALSE,NA,1,0.84,9,81,9,"{age <= 53} & !{pgr <= 114}",686,246,287,0.418367346938776,TRUE,"","NULL","",5.295
616,8317567,1,0.5,FALSE,NA,1,0.75,2,13,2,"!{age <= 61} & !{size <= 25}",686,246,294,0.428571428571429,TRUE,"","NULL","",3.833
617,8317568,1,0.5,FALSE,NA,1,0.8,19,129,19,"{size <= 35} & {er <= 9}",686,246,297,0.432944606413994,TRUE,"","NULL","",6.63000000000001
618,8317569,1,0.5,FALSE,NA,1,0.65,5,23,5,"!{er <= 9} & {pgr <= 16}",686,246,293,0.427113702623907,TRUE,"","NULL","",4.76100000000001
619,8317570,1,0.5,FALSE,NA,1,0.86,15,97,15,"!{meno} & !{pgr <= 77}",686,246,301,0.438775510204082,TRUE,"","NULL","",5.758
620,8317571,1,0.5,FALSE,NA,1,0.55,1,9,1,"!{pgr <= 8} & {grade3}",686,246,283,0.412536443148688,TRUE,"","NULL","",3.96599999999999
621,8317572,1,0.5,FALSE,NA,1,0.94,89,234,89,"{size <= 25} & !{age <= 61}",686,246,301,0.438775510204082,TRUE,"","NULL","",8.14999999999999
622,8317573,1,0.5,FALSE,NA,1,0.7,1,11,1,"!{age <= 61} & !{size <= 25}",686,246,318,0.463556851311953,TRUE,"","NULL","",4.66399999999999
623,8317574,1,0.5,FALSE,NA,1,1,142,318,142,"{pgr <= 2} & {age <= 61}",686,246,318,0.463556851311953,TRUE,"","NULL","",7.614
624,8317575,1,0.5,FALSE,NA,1,0.82,35,130,35,"{size <= 20} & !{grade3}",686,246,298,0.434402332361516,TRUE,"","NULL","",4.301
625,8317576,1,0.5,FALSE,NA,1,0.77,4,32,4,"!{meno} & !{nodes <= 3}",686,246,309,0.450437317784257,TRUE,"","NULL","",5.26700000000001
626,8317577,1,0.5,FALSE,NA,1,0.65,3,8,3,"{age <= 46} & !{pgr <= 26}",686,246,293,0.427113702623907,TRUE,"","NULL","",4.61399999999999
627,8317578,1,0.5,FALSE,NA,0,NA,0,14,0,"",686,246,326,0.475218658892128,TRUE,"","NULL","",4.78
628,8317579,1,0.5,FALSE,NA,1,0.98,25,79,25,"{size <= 29} & {pgr <= 8}",686,246,302,0.440233236151603,TRUE,"","NULL","",5.206
629,8317580,1,0.5,FALSE,NA,1,0.78,3,9,3,"{er <= 3} & {nodes <= 5}",686,246,282,0.411078717201166,TRUE,"","NULL","",4.758
630,8317581,1,0.5,FALSE,NA,1,0.96,43,161,43,"!{pgr <= 184} & {nodes <= 5}",686,246,317,0.462099125364431,TRUE,"","NULL","",6.631
631,8317582,1,0.5,FALSE,NA,1,0.85,14,137,14,"!{pgr <= 114} & {er <= 174}",686,246,297,0.432944606413994,TRUE,"","NULL","",6.28
632,8317583,1,0.5,FALSE,NA,1,0.84,16,96,16,"!{size <= 29} & !{er <= 30}",686,246,304,0.443148688046647,TRUE,"","NULL","",4.82299999999999
633,8317584,1,0.5,FALSE,NA,1,0.9,6,36,6,"{nodes <= 1} & !{er <= 30}",686,246,301,0.438775510204082,TRUE,"","NULL","",5.00500000000001
634,8317585,1,0.5,FALSE,NA,1,0.89,15,65,15,"!{pgr <= 45} & {pgr <= 77}",686,246,292,0.425655976676385,TRUE,"","NULL","",5.26600000000001
635,8317586,1,0.5,FALSE,NA,1,0.86,15,99,15,"!{er <= 70} & !{pgr <= 114}",686,246,317,0.462099125364431,TRUE,"","NULL","",5.943
636,8317587,1,0.5,FALSE,NA,1,0.75,4,46,4,"{size <= 20} & !{age <= 53}",686,246,307,0.447521865889213,TRUE,"","NULL","",4.70500000000001
637,8317588,1,0.5,FALSE,NA,1,0.86,13,48,13,"!{pgr <= 45} & {er <= 30}",686,246,307,0.447521865889213,TRUE,"","NULL","",5.41
638,8317589,1,0.5,FALSE,NA,1,0.61,3,27,3,"!{er <= 174} & !{size <= 20}",686,246,298,0.434402332361516,TRUE,"","NULL","",4.65900000000001
639,8317590,1,0.5,FALSE,NA,1,0.95,9,64,9,"!{grade3} & {er <= 3}",686,246,304,0.443148688046647,TRUE,"","NULL","",5.095
640,8317591,1,0.5,FALSE,NA,1,0.96,39,157,39,"{age <= 53} & !{pgr <= 114}",686,246,289,0.421282798833819,TRUE,"","NULL","",6.119
641,8317592,1,0.5,FALSE,NA,1,0.78,4,37,4,"!{pgr <= 77} & !{er <= 174}",686,246,314,0.457725947521866,TRUE,"","NULL","",5.392
642,8317593,1,0.5,FALSE,NA,1,0.79,14,86,14,"!{pgr <= 77} & {nodes <= 3}",686,246,297,0.432944606413994,TRUE,"","NULL","",5.72
643,8317594,1,0.5,FALSE,NA,1,0.85,17,107,17,"{meno} & !{pgr <= 114}",686,246,287,0.418367346938776,TRUE,"","NULL","",5.803
644,8317595,1,0.5,FALSE,NA,1,0.84,8,43,8,"!{size <= 35} & !{er <= 17}",686,246,314,0.457725947521866,TRUE,"","NULL","",4.26700000000001
645,8317596,1,0.5,FALSE,NA,1,0.97,121,415,121,"{size <= 20} & !{pgr <= 8}",686,246,276,0.402332361516035,TRUE,"","NULL","",9.94199999999999
646,8317597,1,0.5,FALSE,NA,1,0.51,1,6,1,"!{pgr <= 8} & {pgr <= 16}",686,246,298,0.434402332361516,TRUE,"","NULL","",4.29000000000001
647,8317598,1,0.5,FALSE,NA,1,0.99,14,71,14,"!{size <= 35} & !{age <= 53}",686,246,278,0.405247813411079,TRUE,"","NULL","",4.82600000000001
648,8317599,1,0.5,FALSE,NA,1,0.97,9,48,9,"{pgr <= 45} & !{size <= 35}",686,246,318,0.463556851311953,TRUE,"","NULL","",3.98100000000001
649,8317600,1,0.5,FALSE,NA,1,0.87,5,26,5,"{pgr <= 2} & !{nodes <= 1}",686,246,296,0.431486880466472,TRUE,"","NULL","",4.86099999999999
650,8317601,1,0.5,FALSE,NA,1,0.69,3,14,3,"!{meno} & !{age <= 46}",686,246,302,0.440233236151603,TRUE,"","NULL","",4.485
651,8317602,1,0.5,FALSE,NA,1,0.7,6,76,6,"{nodes <= 1} & {pgr <= 114}",686,246,313,0.456268221574344,TRUE,"","NULL","",5.236
652,8317603,1,0.5,FALSE,NA,1,0.94,40,139,40,"!{size <= 20} & {pgr <= 0}",686,246,299,0.435860058309038,TRUE,"","NULL","",5.929
653,8317604,1,0.5,FALSE,NA,1,0.84,44,186,44,"{nodes <= 5} & !{size <= 29}",686,246,318,0.463556851311953,TRUE,"","NULL","Loglik converged before variable  1 ; coefficient may be infinite. ",7.41999999999999
654,8317605,1,0.5,FALSE,NA,1,0.59,3,32,3,"!{grade3} & {er <= 9}",686,246,293,0.427113702623907,TRUE,"","NULL","",4.67100000000001
655,8317606,1,0.5,FALSE,NA,0,NA,0,21,0,"",686,246,295,0.43002915451895,TRUE,"","NULL","",4.667
656,8317607,1,0.5,FALSE,NA,1,0.94,28,137,28,"{pgr <= 2} & !{nodes <= 3}",686,246,325,0.473760932944606,TRUE,"","NULL","",5.44500000000001
657,8317608,1,0.5,FALSE,NA,1,0.86,10,48,10,"!{size <= 25} & !{pgr <= 26}",686,246,303,0.441690962099125,TRUE,"","NULL","",5.185
658,8317609,1,0.5,FALSE,NA,1,0.87,10,33,10,"{nodes <= 1} & !{er <= 17}",686,246,293,0.427113702623907,TRUE,"","NULL","",4.92100000000001
659,8317610,1,0.5,FALSE,NA,1,0.83,18,111,18,"{nodes <= 1} & !{pgr <= 2}",686,246,287,0.418367346938776,TRUE,"","NULL","",5.47199999999999
660,8317611,1,0.5,FALSE,NA,1,0.97,34,193,34,"!{grade3} & {pgr <= 2}",686,246,307,0.447521865889213,TRUE,"","NULL","",6.084
661,8317612,1,0.5,FALSE,NA,1,0.87,11,32,11,"{pgr <= 0} & {er <= 70}",686,246,313,0.456268221574344,TRUE,"","NULL","",4.75999999999999
662,8317613,1,0.5,FALSE,NA,1,0.7,10,94,10,"!{size <= 20} & !{pgr <= 26}",686,246,315,0.459183673469388,TRUE,"","NULL","",5.535
663,8317614,1,0.5,FALSE,NA,1,0.76,11,57,11,"!{er <= 100} & {nodes <= 3}",686,246,306,0.446064139941691,TRUE,"","NULL","",5.16500000000001
664,8317615,1,0.5,FALSE,NA,1,0.68,5,27,5,"!{pgr <= 26} & {er <= 70}",686,246,317,0.462099125364431,TRUE,"","NULL","",4.777
665,8317616,1,0.5,FALSE,NA,1,0.87,31,121,31,"!{age <= 53} & !{er <= 17}",686,246,268,0.39067055393586,TRUE,"","NULL","",6.10400000000001
666,8317617,1,0.5,FALSE,NA,1,0.97,103,356,103,"!{er <= 70} & {er <= 174}",686,246,296,0.431486880466472,TRUE,"","NULL","",8.39
667,8317618,1,0.5,FALSE,NA,1,0.84,8,37,8,"{age <= 53} & {er <= 9}",686,246,282,0.411078717201166,TRUE,"","NULL","",4.58399999999999
668,8317619,1,0.5,FALSE,NA,1,0.97,68,315,68,"!{size <= 25} & {er <= 3}",686,246,308,0.448979591836735,TRUE,"","NULL","",6.20699999999999
669,8317620,1,0.5,FALSE,NA,1,0.92,56,243,56,"!{size <= 29} & {size <= 35}",686,246,283,0.412536443148688,TRUE,"","NULL","",7.889
670,8317621,1,0.5,FALSE,NA,1,0.97,17,69,17,"!{size <= 20} & {age <= 46}",686,246,301,0.438775510204082,TRUE,"","NULL","",5.542
671,8317622,1,0.5,FALSE,NA,1,0.75,5,28,5,"{meno} & {er <= 9}",686,246,298,0.434402332361516,TRUE,"","NULL","",4.768
672,8317623,1,0.5,FALSE,NA,1,0.95,16,81,16,"!{er <= 30} & {age <= 46}",686,246,295,0.43002915451895,TRUE,"","NULL","",4.438
673,8317624,1,0.5,FALSE,NA,1,0.99,51,169,51,"!{pgr <= 45} & {size <= 20}",686,246,289,0.421282798833819,TRUE,"","NULL","",7.11999999999999
674,8317625,1,0.5,FALSE,NA,1,0.81,5,34,5,"!{nodes <= 5} & !{meno}",686,246,292,0.425655976676385,TRUE,"","NULL","",4.35599999999999
675,8317626,1,0.5,FALSE,NA,1,0.96,40,131,40,"{pgr <= 8} & !{pgr <= 0}",686,246,299,0.435860058309038,TRUE,"","NULL","",5.764
676,8317627,1,0.5,FALSE,NA,1,0.81,7,26,7,"{nodes <= 1} & {pgr <= 45}",686,246,305,0.444606413994169,TRUE,"","NULL","",4.17500000000001
677,8317628,1,0.5,FALSE,NA,1,0.8,12,58,12,"!{size <= 35} & !{er <= 0}",686,246,312,0.454810495626822,TRUE,"","NULL","",5.76000000000001
678,8317629,1,0.5,FALSE,NA,1,0.81,6,45,6,"{size <= 25} & !{meno}",686,246,289,0.421282798833819,TRUE,"","NULL","",5.26900000000001
679,8317630,1,0.5,FALSE,NA,1,0.9,26,75,26,"!{er <= 44} & !{size <= 25}",686,246,295,0.43002915451895,TRUE,"","NULL","",5.176
680,8317631,1,0.5,FALSE,NA,1,0.79,15,107,15,"!{pgr <= 45} & !{meno}",686,246,297,0.432944606413994,TRUE,"","NULL","",5.401
681,8317632,1,0.5,FALSE,NA,1,0.98,113,376,113,"{age <= 53} & !{nodes <= 3}",686,246,305,0.444606413994169,TRUE,"","NULL","",9.623
682,8317633,1,0.5,FALSE,NA,1,0.96,16,63,16,"!{nodes <= 7} & !{er <= 17}",686,246,319,0.465014577259475,TRUE,"","NULL","",5.021
683,8317634,1,0.5,FALSE,NA,0,NA,0,15,0,"",686,246,314,0.457725947521866,TRUE,"","NULL","",4.732
684,8317635,1,0.5,FALSE,NA,1,0.7,1,23,1,"!{nodes <= 5} & !{size <= 35}",686,246,289,0.421282798833819,TRUE,"","NULL","",3.43900000000001
685,8317636,1,0.5,FALSE,NA,1,0.91,43,164,43,"!{pgr <= 114} & {meno}",686,246,292,0.425655976676385,TRUE,"","NULL","",7.05200000000001
686,8317637,1,0.5,FALSE,NA,1,0.94,61,164,61,"!{age <= 61} & !{er <= 174}",686,246,299,0.435860058309038,TRUE,"","NULL","",6.19499999999999
687,8317638,1,0.5,FALSE,NA,1,0.86,35,158,35,"{pgr <= 16} & !{size <= 29}",686,246,328,0.478134110787172,TRUE,"","NULL","",5.917
688,8317639,1,0.5,FALSE,NA,1,0.65,1,14,1,"{pgr <= 8} & !{pgr <= 2}",686,246,286,0.416909620991254,TRUE,"","NULL","",3.45
689,8317640,1,0.5,FALSE,NA,1,0.64,5,28,5,"!{pgr <= 184} & !{er <= 30}",686,246,312,0.454810495626822,TRUE,"","NULL","",5.172
690,8317641,1,0.5,FALSE,NA,1,0.79,18,78,18,"!{pgr <= 114} & {nodes <= 7}",686,246,288,0.419825072886297,TRUE,"","NULL","",5.456
691,8317642,1,0.5,FALSE,NA,1,0.91,48,154,48,"!{age <= 61} & !{er <= 0}",686,246,308,0.448979591836735,TRUE,"","NULL","",6.392
692,8317643,1,0.5,FALSE,NA,1,0.97,45,173,45,"{age <= 46} & {er <= 17}",686,246,298,0.434402332361516,TRUE,"","NULL","",5.422
693,8317644,1,0.5,FALSE,NA,1,0.99,29,83,29,"!{pgr <= 184} & !{er <= 17}",686,246,291,0.424198250728863,TRUE,"","NULL","",6.119
694,8317645,1,0.5,FALSE,NA,1,0.89,9,61,9,"!{pgr <= 184} & !{age <= 46}",686,246,317,0.462099125364431,TRUE,"","NULL","",5.14999999999999
695,8317646,1,0.5,FALSE,NA,1,0.98,134,346,134,"!{age <= 53} & !{pgr <= 77}",686,246,287,0.418367346938776,TRUE,"","NULL","",8.83799999999999
696,8317647,1,0.5,FALSE,NA,0,NA,0,NA,NA,"",686,246,289,0.421282798833819,TRUE,"","NULL","",3.17
697,8317648,1,0.5,FALSE,NA,1,0.87,27,99,27,"!{pgr <= 184} & !{grade3}",686,246,301,0.438775510204082,TRUE,"","NULL","",6.033
698,8317649,1,0.5,FALSE,NA,1,0.86,9,60,9,"{grade3} & !{pgr <= 2}",686,246,317,0.462099125364431,TRUE,"","NULL","",4.84
699,8317650,1,0.5,FALSE,NA,1,0.87,9,34,9,"!{er <= 100} & !{size <= 25}",686,246,290,0.422740524781341,TRUE,"","NULL","",4.66800000000001
700,8317651,1,0.5,FALSE,NA,1,0.66,3,31,3,"!{pgr <= 8} & {er <= 17}",686,246,281,0.409620991253644,TRUE,"","NULL","",4.76600000000001
701,8317652,1,0.5,FALSE,NA,1,0.86,11,51,11,"{meno} & {er <= 17}",686,246,297,0.432944606413994,TRUE,"","NULL","",5.551
702,8317653,1,0.5,FALSE,NA,0,NA,0,NA,NA,"",686,246,302,0.440233236151603,TRUE,"","NULL","",4.17399999999999
703,8317654,1,0.5,FALSE,NA,1,0.9,25,86,25,"{age <= 53} & {pgr <= 8}",686,246,290,0.422740524781341,TRUE,"","NULL","",5.21599999999999
704,8317655,1,0.5,FALSE,NA,0,NA,0,21,0,"",686,246,305,0.444606413994169,TRUE,"","NULL","",4.39400000000001
705,8317656,1,0.5,FALSE,NA,1,0.97,13,60,13,"!{age <= 61} & !{nodes <= 3}",686,246,307,0.447521865889213,TRUE,"","NULL","",5.497
706,8317657,1,0.5,FALSE,NA,1,0.95,28,128,28,"!{er <= 100} & !{size <= 25}",686,246,302,0.440233236151603,TRUE,"","NULL","",5.914
707,8317658,1,0.5,FALSE,NA,0,NA,0,3,0,"",686,246,292,0.425655976676385,TRUE,"","NULL","",4.009
708,8317659,1,0.5,FALSE,NA,1,0.91,16,97,16,"!{nodes <= 5} & {pgr <= 77}",686,246,292,0.425655976676385,TRUE,"","NULL","",5.36099999999999
709,8317660,1,0.5,FALSE,NA,1,0.91,47,181,47,"{age <= 46} & {size <= 29}",686,246,305,0.444606413994169,TRUE,"","NULL","",7.184
710,8317661,1,0.5,FALSE,NA,1,0.73,4,17,4,"!{grade3} & {pgr <= 8}",686,246,299,0.435860058309038,TRUE,"","NULL","",4.96600000000001
711,8317662,1,0.5,FALSE,NA,0,NA,0,30,0,"",686,246,290,0.422740524781341,TRUE,"","NULL","",4.541
712,8317663,1,0.5,FALSE,NA,1,0.65,2,11,2,"!{pgr <= 114} & {size <= 29}",686,246,310,0.451895043731778,TRUE,"","NULL","",4.358
713,8317664,1,0.5,FALSE,NA,1,0.98,108,332,108,"{nodes <= 7} & !{pgr <= 184}",686,246,263,0.383381924198251,TRUE,"","NULL","",9.068
714,8317665,1,0.5,FALSE,NA,1,0.82,9,60,9,"!{pgr <= 184}",686,246,295,0.43002915451895,TRUE,"","NULL","",5.456
715,8317666,1,0.5,FALSE,NA,1,0.81,18,68,18,"!{pgr <= 16} & {er <= 44}",686,246,291,0.424198250728863,TRUE,"","NULL","",5.33200000000001
716,8317667,1,0.5,FALSE,NA,0,NA,0,NA,NA,"",686,246,295,0.43002915451895,TRUE,"","NULL","",3.173
717,8317668,1,0.5,FALSE,NA,1,0.98,42,208,42,"!{size <= 29} & {age <= 46}",686,246,288,0.419825072886297,TRUE,"","NULL","",7.398
718,8317669,1,0.5,FALSE,NA,1,0.98,43,90,43,"!{er <= 70} & !{age <= 61}",686,246,303,0.441690962099125,TRUE,"","NULL","",5.51600000000001
719,8317670,1,0.5,FALSE,NA,1,0.65,6,50,6,"!{pgr <= 114} & {age <= 53}",686,246,317,0.462099125364431,TRUE,"","NULL","",4.98099999999999
720,8317671,1,0.5,FALSE,NA,1,0.95,23,95,23,"{nodes <= 1} & {pgr <= 45}",686,246,297,0.432944606413994,TRUE,"","NULL","",4.286
721,8317672,1,0.5,FALSE,NA,1,0.97,40,150,40,"!{pgr <= 184} & {size <= 35}",686,246,304,0.443148688046647,TRUE,"","NULL","",7.128
722,8317673,1,0.5,FALSE,NA,1,0.96,14,56,14,"!{grade3} & {er <= 9}",686,246,287,0.418367346938776,TRUE,"","NULL","",5.422
723,8317674,1,0.5,FALSE,NA,1,0.93,49,211,49,"!{size <= 20} & !{age <= 61}",686,246,285,0.415451895043732,TRUE,"","NULL","",6.851
724,8317675,1,0.5,FALSE,NA,1,0.89,17,94,17,"{er <= 17} & !{pgr <= 16}",686,246,299,0.435860058309038,TRUE,"","NULL","",4.12
725,8317676,1,0.5,FALSE,NA,1,0.74,7,42,7,"{er <= 17} & !{er <= 0}",686,246,293,0.427113702623907,TRUE,"","NULL","",5.053
726,8317677,1,0.5,FALSE,NA,1,0.84,19,90,19,"!{er <= 17} & {age <= 46}",686,246,283,0.412536443148688,TRUE,"","NULL","",5.541
727,8317678,1,0.5,FALSE,NA,1,0.8,11,58,11,"{size <= 35} & {er <= 9}",686,246,295,0.43002915451895,TRUE,"","NULL","",5.214
728,8317679,1,0.5,FALSE,NA,1,0.79,16,36,16,"!{size <= 35} & !{er <= 0}",686,246,308,0.448979591836735,TRUE,"","NULL","",4.43100000000001
729,8317680,1,0.5,FALSE,NA,1,0.86,42,115,42,"{size <= 29} & !{er <= 100}",686,246,297,0.432944606413994,TRUE,"","NULL","",6.66000000000001
730,8317681,1,0.5,FALSE,NA,0,NA,0,1,0,"",686,246,287,0.418367346938776,TRUE,"","NULL","",3.833
731,8317682,1,0.5,FALSE,NA,1,0.98,61,200,61,"!{er <= 294}",686,246,306,0.446064139941691,TRUE,"","NULL","",6.681
732,8317683,1,0.5,FALSE,NA,1,0.88,10,42,10,"!{pgr <= 114} & {er <= 174}",686,246,311,0.4533527696793,TRUE,"","NULL","",4.33199999999999
733,8317684,1,0.5,FALSE,NA,1,0.97,15,51,15,"{nodes <= 1} & {pgr <= 16}",686,246,297,0.432944606413994,TRUE,"","NULL","",5.396
734,8317685,1,0.5,FALSE,NA,1,0.84,15,100,15,"!{er <= 30} & !{size <= 25}",686,246,312,0.454810495626822,TRUE,"","NULL","",5.82600000000001
735,8317686,1,0.5,FALSE,NA,1,0.74,8,45,8,"!{size <= 29} & !{pgr <= 45}",686,246,317,0.462099125364431,TRUE,"","NULL","",5.06099999999999
736,8317687,1,0.5,FALSE,NA,1,0.98,59,249,59,"!{pgr <= 184} & {nodes <= 3}",686,246,305,0.444606413994169,TRUE,"","NULL","",6.52500000000001
737,8317688,1,0.5,FALSE,NA,0,NA,0,20,0,"",686,246,297,0.432944606413994,TRUE,"","NULL","",4.82400000000001
738,8317689,1,0.5,FALSE,NA,1,0.86,22,133,22,"{size <= 20} & {er <= 30}",686,246,292,0.425655976676385,TRUE,"","NULL","",6.217
739,8317690,1,0.5,FALSE,NA,1,0.93,12,78,12,"{age <= 46} & {er <= 17}",686,246,315,0.459183673469388,TRUE,"","NULL","",5.501
740,8317691,1,0.5,FALSE,NA,1,0.81,15,68,15,"!{pgr <= 114} & !{nodes <= 1}",686,246,295,0.43002915451895,TRUE,"","NULL","",4.596
741,8317692,1,0.5,FALSE,NA,1,0.94,31,217,31,"{nodes <= 1} & !{er <= 44}",686,246,282,0.411078717201166,TRUE,"","NULL","",7.879
742,8317693,1,0.5,FALSE,NA,1,0.78,7,23,7,"{size <= 25} & !{age <= 53}",686,246,288,0.419825072886297,TRUE,"","NULL","",4.581
743,8317694,1,0.5,FALSE,NA,1,0.93,26,95,26,"!{pgr <= 77} & {nodes <= 1}",686,246,285,0.415451895043732,TRUE,"","NULL","",5.741
744,8317695,1,0.5,FALSE,NA,1,0.81,7,49,7,"!{nodes <= 5} & !{pgr <= 26}",686,246,322,0.469387755102041,TRUE,"","NULL","",4.089
745,8317696,1,0.5,FALSE,NA,1,0.56,2,12,2,"!{pgr <= 16} & !{nodes <= 3}",686,246,306,0.446064139941691,TRUE,"","NULL","",5.22199999999999
746,8317697,1,0.5,FALSE,NA,1,0.58,3,42,3,"!{er <= 9} & {pgr <= 16}",686,246,302,0.440233236151603,TRUE,"","NULL","",4.49000000000001
747,8317698,1,0.5,FALSE,NA,1,0.89,28,153,28,"{er <= 9} & !{pgr <= 0}",686,246,295,0.43002915451895,TRUE,"","NULL","",6.532
748,8317699,1,0.5,FALSE,NA,1,0.93,17,40,17,"{pgr <= 0} & {er <= 70}",686,246,302,0.440233236151603,TRUE,"","NULL","",4.61800000000001
749,8317700,1,0.5,FALSE,NA,1,0.97,26,76,26,"!{age <= 61} & {er <= 294}",686,246,292,0.425655976676385,TRUE,"","NULL","",5.91200000000001
750,8317701,1,0.5,FALSE,NA,1,0.9,25,101,25,"!{size <= 35} & !{pgr <= 26}",686,246,298,0.434402332361516,TRUE,"","NULL","",5.90600000000001
751,8317702,1,0.5,FALSE,NA,1,0.85,21,71,21,"{age <= 53} & !{size <= 25}",686,246,311,0.4533527696793,TRUE,"","NULL","",4.937
752,8317703,1,0.5,FALSE,NA,1,0.99,17,72,17,"{size <= 20} & !{nodes <= 3}",686,246,309,0.450437317784257,TRUE,"","NULL","",4.87
753,8317704,1,0.5,FALSE,NA,1,0.9,47,146,47,"!{age <= 46} & {er <= 9}",686,246,300,0.43731778425656,TRUE,"","NULL","",6.81
754,8317705,1,0.5,FALSE,NA,1,0.7,6,31,6,"!{pgr <= 16} & {pgr <= 45}",686,246,309,0.450437317784257,TRUE,"","NULL","",4.91800000000001
755,8317706,1,0.5,FALSE,NA,1,0.81,4,28,4,"{nodes <= 3} & !{age <= 61}",686,246,306,0.446064139941691,TRUE,"","NULL","",4.91
756,8317707,1,0.5,FALSE,NA,1,0.55,3,66,3,"{size <= 20} & !{pgr <= 26}",686,246,312,0.454810495626822,TRUE,"","NULL","",4.63000000000001
757,8317708,1,0.5,FALSE,NA,1,0.86,12,43,12,"{size <= 20} & {er <= 100}",686,246,288,0.419825072886297,TRUE,"","NULL","",5.03699999999999
758,8317709,1,0.5,FALSE,NA,1,0.63,2,9,2,"{er <= 30} & !{er <= 17}",686,246,292,0.425655976676385,TRUE,"","NULL","",4.562
759,8317710,1,0.5,FALSE,NA,1,0.91,10,55,10,"!{pgr <= 184} & {er <= 174}",686,246,301,0.438775510204082,TRUE,"","NULL","",5.224
760,8317711,1,0.5,FALSE,NA,0,NA,0,4,0,"",686,246,298,0.434402332361516,TRUE,"","NULL","",4.26600000000001
761,8317712,1,0.5,FALSE,NA,1,0.98,74,276,74,"{nodes <= 1} & {er <= 30}",686,246,288,0.419825072886297,TRUE,"","NULL","",8.762
762,8317713,1,0.5,FALSE,NA,1,0.56,1,23,1,"!{size <= 20} & {pgr <= 2}",686,246,290,0.422740524781341,TRUE,"","NULL","",4.842
763,8317714,1,0.5,FALSE,NA,1,0.93,38,161,38,"!{pgr <= 77} & {pgr <= 114}",686,246,300,0.43731778425656,TRUE,"","NULL","",6.092
764,8317715,1,0.5,FALSE,NA,1,0.97,91,297,91,"!{er <= 70} & {er <= 174}",686,246,298,0.434402332361516,TRUE,"","NULL","Loglik converged before variable  1 ; coefficient may be infinite. ",5.74600000000001
765,8317716,1,0.5,FALSE,NA,1,0.96,57,233,57,"!{pgr <= 184} & {er <= 294}",686,246,302,0.440233236151603,TRUE,"","NULL","",7.86799999999999
766,8317717,1,0.5,FALSE,NA,1,0.96,96,244,96,"!{er <= 44} & {age <= 53}",686,246,304,0.443148688046647,TRUE,"","NULL","",7.54599999999999
767,8317718,1,0.5,FALSE,NA,1,0.96,14,60,14,"{nodes <= 5} & {grade3}",686,246,311,0.4533527696793,TRUE,"","NULL","",5.161
768,8317719,1,0.5,FALSE,NA,1,0.85,5,35,5,"{size <= 20} & {nodes <= 3}",686,246,283,0.412536443148688,TRUE,"","NULL","",3.34399999999999
769,8317720,1,0.5,FALSE,NA,1,0.99,117,371,117,"!{nodes <= 3} & !{age <= 61}",686,246,305,0.444606413994169,TRUE,"","NULL","",9.19900000000001
770,8317721,1,0.5,FALSE,NA,1,0.99,115,325,115,"!{pgr <= 114} & {meno}",686,246,290,0.422740524781341,TRUE,"","NULL","",8.611
771,8317722,1,0.5,FALSE,NA,1,0.92,30,49,30,"{er <= 3} & !{nodes <= 1}",686,246,298,0.434402332361516,TRUE,"","NULL","",4.232
772,8317723,1,0.5,FALSE,NA,1,0.6,3,20,3,"!{pgr <= 16} & {pgr <= 45}",686,246,297,0.432944606413994,TRUE,"","NULL","",3.054
773,8317724,1,0.5,FALSE,NA,1,0.86,7,49,7,"{nodes <= 1} & {er <= 44}",686,246,305,0.444606413994169,TRUE,"","NULL","",5.274
774,8317725,1,0.5,FALSE,NA,1,0.95,32,82,32,"!{pgr <= 114} & !{er <= 100}",686,246,293,0.427113702623907,TRUE,"","NULL","",5.896
775,8317726,1,0.5,FALSE,NA,1,0.68,7,61,7,"!{pgr <= 8} & !{er <= 100}",686,246,312,0.454810495626822,TRUE,"","NULL","",5.06999999999999
776,8317727,1,0.5,FALSE,NA,1,0.86,29,110,29,"{size <= 25} & !{nodes <= 3}",686,246,285,0.415451895043732,TRUE,"","NULL","",5.31199999999998
777,8317728,1,0.5,FALSE,NA,1,0.96,30,147,30,"!{pgr <= 184} & !{grade3}",686,246,281,0.409620991253644,TRUE,"","NULL","",6.42399999999999
778,8317729,1,0.5,FALSE,NA,1,0.88,11,50,11,"{er <= 294} & !{er <= 100}",686,246,279,0.406705539358601,TRUE,"","NULL","",4.51900000000001
779,8317730,1,0.5,FALSE,NA,1,0.91,34,231,34,"!{age <= 61} & !{pgr <= 2}",686,246,314,0.457725947521866,TRUE,"","NULL","",7.413
780,8317731,1,0.5,FALSE,NA,1,0.99,28,135,28,"!{er <= 9} & {er <= 17}",686,246,302,0.440233236151603,TRUE,"","NULL","",4.929
781,8317732,1,0.5,FALSE,NA,1,0.96,80,291,80,"{size <= 35} & !{size <= 20}",686,246,307,0.447521865889213,TRUE,"","NULL","",8.402
782,8317733,1,0.5,FALSE,NA,1,0.77,4,41,4,"{age <= 46} & {pgr <= 77}",686,246,292,0.425655976676385,TRUE,"","NULL","",4.72499999999999
783,8317734,1,0.5,FALSE,NA,1,0.92,49,214,49,"!{er <= 100} & {age <= 61}",686,246,314,0.457725947521866,TRUE,"","NULL","",6.88099999999999
784,8317735,1,0.5,FALSE,NA,1,0.95,2,24,2,"{pgr <= 77} & !{er <= 100}",686,246,296,0.431486880466472,TRUE,"","NULL","",3.34199999999998
785,8317736,1,0.5,FALSE,NA,1,0.83,25,112,25,"{nodes <= 5} & {er <= 30}",686,246,295,0.43002915451895,TRUE,"","NULL","",6.152
786,8317737,1,0.5,FALSE,NA,1,0.87,23,109,23,"!{pgr <= 114} & {pgr <= 337}",686,246,306,0.446064139941691,TRUE,"","NULL","",5.806
787,8317738,1,0.5,FALSE,NA,1,0.72,2,20,2,"!{age <= 61} & {nodes <= 3}",686,246,310,0.451895043731778,TRUE,"","NULL","",4.26900000000001
788,8317739,1,0.5,FALSE,NA,1,0.63,1,4,1,"{er <= 100} & !{er <= 70}",686,246,270,0.393586005830904,TRUE,"","NULL","",3.98999999999998
789,8317740,1,0.5,FALSE,NA,0,NA,0,18,0,"",686,246,306,0.446064139941691,TRUE,"","NULL","",4.867
790,8317741,1,0.5,FALSE,NA,1,0.86,23,77,23,"!{pgr <= 77} & {er <= 100}",686,246,285,0.415451895043732,TRUE,"","NULL","",5.42100000000001
791,8317742,1,0.5,FALSE,NA,1,0.96,57,221,57,"!{er <= 174}",686,246,305,0.444606413994169,TRUE,"","NULL","",7.18200000000002
792,8317743,1,0.5,FALSE,NA,1,0.84,17,132,17,"{nodes <= 3} & !{pgr <= 114}",686,246,302,0.440233236151603,TRUE,"","NULL","",5.27900000000002
793,8317744,1,0.5,FALSE,NA,1,0.52,1,17,1,"!{pgr <= 114} & {size <= 25}",686,246,282,0.411078717201166,TRUE,"","NULL","",4.786
794,8317745,1,0.5,FALSE,NA,1,0.94,31,115,31,"!{size <= 35} & !{pgr <= 16}",686,246,305,0.444606413994169,TRUE,"","NULL","",5.60799999999999
795,8317746,1,0.5,FALSE,NA,1,0.79,3,43,3,"!{er <= 100} & {pgr <= 114}",686,246,309,0.450437317784257,TRUE,"","NULL","",4.724
796,8317747,1,0.5,FALSE,NA,1,0.79,5,64,5,"!{pgr <= 26} & {pgr <= 77}",686,246,299,0.435860058309038,TRUE,"","NULL","",5.19399999999999
797,8317748,1,0.5,FALSE,NA,1,1,240,576,240,"!{size <= 35} & {nodes <= 7}",686,246,298,0.434402332361516,TRUE,"","NULL","",12.249
798,8317749,1,0.5,FALSE,NA,1,0.79,15,73,15,"!{age <= 53} & !{pgr <= 2}",686,246,290,0.422740524781341,TRUE,"","NULL","",5.04000000000001
799,8317750,1,0.5,FALSE,NA,1,0.78,12,84,12,"{size <= 25} & {er <= 9}",686,246,304,0.443148688046647,TRUE,"","NULL","",4.69000000000003
800,8317751,1,0.5,FALSE,NA,1,0.95,31,142,31,"!{er <= 70} & !{meno}",686,246,327,0.47667638483965,TRUE,"","NULL","",4.191
801,8317752,1,0.5,FALSE,NA,1,0.87,11,83,11,"!{er <= 174} & !{size <= 20}",686,246,306,0.446064139941691,TRUE,"","NULL","",5.92100000000001
802,8317753,1,0.5,FALSE,NA,1,0.87,7,31,7,"{er <= 44} & !{er <= 17}",686,246,317,0.462099125364431,TRUE,"","NULL","",4.95700000000001
803,8317754,1,0.5,FALSE,NA,1,0.72,14,51,14,"!{nodes <= 5} & {size <= 35}",686,246,302,0.440233236151603,TRUE,"","NULL","",5.00699999999999
804,8317755,1,0.5,FALSE,NA,1,0.85,22,120,22,"{er <= 9} & {size <= 25}",686,246,297,0.432944606413994,TRUE,"","NULL","",5.52500000000001
805,8317756,1,0.5,FALSE,NA,1,0.57,4,69,4,"!{age <= 53} & {size <= 29}",686,246,304,0.443148688046647,TRUE,"","NULL","",5.40600000000001
806,8317757,1,0.5,FALSE,NA,1,0.75,4,34,4,"!{er <= 100} & {size <= 25}",686,246,310,0.451895043731778,TRUE,"","NULL","",5.11499999999999
807,8317758,1,0.5,FALSE,NA,1,0.91,25,135,25,"!{pgr <= 184} & !{er <= 30}",686,246,319,0.465014577259475,TRUE,"","NULL","",5.821
808,8317759,1,0.5,FALSE,NA,1,0.86,75,301,75,"!{pgr <= 77} & !{meno}",686,246,296,0.431486880466472,TRUE,"","NULL","",6.82399999999998
809,8317760,1,0.5,FALSE,NA,1,0.94,5,36,5,"!{pgr <= 77} & {pgr <= 114}",686,246,298,0.434402332361516,TRUE,"","NULL","",5.45699999999999
810,8317761,1,0.5,FALSE,NA,1,0.92,19,119,19,"!{er <= 70} & {size <= 20}",686,246,320,0.466472303206997,TRUE,"","NULL","",6.15000000000001
811,8317762,1,0.5,FALSE,NA,1,0.71,2,20,2,"!{size <= 25} & !{er <= 100}",686,246,297,0.432944606413994,TRUE,"","NULL","",4.60400000000001
812,8317763,1,0.5,FALSE,NA,0,NA,0,31,0,"",686,246,300,0.43731778425656,TRUE,"","NULL","",4.53700000000001
813,8317764,1,0.5,FALSE,NA,1,0.8,8,36,8,"{pgr <= 45} & !{pgr <= 16}",686,246,308,0.448979591836735,TRUE,"","NULL","",4.99799999999999
814,8317765,1,0.5,FALSE,NA,1,0.88,15,33,15,"{size <= 20} & !{pgr <= 8}",686,246,284,0.41399416909621,TRUE,"","NULL","",4.628
815,8317766,1,0.5,FALSE,NA,1,0.79,12,52,12,"{size <= 20} & {er <= 100}",686,246,314,0.457725947521866,TRUE,"","NULL","",5.014
816,8317767,1,0.5,FALSE,NA,1,0.9,7,33,7,"!{pgr <= 184} & !{grade3}",686,246,302,0.440233236151603,TRUE,"","NULL","",4.84399999999999
817,8317768,1,0.5,FALSE,NA,1,0.81,19,91,19,"{size <= 25} & !{pgr <= 114}",686,246,314,0.457725947521866,TRUE,"","NULL","",6.36099999999999
818,8317769,1,0.5,FALSE,NA,1,0.9,26,153,26,"!{size <= 25} & {er <= 9}",686,246,299,0.435860058309038,TRUE,"","NULL","",6.58800000000001
819,8317770,1,0.5,FALSE,NA,1,0.99,42,146,42,"{er <= 3} & {grade3}",686,246,305,0.444606413994169,TRUE,"","NULL","",6.122
820,8317771,1,0.5,FALSE,NA,1,0.86,3,60,3,"!{pgr <= 77} & !{meno}",686,246,291,0.424198250728863,TRUE,"","NULL","",4.09699999999998
821,8317772,1,0.5,FALSE,NA,1,0.79,29,122,29,"!{pgr <= 45} & {er <= 44}",686,246,297,0.432944606413994,TRUE,"","NULL","",6.967
822,8317773,1,0.5,FALSE,NA,1,0.87,24,88,24,"{nodes <= 1} & !{age <= 46}",686,246,308,0.448979591836735,TRUE,"","NULL","",5.22500000000001
823,8317774,1,0.5,FALSE,NA,1,0.92,30,83,30,"{size <= 20} & {pgr <= 184}",686,246,303,0.441690962099125,TRUE,"","NULL","",5.63699999999999
824,8317775,1,0.5,FALSE,NA,1,0.7,2,20,2,"!{size <= 29} & {er <= 9}",686,246,288,0.419825072886297,TRUE,"","NULL","",3.83799999999999
825,8317776,1,0.5,FALSE,NA,1,0.91,9,26,9,"{nodes <= 3} & {er <= 9}",686,246,297,0.432944606413994,TRUE,"","NULL","",5.149
826,8317777,1,0.5,FALSE,NA,1,1,74,227,74,"!{er <= 100} & {pgr <= 114}",686,246,317,0.462099125364431,TRUE,"","NULL","",7.54300000000001
827,8317778,1,0.5,FALSE,NA,1,0.89,9,42,9,"{age <= 46} & {er <= 70}",686,246,299,0.435860058309038,TRUE,"","NULL","",4.473
828,8317779,1,0.5,FALSE,NA,1,0.67,8,105,8,"!{size <= 29} & !{nodes <= 5}",686,246,299,0.435860058309038,TRUE,"","NULL","",4.999
829,8317780,1,0.5,FALSE,NA,1,0.77,8,66,8,"{nodes <= 3} & {pgr <= 8}",686,246,311,0.4533527696793,TRUE,"","NULL","",5.941
830,8317781,1,0.5,FALSE,NA,1,0.83,8,49,8,"{nodes <= 1} & {age <= 53}",686,246,297,0.432944606413994,TRUE,"","NULL","",4.664
831,8317782,1,0.5,FALSE,NA,0,NA,0,9,0,"",686,246,306,0.446064139941691,TRUE,"","NULL","",4.34600000000002
832,8317783,1,0.5,FALSE,NA,1,0.98,164,355,164,"{nodes <= 1} & !{er <= 44}",686,246,297,0.432944606413994,TRUE,"","NULL","",8.01600000000002
833,8317784,1,0.5,FALSE,NA,1,0.93,86,216,86,"!{er <= 100} & {nodes <= 5}",686,246,303,0.441690962099125,TRUE,"","NULL","",7.94699999999999
834,8317785,1,0.5,FALSE,NA,1,0.88,78,379,78,"{meno} & !{er <= 3}",686,246,291,0.424198250728863,TRUE,"","NULL","",8.94999999999999
835,8317786,1,0.5,FALSE,NA,1,0.98,46,156,46,"!{size <= 25} & !{er <= 100}",686,246,293,0.427113702623907,TRUE,"","NULL","",5.452
836,8317787,1,0.5,FALSE,NA,1,0.66,1,11,1,"!{er <= 9} & {er <= 17}",686,246,303,0.441690962099125,TRUE,"","NULL","",2.96899999999999
837,8317788,1,0.5,FALSE,NA,1,0.88,12,90,12,"!{er <= 30} & {pgr <= 26}",686,246,296,0.431486880466472,TRUE,"","NULL","",5.581
838,8317789,1,0.5,FALSE,NA,1,0.97,76,287,76,"{er <= 174} & !{er <= 70}",686,246,309,0.450437317784257,TRUE,"","NULL","",8.17399999999999
839,8317790,1,0.5,FALSE,NA,1,0.95,4,63,4,"{age <= 61} & !{er <= 100}",686,246,295,0.43002915451895,TRUE,"","NULL","",5.02999999999999
840,8317791,1,0.5,FALSE,NA,1,0.92,25,141,25,"!{er <= 100} & !{size <= 25}",686,246,300,0.43731778425656,TRUE,"","NULL","",4.679
841,8317792,1,0.5,FALSE,NA,1,0.56,1,33,1,"{er <= 17} & !{pgr <= 16}",686,246,302,0.440233236151603,TRUE,"","NULL","",4.99199999999999
842,8317793,1,0.5,FALSE,NA,1,0.98,99,288,99,"!{age <= 61} & !{er <= 70}",686,246,289,0.421282798833819,TRUE,"","NULL","",8.145
843,8317794,1,0.5,FALSE,NA,1,0.77,5,54,5,"{er <= 70} & !{er <= 30}",686,246,298,0.434402332361516,TRUE,"","NULL","",4.946
844,8317795,1,0.5,FALSE,NA,1,0.64,2,21,2,"!{size <= 35} & {meno}",686,246,307,0.447521865889213,TRUE,"","NULL","",3.90600000000001
845,8317796,1,0.5,FALSE,NA,1,0.88,45,230,45,"!{pgr <= 114} & !{er <= 44}",686,246,293,0.427113702623907,TRUE,"","NULL","",8.249
846,8317797,1,0.5,FALSE,NA,1,0.77,3,25,3,"{grade3} & {er <= 9}",686,246,307,0.447521865889213,TRUE,"","NULL","",4.56999999999999
847,8317798,1,0.5,FALSE,NA,1,0.69,5,60,5,"{er <= 9} & !{er <= 0}",686,246,300,0.43731778425656,TRUE,"","NULL","",4.94300000000001
848,8317799,1,0.5,FALSE,NA,1,0.85,19,63,19,"{size <= 20} & {er <= 100}",686,246,306,0.446064139941691,TRUE,"","NULL","",4.61199999999999
849,8317800,1,0.5,FALSE,NA,1,0.81,15,72,15,"{size <= 25} & !{pgr <= 45}",686,246,297,0.432944606413994,TRUE,"","NULL","",5.899
850,8317801,1,0.5,FALSE,NA,1,0.55,1,20,1,"!{pgr <= 8} & {pgr <= 16}",686,246,305,0.444606413994169,TRUE,"","NULL","",4.633
851,8317802,1,0.5,FALSE,NA,1,0.97,18,80,18,"{size <= 20} & {meno}",686,246,305,0.444606413994169,TRUE,"","NULL","",5.28600000000002
852,8317803,1,0.5,FALSE,NA,1,0.91,32,98,32,"{er <= 17} & !{age <= 53}",686,246,320,0.466472303206997,TRUE,"","NULL","",5.33100000000002
853,8317804,1,0.5,FALSE,NA,1,0.9,10,76,10,"{pgr <= 16} & !{er <= 17}",686,246,292,0.425655976676385,TRUE,"","NULL","",5.08500000000001
854,8317805,1,0.5,FALSE,NA,1,0.9,12,98,12,"{pgr <= 26} & !{pgr <= 16}",686,246,328,0.478134110787172,TRUE,"","NULL","",5.871
855,8317806,1,0.5,FALSE,NA,1,0.71,6,31,6,"!{er <= 3} & {pgr <= 16}",686,246,287,0.418367346938776,TRUE,"","NULL","",4.553
856,8317807,1,0.5,FALSE,NA,1,0.8,7,39,7,"{size <= 35} & !{size <= 29}",686,246,289,0.421282798833819,TRUE,"","NULL","",4.70099999999999
857,8317808,1,0.5,FALSE,NA,1,0.84,14,76,14,"!{age <= 61} & {er <= 70}",686,246,302,0.440233236151603,TRUE,"","NULL","",5.508
858,8317809,1,0.5,FALSE,NA,1,0.74,17,99,17,"!{pgr <= 8} & {er <= 44}",686,246,301,0.438775510204082,TRUE,"","NULL","",5.355
859,8317810,1,0.5,FALSE,NA,1,0.94,107,286,107,"{nodes <= 1} & !{pgr <= 8}",686,246,293,0.427113702623907,TRUE,"","NULL","",7.97200000000001
860,8317811,1,0.5,FALSE,NA,1,0.97,27,127,27,"!{pgr <= 8} & {pgr <= 16}",686,246,304,0.443148688046647,TRUE,"","NULL","",4.53
861,8317812,1,0.5,FALSE,NA,1,0.91,11,69,11,"!{er <= 100} & !{size <= 25}",686,246,292,0.425655976676385,TRUE,"","NULL","",5.74199999999999
862,8317813,1,0.5,FALSE,NA,1,0.69,8,61,8,"{grade3} & !{pgr <= 2}",686,246,270,0.393586005830904,TRUE,"","NULL","",5.152
863,8317814,1,0.5,FALSE,NA,1,0.76,11,46,11,"{nodes <= 1} & !{er <= 17}",686,246,272,0.396501457725948,TRUE,"","NULL","",5.05499999999999
864,8317815,1,0.5,FALSE,NA,1,0.84,19,95,19,"!{grade3} & !{meno}",686,246,295,0.43002915451895,TRUE,"","NULL","",5.38499999999999
865,8317816,1,0.5,FALSE,NA,1,0.87,22,101,22,"!{pgr <= 26} & {size <= 20}",686,246,313,0.456268221574344,TRUE,"","NULL","",5.95100000000001
866,8317817,1,0.5,FALSE,NA,1,0.66,4,34,4,"{pgr <= 0}",686,246,294,0.428571428571429,TRUE,"","NULL","",4.747
867,8317818,1,0.5,FALSE,NA,1,0.65,2,12,2,"!{pgr <= 45} & {age <= 46}",686,246,297,0.432944606413994,TRUE,"","NULL","",4.194
868,8317819,1,0.5,FALSE,NA,1,0.62,1,8,1,"!{age <= 61} & !{er <= 100}",686,246,289,0.421282798833819,TRUE,"","NULL","",4.321
869,8317820,1,0.5,FALSE,NA,1,0.87,3,38,3,"!{er <= 70} & {er <= 100}",686,246,286,0.416909620991254,TRUE,"","NULL","",5.07600000000001
870,8317821,1,0.5,FALSE,NA,1,0.92,17,77,17,"{er <= 0} & {nodes <= 7}",686,246,293,0.427113702623907,TRUE,"","NULL","",5.643
871,8317822,1,0.5,FALSE,NA,1,0.97,57,180,57,"!{grade3} & {age <= 46}",686,246,310,0.451895043731778,TRUE,"","NULL","",6.76200000000001
872,8317823,1,0.5,FALSE,NA,0,NA,0,2,0,"",686,246,305,0.444606413994169,TRUE,"","NULL","",3.75800000000001
873,8317824,1,0.5,FALSE,NA,1,0.9,36,185,36,"{grade3} & !{pgr <= 2}",686,246,297,0.432944606413994,TRUE,"","NULL","",7.32700000000001
874,8317825,1,0.5,FALSE,NA,1,0.92,25,138,25,"!{nodes <= 3} & !{er <= 100}",686,246,293,0.427113702623907,TRUE,"","NULL","",5.636
875,8317826,1,0.5,FALSE,NA,1,0.84,46,128,46,"!{age <= 61}",686,246,300,0.43731778425656,TRUE,"","NULL","",5.97199999999999
876,8317827,1,0.5,FALSE,NA,1,0.67,4,39,4,"{er <= 44} & !{er <= 17}",686,246,330,0.481049562682216,TRUE,"","NULL","",3.935
877,8317828,1,0.5,FALSE,NA,0,NA,0,14,0,"",686,246,308,0.448979591836735,TRUE,"","NULL","",4.904
878,8317829,1,0.5,FALSE,NA,1,0.65,3,28,3,"!{pgr <= 114} & {age <= 53}",686,246,305,0.444606413994169,TRUE,"","NULL","",4.79899999999999
879,8317830,1,0.5,FALSE,NA,1,1,85,207,85,"!{nodes <= 5} & !{er <= 70}",686,246,319,0.465014577259475,TRUE,"","NULL","",6.98099999999998
880,8317831,1,0.5,FALSE,NA,1,0.7,1,9,1,"!{size <= 29} & {er <= 17}",686,246,297,0.432944606413994,TRUE,"","NULL","",4.31299999999999
881,8317832,1,0.5,FALSE,NA,1,0.79,6,23,6,"!{size <= 25} & !{er <= 100}",686,246,314,0.457725947521866,TRUE,"","NULL","",5.157
882,8317833,1,0.5,FALSE,NA,1,0.84,17,79,17,"!{meno} & {er <= 30}",686,246,301,0.438775510204082,TRUE,"","NULL","",5.649
883,8317834,1,0.5,FALSE,NA,1,0.75,18,81,18,"!{pgr <= 2} & {er <= 17}",686,246,298,0.434402332361516,TRUE,"","NULL","",5.30999999999999
884,8317835,1,0.5,FALSE,NA,1,0.61,5,15,5,"!{pgr <= 114} & {er <= 174}",686,246,305,0.444606413994169,TRUE,"","NULL","",4.518
885,8317836,1,0.5,FALSE,NA,1,0.97,53,184,53,"!{pgr <= 114} & {er <= 100}",686,246,287,0.418367346938776,TRUE,"","NULL","",7.47799999999999
886,8317837,1,0.5,FALSE,NA,1,0.79,1,11,1,"{age <= 53} & !{nodes <= 7}",686,246,297,0.432944606413994,TRUE,"","NULL","",4.53700000000001
887,8317838,1,0.5,FALSE,NA,1,0.96,24,133,24,"{size <= 20} & {pgr <= 26}",686,246,302,0.440233236151603,TRUE,"","NULL","",6.05300000000001
888,8317839,1,0.5,FALSE,NA,1,0.98,46,127,46,"!{pgr <= 77} & {er <= 100}",686,246,293,0.427113702623907,TRUE,"","NULL","",4.74000000000001
889,8317840,1,0.5,FALSE,NA,1,0.89,6,41,6,"{nodes <= 1} & {age <= 61}",686,246,296,0.431486880466472,TRUE,"","NULL","",5.27
890,8317841,1,0.5,FALSE,NA,1,0.83,7,53,7,"!{meno} & !{pgr <= 77}",686,246,313,0.456268221574344,TRUE,"","NULL","",5.277
891,8317842,1,0.5,FALSE,NA,1,0.97,103,233,103,"{size <= 20} & !{er <= 44}",686,246,287,0.418367346938776,TRUE,"","NULL","",7.12800000000001
892,8317843,1,0.5,FALSE,NA,1,0.98,32,83,32,"{nodes <= 5} & {pgr <= 8}",686,246,302,0.440233236151603,TRUE,"","NULL","",4.63600000000002
893,8317844,1,0.5,FALSE,NA,1,0.79,3,16,3,"{nodes <= 5} & !{size <= 35}",686,246,306,0.446064139941691,TRUE,"","NULL","",5.18900000000001
894,8317845,1,0.5,FALSE,NA,1,0.95,35,133,35,"!{pgr <= 114} & {pgr <= 184}",686,246,319,0.465014577259475,TRUE,"","NULL","Loglik converged before variable  1 ; coefficient may be infinite. ",5.982
895,8317846,1,0.5,FALSE,NA,1,0.77,5,31,5,"{size <= 25} & !{nodes <= 3}",686,246,289,0.421282798833819,TRUE,"","NULL","",4.62399999999998
896,8317847,1,0.5,FALSE,NA,1,0.97,25,44,25,"{pgr <= 0} & {age <= 61}",686,246,319,0.465014577259475,TRUE,"","NULL","",4.58699999999999
897,8317848,1,0.5,FALSE,NA,1,0.94,9,44,9,"{er <= 3} & !{size <= 25}",686,246,304,0.443148688046647,TRUE,"","NULL","",5.411
898,8317849,1,0.5,FALSE,NA,1,0.93,25,115,25,"!{nodes <= 3} & {er <= 9}",686,246,295,0.43002915451895,TRUE,"","NULL","",5.40599999999999
899,8317850,1,0.5,FALSE,NA,1,0.81,8,96,8,"!{age <= 61} & {er <= 174}",686,246,294,0.428571428571429,TRUE,"","NULL","",5.49799999999999
900,8317851,1,0.5,FALSE,NA,1,0.73,14,112,14,"!{pgr <= 45} & {age <= 61}",686,246,305,0.444606413994169,TRUE,"","NULL","",5.26499999999999
901,8317852,1,0.5,FALSE,NA,1,0.93,93,250,93,"!{er <= 174} & !{pgr <= 16}",686,246,312,0.454810495626822,TRUE,"","NULL","",8.28200000000001
902,8317853,1,0.5,FALSE,NA,1,0.84,5,35,5,"{age <= 46} & !{pgr <= 26}",686,246,305,0.444606413994169,TRUE,"","NULL","",4.714
903,8317854,1,0.5,FALSE,NA,1,0.84,46,155,46,"!{er <= 70} & !{pgr <= 45}",686,246,302,0.440233236151603,TRUE,"","NULL","",6.261
904,8317855,1,0.5,FALSE,NA,1,0.93,30,176,30,"!{pgr <= 16} & {pgr <= 45}",686,246,302,0.440233236151603,TRUE,"","NULL","",5.09200000000001
905,8317856,1,0.5,FALSE,NA,0,NA,0,15,0,"",686,246,307,0.447521865889213,TRUE,"","NULL","",4.90400000000001
906,8317857,1,0.5,FALSE,NA,1,0.68,2,17,2,"!{pgr <= 114} & !{er <= 70}",686,246,282,0.411078717201166,TRUE,"","NULL","",5.102
907,8317858,1,0.5,FALSE,NA,1,0.73,4,32,4,"{size <= 29} & {er <= 9}",686,246,332,0.483965014577259,TRUE,"","NULL","",4.75600000000001
908,8317859,1,0.5,FALSE,NA,1,1,64,149,64,"!{nodes <= 7} & !{size <= 25}",686,246,303,0.441690962099125,TRUE,"","NULL","",6.041
909,8317860,1,0.5,FALSE,NA,1,0.76,17,72,17,"{nodes <= 1} & !{pgr <= 8}",686,246,291,0.424198250728863,TRUE,"","NULL","",5.488
910,8317861,1,0.5,FALSE,NA,1,0.98,92,264,92,"{size <= 20} & !{age <= 46}",686,246,307,0.447521865889213,TRUE,"","NULL","",7.967
911,8317862,1,0.5,FALSE,NA,1,0.95,39,174,39,"!{size <= 25} & !{pgr <= 45}",686,246,314,0.457725947521866,TRUE,"","NULL","",6.07800000000002
912,8317863,1,0.5,FALSE,NA,0,NA,0,5,0,"",686,246,306,0.446064139941691,TRUE,"","NULL","",3.29300000000001
913,8317864,1,0.5,FALSE,NA,1,1,84,217,84,"{er <= 3} & {nodes <= 7}",686,246,294,0.428571428571429,TRUE,"","NULL","",7.95700000000001
914,8317865,1,0.5,FALSE,NA,1,0.94,13,51,13,"{size <= 20} & !{pgr <= 45}",686,246,300,0.43731778425656,TRUE,"","NULL","",5.011
915,8317866,1,0.5,FALSE,NA,1,0.77,8,50,8,"{er <= 9} & {size <= 29}",686,246,288,0.419825072886297,TRUE,"","NULL","",4.83999999999999
916,8317867,1,0.5,FALSE,NA,1,0.9,22,128,22,"{nodes <= 1} & !{pgr <= 2}",686,246,282,0.411078717201166,TRUE,"","NULL","",5.017
917,8317868,1,0.5,FALSE,NA,1,0.67,4,16,4,"{size <= 20} & {er <= 44}",686,246,293,0.427113702623907,TRUE,"","NULL","",4.81399999999999
918,8317869,1,0.5,FALSE,NA,1,0.55,2,17,2,"!{size <= 35} & {er <= 100}",686,246,296,0.431486880466472,TRUE,"","NULL","",4.807
919,8317870,1,0.5,FALSE,NA,1,0.89,6,38,6,"{nodes <= 3} & !{er <= 70}",686,246,302,0.440233236151603,TRUE,"","NULL","",4.94199999999999
920,8317871,1,0.5,FALSE,NA,1,0.92,47,177,47,"!{meno} & !{er <= 70}",686,246,318,0.463556851311953,TRUE,"","NULL","",6.25299999999999
921,8317872,1,0.5,FALSE,NA,1,0.91,20,82,20,"{er <= 9} & !{size <= 29}",686,246,309,0.450437317784257,TRUE,"","NULL","",6.262
922,8317873,1,0.5,FALSE,NA,1,0.98,61,195,61,"!{pgr <= 184} & !{grade3}",686,246,306,0.446064139941691,TRUE,"","NULL","",6.523
923,8317874,1,0.5,FALSE,NA,1,0.59,8,51,8,"{size <= 20} & {nodes <= 5}",686,246,314,0.457725947521866,TRUE,"","NULL","",4.745
924,8317875,1,0.5,FALSE,NA,1,0.56,2,7,2,"!{nodes <= 7} & {age <= 61}",686,246,298,0.434402332361516,TRUE,"","NULL","",3.834
925,8317876,1,0.5,FALSE,NA,1,0.77,8,80,8,"!{age <= 61} & !{er <= 70}",686,246,291,0.424198250728863,TRUE,"","NULL","",6.236
926,8317877,1,0.5,FALSE,NA,1,0.9,14,76,14,"!{er <= 174} & {meno}",686,246,286,0.416909620991254,TRUE,"","NULL","",5.196
927,8317878,1,0.5,FALSE,NA,1,0.86,2,35,2,"{nodes <= 1} & !{size <= 25}",686,246,305,0.444606413994169,TRUE,"","NULL","",4.70599999999999
928,8317879,1,0.5,FALSE,NA,1,0.61,4,32,4,"{nodes <= 3} & !{er <= 100}",686,246,281,0.409620991253644,TRUE,"","NULL","",4.53899999999999
929,8317880,1,0.5,FALSE,NA,1,0.85,8,85,8,"!{grade3} & {er <= 9}",686,246,276,0.402332361516035,TRUE,"","NULL","",5.58800000000001
930,8317881,1,0.5,FALSE,NA,1,0.81,9,87,9,"{pgr <= 2} & {er <= 9}",686,246,288,0.419825072886297,TRUE,"","NULL","",5.72199999999999
931,8317882,1,0.5,FALSE,NA,1,0.99,153,372,153,"{nodes <= 3} & {pgr <= 8}",686,246,324,0.472303206997085,TRUE,"","NULL","",8.94200000000001
932,8317883,1,0.5,FALSE,NA,1,0.97,11,53,11,"{pgr <= 16} & !{er <= 17}",686,246,307,0.447521865889213,TRUE,"","NULL","",3.64000000000001
933,8317884,1,0.5,FALSE,NA,1,0.95,8,52,8,"!{pgr <= 26} & !{size <= 35}",686,246,304,0.443148688046647,TRUE,"","NULL","",5.529
934,8317885,1,0.5,FALSE,NA,1,0.93,56,194,56,"{size <= 25} & {pgr <= 16}",686,246,297,0.432944606413994,TRUE,"","NULL","",7.25700000000001
935,8317886,1,0.5,FALSE,NA,1,0.95,9,53,9,"!{size <= 29} & !{pgr <= 114}",686,246,300,0.43731778425656,TRUE,"","NULL","",5.126
936,8317887,1,0.5,FALSE,NA,1,0.92,48,124,48,"{age <= 46} & {pgr <= 184}",686,246,295,0.43002915451895,TRUE,"","NULL","",4.892
937,8317888,1,0.5,FALSE,NA,1,0.95,4,31,4,"!{meno} & !{nodes <= 5}",686,246,293,0.427113702623907,TRUE,"","NULL","",5.298
938,8317889,1,0.5,FALSE,NA,1,0.96,39,106,39,"!{er <= 174} & !{pgr <= 77}",686,246,294,0.428571428571429,TRUE,"","NULL","",5.736
939,8317890,1,0.5,FALSE,NA,1,0.95,42,100,42,"!{size <= 20} & !{pgr <= 184}",686,246,293,0.427113702623907,TRUE,"","NULL","",5.71099999999998
940,8317891,1,0.5,FALSE,NA,1,0.97,75,212,75,"{size <= 20} & !{er <= 44}",686,246,302,0.440233236151603,TRUE,"","NULL","",6.279
941,8317892,1,0.5,FALSE,NA,1,0.9,17,72,17,"!{age <= 61} & {er <= 174}",686,246,294,0.428571428571429,TRUE,"","NULL","",5.901
942,8317893,1,0.5,FALSE,NA,1,0.76,23,141,23,"!{pgr <= 114} & !{grade3}",686,246,285,0.415451895043732,TRUE,"","NULL","",6.015
943,8317894,1,0.5,FALSE,NA,1,0.88,13,52,13,"!{pgr <= 77} & !{size <= 20}",686,246,290,0.422740524781341,TRUE,"","NULL","",4.63200000000001
944,8317895,1,0.5,FALSE,NA,1,0.89,29,120,29,"{er <= 9} & {size <= 29}",686,246,309,0.450437317784257,TRUE,"","NULL","",5.41400000000002
945,8317896,1,0.5,FALSE,NA,1,0.69,16,70,16,"!{age <= 53} & {er <= 70}",686,246,298,0.434402332361516,TRUE,"","NULL","",6.024
946,8317897,1,0.5,FALSE,NA,1,0.92,22,48,22,"!{size <= 35} & !{pgr <= 16}",686,246,274,0.399416909620991,TRUE,"","NULL","",4.486
947,8317898,1,0.5,FALSE,NA,1,0.71,5,38,5,"!{pgr <= 114} & {er <= 294}",686,246,311,0.4533527696793,TRUE,"","NULL","",4.997
948,8317899,1,0.5,FALSE,NA,1,0.62,6,48,6,"{nodes <= 1} & !{pgr <= 26}",686,246,311,0.4533527696793,TRUE,"","NULL","",4.947
949,8317900,1,0.5,FALSE,NA,1,0.93,19,70,19,"!{age <= 61} & !{pgr <= 45}",686,246,325,0.473760932944606,TRUE,"","NULL","",5.992
950,8317901,1,0.5,FALSE,NA,1,0.96,70,337,70,"{age <= 46} & !{er <= 9}",686,246,305,0.444606413994169,TRUE,"","NULL","",8.702
951,8317902,1,0.5,FALSE,NA,1,0.6,1,14,1,"!{grade3} & !{nodes <= 7}",686,246,305,0.444606413994169,TRUE,"","NULL","",4.761
952,8317903,1,0.5,FALSE,NA,1,0.99,70,202,70,"{age <= 61} & !{er <= 100}",686,246,301,0.438775510204082,TRUE,"","NULL","",4.988
953,8317904,1,0.5,FALSE,NA,1,0.81,3,28,3,"{grade3} & {age <= 53}",686,246,298,0.434402332361516,TRUE,"","NULL","",5.283
954,8317905,1,0.5,FALSE,NA,1,0.93,35,97,35,"{nodes <= 3} & !{er <= 100}",686,246,289,0.421282798833819,TRUE,"","NULL","",5.75200000000001
955,8317906,1,0.5,FALSE,NA,1,0.98,89,209,89,"!{pgr <= 77} & !{size <= 25}",686,246,292,0.425655976676385,TRUE,"","NULL","",6.90599999999999
956,8317907,1,0.5,FALSE,NA,1,0.95,29,130,29,"!{pgr <= 16} & {er <= 17}",686,246,303,0.441690962099125,TRUE,"","NULL","",4.911
957,8317908,1,0.5,FALSE,NA,1,0.8,6,19,6,"!{size <= 35} & !{er <= 17}",686,246,282,0.411078717201166,TRUE,"","NULL","",4.785
958,8317909,1,0.5,FALSE,NA,1,0.97,32,121,32,"!{nodes <= 7} & {age <= 53}",686,246,295,0.43002915451895,TRUE,"","NULL","",6.214
959,8317910,1,0.5,FALSE,NA,1,0.75,9,51,9,"!{er <= 17} & !{meno}",686,246,308,0.448979591836735,TRUE,"","NULL","",5.24199999999999
960,8317911,1,0.5,FALSE,NA,1,0.92,57,211,57,"!{pgr <= 114} & {er <= 100}",686,246,287,0.418367346938776,TRUE,"","NULL","",6.18100000000001
961,8317912,1,0.5,FALSE,NA,0,NA,0,12,0,"",686,246,307,0.447521865889213,TRUE,"","NULL","",4.596
962,8317913,1,0.5,FALSE,NA,1,0.88,44,231,44,"!{grade3} & !{age <= 61}",686,246,284,0.41399416909621,TRUE,"","NULL","",7.083
963,8317914,1,0.5,FALSE,NA,1,0.71,11,125,11,"{age <= 53} & !{size <= 29}",686,246,310,0.451895043731778,TRUE,"","NULL","",5.93900000000002
964,8317915,1,0.5,FALSE,NA,1,0.68,3,16,3,"!{pgr <= 2} & {er <= 9}",686,246,274,0.399416909620991,TRUE,"","NULL","",3.82900000000001
965,8317916,1,0.5,FALSE,NA,1,0.73,8,90,8,"!{size <= 25} & {meno}",686,246,283,0.412536443148688,TRUE,"","NULL","",5.911
966,8317917,1,0.5,FALSE,NA,1,1,74,192,74,"!{age <= 61} & !{er <= 174}",686,246,321,0.467930029154519,TRUE,"","NULL","",7.02700000000002
967,8317918,1,0.5,FALSE,NA,1,0.81,9,53,9,"{nodes <= 1} & {er <= 100}",686,246,285,0.415451895043732,TRUE,"","NULL","",5.072
968,8317919,1,0.5,FALSE,NA,1,0.6,3,22,3,"{age <= 53} & !{age <= 46}",686,246,287,0.418367346938776,TRUE,"","NULL","",3.78700000000001
969,8317920,1,0.5,FALSE,NA,1,0.83,16,71,16,"{nodes <= 1} & {er <= 174}",686,246,275,0.400874635568513,TRUE,"","NULL","",5.19999999999999
970,8317921,1,0.5,FALSE,NA,1,0.72,12,80,12,"!{age <= 61} & {pgr <= 45}",686,246,307,0.447521865889213,TRUE,"","NULL","",5.209
971,8317922,1,0.5,FALSE,NA,1,0.95,25,89,25,"!{pgr <= 77} & {age <= 53}",686,246,292,0.425655976676385,TRUE,"","NULL","",5.20100000000002
972,8317923,1,0.5,FALSE,NA,1,0.73,5,29,5,"{er <= 3} & {nodes <= 7}",686,246,303,0.441690962099125,TRUE,"","NULL","",4.36000000000001
973,8317924,1,0.5,FALSE,NA,1,0.98,38,138,38,"!{nodes <= 5} & {nodes <= 7}",686,246,315,0.459183673469388,TRUE,"","NULL","",6.58199999999999
974,8317925,1,0.5,FALSE,NA,1,0.9,40,150,40,"!{er <= 3} & {pgr <= 8}",686,246,320,0.466472303206997,TRUE,"","NULL","",6.16000000000003
975,8317926,1,0.5,FALSE,NA,0,NA,0,8,0,"",686,246,296,0.431486880466472,TRUE,"","NULL","",3.98100000000002
976,8317927,1,0.5,FALSE,NA,0,NA,0,8,0,"",686,246,303,0.441690962099125,TRUE,"","NULL","",3.92200000000003
977,8317928,1,0.5,FALSE,NA,1,0.5,1,14,1,"!{age <= 61} & {pgr <= 77}",686,246,295,0.43002915451895,TRUE,"","NULL","",4.71700000000001
978,8317929,1,0.5,FALSE,NA,1,1,12,45,12,"!{age <= 61} & {pgr <= 16}",686,246,304,0.443148688046647,TRUE,"","NULL","",5.00899999999999
979,8317930,1,0.5,FALSE,NA,1,0.93,18,69,18,"!{pgr <= 26} & {age <= 46}",686,246,292,0.425655976676385,TRUE,"","NULL","",4.87
980,8317931,1,0.5,FALSE,NA,0,NA,0,2,0,"",686,246,272,0.396501457725948,TRUE,"","NULL","",3.92600000000002
981,8317932,1,0.5,FALSE,NA,1,0.76,8,42,8,"{size <= 20} & {er <= 100}",686,246,302,0.440233236151603,TRUE,"","NULL","",5.93300000000002
982,8317933,1,0.5,FALSE,NA,1,0.93,46,114,46,"{nodes <= 3} & !{meno}",686,246,312,0.454810495626822,TRUE,"","NULL","",5.99600000000001
983,8317934,1,0.5,FALSE,NA,1,0.85,7,25,7,"{er <= 0} & !{size <= 20}",686,246,307,0.447521865889213,TRUE,"","NULL","",4.46099999999998
984,8317935,1,0.5,FALSE,NA,1,0.9,37,127,37,"!{age <= 53} & {pgr <= 16}",686,246,300,0.43731778425656,TRUE,"","NULL","",5.41200000000001
985,8317936,1,0.5,FALSE,NA,1,0.89,28,120,28,"{age <= 61} & !{er <= 100}",686,246,313,0.456268221574344,TRUE,"","NULL","",6.52100000000002
986,8317937,1,0.5,FALSE,NA,1,0.98,80,204,80,"!{pgr <= 114} & {meno}",686,246,302,0.440233236151603,TRUE,"","NULL","",6.64800000000002
987,8317938,1,0.5,FALSE,NA,1,0.96,4,26,4,"!{age <= 61} & !{nodes <= 3}",686,246,315,0.459183673469388,TRUE,"","NULL","",4.83600000000001
988,8317939,1,0.5,FALSE,NA,1,0.92,46,147,46,"{pgr <= 8} & !{grade3}",686,246,313,0.456268221574344,TRUE,"","NULL","",5.072
989,8317940,1,0.5,FALSE,NA,1,0.53,1,25,1,"{size <= 20} & !{pgr <= 16}",686,246,312,0.454810495626822,TRUE,"","NULL","",4.839
990,8317941,1,0.5,FALSE,NA,1,0.99,70,170,70,"{pgr <= 16} & {nodes <= 3}",686,246,308,0.448979591836735,TRUE,"","NULL","",6.648
991,8317942,1,0.5,FALSE,NA,1,0.88,4,43,4,"!{age <= 61} & {pgr <= 16}",686,246,309,0.450437317784257,TRUE,"","NULL","",4.863
992,8317943,1,0.5,FALSE,NA,1,0.95,14,80,14,"{er <= 70} & !{er <= 44}",686,246,306,0.446064139941691,TRUE,"","NULL","",5.245
993,8317944,1,0.5,FALSE,NA,0,NA,0,4,0,"",686,246,311,0.4533527696793,TRUE,"","NULL","",4.68700000000001
994,8317945,1,0.5,FALSE,NA,1,0.71,4,74,4,"{age <= 53} & {meno}",686,246,287,0.418367346938776,TRUE,"","NULL","",5.44999999999999
995,8317946,1,0.5,FALSE,NA,1,0.89,31,112,31,"{age <= 61} & !{age <= 53}",686,246,317,0.462099125364431,TRUE,"","NULL","",6.05099999999999
996,8317947,1,0.5,FALSE,NA,1,0.99,35,100,35,"!{er <= 44} & {pgr <= 77}",686,246,322,0.469387755102041,TRUE,"","NULL","",5.20099999999999
997,8317948,1,0.5,FALSE,NA,1,0.97,63,189,63,"!{pgr <= 77} & {size <= 20}",686,246,310,0.451895043731778,TRUE,"","NULL","",7.316
998,8317949,1,0.5,FALSE,NA,1,0.91,38,163,38,"!{meno} & !{pgr <= 0}",686,246,285,0.415451895043732,TRUE,"","NULL","",6.20599999999999
999,8317950,1,0.5,FALSE,NA,1,0.64,3,41,3,"!{nodes <= 3} & {nodes <= 5}",686,246,285,0.415451895043732,TRUE,"","NULL","",4.50299999999999
1000,8317951,1,0.5,FALSE,NA,1,0.98,69,154,69,"{nodes <= 1} & {pgr <= 45}",686,246,304,0.443148688046647,TRUE,"","NULL","",5.03800000000001
1001,8317952,1,0.5,FALSE,NA,1,0.91,18,88,18,"!{meno} & {nodes <= 1}",686,246,310,0.451895043731778,TRUE,"","NULL","",6.029
1002,8317953,1,0.5,FALSE,NA,1,0.87,5,46,5,"!{nodes <= 1} & !{er <= 174}",686,246,297,0.432944606413994,TRUE,"","NULL","",4.786
1003,8317954,1,0.5,FALSE,NA,1,0.91,22,66,22,"!{size <= 29} & !{pgr <= 45}",686,246,295,0.43002915451895,TRUE,"","NULL","",5.38200000000001
1004,8317955,1,0.5,FALSE,NA,1,0.99,69,137,69,"{grade3} & !{nodes <= 5}",686,246,314,0.457725947521866,TRUE,"","NULL","",5.482
1005,8317956,1,0.5,FALSE,NA,1,0.99,15,50,15,"!{meno} & !{er <= 44}",686,246,317,0.462099125364431,TRUE,"","NULL","",5.31200000000001
1006,8317957,1,0.5,FALSE,NA,1,0.68,4,32,4,"!{pgr <= 45} & {er <= 70}",686,246,282,0.411078717201166,TRUE,"","NULL","",4.59099999999998
1007,8317958,1,0.5,FALSE,NA,1,0.83,1,19,1,"!{er <= 44} & {er <= 70}",686,246,303,0.441690962099125,TRUE,"","NULL","",4.41
1008,8317959,1,0.5,FALSE,NA,1,0.74,11,101,11,"!{size <= 29} & {pgr <= 114}",686,246,303,0.441690962099125,TRUE,"","NULL","",5.40099999999998
1009,8317960,1,0.5,FALSE,NA,1,0.88,22,69,22,"{size <= 25} & !{er <= 70}",686,246,297,0.432944606413994,TRUE,"","NULL","",5.68899999999999
1010,8317961,1,0.5,FALSE,NA,1,0.97,42,116,42,"!{size <= 35} & {er <= 100}",686,246,298,0.434402332361516,TRUE,"","NULL","",5.78999999999999
1011,8317962,1,0.5,FALSE,NA,1,0.89,6,52,6,"{pgr <= 2} & !{er <= 0}",686,246,294,0.428571428571429,TRUE,"","NULL","",5.21299999999999
1012,8317963,1,0.5,FALSE,NA,1,0.76,1,39,1,"!{age <= 53} & {size <= 20}",686,246,306,0.446064139941691,TRUE,"","NULL","",4.71199999999999
1013,8317964,1,0.5,FALSE,NA,1,0.71,3,43,3,"!{pgr <= 26} & {pgr <= 77}",686,246,293,0.427113702623907,TRUE,"","NULL","",5.102
1014,8317965,1,0.5,FALSE,NA,1,0.99,159,297,159,"!{pgr <= 45} & !{er <= 44}",686,246,300,0.43731778425656,TRUE,"","NULL","",8.62
1015,8317966,1,0.5,FALSE,NA,1,0.98,62,286,62,"!{age <= 61} & !{er <= 100}",686,246,316,0.46064139941691,TRUE,"","NULL","",7.77799999999999
1016,8317967,1,0.5,FALSE,NA,1,0.76,2,14,2,"{nodes <= 3} & !{er <= 174}",686,246,301,0.438775510204082,TRUE,"","NULL","",3.35599999999999
1017,8317968,1,0.5,FALSE,NA,1,0.92,86,324,86,"{size <= 20} & {er <= 100}",686,246,316,0.46064139941691,TRUE,"","NULL","",8.828
1018,8317969,1,0.5,FALSE,NA,1,0.93,36,191,36,"{nodes <= 7} & !{nodes <= 1}",686,246,287,0.418367346938776,TRUE,"","NULL","",6.44900000000001
1019,8317970,1,0.5,FALSE,NA,1,0.92,34,141,34,"!{size <= 29} & {er <= 17}",686,246,303,0.441690962099125,TRUE,"","NULL","",5.65299999999999
1020,8317971,1,0.5,FALSE,NA,1,0.79,6,37,6,"!{pgr <= 16} & {pgr <= 77}",686,246,300,0.43731778425656,TRUE,"","NULL","",3.584
1021,8317972,1,0.5,FALSE,NA,1,0.89,44,148,44,"{pgr <= 16} & {grade3}",686,246,295,0.43002915451895,TRUE,"","NULL","",6.67099999999999
1022,8317973,1,0.5,FALSE,NA,1,0.98,15,102,15,"!{er <= 17} & {er <= 30}",686,246,308,0.448979591836735,TRUE,"","NULL","",5.22899999999998
1023,8317974,1,0.5,FALSE,NA,1,0.91,9,48,9,"{age <= 53} & !{pgr <= 184}",686,246,313,0.456268221574344,TRUE,"","NULL","",4.815
1024,8317975,1,0.5,FALSE,NA,1,0.99,30,150,30,"!{pgr <= 45} & {age <= 46}",686,246,309,0.450437317784257,TRUE,"","NULL","",5.435
1025,8317976,1,0.5,FALSE,NA,1,0.97,51,159,51,"!{pgr <= 16} & {pgr <= 26}",686,246,327,0.47667638483965,TRUE,"","NULL","",6.88800000000001
1026,8317977,1,0.5,FALSE,NA,0,NA,0,1,0,"",686,246,304,0.443148688046647,TRUE,"","NULL","",3.92499999999998
1027,8317978,1,0.5,FALSE,NA,1,0.93,29,111,29,"!{pgr <= 114} & {size <= 25}",686,246,303,0.441690962099125,TRUE,"","NULL","",6.06200000000001
1028,8317979,1,0.5,FALSE,NA,0,NA,0,8,0,"",686,246,306,0.446064139941691,TRUE,"","NULL","",4.17800000000003
1029,8317980,1,0.5,FALSE,NA,1,0.92,105,316,105,"!{size <= 35} & !{pgr <= 16}",686,246,297,0.432944606413994,TRUE,"","NULL","",8.57999999999998
1030,8317981,1,0.5,FALSE,NA,1,0.94,52,180,52,"!{pgr <= 45} & !{nodes <= 3}",686,246,290,0.422740524781341,TRUE,"","NULL","",6.22299999999998
1031,8317982,1,0.5,FALSE,NA,1,0.72,4,37,4,"{nodes <= 3} & !{size <= 25}",686,246,306,0.446064139941691,TRUE,"","NULL","",4.76499999999999
1032,8317983,1,0.5,FALSE,NA,1,0.87,12,95,12,"{nodes <= 7} & !{size <= 35}",686,246,288,0.419825072886297,TRUE,"","NULL","",4.071
1033,8317984,1,0.5,FALSE,NA,1,0.94,83,245,83,"{size <= 35} & !{pgr <= 114}",686,246,293,0.427113702623907,TRUE,"","NULL","",8.03899999999999
1034,8317985,1,0.5,FALSE,NA,1,0.85,40,239,40,"!{meno} & !{pgr <= 77}",686,246,292,0.425655976676385,TRUE,"","NULL","",7.07499999999999
1035,8317986,1,0.5,FALSE,NA,1,0.8,4,43,4,"{nodes <= 3} & {grade3}",686,246,290,0.422740524781341,TRUE,"","NULL","",4.65599999999998
1036,8317987,1,0.5,FALSE,NA,1,0.98,37,133,37,"!{age <= 53} & {size <= 20}",686,246,311,0.4533527696793,TRUE,"","NULL","",4.52000000000001
1037,8317988,1,0.5,FALSE,NA,1,0.94,50,179,50,"{nodes <= 1} & {meno}",686,246,312,0.454810495626822,TRUE,"","NULL","",7.62700000000001
1038,8317989,1,0.5,FALSE,NA,1,0.98,80,239,80,"!{nodes <= 5} & {er <= 30}",686,246,294,0.428571428571429,TRUE,"","NULL","",6.91899999999998
1039,8317990,1,0.5,FALSE,NA,1,0.69,9,70,9,"!{nodes <= 3} & !{meno}",686,246,313,0.456268221574344,TRUE,"","NULL","",5.137
1040,8317991,1,0.5,FALSE,NA,1,0.96,35,127,35,"!{er <= 30} & !{meno}",686,246,306,0.446064139941691,TRUE,"","NULL","",4.62
1041,8317992,1,0.5,FALSE,NA,1,0.76,4,14,4,"!{age <= 61} & !{er <= 30}",686,246,337,0.491253644314869,TRUE,"","NULL","",4.685
1042,8317993,1,0.5,FALSE,NA,1,0.98,55,245,55,"{age <= 61} & !{pgr <= 184}",686,246,311,0.4533527696793,TRUE,"","NULL","",7.572
1043,8317994,1,0.5,FALSE,NA,1,0.95,116,506,116,"{nodes <= 3} & {age <= 46}",686,246,310,0.451895043731778,TRUE,"","NULL","",9.56700000000001
1044,8317995,1,0.5,FALSE,NA,1,0.98,47,167,47,"!{age <= 61} & {size <= 29}",686,246,292,0.425655976676385,TRUE,"","NULL","",4.29000000000002
1045,8317996,1,0.5,FALSE,NA,1,0.83,4,36,4,"{age <= 61} & !{age <= 53}",686,246,276,0.402332361516035,TRUE,"","NULL","",4.89999999999998
1046,8317997,1,0.5,FALSE,NA,0,NA,0,2,0,"",686,246,270,0.393586005830904,TRUE,"","NULL","",4.07900000000001
1047,8317998,1,0.5,FALSE,NA,1,0.95,43,163,43,"!{er <= 174} & !{pgr <= 26}",686,246,285,0.415451895043732,TRUE,"","NULL","",5.96699999999998
1048,8317999,1,0.5,FALSE,NA,1,0.66,3,21,3,"{size <= 29} & !{pgr <= 77}",686,246,288,0.419825072886297,TRUE,"","NULL","",4.477
1049,8318000,1,0.5,FALSE,NA,1,0.79,18,95,18,"{size <= 20} & !{er <= 30}",686,246,301,0.438775510204082,TRUE,"","NULL","",6.429
1050,8318001,1,0.5,FALSE,NA,1,0.9,55,208,55,"!{er <= 3} & !{size <= 35}",686,246,295,0.43002915451895,TRUE,"","NULL","",6.58199999999999
1051,8318002,1,0.5,FALSE,NA,1,0.67,3,26,3,"{age <= 53} & !{nodes <= 7}",686,246,306,0.446064139941691,TRUE,"","NULL","",4.45099999999999
1052,8318003,1,0.5,FALSE,NA,1,0.96,44,155,44,"!{age <= 61} & {pgr <= 184}",686,246,289,0.421282798833819,TRUE,"","NULL","",5.10299999999998
1053,8318004,1,0.5,FALSE,NA,1,0.78,7,63,7,"{nodes <= 7} & !{nodes <= 3}",686,246,280,0.408163265306122,TRUE,"","NULL","",5.84100000000001
1054,8318005,1,0.5,FALSE,NA,1,0.88,3,11,3,"{er <= 70} & !{er <= 44}",686,246,309,0.450437317784257,TRUE,"","NULL","",4.30599999999998
1055,8318006,1,0.5,FALSE,NA,1,0.95,30,124,30,"!{er <= 174} & {nodes <= 7}",686,246,321,0.467930029154519,TRUE,"","NULL","",6.178
1056,8318007,1,0.5,FALSE,NA,1,0.95,37,119,37,"{age <= 46} & !{er <= 17}",686,246,296,0.431486880466472,TRUE,"","NULL","",5.23299999999998
1057,8318008,1,0.5,FALSE,NA,1,0.95,4,22,4,"{age <= 46} & {pgr <= 16}",686,246,299,0.435860058309038,TRUE,"","NULL","",4.755
1058,8318009,1,0.5,FALSE,NA,1,0.98,92,264,92,"!{size <= 29} & {pgr <= 77}",686,246,277,0.403790087463557,TRUE,"","NULL","",7.43800000000002
1059,8318010,1,0.5,FALSE,NA,1,0.98,19,77,19,"!{pgr <= 184} & !{nodes <= 1}",686,246,287,0.418367346938776,TRUE,"","NULL","",5.279
1060,8318011,1,0.5,FALSE,NA,1,0.62,3,31,3,"!{size <= 29} & !{er <= 100}",686,246,306,0.446064139941691,TRUE,"","NULL","",3.916
1061,8318012,1,0.5,FALSE,NA,1,0.98,60,150,60,"!{size <= 35} & !{er <= 44}",686,246,287,0.418367346938776,TRUE,"","NULL","",7.32599999999999
1062,8318013,1,0.5,FALSE,NA,1,0.99,7,23,7,"!{pgr <= 16} & {er <= 17}",686,246,317,0.462099125364431,TRUE,"","NULL","",4.35999999999999
1063,8318014,1,0.5,FALSE,NA,1,0.68,3,22,3,"!{er <= 30} & !{meno}",686,246,282,0.411078717201166,TRUE,"","NULL","",4.45599999999999
1064,8318015,1,0.5,FALSE,NA,1,0.89,5,34,5,"!{pgr <= 77} & {pgr <= 184}",686,246,302,0.440233236151603,TRUE,"","NULL","",4.65899999999999
1065,8318016,1,0.5,FALSE,NA,0,NA,0,NA,NA,"",686,246,305,0.444606413994169,TRUE,"","NULL","",4.602
1066,8318017,1,0.5,FALSE,NA,1,0.91,11,53,11,"!{pgr <= 77} & !{meno}",686,246,305,0.444606413994169,TRUE,"","NULL","",5.172
1067,8318018,1,0.5,FALSE,NA,1,0.89,39,167,39,"!{nodes <= 3} & {pgr <= 26}",686,246,311,0.4533527696793,TRUE,"","NULL","",6.24200000000002
1068,8318019,1,0.5,FALSE,NA,1,0.81,4,23,4,"{er <= 9} & {meno}",686,246,296,0.431486880466472,TRUE,"","NULL","",4.49200000000002
1069,8318020,1,0.5,FALSE,NA,1,0.88,21,88,21,"{pgr <= 8} & {nodes <= 5}",686,246,284,0.41399416909621,TRUE,"","NULL","",5.654
1070,8318021,1,0.5,FALSE,NA,1,0.76,9,36,9,"!{grade3} & {er <= 9}",686,246,301,0.438775510204082,TRUE,"","NULL","",4.89600000000002
1071,8318022,1,0.5,FALSE,NA,1,0.94,13,66,13,"!{er <= 174} & !{pgr <= 77}",686,246,298,0.434402332361516,TRUE,"","NULL","",4.88300000000001
1072,8318023,1,0.5,FALSE,NA,1,0.6,2,24,2,"!{size <= 35} & {pgr <= 26}",686,246,294,0.428571428571429,TRUE,"","NULL","",4.637
1073,8318024,1,0.5,FALSE,NA,1,0.89,54,147,54,"{er <= 44} & {age <= 53}",686,246,309,0.450437317784257,TRUE,"","NULL","",6.97200000000001
1074,8318025,1,0.5,FALSE,NA,1,0.68,3,19,3,"{grade3} & !{pgr <= 2}",686,246,291,0.424198250728863,TRUE,"","NULL","",4.078
1075,8318026,1,0.5,FALSE,NA,1,0.95,58,215,58,"!{pgr <= 114} & {nodes <= 5}",686,246,295,0.43002915451895,TRUE,"","NULL","",7.35899999999998
1076,8318027,1,0.5,FALSE,NA,1,0.98,93,266,93,"!{meno} & !{er <= 70}",686,246,313,0.456268221574344,TRUE,"","NULL","",5.952
1077,8318028,1,0.5,FALSE,NA,1,0.71,2,19,2,"{nodes <= 1} & {age <= 53}",686,246,312,0.454810495626822,TRUE,"","NULL","",4.95999999999998
1078,8318029,1,0.5,FALSE,NA,1,0.95,36,156,36,"!{age <= 53} & {size <= 20}",686,246,320,0.466472303206997,TRUE,"","NULL","",7.01999999999998
1079,8318030,1,0.5,FALSE,NA,1,0.82,7,44,7,"{er <= 17} & {age <= 46}",686,246,322,0.469387755102041,TRUE,"","NULL","",4.97300000000001
1080,8318031,1,0.5,FALSE,NA,1,1,94,319,94,"{pgr <= 26} & !{er <= 44}",686,246,293,0.427113702623907,TRUE,"","NULL","",7.15600000000001
1081,8318032,1,0.5,FALSE,NA,1,0.81,15,96,15,"!{pgr <= 26} & {pgr <= 184}",686,246,301,0.438775510204082,TRUE,"","NULL","",5.852
1082,8318033,1,0.5,FALSE,NA,1,0.9,94,197,94,"!{er <= 9} & {nodes <= 1}",686,246,272,0.396501457725948,TRUE,"","NULL","",6.667
1083,8318034,1,0.5,FALSE,NA,1,0.79,6,60,6,"!{size <= 29} & !{age <= 53}",686,246,305,0.444606413994169,TRUE,"","NULL","",5.31200000000001
1084,8318035,1,0.5,FALSE,NA,1,0.96,84,291,84,"{size <= 20} & !{nodes <= 1}",686,246,295,0.43002915451895,TRUE,"","NULL","",6.22399999999999
1085,8318036,1,0.5,FALSE,NA,1,0.72,5,43,5,"{size <= 29} & {er <= 17}",686,246,278,0.405247813411079,TRUE,"","NULL","",5.23499999999999
1086,8318037,1,0.5,FALSE,NA,1,0.99,119,433,119,"{age <= 46} & !{pgr <= 26}",686,246,313,0.456268221574344,TRUE,"","NULL","",9.464
1087,8318038,1,0.5,FALSE,NA,1,0.92,36,114,36,"{age <= 53} & {er <= 3}",686,246,307,0.447521865889213,TRUE,"","NULL","",5.52499999999998
1088,8318039,1,0.5,FALSE,NA,1,0.99,78,208,78,"!{meno} & {grade3}",686,246,297,0.432944606413994,TRUE,"","NULL","",4.94499999999999
1089,8318040,1,0.5,FALSE,NA,1,0.95,18,65,18,"{size <= 35} & {pgr <= 0}",686,246,279,0.406705539358601,TRUE,"","NULL","",5.71499999999997
1090,8318041,1,0.5,FALSE,NA,1,0.87,31,77,31,"!{grade3} & {er <= 9}",686,246,294,0.428571428571429,TRUE,"","NULL","",4.99299999999999
1091,8318042,1,0.5,FALSE,NA,1,0.88,43,162,43,"!{grade3} & {er <= 17}",686,246,323,0.470845481049563,TRUE,"","NULL","",6.262
1092,8318043,1,0.5,FALSE,NA,1,0.78,7,33,7,"!{age <= 61} & {pgr <= 114}",686,246,302,0.440233236151603,TRUE,"","NULL","",4.14400000000001
1093,8318044,1,0.5,FALSE,NA,1,0.91,43,102,43,"!{pgr <= 184}",686,246,279,0.406705539358601,TRUE,"","NULL","",6.00899999999999
1094,8318045,1,0.5,FALSE,NA,1,0.7,7,39,7,"{nodes <= 1} & {size <= 35}",686,246,314,0.457725947521866,TRUE,"","NULL","",4.875
1095,8318046,1,0.5,FALSE,NA,1,0.91,16,73,16,"{grade3} & !{size <= 25}",686,246,304,0.443148688046647,TRUE,"","NULL","",5.27999999999997
1096,8318047,1,0.5,FALSE,NA,1,0.98,80,220,80,"{pgr <= 2} & {size <= 35}",686,246,290,0.422740524781341,TRUE,"","NULL","",6.381
1097,8318048,1,0.5,FALSE,NA,1,0.88,2,30,2,"!{pgr <= 8} & {pgr <= 16}",686,246,282,0.411078717201166,TRUE,"","NULL","",5.50200000000001
1098,8318049,1,0.5,FALSE,NA,1,0.81,18,96,18,"{nodes <= 7} & !{age <= 61}",686,246,296,0.431486880466472,TRUE,"","NULL","",5.38999999999999
1099,8318050,1,0.5,FALSE,NA,0,NA,0,17,0,"",686,246,300,0.43731778425656,TRUE,"","NULL","",4.67699999999999
1100,8318051,1,0.5,FALSE,NA,1,0.92,14,61,14,"{pgr <= 2} & {nodes <= 7}",686,246,294,0.428571428571429,TRUE,"","NULL","",5.00800000000001
1101,8318052,1,0.5,FALSE,NA,1,0.9,39,176,39,"{nodes <= 3} & {er <= 30}",686,246,302,0.440233236151603,TRUE,"","NULL","",7.19999999999999
1102,8318053,1,0.5,FALSE,NA,1,0.86,27,143,27,"!{pgr <= 77} & !{size <= 25}",686,246,293,0.427113702623907,TRUE,"","NULL","",6.15799999999999
1103,8318054,1,0.5,FALSE,NA,1,0.95,71,217,71,"{size <= 20} & !{er <= 17}",686,246,287,0.418367346938776,TRUE,"","NULL","",6.547
1104,8318055,1,0.5,FALSE,NA,1,0.91,7,54,7,"{nodes <= 1} & {age <= 53}",686,246,284,0.41399416909621,TRUE,"","NULL","",3.73399999999998
1105,8318056,1,0.5,FALSE,NA,1,0.92,29,69,29,"!{pgr <= 114} & {er <= 174}",686,246,285,0.415451895043732,TRUE,"","NULL","",5.774
1106,8318057,1,0.5,FALSE,NA,1,0.97,97,270,97,"{nodes <= 7} & {er <= 3}",686,246,284,0.41399416909621,TRUE,"","NULL","",7.92399999999998
1107,8318058,1,0.5,FALSE,NA,1,0.99,71,230,71,"!{meno} & {pgr <= 16}",686,246,322,0.469387755102041,TRUE,"","NULL","",7.13
1108,8318059,1,0.5,FALSE,NA,1,0.59,1,14,1,"!{nodes <= 1} & {pgr <= 0}",686,246,310,0.451895043731778,TRUE,"","NULL","",3.46199999999999
1109,8318060,1,0.5,FALSE,NA,1,0.68,5,39,5,"{pgr <= 2} & {er <= 17}",686,246,290,0.422740524781341,TRUE,"","NULL","",5.30799999999999
1110,8318061,1,0.5,FALSE,NA,1,0.92,11,92,11,"!{er <= 70} & {er <= 100}",686,246,316,0.46064139941691,TRUE,"","NULL","",5.631
1111,8318062,1,0.5,FALSE,NA,1,0.87,14,76,14,"!{pgr <= 184} & !{nodes <= 1}",686,246,305,0.444606413994169,TRUE,"","NULL","",5.583
1112,8318063,1,0.5,FALSE,NA,1,0.99,237,519,237,"!{nodes <= 1} & {pgr <= 8}",686,246,307,0.447521865889213,TRUE,"","NULL","",8.78699999999998
1113,8318064,1,0.5,FALSE,NA,1,0.99,82,193,82,"!{pgr <= 114} & !{age <= 53}",686,246,291,0.424198250728863,TRUE,"","NULL","",7.25300000000001
1114,8318065,1,0.5,FALSE,NA,1,0.96,22,149,22,"!{meno} & !{size <= 35}",686,246,304,0.443148688046647,TRUE,"","NULL","",5.654
1115,8318066,1,0.5,FALSE,NA,1,0.81,13,96,13,"{age <= 46} & !{er <= 17}",686,246,297,0.432944606413994,TRUE,"","NULL","",5.42699999999999
1116,8318067,1,0.5,FALSE,NA,1,0.84,4,15,4,"!{er <= 30} & {pgr <= 26}",686,246,296,0.431486880466472,TRUE,"","NULL","",3.745
1117,8318068,1,0.5,FALSE,NA,1,0.92,43,149,43,"!{pgr <= 114} & {nodes <= 3}",686,246,285,0.415451895043732,TRUE,"","NULL","",7.30700000000002
1118,8318069,1,0.5,FALSE,NA,1,0.82,7,45,7,"{nodes <= 1} & !{pgr <= 2}",686,246,324,0.472303206997085,TRUE,"","NULL","",4.77200000000002
1119,8318070,1,0.5,FALSE,NA,1,0.98,335,666,335,"{nodes <= 1} & {age <= 61}",686,246,292,0.425655976676385,TRUE,"","NULL","",11.556
1120,8318071,1,0.5,FALSE,NA,1,0.83,3,26,3,"!{meno} & !{er <= 70}",686,246,276,0.402332361516035,TRUE,"","NULL","",3.04999999999998
1121,8318072,1,0.5,FALSE,NA,1,0.67,1,9,1,"!{nodes <= 3} & {nodes <= 5}",686,246,304,0.443148688046647,TRUE,"","NULL","",4.70299999999997
1122,8318073,1,0.5,FALSE,NA,1,0.85,2,22,2,"!{pgr <= 114} & !{er <= 100}",686,246,292,0.425655976676385,TRUE,"","NULL","",4.59199999999998
1123,8318074,1,0.5,FALSE,NA,0,NA,0,14,0,"",686,246,272,0.396501457725948,TRUE,"","NULL","",4.20699999999999
1124,8318075,1,0.5,FALSE,NA,1,0.93,14,92,14,"{age <= 46} & {size <= 29}",686,246,328,0.478134110787172,TRUE,"","NULL","",5.572
1125,8318076,1,0.5,FALSE,NA,1,0.54,2,22,2,"!{age <= 46} & !{size <= 35}",686,246,298,0.434402332361516,TRUE,"","NULL","",5.39400000000001
1126,8318077,1,0.5,FALSE,NA,1,0.82,12,67,12,"!{pgr <= 114} & !{grade3}",686,246,331,0.482507288629738,TRUE,"","NULL","",5.43299999999999
1127,8318078,1,0.5,FALSE,NA,1,0.73,4,26,4,"!{size <= 25} & !{er <= 70}",686,246,290,0.422740524781341,TRUE,"","NULL","",4.63500000000002
1128,8318079,1,0.5,FALSE,NA,1,0.97,46,126,46,"{size <= 20} & !{pgr <= 16}",686,246,287,0.418367346938776,TRUE,"","NULL","",5.40699999999998
1129,8318080,1,0.5,FALSE,NA,1,0.75,6,43,6,"!{pgr <= 184} & !{er <= 17}",686,246,293,0.427113702623907,TRUE,"","NULL","",5.01900000000001
1130,8318081,1,0.5,FALSE,NA,0,NA,0,15,0,"",686,246,314,0.457725947521866,TRUE,"","NULL","",4.363
1131,8318082,1,0.5,FALSE,NA,1,1,186,471,186,"{pgr <= 8} & !{er <= 0}",686,246,309,0.450437317784257,TRUE,"","NULL","",10.363
1132,8318083,1,0.5,FALSE,NA,1,1,210,471,210,"{er <= 3} & {size <= 29}",686,246,316,0.46064139941691,TRUE,"","NULL","Loglik converged before variable  1 ; coefficient may be infinite. ",7.12100000000001
1133,8318084,1,0.5,FALSE,NA,1,0.73,5,76,5,"!{pgr <= 77} & {pgr <= 184}",686,246,314,0.457725947521866,TRUE,"","NULL","",5.62
1134,8318085,1,0.5,FALSE,NA,1,0.88,16,128,16,"{nodes <= 5} & !{age <= 61}",686,246,286,0.416909620991254,TRUE,"","NULL","",5.90000000000001
1135,8318086,1,0.5,FALSE,NA,1,0.71,2,14,2,"{nodes <= 5} & !{size <= 35}",686,246,318,0.463556851311953,TRUE,"","NULL","",4.46100000000001
1136,8318087,1,0.5,FALSE,NA,1,0.93,29,82,29,"!{nodes <= 7} & {meno}",686,246,304,0.443148688046647,TRUE,"","NULL","",5.15300000000002
1137,8318088,1,0.5,FALSE,NA,0,NA,0,25,0,"",686,246,295,0.43002915451895,TRUE,"","NULL","",5.31299999999999
1138,8318089,1,0.5,FALSE,NA,1,0.86,23,133,23,"{nodes <= 1} & !{pgr <= 16}",686,246,304,0.443148688046647,TRUE,"","NULL","",5.96699999999998
1139,8318090,1,0.5,FALSE,NA,1,0.98,22,47,22,"{nodes <= 1} & !{er <= 70}",686,246,311,0.4533527696793,TRUE,"","NULL","",5.238
1140,8318091,1,0.5,FALSE,NA,1,0.94,51,128,51,"!{pgr <= 16} & {er <= 30}",686,246,292,0.425655976676385,TRUE,"","NULL","",5.16400000000002
1141,8318092,1,0.5,FALSE,NA,1,0.99,199,613,199,"{grade3} & !{size <= 20}",686,246,310,0.451895043731778,TRUE,"","NULL","",13.011
1142,8318093,1,0.5,FALSE,NA,1,0.93,8,42,8,"!{pgr <= 45} & !{age <= 61}",686,246,302,0.440233236151603,TRUE,"","NULL","",5.262
1143,8318094,1,0.5,FALSE,NA,1,0.95,2,24,2,"!{pgr <= 45} & {pgr <= 77}",686,246,313,0.456268221574344,TRUE,"","NULL","",3.744
1144,8318095,1,0.5,FALSE,NA,0,NA,0,11,0,"",686,246,289,0.421282798833819,TRUE,"","NULL","",3.02700000000002
1145,8318096,1,0.5,FALSE,NA,1,0.89,9,65,9,"!{pgr <= 77} & {er <= 70}",686,246,300,0.43731778425656,TRUE,"","NULL","",6.44300000000001
1146,8318097,1,0.5,FALSE,NA,1,0.54,1,24,1,"!{grade3} & {er <= 17}",686,246,319,0.465014577259475,TRUE,"","NULL","",4.441
1147,8318098,1,0.5,FALSE,NA,1,0.85,4,27,4,"{pgr <= 16} & {size <= 25}",686,246,313,0.456268221574344,TRUE,"","NULL","",4.81199999999998
1148,8318099,1,0.5,FALSE,NA,1,0.88,4,7,4,"!{pgr <= 26} & {er <= 30}",686,246,283,0.412536443148688,TRUE,"","NULL","",4.428
1149,8318100,1,0.5,FALSE,NA,1,0.99,65,237,65,"!{pgr <= 184} & !{er <= 70}",686,246,286,0.416909620991254,TRUE,"","NULL","",7.96000000000001
1150,8318101,1,0.5,FALSE,NA,1,0.88,4,16,4,"!{size <= 29} & {age <= 46}",686,246,299,0.435860058309038,TRUE,"","NULL","",4.05100000000002
1151,8318102,1,0.5,FALSE,NA,1,0.74,14,97,14,"!{age <= 61} & {pgr <= 337}",686,246,310,0.451895043731778,TRUE,"","NULL","",5.709
1152,8318103,1,0.5,FALSE,NA,1,0.98,40,85,40,"{pgr <= 0} & {er <= 3}",686,246,281,0.409620991253644,TRUE,"","NULL","",4.57499999999999
1153,8318104,1,0.5,FALSE,NA,1,0.83,11,76,11,"{size <= 29} & !{nodes <= 3}",686,246,308,0.448979591836735,TRUE,"","NULL","",5.74299999999999
1154,8318105,1,0.5,FALSE,NA,1,0.67,4,34,4,"!{pgr <= 8} & !{nodes <= 7}",686,246,282,0.411078717201166,TRUE,"","NULL","",4.655
1155,8318106,1,0.5,FALSE,NA,1,0.65,6,30,6,"{nodes <= 7} & {grade3}",686,246,313,0.456268221574344,TRUE,"","NULL","",4.64600000000002
1156,8318107,1,0.5,FALSE,NA,1,0.98,27,108,27,"!{er <= 174} & !{age <= 61}",686,246,301,0.438775510204082,TRUE,"","NULL","",5.59699999999998
1157,8318108,1,0.5,FALSE,NA,1,0.53,1,17,1,"{age <= 46} & !{pgr <= 45}",686,246,295,0.43002915451895,TRUE,"","NULL","",4.99299999999999
1158,8318109,1,0.5,FALSE,NA,1,0.94,54,162,54,"!{age <= 61} & {pgr <= 184}",686,246,301,0.438775510204082,TRUE,"","NULL","",6.64400000000001
1159,8318110,1,0.5,FALSE,NA,1,0.5,1,17,1,"{pgr <= 2} & {size <= 29}",686,246,288,0.419825072886297,TRUE,"","NULL","",4.52200000000002
1160,8318111,1,0.5,FALSE,NA,1,0.78,6,18,6,"!{size <= 29} & !{er <= 70}",686,246,262,0.381924198250729,TRUE,"","NULL","",4.35600000000002
1161,8318112,1,0.5,FALSE,NA,1,0.83,1,15,1,"{nodes <= 5} & !{size <= 35}",686,246,279,0.406705539358601,TRUE,"","NULL","",4.61799999999999
1162,8318113,1,0.5,FALSE,NA,1,0.86,5,32,5,"{er <= 44} & !{pgr <= 77}",686,246,316,0.46064139941691,TRUE,"","NULL","",4.63900000000001
1163,8318114,1,0.5,FALSE,NA,1,0.89,18,88,18,"!{er <= 100} & !{grade3}",686,246,309,0.450437317784257,TRUE,"","NULL","",5.42499999999998
1164,8318115,1,0.5,FALSE,NA,1,0.96,33,173,33,"{pgr <= 0} & {size <= 35}",686,246,308,0.448979591836735,TRUE,"","NULL","",6.13499999999999
1165,8318116,1,0.5,FALSE,NA,1,0.97,40,188,40,"{size <= 35} & !{er <= 70}",686,246,283,0.412536443148688,TRUE,"","NULL","",7.059
1166,8318117,1,0.5,FALSE,NA,1,0.93,28,136,28,"{nodes <= 1} & !{pgr <= 45}",686,246,298,0.434402332361516,TRUE,"","NULL","",6.03900000000002
1167,8318118,1,0.5,FALSE,NA,1,0.99,67,166,67,"!{er <= 100} & !{size <= 29}",686,246,301,0.438775510204082,TRUE,"","NULL","",6.33099999999999
1168,8318119,1,0.5,FALSE,NA,1,0.91,15,67,15,"{nodes <= 1} & {er <= 70}",686,246,278,0.405247813411079,TRUE,"","NULL","",3.90599999999998
1169,8318120,1,0.5,FALSE,NA,1,0.94,8,33,8,"{nodes <= 1} & !{size <= 25}",686,246,297,0.432944606413994,TRUE,"","NULL","",5.173
1170,8318121,1,0.5,FALSE,NA,0,NA,0,1,0,"",686,246,307,0.447521865889213,TRUE,"","NULL","",4.32999999999998
1171,8318122,1,0.5,FALSE,NA,1,0.96,24,98,24,"{size <= 25} & {grade3}",686,246,303,0.441690962099125,TRUE,"","NULL","Loglik converged before variable  1 ; coefficient may be infinite. ",5.34
1172,8318123,1,0.5,FALSE,NA,1,0.94,23,53,23,"{size <= 20} & !{er <= 3}",686,246,318,0.463556851311953,TRUE,"","NULL","",5.19399999999999
1173,8318124,1,0.5,FALSE,NA,1,0.82,6,65,6,"!{size <= 20} & {size <= 25}",686,246,284,0.41399416909621,TRUE,"","NULL","",6.12
1174,8318125,1,0.5,FALSE,NA,1,0.9,21,110,21,"{size <= 20} & !{pgr <= 45}",686,246,305,0.444606413994169,TRUE,"","NULL","",5.49299999999999
1175,8318126,1,0.5,FALSE,NA,1,0.76,9,56,9,"{age <= 53} & !{pgr <= 77}",686,246,294,0.428571428571429,TRUE,"","NULL","",5.26000000000002
1176,8318127,1,0.5,FALSE,NA,1,0.52,1,27,1,"{size <= 20} & !{nodes <= 1}",686,246,283,0.412536443148688,TRUE,"","NULL","",4.238
1177,8318128,1,0.5,FALSE,NA,1,0.87,6,30,6,"{size <= 25} & {nodes <= 1}",686,246,300,0.43731778425656,TRUE,"","NULL","",4.81999999999999
1178,8318129,1,0.5,FALSE,NA,1,0.82,12,89,12,"!{age <= 61} & !{er <= 44}",686,246,294,0.428571428571429,TRUE,"","NULL","",5.226
1179,8318130,1,0.5,FALSE,NA,1,0.9,54,272,54,"!{age <= 53} & !{er <= 44}",686,246,300,0.43731778425656,TRUE,"","NULL","",7.93799999999999
1180,8318131,1,0.5,FALSE,NA,1,0.75,3,20,3,"{grade3} & !{er <= 9}",686,246,292,0.425655976676385,TRUE,"","NULL","",3.95699999999999
1181,8318132,1,0.5,FALSE,NA,1,0.95,57,186,57,"!{er <= 70} & {pgr <= 114}",686,246,273,0.397959183673469,TRUE,"","NULL","",7.77000000000001
1182,8318133,1,0.5,FALSE,NA,1,0.83,15,74,15,"!{size <= 29} & !{er <= 70}",686,246,292,0.425655976676385,TRUE,"","NULL","",5.249
1183,8318134,1,0.5,FALSE,NA,1,0.59,1,8,1,"!{size <= 25} & !{er <= 100}",686,246,307,0.447521865889213,TRUE,"","NULL","",4.31400000000002
1184,8318135,1,0.5,FALSE,NA,1,0.85,15,73,15,"{size <= 35} & {er <= 3}",686,246,294,0.428571428571429,TRUE,"","NULL","",4.768
1185,8318136,1,0.5,FALSE,NA,1,1,42,109,42,"!{er <= 100} & {er <= 174}",686,246,285,0.415451895043732,TRUE,"","NULL","",6.49299999999999
1186,8318137,1,0.5,FALSE,NA,1,0.99,10,70,10,"!{er <= 9} & {er <= 17}",686,246,286,0.416909620991254,TRUE,"","NULL","",5.292
1187,8318138,1,0.5,FALSE,NA,1,0.97,60,221,60,"{size <= 20} & {pgr <= 77}",686,246,297,0.432944606413994,TRUE,"","NULL","",7.14699999999999
1188,8318139,1,0.5,FALSE,NA,1,1,105,339,105,"!{pgr <= 114} & !{nodes <= 3}",686,246,318,0.463556851311953,TRUE,"","NULL","",6.46799999999999
1189,8318140,1,0.5,FALSE,NA,1,0.94,61,192,61,"{size <= 29} & !{pgr <= 114}",686,246,291,0.424198250728863,TRUE,"","NULL","",7.745
1190,8318141,1,0.5,FALSE,NA,1,0.99,56,204,56,"!{pgr <= 45} & {pgr <= 114}",686,246,296,0.431486880466472,TRUE,"","NULL","",6.596
1191,8318142,1,0.5,FALSE,NA,1,0.86,13,53,13,"{pgr <= 8} & {age <= 53}",686,246,317,0.462099125364431,TRUE,"","NULL","",4.84700000000001
1192,8318143,1,0.5,FALSE,NA,1,0.97,78,170,78,"{size <= 29} & {pgr <= 16}",686,246,281,0.409620991253644,TRUE,"","NULL","Loglik converged before variable  1 ; coefficient may be infinite.  | Loglik converged before variable  1 ; coefficient may be infinite. ",4.80200000000002
1193,8318144,1,0.5,FALSE,NA,1,0.87,47,257,47,"{size <= 20} & {age <= 61}",686,246,303,0.441690962099125,TRUE,"","NULL","",8.70700000000002
1194,8318145,1,0.5,FALSE,NA,1,0.88,20,74,20,"{nodes <= 1} & !{pgr <= 26}",686,246,291,0.424198250728863,TRUE,"","NULL","",5.28400000000002
1195,8318146,1,0.5,FALSE,NA,1,0.85,27,127,27,"!{er <= 70} & {size <= 29}",686,246,287,0.418367346938776,TRUE,"","NULL","",5.90100000000001
1196,8318147,1,0.5,FALSE,NA,1,0.84,11,92,11,"!{size <= 29} & !{pgr <= 77}",686,246,315,0.459183673469388,TRUE,"","NULL","",4.36199999999999
1197,8318148,1,0.5,FALSE,NA,1,0.8,7,40,7,"!{er <= 70} & !{size <= 29}",686,246,282,0.411078717201166,TRUE,"","NULL","",5.08599999999998
1198,8318149,1,0.5,FALSE,NA,1,0.82,30,164,30,"!{meno} & !{er <= 30}",686,246,276,0.402332361516035,TRUE,"","NULL","",6.30799999999999
1199,8318150,1,0.5,FALSE,NA,1,0.94,36,157,36,"!{pgr <= 114} & !{nodes <= 1}",686,246,311,0.4533527696793,TRUE,"","NULL","",6.33600000000001
1200,8318151,1,0.5,FALSE,NA,1,0.94,47,149,47,"{nodes <= 1} & {er <= 70}",686,246,304,0.443148688046647,TRUE,"","NULL","",5.113
1201,8318152,1,0.5,FALSE,NA,1,0.98,117,314,117,"{er <= 9} & !{meno}",686,246,276,0.402332361516035,TRUE,"","NULL","",8.703
1202,8318153,1,0.5,FALSE,NA,1,1,135,292,135,"!{er <= 70} & {pgr <= 45}",686,246,306,0.446064139941691,TRUE,"","NULL","",8.25299999999999
1203,8318154,1,0.5,FALSE,NA,1,0.98,17,42,17,"{size <= 20} & !{age <= 53}",686,246,306,0.446064139941691,TRUE,"","NULL","",4.34300000000002
1204,8318155,1,0.5,FALSE,NA,1,0.92,9,56,9,"{pgr <= 16} & !{er <= 9}",686,246,313,0.456268221574344,TRUE,"","NULL","",3.69399999999999
1205,8318156,1,0.5,FALSE,NA,1,0.85,1,17,1,"!{age <= 53} & {er <= 9}",686,246,305,0.444606413994169,TRUE,"","NULL","",4.971
1206,8318157,1,0.5,FALSE,NA,1,0.87,32,157,32,"!{er <= 44} & !{pgr <= 184}",686,246,295,0.43002915451895,TRUE,"","NULL","",6.5
1207,8318158,1,0.5,FALSE,NA,1,0.99,34,100,34,"!{er <= 70} & {pgr <= 45}",686,246,292,0.425655976676385,TRUE,"","NULL","",5.608
1208,8318159,1,0.5,FALSE,NA,1,0.81,16,93,16,"{size <= 25} & !{pgr <= 77}",686,246,314,0.457725947521866,TRUE,"","NULL","",4.96800000000002
1209,8318160,1,0.5,FALSE,NA,1,0.92,35,150,35,"!{nodes <= 7} & !{pgr <= 8}",686,246,292,0.425655976676385,TRUE,"","NULL","",6.834
1210,8318161,1,0.5,FALSE,NA,1,0.84,6,40,6,"!{pgr <= 77} & !{size <= 29}",686,246,315,0.459183673469388,TRUE,"","NULL","",4.71299999999999
1211,8318162,1,0.5,FALSE,NA,1,0.95,51,174,51,"{age <= 53} & {meno}",686,246,318,0.463556851311953,TRUE,"","NULL","",6.68099999999998
1212,8318163,1,0.5,FALSE,NA,1,0.99,74,130,74,"!{pgr <= 184} & {nodes <= 7}",686,246,303,0.441690962099125,TRUE,"","NULL","",4.839
1213,8318164,1,0.5,FALSE,NA,1,0.89,10,67,10,"{er <= 17} & !{size <= 20}",686,246,300,0.43731778425656,TRUE,"","NULL","",5.57999999999998
1214,8318165,1,0.5,FALSE,NA,1,0.83,13,60,13,"!{pgr <= 114} & {age <= 61}",686,246,304,0.443148688046647,TRUE,"","NULL","",4.762
1215,8318166,1,0.5,FALSE,NA,1,0.89,15,66,15,"!{grade3} & {pgr <= 8}",686,246,313,0.456268221574344,TRUE,"","NULL","",4.976
1216,8318167,1,0.5,FALSE,NA,1,0.91,10,26,10,"!{pgr <= 184} & !{er <= 17}",686,246,285,0.415451895043732,TRUE,"","NULL","",4.34899999999999
1217,8318168,1,0.5,FALSE,NA,0,NA,0,8,0,"",686,246,297,0.432944606413994,TRUE,"","NULL","",4.41
1218,8318169,1,0.5,FALSE,NA,1,0.94,63,218,63,"{nodes <= 3} & {pgr <= 26}",686,246,281,0.409620991253644,TRUE,"","NULL","",7.203
1219,8318170,1,0.5,FALSE,NA,1,0.88,10,84,10,"!{nodes <= 7} & {pgr <= 45}",686,246,277,0.403790087463557,TRUE,"","NULL","",5.16899999999998
1220,8318171,1,0.5,FALSE,NA,1,0.97,137,415,137,"!{pgr <= 114} & !{er <= 100}",686,246,283,0.412536443148688,TRUE,"","NULL","",7.89099999999999
1221,8318172,1,0.5,FALSE,NA,1,0.94,73,182,73,"{nodes <= 3} & !{meno}",686,246,301,0.438775510204082,TRUE,"","NULL","",6.95699999999999
1222,8318173,1,0.5,FALSE,NA,1,0.99,33,139,33,"!{er <= 17} & {er <= 44}",686,246,290,0.422740524781341,TRUE,"","NULL","",6.03100000000001
1223,8318174,1,0.5,FALSE,NA,1,0.92,35,131,35,"!{er <= 44} & {nodes <= 1}",686,246,324,0.472303206997085,TRUE,"","NULL","",5.666
1224,8318175,1,0.5,FALSE,NA,1,0.88,31,112,31,"!{size <= 29} & {er <= 44}",686,246,301,0.438775510204082,TRUE,"","NULL","",4.405
1225,8318176,1,0.5,FALSE,NA,1,0.78,18,91,18,"{pgr <= 16} & {meno}",686,246,301,0.438775510204082,TRUE,"","NULL","",5.58600000000001
1226,8318177,1,0.5,FALSE,NA,1,0.75,4,47,4,"!{pgr <= 114} & !{er <= 44}",686,246,282,0.411078717201166,TRUE,"","NULL","",4.63900000000001
1227,8318178,1,0.5,FALSE,NA,1,0.57,2,31,2,"!{meno} & !{er <= 44}",686,246,295,0.43002915451895,TRUE,"","NULL","",4.72499999999999
1228,8318179,1,0.5,FALSE,NA,1,0.95,25,93,25,"!{pgr <= 114} & {er <= 174}",686,246,293,0.427113702623907,TRUE,"","NULL","",5.089
1229,8318180,1,0.5,FALSE,NA,1,0.94,13,71,13,"!{pgr <= 114} & !{size <= 29}",686,246,309,0.450437317784257,TRUE,"","NULL","",5.92699999999999
1230,8318181,1,0.5,FALSE,NA,1,0.8,4,26,4,"{nodes <= 1} & !{size <= 25}",686,246,312,0.454810495626822,TRUE,"","NULL","",4.73499999999999
1231,8318182,1,0.5,FALSE,NA,1,0.82,9,47,9,"{size <= 20} & {pgr <= 114}",686,246,302,0.440233236151603,TRUE,"","NULL","",5.07900000000001
1232,8318183,1,0.5,FALSE,NA,1,0.87,32,106,32,"{size <= 25} & !{meno}",686,246,299,0.435860058309038,TRUE,"","NULL","",5.45600000000002
1233,8318184,1,0.5,FALSE,NA,1,0.98,25,82,25,"!{pgr <= 114} & !{grade3}",686,246,284,0.41399416909621,TRUE,"","NULL","",6.20499999999998
1234,8318185,1,0.5,FALSE,NA,1,0.82,5,24,5,"{age <= 46} & !{er <= 17}",686,246,301,0.438775510204082,TRUE,"","NULL","",4.34
1235,8318186,1,0.5,FALSE,NA,1,0.62,1,6,1,"{age <= 46} & !{grade3}",686,246,317,0.462099125364431,TRUE,"","NULL","",4.57900000000001
1236,8318187,1,0.5,FALSE,NA,1,0.91,96,288,96,"!{age <= 61} & {size <= 35}",686,246,292,0.425655976676385,TRUE,"","NULL","",7.05399999999997
1237,8318188,1,0.5,FALSE,NA,1,0.81,3,21,3,"!{size <= 35} & !{age <= 46}",686,246,316,0.46064139941691,TRUE,"","NULL","",5.19800000000001
1238,8318189,1,0.5,FALSE,NA,1,0.86,11,37,11,"!{pgr <= 114} & {size <= 35}",686,246,283,0.412536443148688,TRUE,"","NULL","",4.66500000000002
1239,8318190,1,0.5,FALSE,NA,1,0.51,1,5,1,"!{size <= 25} & {er <= 3}",686,246,316,0.46064139941691,TRUE,"","NULL","",4.208
1240,8318191,1,0.5,FALSE,NA,1,0.78,2,16,2,"!{age <= 61} & {size <= 29}",686,246,287,0.418367346938776,TRUE,"","NULL","",4.41200000000001
1241,8318192,1,0.5,FALSE,NA,1,0.85,9,63,9,"!{pgr <= 8} & {er <= 17}",686,246,317,0.462099125364431,TRUE,"","NULL","",5.5
1242,8318193,1,0.5,FALSE,NA,1,0.98,71,194,71,"{size <= 20} & {nodes <= 3}",686,246,312,0.454810495626822,TRUE,"","NULL","",6.83500000000001
1243,8318194,1,0.5,FALSE,NA,1,0.93,13,40,13,"!{nodes <= 7} & !{er <= 9}",686,246,290,0.422740524781341,TRUE,"","NULL","",4.714
1244,8318195,1,0.5,FALSE,NA,1,0.91,8,58,8,"!{pgr <= 2} & {er <= 9}",686,246,295,0.43002915451895,TRUE,"","NULL","",4.33099999999999
1245,8318196,1,0.5,FALSE,NA,0,NA,0,5,0,"",686,246,281,0.409620991253644,TRUE,"","NULL","",4.71199999999999
1246,8318197,1,0.5,FALSE,NA,1,0.9,29,142,29,"!{er <= 100} & {size <= 25}",686,246,283,0.412536443148688,TRUE,"","NULL","",6.499
1247,8318198,1,0.5,FALSE,NA,1,0.77,10,53,10,"!{pgr <= 8} & {er <= 30}",686,246,300,0.43731778425656,TRUE,"","NULL","",5.09199999999998
1248,8318199,1,0.5,FALSE,NA,1,0.99,64,192,64,"{grade3} & !{nodes <= 5}",686,246,293,0.427113702623907,TRUE,"","NULL","",5.90699999999998
1249,8318200,1,0.5,FALSE,NA,0,NA,0,2,0,"",686,246,306,0.446064139941691,TRUE,"","NULL","",4.80699999999999
1250,8318201,1,0.5,FALSE,NA,1,0.88,37,186,37,"!{pgr <= 77} & !{size <= 29}",686,246,281,0.409620991253644,TRUE,"","NULL","",6.60299999999998
1251,8318202,1,0.5,FALSE,NA,1,0.92,21,91,21,"!{pgr <= 114} & {age <= 53}",686,246,305,0.444606413994169,TRUE,"","NULL","",5.303
1252,8318203,1,0.5,FALSE,NA,1,0.83,7,70,7,"!{age <= 53} & !{er <= 100}",686,246,320,0.466472303206997,TRUE,"","NULL","",4.53799999999998
1253,8318204,1,0.5,FALSE,NA,1,0.9,2,34,2,"!{er <= 100} & {er <= 174}",686,246,299,0.435860058309038,TRUE,"","NULL","",5.459
1254,8318205,1,0.5,FALSE,NA,1,0.73,3,24,3,"!{pgr <= 26} & {er <= 30}",686,246,294,0.428571428571429,TRUE,"","NULL","",4.60999999999999
1255,8318206,1,0.5,FALSE,NA,1,0.76,2,17,2,"{age <= 53} & {grade3}",686,246,296,0.431486880466472,TRUE,"","NULL","",4.49199999999999
1256,8318207,1,0.5,FALSE,NA,1,0.98,40,105,40,"{nodes <= 1} & !{er <= 44}",686,246,315,0.459183673469388,TRUE,"","NULL","",5.77000000000001
1257,8318208,1,0.5,FALSE,NA,1,0.75,3,18,3,"{age <= 46} & {pgr <= 26}",686,246,313,0.456268221574344,TRUE,"","NULL","",4.88300000000001
1258,8318209,1,0.5,FALSE,NA,1,0.6,3,21,3,"!{nodes <= 5} & {er <= 17}",686,246,296,0.431486880466472,TRUE,"","NULL","",4.90099999999998
1259,8318210,1,0.5,FALSE,NA,1,0.82,25,133,25,"!{pgr <= 16} & {er <= 30}",686,246,311,0.4533527696793,TRUE,"","NULL","",6.04599999999999
1260,8318211,1,0.5,FALSE,NA,1,0.84,49,169,49,"!{pgr <= 77} & {er <= 174}",686,246,306,0.446064139941691,TRUE,"","NULL","",5.87200000000001
1261,8318212,1,0.5,FALSE,NA,1,0.73,2,8,2,"{er <= 70} & !{age <= 61}",686,246,281,0.409620991253644,TRUE,"","NULL","",4.459
1262,8318213,1,0.5,FALSE,NA,0,NA,0,10,0,"",686,246,301,0.438775510204082,TRUE,"","NULL","",4.524
1263,8318214,1,0.5,FALSE,NA,1,0.89,47,181,47,"!{er <= 3} & {age <= 46}",686,246,298,0.434402332361516,TRUE,"","NULL","",6.46199999999999
1264,8318215,1,0.5,FALSE,NA,1,0.92,23,178,23,"!{nodes <= 5} & {size <= 25}",686,246,286,0.416909620991254,TRUE,"","NULL","",6.03100000000001
1265,8318216,1,0.5,FALSE,NA,1,0.95,46,179,46,"!{er <= 100} & !{size <= 25}",686,246,288,0.419825072886297,TRUE,"","NULL","",7.47999999999999
1266,8318217,1,0.5,FALSE,NA,1,0.91,6,50,6,"{nodes <= 1} & {pgr <= 16}",686,246,310,0.451895043731778,TRUE,"","NULL","",4.44900000000001
1267,8318218,1,0.5,FALSE,NA,1,0.98,32,134,32,"{nodes <= 1} & {pgr <= 45}",686,246,298,0.434402332361516,TRUE,"","NULL","",6.04599999999999
1268,8318219,1,0.5,FALSE,NA,1,0.94,51,172,51,"{grade3} & !{size <= 25}",686,246,270,0.393586005830904,TRUE,"","NULL","",5.107
1269,8318220,1,0.5,FALSE,NA,1,0.98,212,564,212,"{er <= 17} & !{pgr <= 0}",686,246,315,0.459183673469388,TRUE,"","NULL","",12.379
1270,8318221,1,0.5,FALSE,NA,1,0.81,9,60,9,"!{pgr <= 16} & {pgr <= 77}",686,246,312,0.454810495626822,TRUE,"","NULL","",5.20399999999998
1271,8318222,1,0.5,FALSE,NA,1,0.86,8,39,8,"!{er <= 70} & {er <= 174}",686,246,308,0.448979591836735,TRUE,"","NULL","",4.00800000000001
1272,8318223,1,0.5,FALSE,NA,1,0.75,14,87,14,"{size <= 20} & {pgr <= 184}",686,246,286,0.416909620991254,TRUE,"","NULL","",3.63399999999999
1273,8318224,1,0.5,FALSE,NA,1,0.84,28,152,28,"{nodes <= 3} & !{age <= 61}",686,246,294,0.428571428571429,TRUE,"","NULL","",6.732
1274,8318225,1,0.5,FALSE,NA,1,0.92,16,116,16,"{size <= 29} & !{er <= 174}",686,246,308,0.448979591836735,TRUE,"","NULL","",6.03700000000001
1275,8318226,1,0.5,FALSE,NA,1,0.92,18,76,18,"{er <= 70} & {size <= 20}",686,246,291,0.424198250728863,TRUE,"","NULL","",5.26899999999998
1276,8318227,1,0.5,FALSE,NA,1,0.97,26,132,26,"{age <= 53} & !{size <= 35}",686,246,315,0.459183673469388,TRUE,"","NULL","",4.83000000000001
1277,8318228,1,0.5,FALSE,NA,1,0.79,4,32,4,"{er <= 3} & {nodes <= 7}",686,246,288,0.419825072886297,TRUE,"","NULL","",5.13400000000001
1278,8318229,1,0.5,FALSE,NA,1,0.95,11,45,11,"!{pgr <= 8} & {grade3}",686,246,300,0.43731778425656,TRUE,"","NULL","",4.92000000000002
1279,8318230,1,0.5,FALSE,NA,1,0.92,13,59,13,"{pgr <= 0} & {er <= 70}",686,246,282,0.411078717201166,TRUE,"","NULL","",4.916
1280,8318231,1,0.5,FALSE,NA,1,0.94,55,314,55,"!{meno} & !{er <= 44}",686,246,295,0.43002915451895,TRUE,"","NULL","",7.346
1281,8318232,1,0.5,FALSE,NA,1,0.99,160,447,160,"{pgr <= 26} & !{age <= 61}",686,246,306,0.446064139941691,TRUE,"","NULL","",10.694
1282,8318233,1,0.5,FALSE,NA,1,0.95,13,41,13,"{nodes <= 1} & !{er <= 17}",686,246,295,0.43002915451895,TRUE,"","NULL","",4.5
1283,8318234,1,0.5,FALSE,NA,1,0.92,7,67,7,"{nodes <= 1} & !{meno}",686,246,299,0.435860058309038,TRUE,"","NULL","",4.756
1284,8318235,1,0.5,FALSE,NA,1,0.56,2,14,2,"{nodes <= 1} & !{pgr <= 77}",686,246,303,0.441690962099125,TRUE,"","NULL","",3.42400000000001
1285,8318236,1,0.5,FALSE,NA,1,0.76,2,9,2,"{nodes <= 5} & !{nodes <= 3}",686,246,292,0.425655976676385,TRUE,"","NULL","",4.886
1286,8318237,1,0.5,FALSE,NA,1,0.95,13,49,13,"!{size <= 25} & !{nodes <= 7}",686,246,290,0.422740524781341,TRUE,"","NULL","",4.876
1287,8318238,1,0.5,FALSE,NA,1,0.61,1,32,1,"{size <= 20} & !{nodes <= 3}",686,246,282,0.411078717201166,TRUE,"","NULL","",5.048
1288,8318239,1,0.5,FALSE,NA,1,0.66,10,72,10,"!{age <= 46} & !{nodes <= 3}",686,246,305,0.444606413994169,TRUE,"","NULL","",5.28
1289,8318240,1,0.5,FALSE,NA,1,0.84,2,18,2,"!{er <= 17} & {er <= 30}",686,246,305,0.444606413994169,TRUE,"","NULL","",4.876
1290,8318241,1,0.5,FALSE,NA,0,NA,0,2,0,"",686,246,300,0.43731778425656,TRUE,"","NULL","",4.64099999999999
1291,8318242,1,0.5,FALSE,NA,1,0.65,3,37,3,"{grade3} & {size <= 29}",686,246,279,0.406705539358601,TRUE,"","NULL","",4.79499999999999
1292,8318243,1,0.5,FALSE,NA,1,0.97,33,176,33,"!{age <= 61} & {er <= 174}",686,246,304,0.443148688046647,TRUE,"","NULL","",6.292
1293,8318244,1,0.5,FALSE,NA,1,0.56,1,11,1,"!{er <= 70} & {er <= 100}",686,246,293,0.427113702623907,TRUE,"","NULL","",4.69399999999999
1294,8318245,1,0.5,FALSE,NA,1,0.94,6,64,6,"!{nodes <= 3} & {pgr <= 2}",686,246,293,0.427113702623907,TRUE,"","NULL","",5.08600000000001
1295,8318246,1,0.5,FALSE,NA,1,0.89,15,65,15,"!{pgr <= 26} & {pgr <= 77}",686,246,310,0.451895043731778,TRUE,"","NULL","",5.37300000000002
1296,8318247,1,0.5,FALSE,NA,1,0.98,64,169,64,"{nodes <= 1} & !{grade3}",686,246,308,0.448979591836735,TRUE,"","NULL","",5.79599999999999
1297,8318248,1,0.5,FALSE,NA,1,0.94,39,144,39,"!{er <= 174} & !{nodes <= 1}",686,246,326,0.475218658892128,TRUE,"","NULL","",7.32599999999999
1298,8318249,1,0.5,FALSE,NA,1,0.91,10,70,10,"{nodes <= 7} & {pgr <= 0}",686,246,329,0.479591836734694,TRUE,"","NULL","",5.20099999999999
1299,8318250,1,0.5,FALSE,NA,1,0.83,5,15,5,"{meno} & {size <= 20}",686,246,295,0.43002915451895,TRUE,"","NULL","",4.375
1300,8318251,1,0.5,FALSE,NA,1,0.98,26,99,26,"!{pgr <= 45} & {er <= 100}",686,246,306,0.446064139941691,TRUE,"","NULL","",5.18200000000002
1301,8318252,1,0.5,FALSE,NA,1,0.66,4,40,4,"{pgr <= 45} & !{pgr <= 16}",686,246,293,0.427113702623907,TRUE,"","NULL","",5.09299999999999
1302,8318253,1,0.5,FALSE,NA,1,0.9,28,124,28,"!{size <= 35} & {pgr <= 45}",686,246,303,0.441690962099125,TRUE,"","NULL","",6.35199999999998
1303,8318254,1,0.5,FALSE,NA,1,0.91,38,203,38,"{nodes <= 3} & {pgr <= 26}",686,246,313,0.456268221574344,TRUE,"","NULL","",7.203
1304,8318255,1,0.5,FALSE,NA,1,0.75,5,31,5,"{nodes <= 3} & {age <= 46}",686,246,306,0.446064139941691,TRUE,"","NULL","",3.77599999999998
1305,8318256,1,0.5,FALSE,NA,1,0.7,8,59,8,"!{nodes <= 5} & {meno}",686,246,279,0.406705539358601,TRUE,"","NULL","",5.05699999999999
1306,8318257,1,0.5,FALSE,NA,1,0.96,26,96,26,"{er <= 70} & !{age <= 61}",686,246,287,0.418367346938776,TRUE,"","NULL","",5.52699999999999
1307,8318258,1,0.5,FALSE,NA,1,0.93,118,388,118,"{nodes <= 7} & {age <= 46}",686,246,293,0.427113702623907,TRUE,"","NULL","",8.86699999999999
1308,8318259,1,0.5,FALSE,NA,1,0.89,38,107,38,"{nodes <= 1} & {er <= 70}",686,246,306,0.446064139941691,TRUE,"","NULL","",4.441
1309,8318260,1,0.5,FALSE,NA,1,0.81,20,138,20,"{age <= 46} & {er <= 70}",686,246,282,0.411078717201166,TRUE,"","NULL","",6.74699999999999
1310,8318261,1,0.5,FALSE,NA,1,0.91,9,44,9,"!{er <= 174} & {meno}",686,246,304,0.443148688046647,TRUE,"","NULL","",5.21899999999999
1311,8318262,1,0.5,FALSE,NA,1,0.78,4,13,4,"!{age <= 53} & {er <= 17}",686,246,301,0.438775510204082,TRUE,"","NULL","",4.19400000000002
1312,8318263,1,0.5,FALSE,NA,1,0.93,31,116,31,"!{pgr <= 184}",686,246,284,0.41399416909621,TRUE,"","NULL","",5.31800000000001
1313,8318264,1,0.5,FALSE,NA,1,0.84,11,61,11,"!{nodes <= 3} & !{pgr <= 45}",686,246,307,0.447521865889213,TRUE,"","NULL","",5.488
1314,8318265,1,0.5,FALSE,NA,1,0.69,5,40,5,"!{er <= 17} & {er <= 70}",686,246,287,0.418367346938776,TRUE,"","NULL","",4.70400000000001
1315,8318266,1,0.5,FALSE,NA,1,0.89,14,67,14,"!{er <= 17} & {age <= 46}",686,246,306,0.446064139941691,TRUE,"","NULL","",5.08800000000002
1316,8318267,1,0.5,FALSE,NA,1,0.83,9,50,9,"{size <= 29} & !{age <= 61}",686,246,298,0.434402332361516,TRUE,"","NULL","",4.75400000000002
1317,8318268,1,0.5,FALSE,NA,1,0.9,32,152,32,"{nodes <= 1} & !{er <= 70}",686,246,292,0.425655976676385,TRUE,"","NULL","",6.99199999999999
1318,8318269,1,0.5,FALSE,NA,1,0.89,38,166,38,"!{age <= 61} & !{pgr <= 8}",686,246,281,0.409620991253644,TRUE,"","NULL","",6.828
1319,8318270,1,0.5,FALSE,NA,0,NA,0,4,0,"",686,246,317,0.462099125364431,TRUE,"","NULL","",4.24800000000002
1320,8318271,1,0.5,FALSE,NA,1,0.98,62,245,62,"!{size <= 35} & {pgr <= 45}",686,246,302,0.440233236151603,TRUE,"","NULL","",5.93100000000001
1321,8318272,1,0.5,FALSE,NA,1,0.89,29,164,29,"{er <= 44} & !{er <= 17}",686,246,281,0.409620991253644,TRUE,"","NULL","",6.738
1322,8318273,1,0.5,FALSE,NA,1,0.9,15,66,15,"{nodes <= 1} & !{er <= 30}",686,246,306,0.446064139941691,TRUE,"","NULL","",5.434
1323,8318274,1,0.5,FALSE,NA,1,0.97,68,221,68,"{nodes <= 5} & !{er <= 100}",686,246,305,0.444606413994169,TRUE,"","NULL","",6.77000000000001
1324,8318275,1,0.5,FALSE,NA,1,0.88,14,64,14,"{nodes <= 3} & {er <= 17}",686,246,304,0.443148688046647,TRUE,"","NULL","",3.92700000000002
1325,8318276,1,0.5,FALSE,NA,1,0.97,49,141,49,"!{meno} & !{age <= 46}",686,246,290,0.422740524781341,TRUE,"","NULL","",6.506
1326,8318277,1,0.5,FALSE,NA,1,0.96,37,144,37,"!{er <= 100} & {age <= 61}",686,246,276,0.402332361516035,TRUE,"","NULL","",6.06399999999999
1327,8318278,1,0.5,FALSE,NA,1,0.7,4,24,4,"!{pgr <= 45} & !{nodes <= 1}",686,246,297,0.432944606413994,TRUE,"","NULL","",4.41
1328,8318279,1,0.5,FALSE,NA,1,0.86,12,84,12,"{size <= 20} & !{age <= 53}",686,246,291,0.424198250728863,TRUE,"","NULL","",4.65900000000002
1329,8318280,1,0.5,FALSE,NA,1,0.9,31,146,31,"!{meno} & !{pgr <= 114}",686,246,308,0.448979591836735,TRUE,"","NULL","",6.91199999999998
1330,8318281,1,0.5,FALSE,NA,1,0.8,6,34,6,"{size <= 25} & {er <= 17}",686,246,285,0.415451895043732,TRUE,"","NULL","",4.71100000000001
1331,8318282,1,0.5,FALSE,NA,1,0.73,2,25,2,"{size <= 29} & !{nodes <= 5}",686,246,296,0.431486880466472,TRUE,"","NULL","",4.72800000000001
1332,8318283,1,0.5,FALSE,NA,1,0.75,5,38,5,"!{er <= 100} & !{pgr <= 77}",686,246,303,0.441690962099125,TRUE,"","NULL","",4.37300000000002
1333,8318284,1,0.5,FALSE,NA,1,0.88,21,76,21,"!{nodes <= 5} & !{pgr <= 16}",686,246,306,0.446064139941691,TRUE,"","NULL","",5.654
1334,8318285,1,0.5,FALSE,NA,1,0.92,109,403,109,"!{er <= 30} & !{nodes <= 1}",686,246,293,0.427113702623907,TRUE,"","NULL","",9.76300000000001
1335,8318286,1,0.5,FALSE,NA,1,0.94,46,135,46,"!{er <= 44} & {pgr <= 45}",686,246,295,0.43002915451895,TRUE,"","NULL","",5.50900000000001
1336,8318287,1,0.5,FALSE,NA,0,NA,0,20,0,"",686,246,284,0.41399416909621,TRUE,"","NULL","",3.36499999999998
1337,8318288,1,0.5,FALSE,NA,1,0.85,29,108,29,"{grade3} & {nodes <= 7}",686,246,308,0.448979591836735,TRUE,"","NULL","",6.39699999999999
1338,8318289,1,0.5,FALSE,NA,1,0.92,10,57,10,"!{grade3} & !{size <= 35}",686,246,293,0.427113702623907,TRUE,"","NULL","",4.773
1339,8318290,1,0.5,FALSE,NA,1,0.81,13,54,13,"!{pgr <= 45} & !{size <= 29}",686,246,313,0.456268221574344,TRUE,"","NULL","",5.351
1340,8318291,1,0.5,FALSE,NA,0,NA,0,33,0,"",686,246,319,0.465014577259475,TRUE,"","NULL","",4.39099999999999
1341,8318292,1,0.5,FALSE,NA,1,0.97,92,270,92,"!{size <= 35} & !{grade3}",686,246,304,0.443148688046647,TRUE,"","NULL","",8.238
1342,8318293,1,0.5,FALSE,NA,1,0.82,5,14,5,"!{age <= 61} & !{pgr <= 16}",686,246,315,0.459183673469388,TRUE,"","NULL","",4.44400000000002
1343,8318294,1,0.5,FALSE,NA,1,0.66,4,43,4,"!{age <= 46} & !{pgr <= 77}",686,246,312,0.454810495626822,TRUE,"","NULL","",4.91900000000001
1344,8318295,1,0.5,FALSE,NA,1,0.9,56,267,56,"{size <= 35} & !{size <= 29}",686,246,292,0.425655976676385,TRUE,"","NULL","",6.29999999999998
1345,8318296,1,0.5,FALSE,NA,0,NA,0,6,0,"",686,246,286,0.416909620991254,TRUE,"","NULL","",4.71799999999999
1346,8318297,1,0.5,FALSE,NA,1,0.68,2,8,2,"{size <= 20} & {pgr <= 45}",686,246,297,0.432944606413994,TRUE,"","NULL","",4.506
1347,8318298,1,0.5,FALSE,NA,1,0.99,40,165,40,"{nodes <= 3} & !{age <= 61}",686,246,296,0.431486880466472,TRUE,"","NULL","",6.30700000000002
1348,8318299,1,0.5,FALSE,NA,1,0.77,1,28,1,"!{pgr <= 45} & !{size <= 35}",686,246,284,0.41399416909621,TRUE,"","NULL","",4.428
1349,8318300,1,0.5,FALSE,NA,1,0.85,5,42,5,"!{er <= 174} & {pgr <= 337}",686,246,280,0.408163265306122,TRUE,"","NULL","",5.303
1350,8318301,1,0.5,FALSE,NA,1,0.86,28,192,28,"{nodes <= 3} & {er <= 17}",686,246,320,0.466472303206997,TRUE,"","NULL","",7.273
1351,8318302,1,0.5,FALSE,NA,1,0.9,24,132,24,"!{size <= 35} & !{pgr <= 26}",686,246,286,0.416909620991254,TRUE,"","NULL","",5.857
1352,8318303,1,0.5,FALSE,NA,1,0.6,1,11,1,"!{size <= 25} & {pgr <= 2}",686,246,284,0.41399416909621,TRUE,"","NULL","",3.66
1353,8318304,1,0.5,FALSE,NA,1,0.98,59,148,59,"{er <= 17} & !{er <= 3}",686,246,292,0.425655976676385,TRUE,"","NULL","",6.37200000000001
1354,8318305,1,0.5,FALSE,NA,1,0.6,3,12,3,"!{size <= 25} & {pgr <= 8}",686,246,301,0.438775510204082,TRUE,"","NULL","",4.31800000000001
1355,8318306,1,0.5,FALSE,NA,1,0.53,3,19,3,"!{pgr <= 45} & {er <= 44}",686,246,307,0.447521865889213,TRUE,"","NULL","",4.43099999999998
1356,8318307,1,0.5,FALSE,NA,1,0.96,77,202,77,"!{er <= 100} & !{size <= 25}",686,246,296,0.431486880466472,TRUE,"","NULL","",6.31299999999999
1357,8318308,1,0.5,FALSE,NA,1,0.93,16,53,16,"!{pgr <= 114} & !{age <= 53}",686,246,308,0.448979591836735,TRUE,"","NULL","",5.72999999999999
1358,8318309,1,0.5,FALSE,NA,1,0.78,2,25,2,"!{pgr <= 114} & {age <= 53}",686,246,306,0.446064139941691,TRUE,"","NULL","",4.501
1359,8318310,1,0.5,FALSE,NA,1,0.94,11,61,11,"!{er <= 17} & {er <= 30}",686,246,321,0.467930029154519,TRUE,"","NULL","",5.06900000000002
1360,8318311,1,0.5,FALSE,NA,1,0.59,3,26,3,"!{nodes <= 5} & !{pgr <= 16}",686,246,290,0.422740524781341,TRUE,"","NULL","",4.66200000000001
1361,8318312,1,0.5,FALSE,NA,1,0.76,3,28,3,"{nodes <= 3} & !{age <= 61}",686,246,275,0.400874635568513,TRUE,"","NULL","",4.827
1362,8318313,1,0.5,FALSE,NA,1,0.68,2,17,2,"{er <= 17} & !{pgr <= 16}",686,246,298,0.434402332361516,TRUE,"","NULL","",4.50700000000001
1363,8318314,1,0.5,FALSE,NA,1,1,85,251,85,"!{pgr <= 45} & !{size <= 35}",686,246,312,0.454810495626822,TRUE,"","NULL","",7.77699999999999
1364,8318315,1,0.5,FALSE,NA,1,0.95,36,83,36,"{nodes <= 1} & !{size <= 20}",686,246,282,0.411078717201166,TRUE,"","NULL","",4.453
1365,8318316,1,0.5,FALSE,NA,1,0.76,2,27,2,"{age <= 46} & !{grade3}",686,246,281,0.409620991253644,TRUE,"","NULL","",4.80999999999997
1366,8318317,1,0.5,FALSE,NA,0,NA,0,4,0,"",686,246,295,0.43002915451895,TRUE,"","NULL","",4.53
1367,8318318,1,0.5,FALSE,NA,1,0.86,27,147,27,"!{pgr <= 77} & {pgr <= 184}",686,246,275,0.400874635568513,TRUE,"","NULL","",6.453
1368,8318319,1,0.5,FALSE,NA,1,0.82,8,36,8,"{nodes <= 7} & !{size <= 35}",686,246,295,0.43002915451895,TRUE,"","NULL","",4.53700000000001
1369,8318320,1,0.5,FALSE,NA,1,0.99,41,101,41,"!{pgr <= 184} & {nodes <= 7}",686,246,306,0.446064139941691,TRUE,"","NULL","",5.75700000000001
1370,8318321,1,0.5,FALSE,NA,1,0.88,7,37,7,"!{nodes <= 7} & !{er <= 9}",686,246,275,0.400874635568513,TRUE,"","NULL","",4.65000000000001
1371,8318322,1,0.5,FALSE,NA,1,0.62,2,18,2,"{age <= 46} & {er <= 9}",686,246,302,0.440233236151603,TRUE,"","NULL","",4.70699999999999
1372,8318323,1,0.5,FALSE,NA,1,0.8,11,52,11,"!{pgr <= 114} & {meno}",686,246,305,0.444606413994169,TRUE,"","NULL","",4.74799999999999
1373,8318324,1,0.5,FALSE,NA,1,0.96,27,99,27,"!{er <= 30} & {age <= 46}",686,246,292,0.425655976676385,TRUE,"","NULL","",6.52199999999999
1374,8318325,1,0.5,FALSE,NA,1,0.93,4,30,4,"{nodes <= 1} & !{size <= 25}",686,246,299,0.435860058309038,TRUE,"","NULL","",4.55799999999999
1375,8318326,1,0.5,FALSE,NA,1,0.67,3,35,3,"!{age <= 61} & {size <= 25}",686,246,287,0.418367346938776,TRUE,"","NULL","",4.55699999999999
1376,8318327,1,0.5,FALSE,NA,1,0.86,33,97,33,"!{er <= 30} & {meno}",686,246,294,0.428571428571429,TRUE,"","NULL","",5.334
1377,8318328,1,0.5,FALSE,NA,1,1,40,119,40,"!{nodes <= 3} & {grade3}",686,246,306,0.446064139941691,TRUE,"","NULL","",6.352
1378,8318329,1,0.5,FALSE,NA,1,0.97,58,147,58,"{er <= 3} & {nodes <= 7}",686,246,291,0.424198250728863,TRUE,"","NULL","",6.21499999999997
1379,8318330,1,0.5,FALSE,NA,0,NA,0,3,0,"",686,246,301,0.438775510204082,TRUE,"","NULL","",4.124
1380,8318331,1,0.5,FALSE,NA,1,0.98,48,172,48,"!{age <= 53} & {er <= 9}",686,246,303,0.441690962099125,TRUE,"","NULL","",5.441
1381,8318332,1,0.5,FALSE,NA,0,NA,0,15,0,"",686,246,314,0.457725947521866,TRUE,"","NULL","",4.774
1382,8318333,1,0.5,FALSE,NA,0,NA,0,7,0,"",686,246,287,0.418367346938776,TRUE,"","NULL","",4.38199999999998
1383,8318334,1,0.5,FALSE,NA,1,0.73,12,73,12,"!{pgr <= 114} & !{age <= 46}",686,246,307,0.447521865889213,TRUE,"","NULL","",5.32900000000001
1384,8318335,1,0.5,FALSE,NA,1,0.91,1,2,1,"!{pgr <= 16} & {pgr <= 26}",686,246,315,0.459183673469388,TRUE,"","NULL","",4.352
1385,8318336,1,0.5,FALSE,NA,1,0.78,10,58,10,"{nodes <= 3} & !{size <= 25}",686,246,291,0.424198250728863,TRUE,"","NULL","",5.27700000000002
1386,8318337,1,0.5,FALSE,NA,1,0.76,10,53,10,"{age <= 53} & {pgr <= 16}",686,246,307,0.447521865889213,TRUE,"","NULL","",5.279
1387,8318338,1,0.5,FALSE,NA,1,0.66,2,38,2,"{meno} & {age <= 53}",686,246,301,0.438775510204082,TRUE,"","NULL","",4.81900000000002
1388,8318339,1,0.5,FALSE,NA,1,0.59,2,19,2,"{er <= 17} & !{er <= 9}",686,246,312,0.454810495626822,TRUE,"","NULL","",4.77199999999999
1389,8318340,1,0.5,FALSE,NA,1,0.65,3,19,3,"{nodes <= 1} & {er <= 44}",686,246,312,0.454810495626822,TRUE,"","NULL","",4.92699999999999
1390,8318341,1,0.5,FALSE,NA,1,0.88,54,184,54,"!{age <= 53} & {er <= 30}",686,246,317,0.462099125364431,TRUE,"","NULL","",6.79399999999998
1391,8318342,1,0.5,FALSE,NA,1,0.9,14,76,14,"!{size <= 25} & {age <= 46}",686,246,307,0.447521865889213,TRUE,"","NULL","",5.334
1392,8318343,1,0.5,FALSE,NA,1,0.73,4,27,4,"{nodes <= 3} & !{er <= 70}",686,246,279,0.406705539358601,TRUE,"","NULL","",4.03200000000001
1393,8318344,1,0.5,FALSE,NA,1,0.54,1,13,1,"!{meno} & !{er <= 30}",686,246,311,0.4533527696793,TRUE,"","NULL","",4.75
1394,8318345,1,0.5,FALSE,NA,0,NA,0,19,0,"",686,246,320,0.466472303206997,TRUE,"","NULL","",5.107
1395,8318346,1,0.5,FALSE,NA,1,0.72,2,5,2,"!{pgr <= 184} & !{er <= 44}",686,246,292,0.425655976676385,TRUE,"","NULL","",4.489
1396,8318347,1,0.5,FALSE,NA,1,1,138,424,138,"{grade3} & {er <= 3}",686,246,291,0.424198250728863,TRUE,"","NULL","",8.58199999999999
1397,8318348,1,0.5,FALSE,NA,1,0.99,125,355,125,"{pgr <= 8} & !{er <= 3}",686,246,289,0.421282798833819,TRUE,"","NULL","Loglik converged before variable  1 ; coefficient may be infinite. ",9.35599999999999
1398,8318349,1,0.5,FALSE,NA,1,0.97,12,61,12,"{age <= 53} & !{nodes <= 5}",686,246,308,0.448979591836735,TRUE,"","NULL","",5.15600000000001
1399,8318350,1,0.5,FALSE,NA,1,0.97,17,74,17,"{nodes <= 1} & !{pgr <= 77}",686,246,311,0.4533527696793,TRUE,"","NULL","",5.36799999999999
1400,8318351,1,0.5,FALSE,NA,1,0.99,84,162,84,"{er <= 9} & {size <= 29}",686,246,298,0.434402332361516,TRUE,"","NULL","",4.40099999999998
1401,8318352,1,0.5,FALSE,NA,1,0.82,14,67,14,"{er <= 30} & {grade3}",686,246,301,0.438775510204082,TRUE,"","NULL","",5.41500000000002
1402,8318353,1,0.5,FALSE,NA,1,0.85,23,101,23,"{pgr <= 2} & {size <= 35}",686,246,282,0.411078717201166,TRUE,"","NULL","",5.56
1403,8318354,1,0.5,FALSE,NA,1,0.95,19,74,19,"!{pgr <= 8} & {er <= 17}",686,246,298,0.434402332361516,TRUE,"","NULL","",5.47399999999999
1404,8318355,1,0.5,FALSE,NA,1,0.89,16,29,16,"!{er <= 174} & {size <= 35}",686,246,298,0.434402332361516,TRUE,"","NULL","",4.215
1405,8318356,1,0.5,FALSE,NA,1,0.97,47,147,47,"!{pgr <= 77} & {age <= 53}",686,246,293,0.427113702623907,TRUE,"","NULL","",7.155
1406,8318357,1,0.5,FALSE,NA,1,0.78,8,33,8,"!{age <= 53} & !{nodes <= 3}",686,246,292,0.425655976676385,TRUE,"","NULL","",4.316
1407,8318358,1,0.5,FALSE,NA,1,0.74,21,108,21,"!{pgr <= 16} & {pgr <= 45}",686,246,317,0.462099125364431,TRUE,"","NULL","",5.58700000000002
1408,8318359,1,0.5,FALSE,NA,1,0.77,16,62,16,"{size <= 25} & {age <= 53}",686,246,288,0.419825072886297,TRUE,"","NULL","",4.285
1409,8318360,1,0.5,FALSE,NA,1,0.77,3,15,3,"!{meno} & !{age <= 46}",686,246,307,0.447521865889213,TRUE,"","NULL","",5.01300000000001
1410,8318361,1,0.5,FALSE,NA,1,0.96,7,22,7,"{pgr <= 2} & {size <= 29}",686,246,317,0.462099125364431,TRUE,"","NULL","",4.66200000000001
1411,8318362,1,0.5,FALSE,NA,1,0.97,36,157,36,"{nodes <= 7} & {er <= 0}",686,246,312,0.454810495626822,TRUE,"","NULL","",6.941
1412,8318363,1,0.5,FALSE,NA,1,1,83,275,83,"!{nodes <= 7} & !{age <= 53}",686,246,297,0.432944606413994,TRUE,"","NULL","",6.393
1413,8318364,1,0.5,FALSE,NA,1,1,147,379,147,"!{pgr <= 114} & {size <= 25}",686,246,312,0.454810495626822,TRUE,"","NULL","",9.55300000000003
1414,8318365,1,0.5,FALSE,NA,1,0.56,3,22,3,"!{er <= 174} & {pgr <= 184}",686,246,285,0.415451895043732,TRUE,"","NULL","",4.38300000000001
1415,8318366,1,0.5,FALSE,NA,1,0.84,3,16,3,"!{pgr <= 114} & {er <= 174}",686,246,279,0.406705539358601,TRUE,"","NULL","",4.50199999999998
1416,8318367,1,0.5,FALSE,NA,1,0.96,15,79,15,"!{age <= 61} & !{size <= 20}",686,246,296,0.431486880466472,TRUE,"","NULL","",3.964
1417,8318368,1,0.5,FALSE,NA,1,0.84,4,40,4,"{size <= 20} & {er <= 17}",686,246,323,0.470845481049563,TRUE,"","NULL","",5.107
1418,8318369,1,0.5,FALSE,NA,1,0.93,28,102,28,"{er <= 44} & !{er <= 17}",686,246,295,0.43002915451895,TRUE,"","NULL","",5.685
1419,8318370,1,0.5,FALSE,NA,0,NA,0,9,0,"",686,246,277,0.403790087463557,TRUE,"","NULL","",4.262
1420,8318371,1,0.5,FALSE,NA,1,0.71,3,30,3,"!{pgr <= 114} & !{size <= 25}",686,246,317,0.462099125364431,TRUE,"","NULL","",4.77500000000001
1421,8318372,1,0.5,FALSE,NA,1,0.53,1,22,1,"!{size <= 35} & !{age <= 53}",686,246,300,0.43731778425656,TRUE,"","NULL","",4.804
1422,8318373,1,0.5,FALSE,NA,1,0.56,1,7,1,"{size <= 25} & {grade3}",686,246,295,0.43002915451895,TRUE,"","NULL","",4.60199999999998
1423,8318374,1,0.5,FALSE,NA,1,0.67,5,31,5,"!{er <= 100} & {pgr <= 337}",686,246,304,0.443148688046647,TRUE,"","NULL","",4.68299999999999
1424,8318375,1,0.5,FALSE,NA,1,0.95,49,175,49,"!{size <= 29} & {nodes <= 5}",686,246,303,0.441690962099125,TRUE,"","NULL","",6.47300000000001
1425,8318376,1,0.5,FALSE,NA,1,0.91,41,223,41,"{nodes <= 3} & !{age <= 53}",686,246,317,0.462099125364431,TRUE,"","NULL","",7.75899999999999
1426,8318377,1,0.5,FALSE,NA,1,0.88,12,65,12,"!{pgr <= 77} & !{nodes <= 3}",686,246,312,0.454810495626822,TRUE,"","NULL","",5.13999999999999
1427,8318378,1,0.5,FALSE,NA,1,0.93,30,98,30,"!{er <= 3} & {pgr <= 16}",686,246,305,0.444606413994169,TRUE,"","NULL","",5.25800000000001
1428,8318379,1,0.5,FALSE,NA,1,0.78,18,104,18,"{er <= 100} & !{pgr <= 16}",686,246,297,0.432944606413994,TRUE,"","NULL","",4.26999999999998
1429,8318380,1,0.5,FALSE,NA,1,0.62,1,7,1,"{age <= 53} & !{nodes <= 7}",686,246,290,0.422740524781341,TRUE,"","NULL","",4.52799999999999
1430,8318381,1,0.5,FALSE,NA,1,0.92,64,206,64,"!{size <= 29} & !{er <= 70}",686,246,310,0.451895043731778,TRUE,"","NULL","",6.91899999999998
1431,8318382,1,0.5,FALSE,NA,1,0.96,39,105,39,"!{er <= 44} & {age <= 53}",686,246,293,0.427113702623907,TRUE,"","NULL","",5.774
1432,8318383,1,0.5,FALSE,NA,1,0.57,1,44,1,"!{nodes <= 1} & {pgr <= 0}",686,246,286,0.416909620991254,TRUE,"","NULL","",4.12
1433,8318384,1,0.5,FALSE,NA,1,0.93,3,32,3,"{nodes <= 1} & {pgr <= 16}",686,246,299,0.435860058309038,TRUE,"","NULL","",4.91499999999999
1434,8318385,1,0.5,FALSE,NA,1,0.8,7,28,7,"!{pgr <= 114} & {size <= 29}",686,246,322,0.469387755102041,TRUE,"","NULL","",5.09099999999998
1435,8318386,1,0.5,FALSE,NA,1,0.56,1,40,1,"{age <= 46} & {er <= 44}",686,246,312,0.454810495626822,TRUE,"","NULL","",5.06399999999999
1436,8318387,1,0.5,FALSE,NA,1,0.88,15,67,15,"{pgr <= 2} & {age <= 53}",686,246,277,0.403790087463557,TRUE,"","NULL","",4.81299999999999
1437,8318388,1,0.5,FALSE,NA,1,0.77,3,22,3,"!{pgr <= 77} & {pgr <= 114}",686,246,305,0.444606413994169,TRUE,"","NULL","",4.96100000000001
1438,8318389,1,0.5,FALSE,NA,1,0.73,7,40,7,"!{age <= 53} & {age <= 61}",686,246,297,0.432944606413994,TRUE,"","NULL","",4.83200000000002
1439,8318390,1,0.5,FALSE,NA,1,0.98,126,348,126,"!{pgr <= 184}",686,246,298,0.434402332361516,TRUE,"","NULL","",9.29599999999999
1440,8318391,1,0.5,FALSE,NA,1,0.74,4,19,4,"{age <= 46} & {er <= 44}",686,246,303,0.441690962099125,TRUE,"","NULL","",3.47800000000001
1441,8318392,1,0.5,FALSE,NA,1,0.9,9,60,9,"!{nodes <= 3} & !{er <= 100}",686,246,327,0.47667638483965,TRUE,"","NULL","",6.09700000000001
1442,8318393,1,0.5,FALSE,NA,1,0.68,3,45,3,"!{age <= 61} & {size <= 29}",686,246,300,0.43731778425656,TRUE,"","NULL","",4.67000000000002
1443,8318394,1,0.5,FALSE,NA,1,0.84,10,83,10,"{nodes <= 7} & !{er <= 174}",686,246,304,0.443148688046647,TRUE,"","NULL","",5.34
1444,8318395,1,0.5,FALSE,NA,0,NA,0,17,0,"",686,246,304,0.443148688046647,TRUE,"","NULL","",4.16999999999999
1445,8318396,1,0.5,FALSE,NA,1,0.88,20,109,20,"{size <= 20} & {nodes <= 5}",686,246,279,0.406705539358601,TRUE,"","NULL","",6.596
1446,8318397,1,0.5,FALSE,NA,1,0.94,28,130,28,"{grade3} & {er <= 30}",686,246,337,0.491253644314869,TRUE,"","NULL","",6.12100000000001
1447,8318398,1,0.5,FALSE,NA,1,0.76,6,39,6,"{age <= 46} & !{nodes <= 1}",686,246,294,0.428571428571429,TRUE,"","NULL","",4.87899999999999
1448,8318399,1,0.5,FALSE,NA,1,0.91,11,51,11,"{grade3} & !{meno}",686,246,312,0.454810495626822,TRUE,"","NULL","",4.04399999999998
1449,8318400,1,0.5,FALSE,NA,1,0.95,26,88,26,"!{pgr <= 16} & !{size <= 35}",686,246,315,0.459183673469388,TRUE,"","NULL","",6.386
1450,8318401,1,0.5,FALSE,NA,1,0.83,8,45,8,"{grade3} & !{size <= 25}",686,246,288,0.419825072886297,TRUE,"","NULL","",4.864
1451,8318402,1,0.5,FALSE,NA,1,0.96,31,105,31,"!{size <= 35} & {pgr <= 26}",686,246,282,0.411078717201166,TRUE,"","NULL","",5.46199999999999
1452,8318403,1,0.5,FALSE,NA,1,0.75,4,25,4,"{nodes <= 3} & !{pgr <= 77}",686,246,303,0.441690962099125,TRUE,"","NULL","",4.16
1453,8318404,1,0.5,FALSE,NA,1,0.68,3,13,3,"!{er <= 30} & {er <= 70}",686,246,302,0.440233236151603,TRUE,"","NULL","",4.893
1454,8318405,1,0.5,FALSE,NA,1,0.78,6,27,6,"!{nodes <= 3} & !{pgr <= 77}",686,246,300,0.43731778425656,TRUE,"","NULL","",4.75399999999999
1455,8318406,1,0.5,FALSE,NA,1,0.53,3,22,3,"!{er <= 9} & {pgr <= 16}",686,246,302,0.440233236151603,TRUE,"","NULL","",4.488
1456,8318407,1,0.5,FALSE,NA,1,0.6,1,4,1,"!{er <= 17} & {er <= 30}",686,246,274,0.399416909620991,TRUE,"","NULL","",4.28100000000001
1457,8318408,1,0.5,FALSE,NA,1,0.85,28,111,28,"{nodes <= 5} & !{nodes <= 3}",686,246,288,0.419825072886297,TRUE,"","NULL","",6.387
1458,8318409,1,0.5,FALSE,NA,1,0.84,10,36,10,"{nodes <= 3} & !{pgr <= 114}",686,246,307,0.447521865889213,TRUE,"","NULL","",5.15000000000001
1459,8318410,1,0.5,FALSE,NA,1,0.56,1,21,1,"{size <= 20} & !{meno}",686,246,300,0.43731778425656,TRUE,"","NULL","",4.72200000000001
1460,8318411,1,0.5,FALSE,NA,1,0.86,17,53,17,"{nodes <= 3} & !{pgr <= 114}",686,246,299,0.435860058309038,TRUE,"","NULL","",4.643
1461,8318412,1,0.5,FALSE,NA,1,0.94,71,357,71,"!{size <= 35} & !{pgr <= 0}",686,246,319,0.465014577259475,TRUE,"","NULL","",9.535
1462,8318413,1,0.5,FALSE,NA,1,0.98,9,40,9,"!{nodes <= 7} & !{pgr <= 16}",686,246,289,0.421282798833819,TRUE,"","NULL","",4.88200000000001
1463,8318414,1,0.5,FALSE,NA,1,0.86,9,60,9,"!{pgr <= 26} & {pgr <= 77}",686,246,294,0.428571428571429,TRUE,"","NULL","",4.90100000000001
1464,8318415,1,0.5,FALSE,NA,1,0.5,1,8,1,"{nodes <= 7} & !{nodes <= 5}",686,246,302,0.440233236151603,TRUE,"","NULL","",3.339
1465,8318416,1,0.5,FALSE,NA,1,0.97,35,154,35,"{er <= 3} & {nodes <= 5}",686,246,290,0.422740524781341,TRUE,"","NULL","",6.94300000000001
1466,8318417,1,0.5,FALSE,NA,1,0.73,3,24,3,"{size <= 20} & !{age <= 53}",686,246,292,0.425655976676385,TRUE,"","NULL","",4.72800000000001
1467,8318418,1,0.5,FALSE,NA,1,0.83,9,20,9,"!{size <= 35} & !{age <= 46}",686,246,295,0.43002915451895,TRUE,"","NULL","",4.494
1468,8318419,1,0.5,FALSE,NA,1,0.81,30,122,30,"{meno} & !{pgr <= 114}",686,246,292,0.425655976676385,TRUE,"","NULL","",5.09
1469,8318420,1,0.5,FALSE,NA,1,0.78,6,31,6,"{er <= 44} & !{pgr <= 26}",686,246,297,0.432944606413994,TRUE,"","NULL","",5.22799999999998
1470,8318421,1,0.5,FALSE,NA,1,0.61,1,13,1,"{size <= 20} & !{pgr <= 26}",686,246,301,0.438775510204082,TRUE,"","NULL","",4.42699999999999
1471,8318422,1,0.5,FALSE,NA,1,0.71,2,28,2,"{size <= 29} & {er <= 3}",686,246,301,0.438775510204082,TRUE,"","NULL","",4.511
1472,8318423,1,0.5,FALSE,NA,1,0.85,28,145,28,"{er <= 44} & {nodes <= 5}",686,246,288,0.419825072886297,TRUE,"","NULL","",6.14599999999999
1473,8318424,1,0.5,FALSE,NA,1,0.91,31,101,31,"!{er <= 9} & !{age <= 61}",686,246,311,0.4533527696793,TRUE,"","NULL","",6.18100000000001
1474,8318425,1,0.5,FALSE,NA,1,0.85,8,76,8,"!{er <= 70} & {age <= 61}",686,246,305,0.444606413994169,TRUE,"","NULL","",5.58699999999999
1475,8318426,1,0.5,FALSE,NA,1,0.84,19,44,19,"{size <= 20}",686,246,306,0.446064139941691,TRUE,"","NULL","",4.52900000000002
1476,8318427,1,0.5,FALSE,NA,1,0.91,13,64,13,"!{pgr <= 77} & {pgr <= 114}",686,246,303,0.441690962099125,TRUE,"","NULL","",4.542
1477,8318428,1,0.5,FALSE,NA,1,0.95,41,121,41,"{size <= 20} & {er <= 174}",686,246,308,0.448979591836735,TRUE,"","NULL","",6.33600000000001
1478,8318429,1,0.5,FALSE,NA,1,0.87,20,81,20,"{size <= 20} & !{pgr <= 16}",686,246,315,0.459183673469388,TRUE,"","NULL","",5.72499999999999
1479,8318430,1,0.5,FALSE,NA,1,1,97,276,97,"{pgr <= 45} & !{er <= 44}",686,246,301,0.438775510204082,TRUE,"","NULL","",7.768
1480,8318431,1,0.5,FALSE,NA,1,0.97,90,383,90,"!{pgr <= 8} & {size <= 20}",686,246,289,0.421282798833819,TRUE,"","NULL","",6.11600000000001
1481,8318432,1,0.5,FALSE,NA,1,0.85,21,148,21,"!{pgr <= 77} & {pgr <= 184}",686,246,302,0.440233236151603,TRUE,"","NULL","",7.28
1482,8318433,1,0.5,FALSE,NA,1,0.96,7,36,7,"!{nodes <= 3} & !{pgr <= 77}",686,246,287,0.418367346938776,TRUE,"","NULL","",4.80699999999999
1483,8318434,1,0.5,FALSE,NA,1,0.53,1,20,1,"!{pgr <= 184} & {er <= 294}",686,246,301,0.438775510204082,TRUE,"","NULL","",4.874
1484,8318435,1,0.5,FALSE,NA,1,0.77,17,70,17,"{size <= 35} & !{er <= 174}",686,246,329,0.479591836734694,TRUE,"","NULL","",4.381
1485,8318436,1,0.5,FALSE,NA,1,0.92,4,23,4,"{age <= 61} & {pgr <= 0}",686,246,293,0.427113702623907,TRUE,"","NULL","",4.74700000000001
1486,8318437,1,0.5,FALSE,NA,1,0.97,38,202,38,"!{pgr <= 8} & {pgr <= 16}",686,246,311,0.4533527696793,TRUE,"","NULL","",7.49699999999999
1487,8318438,1,0.5,FALSE,NA,1,0.98,63,228,63,"!{er <= 174} & !{pgr <= 45}",686,246,279,0.406705539358601,TRUE,"","NULL","",6.68000000000001
1488,8318439,1,0.5,FALSE,NA,1,0.77,6,46,6,"{er <= 3} & !{nodes <= 1}",686,246,288,0.419825072886297,TRUE,"","NULL","",3.596
1489,8318440,1,0.5,FALSE,NA,1,0.92,34,197,34,"{er <= 17} & !{pgr <= 8}",686,246,291,0.424198250728863,TRUE,"","NULL","",7.672
1490,8318441,1,0.5,FALSE,NA,1,0.79,3,41,3,"{age <= 46} & !{size <= 20}",686,246,298,0.434402332361516,TRUE,"","NULL","",4.94900000000001
1491,8318442,1,0.5,FALSE,NA,1,0.8,14,84,14,"{size <= 29} & !{nodes <= 3}",686,246,295,0.43002915451895,TRUE,"","NULL","",5.25099999999998
1492,8318443,1,0.5,FALSE,NA,1,0.87,25,86,25,"!{er <= 100} & !{pgr <= 114}",686,246,305,0.444606413994169,TRUE,"","NULL","",4.48099999999999
1493,8318444,1,0.5,FALSE,NA,1,0.87,19,101,19,"!{pgr <= 77} & !{size <= 29}",686,246,306,0.446064139941691,TRUE,"","NULL","",6.19300000000001
1494,8318445,1,0.5,FALSE,NA,1,0.7,1,14,1,"!{age <= 61} & !{nodes <= 1}",686,246,303,0.441690962099125,TRUE,"","NULL","",4.45500000000001
1495,8318446,1,0.5,FALSE,NA,1,0.64,1,16,1,"!{nodes <= 5} & {size <= 25}",686,246,311,0.4533527696793,TRUE,"","NULL","",4.67600000000002
1496,8318447,1,0.5,FALSE,NA,1,0.71,5,62,5,"!{pgr <= 114} & {size <= 29}",686,246,317,0.462099125364431,TRUE,"","NULL","",4.81899999999999
1497,8318448,1,0.5,FALSE,NA,1,0.85,21,116,21,"{size <= 29} & {grade3}",686,246,294,0.428571428571429,TRUE,"","NULL","",6.28300000000002
1498,8318449,1,0.5,FALSE,NA,1,0.89,12,33,12,"{er <= 0}",686,246,304,0.443148688046647,TRUE,"","NULL","",4.65799999999999
1499,8318450,1,0.5,FALSE,NA,1,0.78,5,34,5,"!{age <= 61} & !{er <= 17}",686,246,297,0.432944606413994,TRUE,"","NULL","",4.59399999999999
1500,8318451,1,0.5,FALSE,NA,1,0.88,27,87,27,"!{pgr <= 26} & {size <= 20}",686,246,328,0.478134110787172,TRUE,"","NULL","",5.12099999999998
1501,8318452,1,0.5,FALSE,NA,1,0.94,9,36,9,"!{age <= 53} & !{er <= 174}",686,246,304,0.443148688046647,TRUE,"","NULL","",5.453
1502,8318453,1,0.5,FALSE,NA,1,0.59,1,6,1,"{pgr <= 45} & !{pgr <= 16}",686,246,285,0.415451895043732,TRUE,"","NULL","",4.58699999999999
1503,8318454,1,0.5,FALSE,NA,1,0.93,6,52,6,"!{pgr <= 2} & {pgr <= 8}",686,246,287,0.418367346938776,TRUE,"","NULL","",4.96299999999999
1504,8318455,1,0.5,FALSE,NA,1,0.97,36,108,36,"{grade3} & !{meno}",686,246,296,0.431486880466472,TRUE,"","NULL","",5.29599999999999
1505,8318456,1,0.5,FALSE,NA,1,0.88,26,106,26,"!{pgr <= 26} & !{nodes <= 5}",686,246,312,0.454810495626822,TRUE,"","NULL","",6.58200000000002
1506,8318457,1,0.5,FALSE,NA,1,0.94,5,36,5,"!{size <= 25} & !{age <= 61}",686,246,316,0.46064139941691,TRUE,"","NULL","",4.61000000000001
1507,8318458,1,0.5,FALSE,NA,1,0.99,28,100,28,"!{age <= 53} & !{nodes <= 7}",686,246,301,0.438775510204082,TRUE,"","NULL","",5.47500000000002
1508,8318459,1,0.5,FALSE,NA,1,0.75,2,9,2,"!{meno} & {er <= 9}",686,246,305,0.444606413994169,TRUE,"","NULL","",3.90899999999999
1509,8318460,1,0.5,FALSE,NA,1,0.72,3,42,3,"{age <= 46} & !{er <= 30}",686,246,305,0.444606413994169,TRUE,"","NULL","",5.86599999999999
1510,8318461,1,0.5,FALSE,NA,1,0.72,5,32,5,"!{er <= 174} & {pgr <= 337}",686,246,314,0.457725947521866,TRUE,"","NULL","",4.76399999999998
1511,8318462,1,0.5,FALSE,NA,1,0.76,6,48,6,"{nodes <= 1} & {er <= 44}",686,246,287,0.418367346938776,TRUE,"","NULL","",5.09800000000001
1512,8318463,1,0.5,FALSE,NA,0,NA,0,18,0,"",686,246,301,0.438775510204082,TRUE,"","NULL","",4.31400000000002
1513,8318464,1,0.5,FALSE,NA,1,0.86,6,54,6,"{er <= 9} & !{er <= 0}",686,246,310,0.451895043731778,TRUE,"","NULL","",5.86199999999999
1514,8318465,1,0.5,FALSE,NA,1,0.66,5,42,5,"!{meno} & !{size <= 25}",686,246,301,0.438775510204082,TRUE,"","NULL","",4.73299999999998
1515,8318466,1,0.5,FALSE,NA,1,0.96,58,124,58,"!{pgr <= 77} & {size <= 29}",686,246,300,0.43731778425656,TRUE,"","NULL","",5.90100000000001
1516,8318467,1,0.5,FALSE,NA,1,0.85,49,248,49,"!{age <= 46} & !{er <= 174}",686,246,294,0.428571428571429,TRUE,"","NULL","",6.22800000000001
1517,8318468,1,0.5,FALSE,NA,1,0.99,59,153,59,"!{age <= 61} & {er <= 294}",686,246,314,0.457725947521866,TRUE,"","NULL","",7.06
1518,8318469,1,0.5,FALSE,NA,1,0.96,67,270,67,"!{size <= 35} & !{pgr <= 8}",686,246,297,0.432944606413994,TRUE,"","NULL","",7.59699999999998
1519,8318470,1,0.5,FALSE,NA,1,0.57,4,22,4,"!{nodes <= 3} & !{pgr <= 45}",686,246,306,0.446064139941691,TRUE,"","NULL","",4.69800000000001
1520,8318471,1,0.5,FALSE,NA,1,0.9,36,105,36,"{nodes <= 1} & {size <= 29}",686,246,294,0.428571428571429,TRUE,"","NULL","",3.91400000000002
1521,8318472,1,0.5,FALSE,NA,1,0.75,9,43,9,"{size <= 29} & !{nodes <= 3}",686,246,278,0.405247813411079,TRUE,"","NULL","",5.261
1522,8318473,1,0.5,FALSE,NA,1,0.83,12,75,12,"!{er <= 174} & {pgr <= 337}",686,246,278,0.405247813411079,TRUE,"","NULL","",5.61600000000001
1523,8318474,1,0.5,FALSE,NA,1,1,425,1002,425,"{nodes <= 1} & !{pgr <= 26}",686,246,304,0.443148688046647,TRUE,"","NULL","",14.274
1524,8318475,1,0.5,FALSE,NA,1,0.84,8,27,8,"{size <= 25} & !{size <= 20}",686,246,318,0.463556851311953,TRUE,"","NULL","",2.97
1525,8318476,1,0.5,FALSE,NA,1,0.76,8,78,8,"!{pgr <= 2} & {er <= 17}",686,246,293,0.427113702623907,TRUE,"","NULL","",5.92099999999999
1526,8318477,1,0.5,FALSE,NA,1,0.52,1,26,1,"{er <= 9} & !{pgr <= 2}",686,246,308,0.448979591836735,TRUE,"","NULL","",4.68000000000001
1527,8318478,1,0.5,FALSE,NA,1,0.95,7,28,7,"{age <= 46} & !{er <= 30}",686,246,307,0.447521865889213,TRUE,"","NULL","",4.93800000000002
1528,8318479,1,0.5,FALSE,NA,1,0.86,11,56,11,"{size <= 20} & !{er <= 30}",686,246,291,0.424198250728863,TRUE,"","NULL","",4.89500000000001
1529,8318480,1,0.5,FALSE,NA,1,0.97,53,175,53,"!{size <= 35} & !{grade3}",686,246,303,0.441690962099125,TRUE,"","NULL","",7.44900000000001
1530,8318481,1,0.5,FALSE,NA,1,0.91,38,182,38,"{er <= 70} & !{er <= 30}",686,246,286,0.416909620991254,TRUE,"","NULL","",6.67700000000002
1531,8318482,1,0.5,FALSE,NA,1,0.64,5,23,5,"!{nodes <= 3} & {size <= 29}",686,246,296,0.431486880466472,TRUE,"","NULL","",4.779
1532,8318483,1,0.5,FALSE,NA,1,0.95,78,207,78,"{size <= 29} & !{nodes <= 3}",686,246,305,0.444606413994169,TRUE,"","NULL","",5.11000000000001
1533,8318484,1,0.5,FALSE,NA,1,1,8,24,8,"!{pgr <= 45} & {er <= 30}",686,246,297,0.432944606413994,TRUE,"","NULL","",5.13999999999999
1534,8318485,1,0.5,FALSE,NA,1,0.78,9,36,9,"{er <= 44} & !{er <= 17}",686,246,305,0.444606413994169,TRUE,"","NULL","",4.73699999999999
1535,8318486,1,0.5,FALSE,NA,1,0.81,22,92,22,"!{pgr <= 77} & {nodes <= 7}",686,246,312,0.454810495626822,TRUE,"","NULL","",5.79600000000002
1536,8318487,1,0.5,FALSE,NA,1,0.98,78,225,78,"{nodes <= 1} & {pgr <= 26}",686,246,305,0.444606413994169,TRUE,"","NULL","",6.41900000000001
1537,8318488,1,0.5,FALSE,NA,1,0.86,9,48,9,"!{pgr <= 184} & {er <= 294}",686,246,291,0.424198250728863,TRUE,"","NULL","",5.005
1538,8318489,1,0.5,FALSE,NA,1,0.99,153,442,153,"{nodes <= 1} & {er <= 17}",686,246,309,0.450437317784257,TRUE,"","NULL","",10.132
1539,8318490,1,0.5,FALSE,NA,1,0.64,6,24,6,"{size <= 29} & {er <= 9}",686,246,291,0.424198250728863,TRUE,"","NULL","",4.72200000000001
1540,8318491,1,0.5,FALSE,NA,1,0.93,15,58,15,"!{age <= 61} & !{er <= 70}",686,246,300,0.43731778425656,TRUE,"","NULL","",3.84199999999998
1541,8318492,1,0.5,FALSE,NA,1,0.89,12,66,12,"!{age <= 61} & {pgr <= 77}",686,246,303,0.441690962099125,TRUE,"","NULL","",5.16300000000001
1542,8318493,1,0.5,FALSE,NA,1,0.98,111,272,111,"!{pgr <= 114} & {nodes <= 7}",686,246,303,0.441690962099125,TRUE,"","NULL","",8.12299999999999
1543,8318494,1,0.5,FALSE,NA,1,0.59,2,20,2,"{age <= 61} & !{er <= 100}",686,246,298,0.434402332361516,TRUE,"","NULL","",4.55599999999998
1544,8318495,1,0.5,FALSE,NA,1,0.93,24,172,24,"{nodes <= 1} & {age <= 53}",686,246,309,0.450437317784257,TRUE,"","NULL","",5.33600000000001
1545,8318496,1,0.5,FALSE,NA,1,0.84,15,67,15,"!{pgr <= 26} & {nodes <= 1}",686,246,294,0.428571428571429,TRUE,"","NULL","",5.42100000000002
1546,8318497,1,0.5,FALSE,NA,1,0.92,26,112,26,"{nodes <= 1} & !{er <= 9}",686,246,288,0.419825072886297,TRUE,"","NULL","",5.61500000000001
1547,8318498,1,0.5,FALSE,NA,1,0.96,33,119,33,"!{age <= 61} & !{grade3}",686,246,282,0.411078717201166,TRUE,"","NULL","",5.47499999999999
1548,8318499,1,0.5,FALSE,NA,1,0.92,38,157,38,"!{er <= 30} & !{nodes <= 5}",686,246,294,0.428571428571429,TRUE,"","NULL","",5.36699999999999
1549,8318500,1,0.5,FALSE,NA,1,0.86,20,90,20,"!{age <= 61} & {pgr <= 77}",686,246,299,0.435860058309038,TRUE,"","NULL","",5.376
1550,8318501,1,0.5,FALSE,NA,1,0.72,7,24,7,"!{pgr <= 184} & !{grade3}",686,246,307,0.447521865889213,TRUE,"","NULL","",4.57300000000001
1551,8318502,1,0.5,FALSE,NA,1,0.7,8,41,8,"{nodes <= 1} & !{pgr <= 8}",686,246,309,0.450437317784257,TRUE,"","NULL","",4.89099999999999
1552,8318503,1,0.5,FALSE,NA,0,NA,0,10,0,"",686,246,306,0.446064139941691,TRUE,"","NULL","",4.44199999999998
1553,8318504,1,0.5,FALSE,NA,1,0.85,16,64,16,"!{age <= 61} & {nodes <= 7}",686,246,301,0.438775510204082,TRUE,"","NULL","",5.40700000000001
1554,8318505,1,0.5,FALSE,NA,1,0.87,10,65,10,"{nodes <= 3} & !{age <= 61}",686,246,305,0.444606413994169,TRUE,"","NULL","",5.62900000000002
1555,8318506,1,0.5,FALSE,NA,1,0.72,6,42,6,"!{er <= 100} & !{pgr <= 77}",686,246,302,0.440233236151603,TRUE,"","NULL","",4.642
1556,8318507,1,0.5,FALSE,NA,1,0.74,10,67,10,"{size <= 20} & !{pgr <= 0}",686,246,270,0.393586005830904,TRUE,"","NULL","",4.745
1557,8318508,1,0.5,FALSE,NA,1,0.91,19,57,19,"!{pgr <= 77} & !{er <= 70}",686,246,294,0.428571428571429,TRUE,"","NULL","",5.46200000000002
1558,8318509,1,0.5,FALSE,NA,1,0.6,1,7,1,"!{age <= 61} & {pgr <= 26}",686,246,284,0.41399416909621,TRUE,"","NULL","",4.48400000000001
1559,8318510,1,0.5,FALSE,NA,1,0.95,21,77,21,"!{er <= 174} & !{nodes <= 1}",686,246,333,0.485422740524781,TRUE,"","NULL","",5.57900000000001
1560,8318511,1,0.5,FALSE,NA,1,0.99,12,66,12,"!{nodes <= 5} & {grade3}",686,246,281,0.409620991253644,TRUE,"","NULL","",4.86599999999999
1561,8318512,1,0.5,FALSE,NA,1,0.77,28,94,28,"!{pgr <= 114} & !{grade3}",686,246,301,0.438775510204082,TRUE,"","NULL","",5.48700000000002
1562,8318513,1,0.5,FALSE,NA,1,0.65,8,66,8,"{size <= 20} & !{age <= 46}",686,246,324,0.472303206997085,TRUE,"","NULL","",5.43100000000001
1563,8318514,1,0.5,FALSE,NA,1,0.96,36,135,36,"!{er <= 100} & {nodes <= 5}",686,246,283,0.412536443148688,TRUE,"","NULL","",5.803
1564,8318515,1,0.5,FALSE,NA,1,0.94,18,99,18,"{size <= 25} & !{size <= 20}",686,246,284,0.41399416909621,TRUE,"","NULL","",4.738
1565,8318516,1,0.5,FALSE,NA,1,0.84,13,103,13,"!{pgr <= 77} & {er <= 70}",686,246,308,0.448979591836735,TRUE,"","NULL","",6.078
1566,8318517,1,0.5,FALSE,NA,1,0.53,1,21,1,"{pgr <= 8} & !{pgr <= 2}",686,246,330,0.481049562682216,TRUE,"","NULL","",4.619
1567,8318518,1,0.5,FALSE,NA,1,0.97,109,296,109,"!{meno} & {nodes <= 1}",686,246,301,0.438775510204082,TRUE,"","NULL","",8.45499999999998
1568,8318519,1,0.5,FALSE,NA,1,0.89,22,116,22,"!{pgr <= 114} & {meno}",686,246,309,0.450437317784257,TRUE,"","NULL","",4.66800000000001
1569,8318520,1,0.5,FALSE,NA,1,0.95,125,437,125,"{size <= 25} & !{pgr <= 45}",686,246,312,0.454810495626822,TRUE,"","NULL","",10.368
1570,8318521,1,0.5,FALSE,NA,1,0.92,10,40,10,"{nodes <= 5} & {er <= 3}",686,246,310,0.451895043731778,TRUE,"","NULL","",4.77700000000002
1571,8318522,1,0.5,FALSE,NA,1,0.98,41,166,41,"!{pgr <= 77} & {size <= 20}",686,246,298,0.434402332361516,TRUE,"","NULL","",5.845
1572,8318523,1,0.5,FALSE,NA,1,1,27,134,27,"{pgr <= 0} & !{age <= 46}",686,246,309,0.450437317784257,TRUE,"","NULL","",4.291
1573,8318524,1,0.5,FALSE,NA,1,0.76,10,65,10,"{size <= 29} & {pgr <= 16}",686,246,295,0.43002915451895,TRUE,"","NULL","",5.52500000000001
1574,8318525,1,0.5,FALSE,NA,1,1,82,275,82,"!{pgr <= 77} & {er <= 70}",686,246,303,0.441690962099125,TRUE,"","NULL","",7.66900000000001
1575,8318526,1,0.5,FALSE,NA,1,0.94,32,88,32,"{pgr <= 2} & !{age <= 46}",686,246,298,0.434402332361516,TRUE,"","NULL","",5.09699999999998
1576,8318527,1,0.5,FALSE,NA,1,0.54,1,4,1,"{age <= 46} & {er <= 9}",686,246,294,0.428571428571429,TRUE,"","NULL","",3.87699999999998
1577,8318528,1,0.5,FALSE,NA,1,0.99,132,279,132,"{grade3} & {meno}",686,246,310,0.451895043731778,TRUE,"","NULL","",8.452
1578,8318529,1,0.5,FALSE,NA,1,0.92,52,162,52,"!{nodes <= 1} & !{pgr <= 45}",686,246,304,0.443148688046647,TRUE,"","NULL","",6.22
1579,8318530,1,0.5,FALSE,NA,1,0.88,6,43,6,"!{meno} & {er <= 9}",686,246,321,0.467930029154519,TRUE,"","NULL","",4.851
1580,8318531,1,0.5,FALSE,NA,1,0.85,62,350,62,"{er <= 174} & !{er <= 70}",686,246,280,0.408163265306122,TRUE,"","NULL","",6.637
1581,8318532,1,0.5,FALSE,NA,1,0.99,76,215,76,"!{er <= 70} & {er <= 100}",686,246,302,0.440233236151603,TRUE,"","NULL","",7.495
1582,8318533,1,0.5,FALSE,NA,0,NA,0,26,0,"",686,246,314,0.457725947521866,TRUE,"","NULL","",4.64999999999998
1583,8318534,1,0.5,FALSE,NA,1,0.81,5,27,5,"{meno} & {nodes <= 1}",686,246,299,0.435860058309038,TRUE,"","NULL","",4.68800000000002
1584,8318535,1,0.5,FALSE,NA,0,NA,0,3,0,"",686,246,290,0.422740524781341,TRUE,"","NULL","",3.89700000000002
1585,8318536,1,0.5,FALSE,NA,1,0.78,11,80,11,"!{pgr <= 45} & !{nodes <= 1}",686,246,323,0.470845481049563,TRUE,"","NULL","Loglik converged before variable  1 ; coefficient may be infinite. ",5.92500000000001
1586,8318537,1,0.5,FALSE,NA,1,0.92,37,126,37,"!{pgr <= 77} & {nodes <= 3}",686,246,296,0.431486880466472,TRUE,"","NULL","",6.059
1587,8318538,1,0.5,FALSE,NA,1,0.95,98,282,98,"!{pgr <= 114} & {size <= 29}",686,246,279,0.406705539358601,TRUE,"","NULL","",8.018
1588,8318539,1,0.5,FALSE,NA,1,0.89,29,107,29,"{nodes <= 1} & {size <= 29}",686,246,316,0.46064139941691,TRUE,"","NULL","",4.52600000000001
1589,8318540,1,0.5,FALSE,NA,1,0.79,10,47,10,"!{pgr <= 77} & !{er <= 70}",686,246,291,0.424198250728863,TRUE,"","NULL","",5.08199999999999
1590,8318541,1,0.5,FALSE,NA,1,0.62,4,12,4,"{age <= 46} & !{pgr <= 16}",686,246,310,0.451895043731778,TRUE,"","NULL","",4.68299999999999
1591,8318542,1,0.5,FALSE,NA,1,0.86,79,333,79,"!{meno} & !{age <= 46}",686,246,303,0.441690962099125,TRUE,"","NULL","",8.64099999999999
1592,8318543,1,0.5,FALSE,NA,1,0.94,16,47,16,"{age <= 46} & !{er <= 9}",686,246,279,0.406705539358601,TRUE,"","NULL","",4.22099999999998
1593,8318544,1,0.5,FALSE,NA,0,NA,0,5,0,"",686,246,298,0.434402332361516,TRUE,"","NULL","",4.58000000000001
1594,8318545,1,0.5,FALSE,NA,1,0.89,13,65,13,"!{meno} & {size <= 20}",686,246,311,0.4533527696793,TRUE,"","NULL","",5.26000000000002
1595,8318546,1,0.5,FALSE,NA,1,0.91,70,210,70,"!{size <= 35} & {pgr <= 337}",686,246,297,0.432944606413994,TRUE,"","NULL","",6.941
1596,8318547,1,0.5,FALSE,NA,1,0.98,171,349,171,"!{pgr <= 45} & !{er <= 30}",686,246,286,0.416909620991254,TRUE,"","NULL","",7.178
1597,8318548,1,0.5,FALSE,NA,1,0.78,6,51,6,"{meno} & !{pgr <= 114}",686,246,292,0.425655976676385,TRUE,"","NULL","",5.41400000000002
1598,8318549,1,0.5,FALSE,NA,1,0.86,7,47,7,"!{nodes <= 7} & {er <= 70}",686,246,303,0.441690962099125,TRUE,"","NULL","",5.006
1599,8318550,1,0.5,FALSE,NA,1,0.98,185,417,185,"{grade3} & {nodes <= 5}",686,246,303,0.441690962099125,TRUE,"","NULL","",9.21799999999999
1600,8318551,1,0.5,FALSE,NA,1,0.65,2,38,2,"{nodes <= 1} & {er <= 30}",686,246,307,0.447521865889213,TRUE,"","NULL","",3.512
1601,8318552,1,0.5,FALSE,NA,1,0.98,32,130,32,"{size <= 25} & {grade3}",686,246,295,0.43002915451895,TRUE,"","NULL","",6.40599999999998
1602,8318553,1,0.5,FALSE,NA,1,0.97,28,110,28,"!{er <= 44} & !{size <= 35}",686,246,289,0.421282798833819,TRUE,"","NULL","",5.75800000000001
1603,8318554,1,0.5,FALSE,NA,1,0.97,38,166,38,"{grade3} & !{pgr <= 8}",686,246,285,0.415451895043732,TRUE,"","NULL","",6.10000000000002
1604,8318555,1,0.5,FALSE,NA,1,0.95,41,160,41,"!{er <= 100} & {size <= 29}",686,246,313,0.456268221574344,TRUE,"","NULL","",5.18299999999999
1605,8318556,1,0.5,FALSE,NA,1,0.74,1,40,1,"!{size <= 35} & !{pgr <= 45}",686,246,305,0.444606413994169,TRUE,"","NULL","",5.137
1606,8318557,1,0.5,FALSE,NA,1,0.83,11,65,11,"!{age <= 61} & !{er <= 70}",686,246,299,0.435860058309038,TRUE,"","NULL","",4.947
1607,8318558,1,0.5,FALSE,NA,1,0.76,5,12,5,"!{size <= 35} & !{er <= 3}",686,246,303,0.441690962099125,TRUE,"","NULL","",4.24600000000001
1608,8318559,1,0.5,FALSE,NA,1,0.7,4,47,4,"{nodes <= 7} & !{size <= 35}",686,246,309,0.450437317784257,TRUE,"","NULL","Loglik converged before variable  1 ; coefficient may be infinite.  | Loglik converged before variable  1 ; coefficient may be infinite. ",4.78200000000001
1609,8318560,1,0.5,FALSE,NA,1,0.74,23,191,23,"{nodes <= 3} & !{pgr <= 16}",686,246,308,0.448979591836735,TRUE,"","NULL","",7.30199999999999
1610,8318561,1,0.5,FALSE,NA,1,0.81,5,43,5,"{pgr <= 8} & {nodes <= 3}",686,246,301,0.438775510204082,TRUE,"","NULL","",4.64000000000001
1611,8318562,1,0.5,FALSE,NA,1,0.94,44,227,44,"!{er <= 44} & !{size <= 25}",686,246,293,0.427113702623907,TRUE,"","NULL","",6.75200000000001
1612,8318563,1,0.5,FALSE,NA,1,0.98,17,47,17,"{nodes <= 1} & {age <= 53}",686,246,297,0.432944606413994,TRUE,"","NULL","",3.99599999999998
1613,8318564,1,0.5,FALSE,NA,1,0.92,47,182,47,"{er <= 3} & {size <= 35}",686,246,302,0.440233236151603,TRUE,"","NULL","",7.17500000000001
1614,8318565,1,0.5,FALSE,NA,1,0.97,40,109,40,"!{pgr <= 184} & !{size <= 20}",686,246,320,0.466472303206997,TRUE,"","NULL","",5.76399999999998
1615,8318566,1,0.5,FALSE,NA,1,0.83,27,144,27,"{nodes <= 1} & {pgr <= 337}",686,246,292,0.425655976676385,TRUE,"","NULL","",5.80099999999999
1616,8318567,1,0.5,FALSE,NA,1,0.69,6,39,6,"!{nodes <= 5} & !{er <= 17}",686,246,306,0.446064139941691,TRUE,"","NULL","",4.03
1617,8318568,1,0.5,FALSE,NA,1,0.75,11,83,11,"{er <= 17} & {age <= 53}",686,246,294,0.428571428571429,TRUE,"","NULL","",5.83700000000002
1618,8318569,1,0.5,FALSE,NA,1,0.62,2,26,2,"!{nodes <= 3} & !{er <= 100}",686,246,284,0.41399416909621,TRUE,"","NULL","",4.41800000000001
1619,8318570,1,0.5,FALSE,NA,1,0.91,25,74,25,"{size <= 25} & !{nodes <= 3}",686,246,299,0.435860058309038,TRUE,"","NULL","",5.07599999999999
1620,8318571,1,0.5,FALSE,NA,1,0.6,3,21,3,"{er <= 9} & !{nodes <= 5}",686,246,294,0.428571428571429,TRUE,"","NULL","",4.63899999999998
1621,8318572,1,0.5,FALSE,NA,1,0.77,16,78,16,"!{meno} & !{nodes <= 1}",686,246,290,0.422740524781341,TRUE,"","NULL","",5.42500000000001
1622,8318573,1,0.5,FALSE,NA,1,0.67,5,32,5,"{age <= 53} & {nodes <= 1}",686,246,321,0.467930029154519,TRUE,"","NULL","",5.05499999999998
1623,8318574,1,0.5,FALSE,NA,1,0.78,18,52,18,"!{age <= 61} & {pgr <= 337}",686,246,306,0.446064139941691,TRUE,"","NULL","",4.68799999999999
1624,8318575,1,0.5,FALSE,NA,1,0.99,44,117,44,"{size <= 20} & !{pgr <= 26}",686,246,289,0.421282798833819,TRUE,"","NULL","",5.43799999999999
1625,8318576,1,0.5,FALSE,NA,1,0.86,10,56,10,"!{size <= 29} & !{er <= 44}",686,246,304,0.443148688046647,TRUE,"","NULL","",5.07499999999999
1626,8318577,1,0.5,FALSE,NA,1,0.95,43,158,43,"{nodes <= 7} & {grade3}",686,246,323,0.470845481049563,TRUE,"","NULL","",6.55199999999999
1627,8318578,1,0.5,FALSE,NA,1,0.88,12,62,12,"!{grade3} & {pgr <= 2}",686,246,296,0.431486880466472,TRUE,"","NULL","",4.96899999999999
1628,8318579,1,0.5,FALSE,NA,1,0.97,74,181,74,"!{pgr <= 45} & !{nodes <= 3}",686,246,302,0.440233236151603,TRUE,"","NULL","",5.81099999999998
1629,8318580,1,0.5,FALSE,NA,1,0.83,17,83,17,"{age <= 46} & !{size <= 20}",686,246,302,0.440233236151603,TRUE,"","NULL","",6.02200000000002
1630,8318581,1,0.5,FALSE,NA,1,0.79,15,62,15,"!{er <= 30} & !{pgr <= 114}",686,246,287,0.418367346938776,TRUE,"","NULL","",5.49600000000001
1631,8318582,1,0.5,FALSE,NA,1,0.91,7,52,7,"!{age <= 61} & !{er <= 70}",686,246,296,0.431486880466472,TRUE,"","NULL","",4.81999999999999
1632,8318583,1,0.5,FALSE,NA,1,0.61,2,6,2,"{nodes <= 5} & !{nodes <= 3}",686,246,282,0.411078717201166,TRUE,"","NULL","",4.02799999999999
1633,8318584,1,0.5,FALSE,NA,1,0.85,21,109,21,"{nodes <= 7} & {er <= 9}",686,246,285,0.415451895043732,TRUE,"","NULL","",5.75400000000002
1634,8318585,1,0.5,FALSE,NA,1,0.78,7,40,7,"{age <= 53} & !{size <= 35}",686,246,290,0.422740524781341,TRUE,"","NULL","",4.71799999999999
1635,8318586,1,0.5,FALSE,NA,1,0.68,1,19,1,"{age <= 53} & {meno}",686,246,304,0.443148688046647,TRUE,"","NULL","",4.69
1636,8318587,1,0.5,FALSE,NA,1,0.94,7,37,7,"!{pgr <= 77} & {er <= 44}",686,246,300,0.43731778425656,TRUE,"","NULL","",4.49799999999999
1637,8318588,1,0.5,FALSE,NA,1,0.81,10,75,10,"!{pgr <= 184} & {nodes <= 7}",686,246,303,0.441690962099125,TRUE,"","NULL","",6.26499999999999
1638,8318589,1,0.5,FALSE,NA,0,NA,0,16,0,"",686,246,291,0.424198250728863,TRUE,"","NULL","",4.178
1639,8318590,1,0.5,FALSE,NA,1,0.81,20,60,20,"!{meno} & {size <= 29}",686,246,305,0.444606413994169,TRUE,"","NULL","",5.05600000000001
1640,8318591,1,0.5,FALSE,NA,1,0.96,13,74,13,"!{er <= 174} & !{age <= 46}",686,246,314,0.457725947521866,TRUE,"","NULL","",5.08100000000002
1641,8318592,1,0.5,FALSE,NA,1,0.87,22,110,22,"{er <= 44} & !{pgr <= 45}",686,246,315,0.459183673469388,TRUE,"","NULL","Loglik converged before variable  1 ; coefficient may be infinite. ",5.875
1642,8318593,1,0.5,FALSE,NA,1,0.85,11,47,11,"!{age <= 61} & !{size <= 20}",686,246,297,0.432944606413994,TRUE,"","NULL","",4.73500000000001
1643,8318594,1,0.5,FALSE,NA,1,0.73,3,4,3,"!{size <= 25} & !{nodes <= 7}",686,246,313,0.456268221574344,TRUE,"","NULL","",4.10799999999998
1644,8318595,1,0.5,FALSE,NA,1,0.65,4,18,4,"!{pgr <= 45} & {er <= 70}",686,246,280,0.408163265306122,TRUE,"","NULL","",4.48400000000001
1645,8318596,1,0.5,FALSE,NA,1,0.88,21,102,21,"!{er <= 44} & !{size <= 25}",686,246,306,0.446064139941691,TRUE,"","NULL","",6.10300000000001
1646,8318597,1,0.5,FALSE,NA,1,0.97,10,101,10,"{nodes <= 5} & !{size <= 35}",686,246,288,0.419825072886297,TRUE,"","NULL","",5.803
1647,8318598,1,0.5,FALSE,NA,1,0.76,21,218,21,"!{er <= 44} & !{pgr <= 2}",686,246,308,0.448979591836735,TRUE,"","NULL","",6.78699999999998
1648,8318599,1,0.5,FALSE,NA,1,0.77,3,31,3,"{size <= 29} & !{pgr <= 114}",686,246,297,0.432944606413994,TRUE,"","NULL","",4.00700000000001
1649,8318600,1,0.5,FALSE,NA,1,0.82,8,40,8,"!{size <= 29} & !{meno}",686,246,293,0.427113702623907,TRUE,"","NULL","",4.934
1650,8318601,1,0.5,FALSE,NA,1,0.51,1,4,1,"!{pgr <= 77} & {pgr <= 184}",686,246,291,0.424198250728863,TRUE,"","NULL","",4.18700000000001
1651,8318602,1,0.5,FALSE,NA,1,0.55,1,5,1,"!{pgr <= 45} & !{nodes <= 5}",686,246,293,0.427113702623907,TRUE,"","NULL","",4.51000000000002
1652,8318603,1,0.5,FALSE,NA,1,0.55,1,22,1,"{pgr <= 0} & {er <= 70}",686,246,310,0.451895043731778,TRUE,"","NULL","",4.608
1653,8318604,1,0.5,FALSE,NA,1,0.89,16,68,16,"{age <= 53} & !{age <= 46}",686,246,301,0.438775510204082,TRUE,"","NULL","",5.68099999999998
1654,8318605,1,0.5,FALSE,NA,1,0.85,18,123,18,"!{size <= 29} & !{er <= 30}",686,246,309,0.450437317784257,TRUE,"","NULL","",5.99299999999999
1655,8318606,1,0.5,FALSE,NA,1,0.9,2,35,2,"!{pgr <= 77} & {nodes <= 3}",686,246,297,0.432944606413994,TRUE,"","NULL","",4.60599999999999
1656,8318607,1,0.5,FALSE,NA,1,0.98,69,205,69,"{size <= 20} & !{er <= 9}",686,246,310,0.451895043731778,TRUE,"","NULL","",6.196
1657,8318608,1,0.5,FALSE,NA,1,0.99,188,544,188,"!{size <= 29} & !{pgr <= 8}",686,246,302,0.440233236151603,TRUE,"","NULL","",11.471
1658,8318609,1,0.5,FALSE,NA,0,NA,0,13,0,"",686,246,315,0.459183673469388,TRUE,"","NULL","",4.21099999999998
1659,8318610,1,0.5,FALSE,NA,1,0.95,18,76,18,"!{pgr <= 184}",686,246,286,0.416909620991254,TRUE,"","NULL","",4.93899999999999
1660,8318611,1,0.5,FALSE,NA,1,0.89,27,98,27,"!{size <= 25} & {pgr <= 16}",686,246,298,0.434402332361516,TRUE,"","NULL","",3.904
1661,8318612,1,0.5,FALSE,NA,1,0.99,48,195,48,"!{age <= 61} & {pgr <= 16}",686,246,313,0.456268221574344,TRUE,"","NULL","",7.16
1662,8318613,1,0.5,FALSE,NA,1,0.98,99,326,99,"{pgr <= 45} & !{er <= 17}",686,246,302,0.440233236151603,TRUE,"","NULL","",7.911
1663,8318614,1,0.5,FALSE,NA,1,0.98,21,64,21,"{nodes <= 1} & !{pgr <= 16}",686,246,294,0.428571428571429,TRUE,"","NULL","",4.86699999999999
1664,8318615,1,0.5,FALSE,NA,1,0.6,5,40,5,"!{pgr <= 2} & {er <= 17}",686,246,300,0.43731778425656,TRUE,"","NULL","",3.69999999999999
1665,8318616,1,0.5,FALSE,NA,1,0.99,55,112,55,"{nodes <= 1} & {meno}",686,246,304,0.443148688046647,TRUE,"","NULL","",6.32499999999999
1666,8318617,1,0.5,FALSE,NA,1,0.98,122,293,122,"{age <= 53} & !{nodes <= 5}",686,246,305,0.444606413994169,TRUE,"","NULL","",7.68700000000001
1667,8318618,1,0.5,FALSE,NA,1,0.93,77,245,77,"{size <= 29} & !{pgr <= 77}",686,246,294,0.428571428571429,TRUE,"","NULL","",6.96100000000001
1668,8318619,1,0.5,FALSE,NA,1,0.78,2,24,2,"!{nodes <= 7} & !{pgr <= 16}",686,246,306,0.446064139941691,TRUE,"","NULL","",3.352
1669,8318620,1,0.5,FALSE,NA,1,0.98,53,137,53,"!{pgr <= 184} & !{er <= 30}",686,246,303,0.441690962099125,TRUE,"","NULL","",6.95400000000001
1670,8318621,1,0.5,FALSE,NA,1,0.96,35,124,35,"{nodes <= 5} & {pgr <= 8}",686,246,318,0.463556851311953,TRUE,"","NULL","",5.62700000000001
1671,8318622,1,0.5,FALSE,NA,1,0.72,5,43,5,"{age <= 53} & {size <= 20}",686,246,315,0.459183673469388,TRUE,"","NULL","",4.94999999999999
1672,8318623,1,0.5,FALSE,NA,1,0.99,61,200,61,"{size <= 25} & !{er <= 70}",686,246,299,0.435860058309038,TRUE,"","NULL","",5.66299999999998
1673,8318624,1,0.5,FALSE,NA,1,0.99,87,265,87,"!{pgr <= 16} & {nodes <= 1}",686,246,310,0.451895043731778,TRUE,"","NULL","",8.33600000000001
1674,8318625,1,0.5,FALSE,NA,1,0.97,74,280,74,"!{pgr <= 184} & !{size <= 20}",686,246,318,0.463556851311953,TRUE,"","NULL","",8.001
1675,8318626,1,0.5,FALSE,NA,0,NA,0,3,0,"",686,246,294,0.428571428571429,TRUE,"","NULL","",4.26900000000001
1676,8318627,1,0.5,FALSE,NA,1,0.95,26,126,26,"!{nodes <= 7} & {age <= 53}",686,246,300,0.43731778425656,TRUE,"","NULL","",4.33499999999998
1677,8318628,1,0.5,FALSE,NA,1,0.86,22,92,22,"{pgr <= 16} & !{age <= 53}",686,246,292,0.425655976676385,TRUE,"","NULL","",6.047
1678,8318629,1,0.5,FALSE,NA,1,0.73,3,29,3,"{nodes <= 3} & !{meno}",686,246,280,0.408163265306122,TRUE,"","NULL","",4.63499999999999
1679,8318630,1,0.5,FALSE,NA,1,0.96,31,151,31,"!{pgr <= 0} & {er <= 9}",686,246,304,0.443148688046647,TRUE,"","NULL","",6.202
1680,8318631,1,0.5,FALSE,NA,1,0.99,66,196,66,"!{pgr <= 184} & !{size <= 20}",686,246,302,0.440233236151603,TRUE,"","NULL","",5.83000000000001
1681,8318632,1,0.5,FALSE,NA,1,0.95,46,148,46,"{nodes <= 1} & !{pgr <= 2}",686,246,315,0.459183673469388,TRUE,"","NULL","",6.83800000000002
1682,8318633,1,0.5,FALSE,NA,1,0.97,135,305,135,"{size <= 29} & {pgr <= 8}",686,246,307,0.447521865889213,TRUE,"","NULL","",8.15000000000001
1683,8318634,1,0.5,FALSE,NA,1,0.98,70,202,70,"!{nodes <= 5} & !{er <= 17}",686,246,292,0.425655976676385,TRUE,"","NULL","",6.67400000000001
1684,8318635,1,0.5,FALSE,NA,1,0.96,61,182,61,"!{pgr <= 184}",686,246,298,0.434402332361516,TRUE,"","NULL","",4.33800000000002
1685,8318636,1,0.5,FALSE,NA,1,0.84,3,24,3,"{size <= 20} & !{age <= 53}",686,246,317,0.462099125364431,TRUE,"","NULL","",4.94499999999999
1686,8318637,1,0.5,FALSE,NA,1,0.64,3,14,3,"!{size <= 35} & {er <= 70}",686,246,285,0.415451895043732,TRUE,"","NULL","",4.69199999999998
1687,8318638,1,0.5,FALSE,NA,1,0.9,3,10,3,"!{er <= 174} & !{nodes <= 1}",686,246,292,0.425655976676385,TRUE,"","NULL","",4.108
1688,8318639,1,0.5,FALSE,NA,1,0.98,85,215,85,"!{pgr <= 77} & {pgr <= 184}",686,246,296,0.431486880466472,TRUE,"","NULL","",6.648
1689,8318640,1,0.5,FALSE,NA,1,0.9,29,242,29,"!{age <= 53} & !{er <= 100}",686,246,281,0.409620991253644,TRUE,"","NULL","",7.501
1690,8318641,1,0.5,FALSE,NA,1,0.73,13,64,13,"{size <= 35} & !{size <= 25}",686,246,308,0.448979591836735,TRUE,"","NULL","",5.07299999999998
1691,8318642,1,0.5,FALSE,NA,1,0.64,5,48,5,"!{size <= 25} & {er <= 17}",686,246,294,0.428571428571429,TRUE,"","NULL","",4.60599999999999
1692,8318643,1,0.5,FALSE,NA,1,0.79,4,51,4,"!{pgr <= 114} & {er <= 174}",686,246,269,0.392128279883382,TRUE,"","NULL","Loglik converged before variable  1 ; coefficient may be infinite.  | Loglik converged before variable  1 ; coefficient may be infinite.  | Loglik converged before variable  1 ; coefficient may be infinite.  | Loglik converged before variable  1 ; coefficient may be infinite. ",4.16299999999998
1693,8318644,1,0.5,FALSE,NA,1,0.93,96,389,96,"!{pgr <= 77} & {size <= 29}",686,246,309,0.450437317784257,TRUE,"","NULL","",9.84299999999999
1694,8318645,1,0.5,FALSE,NA,1,0.85,10,54,10,"{er <= 30} & !{pgr <= 26}",686,246,314,0.457725947521866,TRUE,"","NULL","",5.45499999999998
1695,8318646,1,0.5,FALSE,NA,1,0.84,3,17,3,"{size <= 20} & {nodes <= 1}",686,246,313,0.456268221574344,TRUE,"","NULL","",4.40000000000001
1696,8318647,1,0.5,FALSE,NA,1,0.81,6,41,6,"!{meno} & !{size <= 25}",686,246,299,0.435860058309038,TRUE,"","NULL","",3.72500000000002
1697,8318648,1,0.5,FALSE,NA,1,0.93,85,331,85,"!{nodes <= 3} & !{grade3}",686,246,298,0.434402332361516,TRUE,"","NULL","",9.083
1698,8318649,1,0.5,FALSE,NA,1,0.86,2,9,2,"!{pgr <= 77} & {pgr <= 114}",686,246,315,0.459183673469388,TRUE,"","NULL","",4.20700000000002
1699,8318650,1,0.5,FALSE,NA,1,0.8,13,96,13,"{size <= 35} & !{er <= 100}",686,246,302,0.440233236151603,TRUE,"","NULL","",5.27700000000002
1700,8318651,1,0.5,FALSE,NA,1,0.87,33,124,33,"!{er <= 174} & !{pgr <= 2}",686,246,301,0.438775510204082,TRUE,"","NULL","",4.65299999999999
1701,8318652,1,0.5,FALSE,NA,1,0.84,44,150,44,"{pgr <= 45} & !{er <= 9}",686,246,288,0.419825072886297,TRUE,"","NULL","",6.81
1702,8318653,1,0.5,FALSE,NA,1,0.98,196,431,196,"{nodes <= 1} & !{er <= 17}",686,246,293,0.427113702623907,TRUE,"","NULL","",9.995
1703,8318654,1,0.5,FALSE,NA,1,0.95,4,39,4,"!{age <= 53} & {er <= 9}",686,246,293,0.427113702623907,TRUE,"","NULL","",4.36000000000001
1704,8318655,1,0.5,FALSE,NA,1,0.98,77,263,77,"{er <= 30} & !{size <= 35}",686,246,304,0.443148688046647,TRUE,"","NULL","",5.14699999999999
1705,8318656,1,0.5,FALSE,NA,1,0.9,15,43,15,"{nodes <= 1} & !{pgr <= 2}",686,246,294,0.428571428571429,TRUE,"","NULL","",4.76900000000001
1706,8318657,1,0.5,FALSE,NA,0,NA,0,7,0,"",686,246,296,0.431486880466472,TRUE,"","NULL","",4.21100000000001
1707,8318658,1,0.5,FALSE,NA,1,0.98,32,120,32,"!{er <= 30} & {er <= 70}",686,246,331,0.482507288629738,TRUE,"","NULL","",5.738
1708,8318659,1,0.5,FALSE,NA,0,NA,0,8,0,"",686,246,330,0.481049562682216,TRUE,"","NULL","",4.286
1709,8318660,1,0.5,FALSE,NA,1,0.88,4,29,4,"{age <= 46} & {er <= 17}",686,246,298,0.434402332361516,TRUE,"","NULL","",5.01900000000001
1710,8318661,1,0.5,FALSE,NA,1,0.64,1,9,1,"{age <= 53} & {meno}",686,246,301,0.438775510204082,TRUE,"","NULL","",4.64600000000002
1711,8318662,1,0.5,FALSE,NA,1,0.75,3,36,3,"{size <= 20} & !{er <= 30}",686,246,315,0.459183673469388,TRUE,"","NULL","",4.63899999999998
1712,8318663,1,0.5,FALSE,NA,1,1,61,181,61,"{meno} & {pgr <= 8}",686,246,302,0.440233236151603,TRUE,"","NULL","",6.10399999999998
1713,8318664,1,0.5,FALSE,NA,1,0.92,60,188,60,"{nodes <= 1} & {size <= 35}",686,246,308,0.448979591836735,TRUE,"","NULL","",7.297
1714,8318665,1,0.5,FALSE,NA,1,0.86,26,113,26,"!{pgr <= 77} & {size <= 25}",686,246,302,0.440233236151603,TRUE,"","NULL","",5.63600000000002
1715,8318666,1,0.5,FALSE,NA,1,0.91,4,25,4,"{size <= 20} & !{age <= 53}",686,246,318,0.463556851311953,TRUE,"","NULL","",4.858
1716,8318667,1,0.5,FALSE,NA,1,0.78,9,50,9,"{nodes <= 3} & {er <= 17}",686,246,285,0.415451895043732,TRUE,"","NULL","",4.273
1717,8318668,1,0.5,FALSE,NA,1,0.91,16,95,16,"!{pgr <= 16} & {age <= 46}",686,246,304,0.443148688046647,TRUE,"","NULL","",5.965
1718,8318669,1,0.5,FALSE,NA,1,1,103,273,103,"{nodes <= 1} & !{pgr <= 26}",686,246,290,0.422740524781341,TRUE,"","NULL","",8.10599999999999
1719,8318670,1,0.5,FALSE,NA,1,0.74,10,93,10,"{meno} & {pgr <= 16}",686,246,286,0.416909620991254,TRUE,"","NULL","",5.57900000000001
1720,8318671,1,0.5,FALSE,NA,1,0.97,67,219,67,"{er <= 70} & !{pgr <= 77}",686,246,311,0.4533527696793,TRUE,"","NULL","",5.279
1721,8318672,1,0.5,FALSE,NA,1,0.97,42,176,42,"{size <= 29} & !{age <= 61}",686,246,285,0.415451895043732,TRUE,"","NULL","",7.08999999999997
1722,8318673,1,0.5,FALSE,NA,1,0.88,33,61,33,"!{age <= 61} & {size <= 35}",686,246,283,0.412536443148688,TRUE,"","NULL","",4.80500000000001
1723,8318674,1,0.5,FALSE,NA,1,0.9,19,81,19,"{nodes <= 1} & {meno}",686,246,320,0.466472303206997,TRUE,"","NULL","",5.56299999999999
1724,8318675,1,0.5,FALSE,NA,1,1,54,220,54,"!{size <= 29} & !{er <= 100}",686,246,316,0.46064139941691,TRUE,"","NULL","",6.011
1725,8318676,1,0.5,FALSE,NA,1,0.98,125,327,125,"{nodes <= 1} & !{pgr <= 16}",686,246,287,0.418367346938776,TRUE,"","NULL","",8.77900000000002
1726,8318677,1,0.5,FALSE,NA,1,0.93,16,80,16,"!{pgr <= 45} & {nodes <= 1}",686,246,305,0.444606413994169,TRUE,"","NULL","",5.68700000000001
1727,8318678,1,0.5,FALSE,NA,0,NA,0,6,0,"",686,246,305,0.444606413994169,TRUE,"","NULL","",4.143
1728,8318679,1,0.5,FALSE,NA,0,NA,0,26,0,"",686,246,299,0.435860058309038,TRUE,"","NULL","",3.95899999999997
1729,8318680,1,0.5,FALSE,NA,1,0.6,1,31,1,"{pgr <= 2} & {age <= 53}",686,246,294,0.428571428571429,TRUE,"","NULL","",5.011
1730,8318681,1,0.5,FALSE,NA,1,0.93,14,43,14,"!{pgr <= 184} & {er <= 294}",686,246,287,0.418367346938776,TRUE,"","NULL","",5.09100000000001
1731,8318682,1,0.5,FALSE,NA,1,0.93,32,100,32,"{pgr <= 0} & {er <= 44}",686,246,292,0.425655976676385,TRUE,"","NULL","",5.68100000000004
1732,8318683,1,0.5,FALSE,NA,1,0.87,2,19,2,"{size <= 20} & {age <= 53}",686,246,294,0.428571428571429,TRUE,"","NULL","",4.28100000000001
1733,8318684,1,0.5,FALSE,NA,1,0.86,24,79,24,"{size <= 35} & {pgr <= 2}",686,246,302,0.440233236151603,TRUE,"","NULL","",5.80500000000001
1734,8318685,1,0.5,FALSE,NA,1,0.74,4,42,4,"{er <= 17} & {age <= 46}",686,246,336,0.489795918367347,TRUE,"","NULL","",5.01299999999998
1735,8318686,1,0.5,FALSE,NA,0,NA,0,29,0,"",686,246,314,0.457725947521866,TRUE,"","NULL","",4.76499999999999
1736,8318687,1,0.5,FALSE,NA,1,0.93,21,108,21,"!{size <= 20} & !{pgr <= 114}",686,246,277,0.403790087463557,TRUE,"","NULL","",5.25299999999999
1737,8318688,1,0.5,FALSE,NA,1,0.82,6,32,6,"!{pgr <= 2} & !{nodes <= 7}",686,246,312,0.454810495626822,TRUE,"","NULL","",4.83800000000002
1738,8318689,1,0.5,FALSE,NA,1,0.87,15,76,15,"!{age <= 46} & {pgr <= 2}",686,246,308,0.448979591836735,TRUE,"","NULL","",5.38399999999999
1739,8318690,1,0.5,FALSE,NA,1,0.91,12,51,12,"!{pgr <= 184}",686,246,306,0.446064139941691,TRUE,"","NULL","",4.92200000000003
1740,8318691,1,0.5,FALSE,NA,1,0.92,25,102,25,"{nodes <= 3} & !{pgr <= 77}",686,246,288,0.419825072886297,TRUE,"","NULL","",5.38800000000003
1741,8318692,1,0.5,FALSE,NA,1,0.84,7,65,7,"{nodes <= 3} & !{pgr <= 114}",686,246,288,0.419825072886297,TRUE,"","NULL","",5.51100000000002
1742,8318693,1,0.5,FALSE,NA,1,0.95,38,141,38,"{nodes <= 1} & !{er <= 9}",686,246,298,0.434402332361516,TRUE,"","NULL","",6.303
1743,8318694,1,0.5,FALSE,NA,1,0.84,11,50,11,"!{pgr <= 114} & {size <= 35}",686,246,301,0.438775510204082,TRUE,"","NULL","",4.87100000000004
1744,8318695,1,0.5,FALSE,NA,1,0.9,15,67,15,"!{pgr <= 114} & {age <= 53}",686,246,301,0.438775510204082,TRUE,"","NULL","",4.61700000000002
1745,8318696,1,0.5,FALSE,NA,1,0.82,11,63,11,"{size <= 35} & {pgr <= 0}",686,246,302,0.440233236151603,TRUE,"","NULL","",5.791
1746,8318697,1,0.5,FALSE,NA,1,0.95,37,228,37,"!{er <= 44} & {er <= 70}",686,246,310,0.451895043731778,TRUE,"","NULL","",7.44000000000003
1747,8318698,1,0.5,FALSE,NA,1,0.72,3,13,3,"{age <= 61} & {pgr <= 2}",686,246,287,0.418367346938776,TRUE,"","NULL","",4.36000000000001
1748,8318699,1,0.5,FALSE,NA,1,0.54,2,35,2,"{grade3} & {pgr <= 8}",686,246,295,0.43002915451895,TRUE,"","NULL","",4.04699999999997
1749,8318700,1,0.5,FALSE,NA,1,0.7,3,30,3,"{nodes <= 1} & !{size <= 25}",686,246,327,0.47667638483965,TRUE,"","NULL","",5.089
1750,8318701,1,0.5,FALSE,NA,1,0.63,2,20,2,"{size <= 25} & {pgr <= 8}",686,246,284,0.41399416909621,TRUE,"","NULL","",4.57599999999999
1751,8318702,1,0.5,FALSE,NA,1,0.5,1,13,1,"!{pgr <= 114} & {er <= 70}",686,246,332,0.483965014577259,TRUE,"","NULL","",4.92399999999998
1752,8318703,1,0.5,FALSE,NA,1,0.97,134,289,134,"!{age <= 46} & {er <= 9}",686,246,320,0.466472303206997,TRUE,"","NULL","",7.428
1753,8318704,1,0.5,FALSE,NA,1,0.97,45,178,45,"!{age <= 53} & {size <= 20}",686,246,306,0.446064139941691,TRUE,"","NULL","",7.143
1754,8318705,1,0.5,FALSE,NA,1,0.94,85,238,85,"!{pgr <= 184} & {nodes <= 7}",686,246,313,0.456268221574344,TRUE,"","NULL","",7.44099999999997
1755,8318706,1,0.5,FALSE,NA,1,0.99,64,228,64,"!{pgr <= 184} & {er <= 174}",686,246,307,0.447521865889213,TRUE,"","NULL","",6.61999999999995
1756,8318707,1,0.5,FALSE,NA,1,0.98,42,91,42,"!{pgr <= 114} & {age <= 61}",686,246,288,0.419825072886297,TRUE,"","NULL","",3.77500000000003
1757,8318708,1,0.5,FALSE,NA,1,0.99,90,242,90,"!{size <= 35} & {pgr <= 45}",686,246,310,0.451895043731778,TRUE,"","NULL","",7.86799999999999
1758,8318709,1,0.5,FALSE,NA,1,0.79,3,18,3,"!{er <= 17} & {age <= 46}",686,246,306,0.446064139941691,TRUE,"","NULL","",4.34999999999997
1759,8318710,1,0.5,FALSE,NA,1,0.98,48,127,48,"{pgr <= 8} & !{nodes <= 5}",686,246,317,0.462099125364431,TRUE,"","NULL","",6.30100000000004
1760,8318711,1,0.5,FALSE,NA,1,0.87,10,63,10,"{size <= 20} & !{er <= 44}",686,246,293,0.427113702623907,TRUE,"","NULL","",4.01500000000004
1761,8318712,1,0.5,FALSE,NA,1,0.93,91,352,91,"!{pgr <= 184} & {nodes <= 7}",686,246,303,0.441690962099125,TRUE,"","NULL","",9.18300000000002
1762,8318713,1,0.5,FALSE,NA,1,0.84,8,22,8,"{size <= 20} & !{er <= 17}",686,246,304,0.443148688046647,TRUE,"","NULL","",4.68299999999999
1763,8318714,1,0.5,FALSE,NA,1,0.91,36,119,36,"{age <= 46} & {pgr <= 45}",686,246,298,0.434402332361516,TRUE,"","NULL","",5.67000000000002
1764,8318715,1,0.5,FALSE,NA,1,0.71,1,7,1,"{meno} & !{nodes <= 7}",686,246,318,0.463556851311953,TRUE,"","NULL","",3.34899999999999
1765,8318716,1,0.5,FALSE,NA,1,0.98,26,80,26,"{grade3} & {size <= 35}",686,246,297,0.432944606413994,TRUE,"","NULL","",5.91300000000001
1766,8318717,1,0.5,FALSE,NA,1,0.95,24,101,24,"{er <= 17} & !{size <= 29}",686,246,313,0.456268221574344,TRUE,"","NULL","",5.52400000000003
1767,8318718,1,0.5,FALSE,NA,1,0.97,182,497,182,"!{age <= 53} & !{pgr <= 26}",686,246,291,0.424198250728863,TRUE,"","NULL","",10.039
1768,8318719,1,0.5,FALSE,NA,1,0.69,13,29,13,"!{age <= 46} & {pgr <= 2}",686,246,288,0.419825072886297,TRUE,"","NULL","",3.28199999999998
1769,8318720,1,0.5,FALSE,NA,1,0.8,11,50,11,"{age <= 46} & !{grade3}",686,246,314,0.457725947521866,TRUE,"","NULL","",5.29599999999999
1770,8318721,1,0.5,FALSE,NA,1,0.87,5,35,5,"!{pgr <= 114} & !{age <= 46}",686,246,282,0.411078717201166,TRUE,"","NULL","",5.02500000000001
1771,8318722,1,0.5,FALSE,NA,1,0.98,27,90,27,"!{pgr <= 184} & !{grade3}",686,246,322,0.469387755102041,TRUE,"","NULL","",5.654
1772,8318723,1,0.5,FALSE,NA,1,0.77,6,22,6,"!{size <= 29} & {er <= 17}",686,246,268,0.39067055393586,TRUE,"","NULL","",4.28800000000001
1773,8318724,1,0.5,FALSE,NA,1,0.95,12,73,12,"!{er <= 30} & {size <= 20}",686,246,275,0.400874635568513,TRUE,"","NULL","",5.273
1774,8318725,1,0.5,FALSE,NA,1,0.77,5,58,5,"!{grade3} & !{age <= 61}",686,246,313,0.456268221574344,TRUE,"","NULL","",5.21200000000002
1775,8318726,1,0.5,FALSE,NA,1,0.99,56,206,56,"{age <= 46} & {er <= 17}",686,246,308,0.448979591836735,TRUE,"","NULL","",7.16200000000003
1776,8318727,1,0.5,FALSE,NA,1,0.88,13,80,13,"{age <= 53} & {size <= 20}",686,246,299,0.435860058309038,TRUE,"","NULL","",4.40699999999998
1777,8318728,1,0.5,FALSE,NA,1,0.9,15,78,15,"{nodes <= 3} & {er <= 17}",686,246,313,0.456268221574344,TRUE,"","NULL","",5.86599999999999
1778,8318729,1,0.5,FALSE,NA,1,0.77,13,73,13,"!{age <= 61} & !{er <= 44}",686,246,287,0.418367346938776,TRUE,"","NULL","",5.31399999999999
1779,8318730,1,0.5,FALSE,NA,1,0.98,43,151,43,"{size <= 35} & {grade3}",686,246,302,0.440233236151603,TRUE,"","NULL","",6.68099999999998
1780,8318731,1,0.5,FALSE,NA,0,NA,0,14,0,"",686,246,306,0.446064139941691,TRUE,"","NULL","",3.99299999999999
1781,8318732,1,0.5,FALSE,NA,1,0.94,33,120,33,"{nodes <= 1} & !{er <= 0}",686,246,302,0.440233236151603,TRUE,"","NULL","",6.76999999999998
1782,8318733,1,0.5,FALSE,NA,1,0.7,5,45,5,"!{size <= 25} & !{nodes <= 7}",686,246,309,0.450437317784257,TRUE,"","NULL","",4.94099999999997
1783,8318734,1,0.5,FALSE,NA,0,NA,0,3,0,"",686,246,317,0.462099125364431,TRUE,"","NULL","",4.25
1784,8318735,1,0.5,FALSE,NA,1,0.91,15,81,15,"!{er <= 294}",686,246,286,0.416909620991254,TRUE,"","NULL","",5.286
1785,8318736,1,0.5,FALSE,NA,1,0.78,7,64,7,"!{size <= 25} & {er <= 30}",686,246,307,0.447521865889213,TRUE,"","NULL","",5.34399999999999
1786,8318737,1,0.5,FALSE,NA,1,1,242,512,242,"{nodes <= 3} & !{pgr <= 184}",686,246,309,0.450437317784257,TRUE,"","NULL","",11.135
1787,8318738,1,0.5,FALSE,NA,1,0.92,34,142,34,"{pgr <= 26} & !{pgr <= 8}",686,246,289,0.421282798833819,TRUE,"","NULL","",5.38200000000001
1788,8318739,1,0.5,FALSE,NA,1,0.69,1,36,1,"!{nodes <= 7} & !{er <= 0}",686,246,290,0.422740524781341,TRUE,"","NULL","",3.21300000000002
1789,8318740,1,0.5,FALSE,NA,1,0.96,41,116,41,"{grade3} & {size <= 29}",686,246,275,0.400874635568513,TRUE,"","NULL","",5.94899999999998
1790,8318741,1,0.5,FALSE,NA,1,0.99,18,69,18,"!{nodes <= 5} & !{er <= 70}",686,246,312,0.454810495626822,TRUE,"","NULL","",5.21299999999999
1791,8318742,1,0.5,FALSE,NA,1,0.89,23,120,23,"!{meno} & !{pgr <= 114}",686,246,296,0.431486880466472,TRUE,"","NULL","",5.81799999999998
1792,8318743,1,0.5,FALSE,NA,1,0.78,11,55,11,"!{pgr <= 77} & {size <= 29}",686,246,302,0.440233236151603,TRUE,"","NULL","",4.38599999999997
1793,8318744,1,0.5,FALSE,NA,1,0.99,197,415,197,"!{er <= 44} & !{nodes <= 5}",686,246,301,0.438775510204082,TRUE,"","NULL","",10.109
1794,8318745,1,0.5,FALSE,NA,1,0.97,6,21,6,"{size <= 25} & {er <= 3}",686,246,299,0.435860058309038,TRUE,"","NULL","",4.67899999999997
1795,8318746,1,0.5,FALSE,NA,1,0.86,21,110,21,"!{pgr <= 77} & !{er <= 30}",686,246,303,0.441690962099125,TRUE,"","NULL","",5.68599999999998
1796,8318747,1,0.5,FALSE,NA,0,NA,0,3,0,"",686,246,285,0.415451895043732,TRUE,"","NULL","",3.08500000000004
1797,8318748,1,0.5,FALSE,NA,1,0.67,4,32,4,"{er <= 30} & !{age <= 53}",686,246,302,0.440233236151603,TRUE,"","NULL","",4.96799999999999
1798,8318749,1,0.5,FALSE,NA,1,0.89,6,57,6,"{size <= 25} & !{nodes <= 5}",686,246,302,0.440233236151603,TRUE,"","NULL","",5.24200000000002
1799,8318750,1,0.5,FALSE,NA,1,0.91,2,11,2,"!{er <= 100} & {pgr <= 77}",686,246,314,0.457725947521866,TRUE,"","NULL","",4.74299999999999
1800,8318751,1,0.5,FALSE,NA,1,0.94,33,167,33,"!{age <= 53} & {er <= 44}",686,246,300,0.43731778425656,TRUE,"","NULL","",5.87800000000004
1801,8318752,1,0.5,FALSE,NA,1,0.97,38,85,38,"!{pgr <= 114} & {age <= 61}",686,246,293,0.427113702623907,TRUE,"","NULL","",5.76900000000001
1802,8318753,1,0.5,FALSE,NA,1,0.94,28,172,28,"!{nodes <= 7} & !{er <= 3}",686,246,307,0.447521865889213,TRUE,"","NULL","",6.44599999999997
1803,8318754,1,0.5,FALSE,NA,1,0.88,2,20,2,"!{size <= 35} & {meno}",686,246,301,0.438775510204082,TRUE,"","NULL","",4.44099999999997
1804,8318755,1,0.5,FALSE,NA,1,0.55,1,14,1,"!{er <= 100} & {size <= 25}",686,246,287,0.418367346938776,TRUE,"","NULL","",4.351
1805,8318756,1,0.5,FALSE,NA,1,0.99,75,182,75,"{size <= 20} & !{er <= 44}",686,246,278,0.405247813411079,TRUE,"","NULL","",7.33499999999998
1806,8318757,1,0.5,FALSE,NA,0,NA,0,10,0,"",686,246,290,0.422740524781341,TRUE,"","NULL","",4.59399999999999
1807,8318758,1,0.5,FALSE,NA,1,0.95,19,65,19,"!{pgr <= 114} & !{meno}",686,246,299,0.435860058309038,TRUE,"","NULL","",5.142
1808,8318759,1,0.5,FALSE,NA,1,0.9,5,22,5,"!{pgr <= 77} & {pgr <= 114}",686,246,292,0.425655976676385,TRUE,"","NULL","",4.08199999999999
1809,8318760,1,0.5,FALSE,NA,1,0.96,316,695,316,"!{er <= 70} & !{pgr <= 26}",686,246,281,0.409620991253644,TRUE,"","NULL","",13.365
1810,8318761,1,0.5,FALSE,NA,0,NA,0,12,0,"",686,246,295,0.43002915451895,TRUE,"","NULL","",4.298
1811,8318762,1,0.5,FALSE,NA,1,0.76,4,41,4,"!{pgr <= 45} & !{meno}",686,246,293,0.427113702623907,TRUE,"","NULL","",4.279
1812,8318763,1,0.5,FALSE,NA,0,NA,0,14,0,"",686,246,294,0.428571428571429,TRUE,"","NULL","",3.00600000000003
1813,8318764,1,0.5,FALSE,NA,1,1,57,146,57,"!{pgr <= 26} & !{nodes <= 5}",686,246,305,0.444606413994169,TRUE,"","NULL","",6.84800000000001
1814,8318765,1,0.5,FALSE,NA,1,0.97,26,89,26,"!{size <= 35} & !{er <= 17}",686,246,306,0.446064139941691,TRUE,"","NULL","",5.33299999999997
1815,8318766,1,0.5,FALSE,NA,0,NA,0,5,0,"",686,246,275,0.400874635568513,TRUE,"","NULL","",3.85599999999999
1816,8318767,1,0.5,FALSE,NA,1,0.99,34,178,34,"{pgr <= 8} & !{age <= 53}",686,246,314,0.457725947521866,TRUE,"","NULL","",5.83199999999999
1817,8318768,1,0.5,FALSE,NA,1,1,187,365,187,"!{pgr <= 77} & {size <= 20}",686,246,320,0.466472303206997,TRUE,"","NULL","",9.47499999999999
1818,8318769,1,0.5,FALSE,NA,0,NA,0,9,0,"",686,246,294,0.428571428571429,TRUE,"","NULL","",4.24700000000001
1819,8318770,1,0.5,FALSE,NA,1,0.97,69,170,69,"!{age <= 61} & !{size <= 20}",686,246,307,0.447521865889213,TRUE,"","NULL","",6.13999999999999
1820,8318771,1,0.5,FALSE,NA,1,0.97,27,76,27,"!{er <= 174} & {pgr <= 337}",686,246,298,0.434402332361516,TRUE,"","NULL","",3.88499999999999
1821,8318772,1,0.5,FALSE,NA,1,0.93,31,153,31,"{size <= 29} & !{er <= 100}",686,246,299,0.435860058309038,TRUE,"","NULL","",6.958
1822,8318773,1,0.5,FALSE,NA,1,0.87,13,66,13,"!{size <= 35} & {er <= 44}",686,246,290,0.422740524781341,TRUE,"","NULL","",5.197
1823,8318774,1,0.5,FALSE,NA,1,0.96,31,126,31,"!{pgr <= 45} & !{size <= 35}",686,246,289,0.421282798833819,TRUE,"","NULL","",5.92599999999999
1824,8318775,1,0.5,FALSE,NA,1,0.97,62,304,62,"!{er <= 44} & {nodes <= 1}",686,246,294,0.428571428571429,TRUE,"","NULL","",6.51400000000001
1825,8318776,1,0.5,FALSE,NA,1,0.99,66,332,66,"!{nodes <= 3} & !{pgr <= 114}",686,246,324,0.472303206997085,TRUE,"","NULL","",8.94800000000004
1826,8318777,1,0.5,FALSE,NA,1,0.78,8,52,8,"!{meno} & !{size <= 29}",686,246,286,0.416909620991254,TRUE,"","NULL","",4.89800000000002
1827,8318778,1,0.5,FALSE,NA,1,0.73,2,13,2,"{size <= 25} & {grade3}",686,246,326,0.475218658892128,TRUE,"","NULL","",4.50200000000001
1828,8318779,1,0.5,FALSE,NA,1,0.99,27,108,27,"{age <= 46} & !{pgr <= 45}",686,246,309,0.450437317784257,TRUE,"","NULL","",4.68199999999996
1829,8318780,1,0.5,FALSE,NA,1,0.97,41,136,41,"!{age <= 61} & !{pgr <= 8}",686,246,297,0.432944606413994,TRUE,"","NULL","",6.88899999999998
1830,8318781,1,0.5,FALSE,NA,1,0.64,4,25,4,"{size <= 29} & {age <= 46}",686,246,273,0.397959183673469,TRUE,"","NULL","",4.55599999999998
1831,8318782,1,0.5,FALSE,NA,1,0.87,17,42,17,"{size <= 20} & {age <= 61}",686,246,312,0.454810495626822,TRUE,"","NULL","",4.97800000000001
1832,8318783,1,0.5,FALSE,NA,1,1,38,170,38,"{nodes <= 5} & !{size <= 35}",686,246,300,0.43731778425656,TRUE,"","NULL","",5.76400000000001
1833,8318784,1,0.5,FALSE,NA,1,0.74,16,88,16,"{nodes <= 7} & {er <= 9}",686,246,305,0.444606413994169,TRUE,"","NULL","",5.96600000000001
1834,8318785,1,0.5,FALSE,NA,1,0.95,22,107,22,"!{er <= 9} & {er <= 30}",686,246,308,0.448979591836735,TRUE,"","NULL","",5.63800000000001
1835,8318786,1,0.5,FALSE,NA,1,0.91,22,83,22,"{size <= 20} & {pgr <= 26}",686,246,313,0.456268221574344,TRUE,"","NULL","",5.29599999999999
1836,8318787,1,0.5,FALSE,NA,1,0.93,91,311,91,"{size <= 35} & !{er <= 174}",686,246,290,0.422740524781341,TRUE,"","NULL","",7.15199999999999
1837,8318788,1,0.5,FALSE,NA,1,0.78,18,88,18,"!{pgr <= 2} & !{er <= 174}",686,246,309,0.450437317784257,TRUE,"","NULL","",5.74699999999999
1838,8318789,1,0.5,FALSE,NA,1,0.92,6,33,6,"!{er <= 100} & {pgr <= 77}",686,246,285,0.415451895043732,TRUE,"","NULL","",4.822
1839,8318790,1,0.5,FALSE,NA,1,0.54,1,27,1,"{size <= 25} & !{pgr <= 45}",686,246,296,0.431486880466472,TRUE,"","NULL","",4.56400000000002
1840,8318791,1,0.5,FALSE,NA,1,0.94,66,163,66,"{pgr <= 2} & {er <= 174}",686,246,288,0.419825072886297,TRUE,"","NULL","",5.76499999999999
1841,8318792,1,0.5,FALSE,NA,1,0.86,7,62,7,"{age <= 46} & !{pgr <= 26}",686,246,318,0.463556851311953,TRUE,"","NULL","",5.452
1842,8318793,1,0.5,FALSE,NA,1,0.85,15,57,15,"!{er <= 0} & !{age <= 61}",686,246,308,0.448979591836735,TRUE,"","NULL","",5.24900000000002
1843,8318794,1,0.5,FALSE,NA,1,0.83,10,76,10,"!{pgr <= 26} & {pgr <= 77}",686,246,291,0.424198250728863,TRUE,"","NULL","",5.36799999999999
1844,8318795,1,0.5,FALSE,NA,1,0.99,111,253,111,"{grade3} & !{age <= 46}",686,246,299,0.435860058309038,TRUE,"","NULL","",6.60399999999998
1845,8318796,1,0.5,FALSE,NA,1,0.57,2,24,2,"!{pgr <= 184} & !{grade3}",686,246,289,0.421282798833819,TRUE,"","NULL","",4.726
1846,8318797,1,0.5,FALSE,NA,1,0.95,5,37,5,"{size <= 20} & {er <= 17}",686,246,301,0.438775510204082,TRUE,"","NULL","",4.94200000000001
1847,8318798,1,0.5,FALSE,NA,1,0.92,4,18,4,"{grade3} & !{nodes <= 5}",686,246,295,0.43002915451895,TRUE,"","NULL","",4.61700000000002
1848,8318799,1,0.5,FALSE,NA,1,0.67,2,10,2,"!{pgr <= 114} & !{age <= 46}",686,246,297,0.432944606413994,TRUE,"","NULL","",4.58600000000001
1849,8318800,1,0.5,FALSE,NA,1,0.98,38,125,38,"{age <= 46} & !{er <= 30}",686,246,294,0.428571428571429,TRUE,"","NULL","",6.61800000000002
1850,8318801,1,0.5,FALSE,NA,1,0.88,24,112,24,"!{age <= 53} & {age <= 61}",686,246,324,0.472303206997085,TRUE,"","NULL","",5.52499999999998
1851,8318802,1,0.5,FALSE,NA,1,0.73,12,102,12,"!{size <= 25} & {pgr <= 77}",686,246,301,0.438775510204082,TRUE,"","NULL","",5.38200000000001
1852,8318803,1,0.5,FALSE,NA,1,0.89,41,183,41,"!{age <= 61} & !{er <= 30}",686,246,294,0.428571428571429,TRUE,"","NULL","",5.483
1853,8318804,1,0.5,FALSE,NA,1,0.79,10,76,10,"{nodes <= 5} & !{age <= 61}",686,246,305,0.444606413994169,TRUE,"","NULL","",5.667
1854,8318805,1,0.5,FALSE,NA,1,0.88,56,195,56,"{er <= 9} & {pgr <= 0}",686,246,301,0.438775510204082,TRUE,"","NULL","",6.92399999999998
1855,8318806,1,0.5,FALSE,NA,1,0.9,15,85,15,"!{er <= 70} & !{nodes <= 5}",686,246,315,0.459183673469388,TRUE,"","NULL","",5.23499999999996
1856,8318807,1,0.5,FALSE,NA,1,0.85,5,51,5,"{size <= 29} & !{age <= 61}",686,246,294,0.428571428571429,TRUE,"","NULL","",4.05500000000001
1857,8318808,1,0.5,FALSE,NA,1,0.89,13,73,13,"!{age <= 46} & !{er <= 174}",686,246,308,0.448979591836735,TRUE,"","NULL","",5.44800000000001
1858,8318809,1,0.5,FALSE,NA,1,0.91,20,91,20,"{meno} & {er <= 44}",686,246,306,0.446064139941691,TRUE,"","NULL","",5.797
1859,8318810,1,0.5,FALSE,NA,1,0.9,8,39,8,"{age <= 46} & {size <= 25}",686,246,313,0.456268221574344,TRUE,"","NULL","",4.505
1860,8318811,1,0.5,FALSE,NA,1,0.89,39,187,39,"!{pgr <= 45} & !{age <= 61}",686,246,328,0.478134110787172,TRUE,"","NULL","",5.92600000000004
1861,8318812,1,0.5,FALSE,NA,1,0.95,15,52,15,"{nodes <= 3} & {age <= 46}",686,246,319,0.465014577259475,TRUE,"","NULL","",5.334
1862,8318813,1,0.5,FALSE,NA,1,0.95,72,290,72,"!{age <= 61} & !{pgr <= 45}",686,246,285,0.415451895043732,TRUE,"","NULL","",8.49799999999996
1863,8318814,1,0.5,FALSE,NA,1,0.96,43,134,43,"!{nodes <= 3} & !{er <= 17}",686,246,299,0.435860058309038,TRUE,"","NULL","",6.04900000000004
1864,8318815,1,0.5,FALSE,NA,1,0.83,8,83,8,"!{grade3} & {nodes <= 1}",686,246,305,0.444606413994169,TRUE,"","NULL","",4.05199999999996
1865,8318816,1,0.5,FALSE,NA,1,0.52,1,26,1,"!{er <= 174} & {nodes <= 5}",686,246,314,0.457725947521866,TRUE,"","NULL","",5.05099999999999
1866,8318817,1,0.5,FALSE,NA,1,0.94,25,81,25,"!{pgr <= 77} & !{meno}",686,246,302,0.440233236151603,TRUE,"","NULL","",5.73400000000001
1867,8318818,1,0.5,FALSE,NA,1,0.87,18,74,18,"!{size <= 35} & {age <= 53}",686,246,311,0.4533527696793,TRUE,"","NULL","",5.24799999999999
1868,8318819,1,0.5,FALSE,NA,1,0.99,85,206,85,"!{meno} & !{er <= 44}",686,246,288,0.419825072886297,TRUE,"","NULL","",6.25700000000001
1869,8318820,1,0.5,FALSE,NA,1,0.67,4,54,4,"!{pgr <= 184} & !{age <= 46}",686,246,302,0.440233236151603,TRUE,"","NULL","",5.63899999999998
1870,8318821,1,0.5,FALSE,NA,1,0.57,3,22,3,"!{pgr <= 2} & !{nodes <= 7}",686,246,307,0.447521865889213,TRUE,"","NULL","",4.50699999999998
1871,8318822,1,0.5,FALSE,NA,1,0.72,2,21,2,"{nodes <= 7} & !{size <= 35}",686,246,322,0.469387755102041,TRUE,"","NULL","",4.54300000000001
1872,8318823,1,0.5,FALSE,NA,1,0.64,5,60,5,"{er <= 17} & !{er <= 3}",686,246,298,0.434402332361516,TRUE,"","NULL","",5.09899999999999
1873,8318824,1,0.5,FALSE,NA,1,0.99,83,266,83,"{nodes <= 1} & !{age <= 53}",686,246,303,0.441690962099125,TRUE,"","NULL","",8.24499999999998
1874,8318825,1,0.5,FALSE,NA,1,1,181,312,181,"!{pgr <= 77} & {nodes <= 5}",686,246,295,0.43002915451895,TRUE,"","NULL","",8.54200000000003
1875,8318826,1,0.5,FALSE,NA,1,0.57,1,7,1,"!{age <= 61} & {pgr <= 16}",686,246,299,0.435860058309038,TRUE,"","NULL","",3.95299999999997
1876,8318827,1,0.5,FALSE,NA,1,0.93,36,191,36,"!{meno} & !{pgr <= 114}",686,246,322,0.469387755102041,TRUE,"","NULL","Loglik converged before variable  1 ; coefficient may be infinite.  | Loglik converged before variable  1 ; coefficient may be infinite. ",4.70800000000003
1877,8318828,1,0.5,FALSE,NA,1,0.87,16,74,16,"{nodes <= 7} & !{pgr <= 184}",686,246,301,0.438775510204082,TRUE,"","NULL","",6.01300000000001
1878,8318829,1,0.5,FALSE,NA,1,0.97,93,301,93,"{size <= 20} & {age <= 61}",686,246,307,0.447521865889213,TRUE,"","NULL","",7.93000000000001
1879,8318830,1,0.5,FALSE,NA,1,0.81,7,45,7,"!{pgr <= 114} & !{nodes <= 1}",686,246,311,0.4533527696793,TRUE,"","NULL","",4.91000000000003
1880,8318831,1,0.5,FALSE,NA,1,0.91,15,64,15,"{pgr <= 8} & !{er <= 0}",686,246,301,0.438775510204082,TRUE,"","NULL","",4.18900000000002
1881,8318832,1,0.5,FALSE,NA,1,0.86,12,76,12,"!{size <= 29} & !{nodes <= 7}",686,246,327,0.47667638483965,TRUE,"","NULL","",5.459
1882,8318833,1,0.5,FALSE,NA,1,0.75,7,57,7,"{pgr <= 2} & !{size <= 20}",686,246,307,0.447521865889213,TRUE,"","NULL","",5.14699999999999
1883,8318834,1,0.5,FALSE,NA,1,0.9,25,121,25,"{size <= 35} & !{pgr <= 184}",686,246,292,0.425655976676385,TRUE,"","NULL","",5.73599999999999
1884,8318835,1,0.5,FALSE,NA,1,0.66,5,38,5,"{pgr <= 26} & {grade3}",686,246,323,0.470845481049563,TRUE,"","NULL","",4.57400000000001
1885,8318836,1,0.5,FALSE,NA,1,0.94,44,198,44,"{er <= 174} & !{pgr <= 77}",686,246,323,0.470845481049563,TRUE,"","NULL","",7.59800000000001
1886,8318837,1,0.5,FALSE,NA,1,0.92,17,85,17,"{er <= 3} & !{size <= 20}",686,246,319,0.465014577259475,TRUE,"","NULL","",5.38900000000001
1887,8318838,1,0.5,FALSE,NA,1,0.74,8,42,8,"{size <= 29} & !{pgr <= 77}",686,246,336,0.489795918367347,TRUE,"","NULL","",4.92500000000001
1888,8318839,1,0.5,FALSE,NA,1,0.84,25,154,25,"!{age <= 46} & {pgr <= 8}",686,246,292,0.425655976676385,TRUE,"","NULL","",5.03100000000001
1889,8318840,1,0.5,FALSE,NA,1,0.96,17,132,17,"!{er <= 17} & {er <= 30}",686,246,295,0.43002915451895,TRUE,"","NULL","",6.67699999999999
1890,8318841,1,0.5,FALSE,NA,1,0.91,24,77,24,"!{nodes <= 7} & {age <= 61}",686,246,292,0.425655976676385,TRUE,"","NULL","",5.23700000000002
1891,8318842,1,0.5,FALSE,NA,1,0.71,6,33,6,"!{pgr <= 26} & {er <= 44}",686,246,304,0.443148688046647,TRUE,"","NULL","",4.69600000000003
1892,8318843,1,0.5,FALSE,NA,1,0.55,1,18,1,"!{meno} & !{size <= 35}",686,246,302,0.440233236151603,TRUE,"","NULL","",4.16399999999999
1893,8318844,1,0.5,FALSE,NA,1,0.97,68,241,68,"!{pgr <= 77} & {pgr <= 114}",686,246,293,0.427113702623907,TRUE,"","NULL","",8.35000000000002
1894,8318845,1,0.5,FALSE,NA,1,0.93,7,62,7,"!{grade3} & {pgr <= 2}",686,246,288,0.419825072886297,TRUE,"","NULL","",5.07400000000001
1895,8318846,1,0.5,FALSE,NA,1,0.97,26,157,26,"!{size <= 35} & {meno}",686,246,313,0.456268221574344,TRUE,"","NULL","",6.13299999999998
1896,8318847,1,0.5,FALSE,NA,1,0.91,53,236,53,"!{nodes <= 5} & !{age <= 46}",686,246,304,0.443148688046647,TRUE,"","NULL","",5.49199999999996
1897,8318848,1,0.5,FALSE,NA,1,0.93,46,157,46,"!{size <= 20} & {pgr <= 2}",686,246,296,0.431486880466472,TRUE,"","NULL","",6.70999999999998
1898,8318849,1,0.5,FALSE,NA,1,0.74,10,107,10,"!{pgr <= 77} & {er <= 294}",686,246,292,0.425655976676385,TRUE,"","NULL","",5.38400000000001
1899,8318850,1,0.5,FALSE,NA,1,0.92,5,40,5,"!{pgr <= 114} & {pgr <= 184}",686,246,307,0.447521865889213,TRUE,"","NULL","",4.88400000000001
1900,8318851,1,0.5,FALSE,NA,1,0.76,11,51,11,"{nodes <= 1} & {pgr <= 184}",686,246,297,0.432944606413994,TRUE,"","NULL","",4.31199999999995
1901,8318852,1,0.5,FALSE,NA,1,0.94,13,72,13,"{age <= 46} & {pgr <= 77}",686,246,283,0.412536443148688,TRUE,"","NULL","",5.42700000000002
1902,8318853,1,0.5,FALSE,NA,1,0.72,2,50,2,"{er <= 0} & {nodes <= 7}",686,246,307,0.447521865889213,TRUE,"","NULL","",4.92500000000001
1903,8318854,1,0.5,FALSE,NA,1,0.9,6,33,6,"{age <= 46} & !{pgr <= 16}",686,246,315,0.459183673469388,TRUE,"","NULL","",4.95800000000003
1904,8318855,1,0.5,FALSE,NA,1,0.62,1,25,1,"!{nodes <= 7} & {pgr <= 16}",686,246,327,0.47667638483965,TRUE,"","NULL","",4.39100000000002
1905,8318856,1,0.5,FALSE,NA,1,0.69,1,25,1,"!{age <= 53} & {size <= 20}",686,246,284,0.41399416909621,TRUE,"","NULL","",5.143
1906,8318857,1,0.5,FALSE,NA,1,0.96,41,167,41,"!{age <= 61} & !{er <= 70}",686,246,306,0.446064139941691,TRUE,"","NULL","",6.56200000000001
1907,8318858,1,0.5,FALSE,NA,1,0.6,2,10,2,"!{size <= 29} & !{er <= 70}",686,246,312,0.454810495626822,TRUE,"","NULL","",4.512
1908,8318859,1,0.5,FALSE,NA,1,0.76,11,73,11,"{er <= 70} & !{age <= 61}",686,246,296,0.431486880466472,TRUE,"","NULL","",5.25400000000002
1909,8318860,1,0.5,FALSE,NA,1,0.93,16,43,16,"!{pgr <= 184}",686,246,286,0.416909620991254,TRUE,"","NULL","",4.96699999999998
1910,8318861,1,0.5,FALSE,NA,1,0.86,14,48,14,"{er <= 44} & !{pgr <= 45}",686,246,310,0.451895043731778,TRUE,"","NULL","",5.42600000000002
1911,8318862,1,0.5,FALSE,NA,0,NA,0,7,0,"",686,246,300,0.43731778425656,TRUE,"","NULL","",4.48500000000001
1912,8318863,1,0.5,FALSE,NA,1,0.87,21,69,21,"!{age <= 61} & !{grade3}",686,246,308,0.448979591836735,TRUE,"","NULL","",4.97500000000002
1913,8318864,1,0.5,FALSE,NA,1,0.92,26,149,26,"{size <= 29} & !{pgr <= 114}",686,246,278,0.405247813411079,TRUE,"","NULL","",7.01899999999998
1914,8318865,1,0.5,FALSE,NA,1,0.66,5,28,5,"!{pgr <= 184} & {nodes <= 7}",686,246,315,0.459183673469388,TRUE,"","NULL","",4.72499999999997
1915,8318866,1,0.5,FALSE,NA,1,0.77,7,46,7,"!{nodes <= 1} & {pgr <= 8}",686,246,312,0.454810495626822,TRUE,"","NULL","",4.74599999999998
1916,8318867,1,0.5,FALSE,NA,1,0.76,5,49,5,"!{age <= 61} & {er <= 174}",686,246,293,0.427113702623907,TRUE,"","NULL","",4.71199999999999
1917,8318868,1,0.5,FALSE,NA,1,0.68,2,18,2,"!{size <= 25} & {age <= 46}",686,246,316,0.46064139941691,TRUE,"","NULL","",5.35199999999998
1918,8318869,1,0.5,FALSE,NA,1,0.98,6,27,6,"{grade3} & {size <= 25}",686,246,313,0.456268221574344,TRUE,"","NULL","",4.733
1919,8318870,1,0.5,FALSE,NA,1,0.99,143,384,143,"!{pgr <= 45} & {nodes <= 5}",686,246,283,0.412536443148688,TRUE,"","NULL","",9.14800000000002
1920,8318871,1,0.5,FALSE,NA,1,0.87,45,150,45,"{age <= 53} & !{pgr <= 26}",686,246,312,0.454810495626822,TRUE,"","NULL","",5.16700000000003
1921,8318872,1,0.5,FALSE,NA,1,0.93,82,227,82,"{size <= 35} & !{er <= 70}",686,246,291,0.424198250728863,TRUE,"","NULL","",7.63
1922,8318873,1,0.5,FALSE,NA,1,0.97,92,251,92,"!{size <= 25} & !{pgr <= 114}",686,246,294,0.428571428571429,TRUE,"","NULL","",7.48900000000003
1923,8318874,1,0.5,FALSE,NA,1,0.93,16,62,16,"{meno} & {age <= 53}",686,246,324,0.472303206997085,TRUE,"","NULL","",4.98899999999998
1924,8318875,1,0.5,FALSE,NA,1,0.96,39,155,39,"!{meno} & !{age <= 46}",686,246,287,0.418367346938776,TRUE,"","NULL","Loglik converged before variable  1 ; coefficient may be infinite.  | Loglik converged before variable  1 ; coefficient may be infinite. ",4.47699999999998
1925,8318876,1,0.5,FALSE,NA,0,NA,0,10,0,"",686,246,287,0.418367346938776,TRUE,"","NULL","",4.62299999999999
1926,8318877,1,0.5,FALSE,NA,1,0.99,59,149,59,"!{er <= 174} & !{pgr <= 114}",686,246,294,0.428571428571429,TRUE,"","NULL","",6.46299999999997
1927,8318878,1,0.5,FALSE,NA,0,NA,0,11,0,"",686,246,297,0.432944606413994,TRUE,"","NULL","",4.43799999999999
1928,8318879,1,0.5,FALSE,NA,1,0.84,9,35,9,"!{er <= 9} & {er <= 30}",686,246,308,0.448979591836735,TRUE,"","NULL","",4.70800000000003
1929,8318880,1,0.5,FALSE,NA,1,0.86,12,87,12,"{meno} & {er <= 9}",686,246,300,0.43731778425656,TRUE,"","NULL","",5.59100000000001
1930,8318881,1,0.5,FALSE,NA,1,0.92,34,134,34,"!{er <= 100} & {size <= 29}",686,246,292,0.425655976676385,TRUE,"","NULL","",6.00899999999996
1931,8318882,1,0.5,FALSE,NA,1,0.84,8,59,8,"!{pgr <= 26} & !{age <= 61}",686,246,300,0.43731778425656,TRUE,"","NULL","",4.86000000000001
1932,8318883,1,0.5,FALSE,NA,1,0.97,42,144,42,"{er <= 70} & !{pgr <= 45}",686,246,303,0.441690962099125,TRUE,"","NULL","",5.24599999999998
1933,8318884,1,0.5,FALSE,NA,1,0.93,6,39,6,"!{er <= 44} & {er <= 70}",686,246,310,0.451895043731778,TRUE,"","NULL","",4.995
1934,8318885,1,0.5,FALSE,NA,1,0.96,95,278,95,"!{er <= 100} & {pgr <= 184}",686,246,314,0.457725947521866,TRUE,"","NULL","",7.97899999999998
1935,8318886,1,0.5,FALSE,NA,1,0.66,2,30,2,"{age <= 53} & {nodes <= 1}",686,246,303,0.441690962099125,TRUE,"","NULL","",4.81799999999998
1936,8318887,1,0.5,FALSE,NA,1,0.88,16,96,16,"{size <= 20} & {meno}",686,246,281,0.409620991253644,TRUE,"","NULL","",4.44799999999998
1937,8318888,1,0.5,FALSE,NA,1,0.99,97,262,97,"{age <= 61} & {pgr <= 2}",686,246,300,0.43731778425656,TRUE,"","NULL","",8.04200000000003
1938,8318889,1,0.5,FALSE,NA,1,0.59,5,44,5,"!{er <= 30} & !{nodes <= 5}",686,246,305,0.444606413994169,TRUE,"","NULL","",4.666
1939,8318890,1,0.5,FALSE,NA,1,0.71,6,32,6,"{er <= 17} & !{er <= 3}",686,246,311,0.4533527696793,TRUE,"","NULL","",4.74299999999999
1940,8318891,1,0.5,FALSE,NA,0,NA,0,14,0,"",686,246,293,0.427113702623907,TRUE,"","NULL","",3.62
1941,8318892,1,0.5,FALSE,NA,0,NA,0,3,0,"",686,246,283,0.412536443148688,TRUE,"","NULL","",4.46100000000001
1942,8318893,1,0.5,FALSE,NA,1,0.97,34,116,34,"{age <= 53} & !{size <= 35}",686,246,309,0.450437317784257,TRUE,"","NULL","",5.79299999999995
1943,8318894,1,0.5,FALSE,NA,0,NA,0,3,0,"",686,246,297,0.432944606413994,TRUE,"","NULL","",4.459
1944,8318895,1,0.5,FALSE,NA,1,0.86,2,27,2,"!{size <= 25} & {pgr <= 2}",686,246,301,0.438775510204082,TRUE,"","NULL","",4.70200000000006
1945,8318896,1,0.5,FALSE,NA,1,0.96,96,256,96,"!{nodes <= 3} & !{er <= 44}",686,246,308,0.448979591836735,TRUE,"","NULL","",8.142
1946,8318897,1,0.5,FALSE,NA,1,0.99,9,61,9,"{nodes <= 1} & {age <= 53}",686,246,310,0.451895043731778,TRUE,"","NULL","",5.11199999999997
1947,8318898,1,0.5,FALSE,NA,1,0.96,47,133,47,"!{er <= 174} & !{pgr <= 45}",686,246,303,0.441690962099125,TRUE,"","NULL","",5.67900000000003
1948,8318899,1,0.5,FALSE,NA,1,0.89,19,61,19,"!{er <= 174} & !{pgr <= 77}",686,246,300,0.43731778425656,TRUE,"","NULL","",3.87799999999999
1949,8318900,1,0.5,FALSE,NA,1,0.99,49,216,49,"{size <= 20} & {pgr <= 26}",686,246,303,0.441690962099125,TRUE,"","NULL","",8.19299999999998
1950,8318901,1,0.5,FALSE,NA,1,0.93,33,154,33,"{pgr <= 8} & !{age <= 53}",686,246,289,0.421282798833819,TRUE,"","NULL","",6
1951,8318902,1,0.5,FALSE,NA,1,0.94,10,39,10,"!{nodes <= 5} & !{er <= 44}",686,246,301,0.438775510204082,TRUE,"","NULL","",4.738
1952,8318903,1,0.5,FALSE,NA,1,0.72,2,9,2,"{nodes <= 1} & {er <= 30}",686,246,303,0.441690962099125,TRUE,"","NULL","",3.52199999999999
1953,8318904,1,0.5,FALSE,NA,1,0.78,5,62,5,"{grade3} & {pgr <= 16}",686,246,308,0.448979591836735,TRUE,"","NULL","",5.56299999999999
1954,8318905,1,0.5,FALSE,NA,1,0.52,1,61,1,"{size <= 29} & !{nodes <= 5}",686,246,289,0.421282798833819,TRUE,"","NULL","",5.11399999999998
1955,8318906,1,0.5,FALSE,NA,1,0.66,2,23,2,"{size <= 20} & !{er <= 44}",686,246,302,0.440233236151603,TRUE,"","NULL","",4.73999999999995
1956,8318907,1,0.5,FALSE,NA,1,0.95,11,84,11,"{size <= 20} & {nodes <= 1}",686,246,301,0.438775510204082,TRUE,"","NULL","",5.08500000000004
1957,8318908,1,0.5,FALSE,NA,1,0.62,3,17,3,"!{pgr <= 114} & {size <= 29}",686,246,304,0.443148688046647,TRUE,"","NULL","",4.80599999999998
1958,8318909,1,0.5,FALSE,NA,1,0.99,136,463,136,"!{pgr <= 16} & {er <= 17}",686,246,296,0.431486880466472,TRUE,"","NULL","",10.009
1959,8318910,1,0.5,FALSE,NA,1,0.53,1,7,1,"{age <= 46} & {er <= 9}",686,246,301,0.438775510204082,TRUE,"","NULL","",4.55000000000001
1960,8318911,1,0.5,FALSE,NA,1,0.95,50,156,50,"!{er <= 174} & !{pgr <= 77}",686,246,313,0.456268221574344,TRUE,"","NULL","",4.73099999999999
1961,8318912,1,0.5,FALSE,NA,0,NA,0,16,0,"",686,246,291,0.424198250728863,TRUE,"","NULL","",4.947
1962,8318913,1,0.5,FALSE,NA,1,0.8,6,20,6,"{pgr <= 77} & !{pgr <= 26}",686,246,298,0.434402332361516,TRUE,"","NULL","",4.67500000000001
1963,8318914,1,0.5,FALSE,NA,0,NA,0,4,0,"",686,246,306,0.446064139941691,TRUE,"","NULL","",4.34300000000002
1964,8318915,1,0.5,FALSE,NA,0,NA,0,1,0,"",686,246,309,0.450437317784257,TRUE,"","NULL","",4.33100000000002
1965,8318916,1,0.5,FALSE,NA,1,0.94,82,174,82,"!{meno} & {pgr <= 45}",686,246,317,0.462099125364431,TRUE,"","NULL","",7.12600000000003
1966,8318917,1,0.5,FALSE,NA,1,0.99,16,73,16,"{nodes <= 7} & !{nodes <= 5}",686,246,321,0.467930029154519,TRUE,"","NULL","",5.21900000000005
1967,8318918,1,0.5,FALSE,NA,1,0.99,5,20,5,"!{er <= 44} & {er <= 70}",686,246,294,0.428571428571429,TRUE,"","NULL","",4.28699999999998
1968,8318919,1,0.5,FALSE,NA,1,0.99,51,142,51,"!{age <= 61} & !{size <= 20}",686,246,312,0.454810495626822,TRUE,"","NULL","",5.25999999999999
1969,8318920,1,0.5,FALSE,NA,1,0.79,10,94,10,"{size <= 29} & !{er <= 70}",686,246,296,0.431486880466472,TRUE,"","NULL","",5.94400000000002
1970,8318921,1,0.5,FALSE,NA,0,NA,0,7,0,"",686,246,309,0.450437317784257,TRUE,"","NULL","",4.41199999999998
1971,8318922,1,0.5,FALSE,NA,1,0.5,1,15,1,"{size <= 20} & !{pgr <= 45}",686,246,294,0.428571428571429,TRUE,"","NULL","",4.64400000000001
1972,8318923,1,0.5,FALSE,NA,1,0.94,36,113,36,"{nodes <= 3} & {age <= 46}",686,246,302,0.440233236151603,TRUE,"","NULL","",5.47700000000003
1973,8318924,1,0.5,FALSE,NA,1,0.6,1,26,1,"!{size <= 25} & !{er <= 174}",686,246,320,0.466472303206997,TRUE,"","NULL","",4.839
1974,8318925,1,0.5,FALSE,NA,1,0.96,111,340,111,"!{pgr <= 184} & !{er <= 30}",686,246,300,0.43731778425656,TRUE,"","NULL","",9.00399999999996
1975,8318926,1,0.5,FALSE,NA,1,0.93,17,87,17,"{size <= 35} & !{size <= 25}",686,246,294,0.428571428571429,TRUE,"","NULL","",5.19499999999999
1976,8318927,1,0.5,FALSE,NA,1,0.91,16,90,16,"!{age <= 53} & !{nodes <= 5}",686,246,304,0.443148688046647,TRUE,"","NULL","",4.202
1977,8318928,1,0.5,FALSE,NA,1,0.8,7,39,7,"{size <= 25} & !{er <= 100}",686,246,283,0.412536443148688,TRUE,"","NULL","",5.52999999999997
1978,8318929,1,0.5,FALSE,NA,1,0.73,3,23,3,"!{pgr <= 77} & {er <= 44}",686,246,302,0.440233236151603,TRUE,"","NULL","",4.62799999999999
1979,8318930,1,0.5,FALSE,NA,1,0.98,291,653,291,"!{pgr <= 77} & !{er <= 70}",686,246,291,0.424198250728863,TRUE,"","NULL","",11.901
1980,8318931,1,0.5,FALSE,NA,1,0.8,2,29,2,"!{meno} & {nodes <= 1}",686,246,323,0.470845481049563,TRUE,"","NULL","",3.36800000000005
1981,8318932,1,0.5,FALSE,NA,1,0.85,10,67,10,"{nodes <= 3} & {age <= 46}",686,246,290,0.422740524781341,TRUE,"","NULL","",5.149
1982,8318933,1,0.5,FALSE,NA,1,0.89,5,22,5,"{age <= 46} & !{pgr <= 26}",686,246,310,0.451895043731778,TRUE,"","NULL","",4.80500000000001
1983,8318934,1,0.5,FALSE,NA,0,NA,0,4,0,"",686,246,303,0.441690962099125,TRUE,"","NULL","",4.19299999999998
1984,8318935,1,0.5,FALSE,NA,1,0.98,73,305,73,"!{pgr <= 184} & !{er <= 30}",686,246,322,0.469387755102041,TRUE,"","NULL","",7.46899999999999
1985,8318936,1,0.5,FALSE,NA,1,0.89,22,101,22,"{age <= 46} & {er <= 30}",686,246,332,0.483965014577259,TRUE,"","NULL","",6.40000000000003
1986,8318937,1,0.5,FALSE,NA,1,0.86,36,160,36,"{er <= 3} & {age <= 61}",686,246,279,0.406705539358601,TRUE,"","NULL","",6.28800000000001
1987,8318938,1,0.5,FALSE,NA,1,0.92,54,173,54,"!{pgr <= 184} & !{size <= 20}",686,246,300,0.43731778425656,TRUE,"","NULL","",6.517
1988,8318939,1,0.5,FALSE,NA,1,0.99,125,257,125,"{nodes <= 1} & {er <= 70}",686,246,317,0.462099125364431,TRUE,"","NULL","",5.65300000000002
1989,8318940,1,0.5,FALSE,NA,1,0.84,2,7,2,"{er <= 100} & !{er <= 70}",686,246,276,0.402332361516035,TRUE,"","NULL","",4.94200000000001
1990,8318941,1,0.5,FALSE,NA,1,0.81,11,40,11,"!{er <= 30} & {er <= 100}",686,246,298,0.434402332361516,TRUE,"","NULL","",4.65600000000001
1991,8318942,1,0.5,FALSE,NA,1,1,39,159,39,"{nodes <= 3} & {age <= 46}",686,246,295,0.43002915451895,TRUE,"","NULL","",6.21800000000002
1992,8318943,1,0.5,FALSE,NA,1,0.9,27,130,27,"{er <= 9} & !{pgr <= 0}",686,246,295,0.43002915451895,TRUE,"","NULL","",5.30200000000002
1993,8318944,1,0.5,FALSE,NA,1,0.93,56,175,56,"!{pgr <= 8} & {pgr <= 45}",686,246,319,0.465014577259475,TRUE,"","NULL","",7.31200000000001
1994,8318945,1,0.5,FALSE,NA,1,0.89,15,118,15,"{nodes <= 5} & {er <= 44}",686,246,307,0.447521865889213,TRUE,"","NULL","",5.51500000000004
1995,8318946,1,0.5,FALSE,NA,1,0.82,11,44,11,"{nodes <= 7} & {pgr <= 2}",686,246,287,0.418367346938776,TRUE,"","NULL","",4.76799999999997
1996,8318947,1,0.5,FALSE,NA,1,0.76,26,118,26,"{size <= 35} & !{pgr <= 26}",686,246,277,0.403790087463557,TRUE,"","NULL","",4.99400000000003
1997,8318948,1,0.5,FALSE,NA,1,0.98,72,232,72,"!{nodes <= 5} & {nodes <= 7}",686,246,304,0.443148688046647,TRUE,"","NULL","",8.05500000000001
1998,8318949,1,0.5,FALSE,NA,1,0.63,2,24,2,"{age <= 53} & {er <= 3}",686,246,303,0.441690962099125,TRUE,"","NULL","",4.911
1999,8318950,1,0.5,FALSE,NA,1,0.83,14,63,14,"{size <= 35} & !{pgr <= 184}",686,246,294,0.428571428571429,TRUE,"","NULL","",5.04599999999999
2000,8318951,1,0.5,FALSE,NA,1,0.82,7,15,7,"!{pgr <= 16} & !{age <= 61}",686,246,291,0.424198250728863,TRUE,"","NULL","",3.786
2001,8318952,1,0.5,FALSE,NA,1,0.98,53,211,53,"{size <= 20} & !{nodes <= 3}",686,246,294,0.428571428571429,TRUE,"","NULL","",7.70799999999997
2002,8318953,1,0.5,FALSE,NA,1,0.97,108,286,108,"{meno} & !{nodes <= 7}",686,246,320,0.466472303206997,TRUE,"","NULL","",7.52600000000001
2003,8318954,1,0.5,FALSE,NA,1,0.88,36,147,36,"!{er <= 17} & !{nodes <= 3}",686,246,296,0.431486880466472,TRUE,"","NULL","",5.68000000000001
2004,8318955,1,0.5,FALSE,NA,1,0.96,36,113,36,"{nodes <= 3} & {er <= 17}",686,246,298,0.434402332361516,TRUE,"","NULL","",3.99399999999997
2005,8318956,1,0.5,FALSE,NA,1,1,35,98,35,"!{grade3} & {er <= 30}",686,246,321,0.467930029154519,TRUE,"","NULL","",6.09800000000001
2006,8318957,1,0.5,FALSE,NA,1,0.88,28,138,28,"!{size <= 29} & {meno}",686,246,318,0.463556851311953,TRUE,"","NULL","",6.03000000000003
2007,8318958,1,0.5,FALSE,NA,1,0.87,13,76,13,"!{er <= 100} & !{pgr <= 114}",686,246,277,0.403790087463557,TRUE,"","NULL","",4.95499999999998
2008,8318959,1,0.5,FALSE,NA,1,0.9,25,132,25,"!{pgr <= 0} & {pgr <= 8}",686,246,312,0.454810495626822,TRUE,"","NULL","",5.11099999999999
2009,8318960,1,0.5,FALSE,NA,1,0.95,84,260,84,"!{pgr <= 77} & {nodes <= 3}",686,246,302,0.440233236151603,TRUE,"","NULL","",8.36400000000003
2010,8318961,1,0.5,FALSE,NA,1,0.99,115,360,115,"{nodes <= 1} & {er <= 17}",686,246,313,0.456268221574344,TRUE,"","NULL","",8.56100000000004
2011,8318962,1,0.5,FALSE,NA,1,0.98,41,204,41,"{nodes <= 5} & !{er <= 30}",686,246,309,0.450437317784257,TRUE,"","NULL","",5.61099999999999
2012,8318963,1,0.5,FALSE,NA,1,0.86,6,44,6,"!{er <= 9} & !{nodes <= 7}",686,246,301,0.438775510204082,TRUE,"","NULL","",3.22700000000003
2013,8318964,1,0.5,FALSE,NA,0,NA,0,9,0,"",686,246,297,0.432944606413994,TRUE,"","NULL","",5.13200000000001
2014,8318965,1,0.5,FALSE,NA,1,0.74,2,21,2,"!{age <= 61} & {er <= 44}",686,246,297,0.432944606413994,TRUE,"","NULL","",4.54000000000002
2015,8318966,1,0.5,FALSE,NA,1,0.9,8,48,8,"{meno} & !{pgr <= 114}",686,246,304,0.443148688046647,TRUE,"","NULL","",5.36500000000001
2016,8318967,1,0.5,FALSE,NA,1,0.88,45,186,45,"{nodes <= 3} & !{pgr <= 77}",686,246,327,0.47667638483965,TRUE,"","NULL","",6.23599999999999
2017,8318968,1,0.5,FALSE,NA,1,0.9,31,113,31,"!{er <= 70} & {pgr <= 114}",686,246,302,0.440233236151603,TRUE,"","NULL","",5.88499999999999
2018,8318969,1,0.5,FALSE,NA,1,0.75,4,28,4,"{nodes <= 3} & !{age <= 61}",686,246,316,0.46064139941691,TRUE,"","NULL","",4.87799999999999
2019,8318970,1,0.5,FALSE,NA,1,0.88,24,85,24,"!{pgr <= 16} & {er <= 44}",686,246,306,0.446064139941691,TRUE,"","NULL","",5.65699999999998
2020,8318971,1,0.5,FALSE,NA,1,0.85,6,33,6,"!{pgr <= 114} & {meno}",686,246,311,0.4533527696793,TRUE,"","NULL","",4.19600000000003
2021,8318972,1,0.5,FALSE,NA,1,0.8,18,58,18,"!{nodes <= 3} & !{pgr <= 45}",686,246,301,0.438775510204082,TRUE,"","NULL","",5.46100000000001
2022,8318973,1,0.5,FALSE,NA,1,0.81,10,37,10,"!{pgr <= 77} & {meno}",686,246,311,0.4533527696793,TRUE,"","NULL","",5.45999999999998
2023,8318974,1,0.5,FALSE,NA,1,0.75,3,24,3,"!{nodes <= 3} & {grade3}",686,246,306,0.446064139941691,TRUE,"","NULL","",4.31
2024,8318975,1,0.5,FALSE,NA,1,0.98,38,132,38,"!{size <= 20} & {er <= 3}",686,246,300,0.43731778425656,TRUE,"","NULL","",5.78100000000001
2025,8318976,1,0.5,FALSE,NA,1,0.97,8,28,8,"!{pgr <= 45} & {pgr <= 77}",686,246,289,0.421282798833819,TRUE,"","NULL","",4.83000000000004
2026,8318977,1,0.5,FALSE,NA,1,0.64,4,41,4,"!{size <= 20} & !{pgr <= 114}",686,246,269,0.392128279883382,TRUE,"","NULL","",4.83700000000005
2027,8318978,1,0.5,FALSE,NA,1,0.86,11,36,11,"!{pgr <= 45} & {pgr <= 77}",686,246,292,0.425655976676385,TRUE,"","NULL","",4.66600000000005
2028,8318979,1,0.5,FALSE,NA,1,0.93,32,169,32,"{nodes <= 5} & {grade3}",686,246,284,0.41399416909621,TRUE,"","NULL","",6.39400000000001
2029,8318980,1,0.5,FALSE,NA,1,0.98,49,155,49,"{size <= 20} & {pgr <= 45}",686,246,300,0.43731778425656,TRUE,"","NULL","",6.95999999999998
2030,8318981,1,0.5,FALSE,NA,1,0.97,10,45,10,"{nodes <= 1} & {age <= 53}",686,246,298,0.434402332361516,TRUE,"","NULL","",4.89300000000003
2031,8318982,1,0.5,FALSE,NA,1,0.71,5,24,5,"!{pgr <= 77} & !{meno}",686,246,305,0.444606413994169,TRUE,"","NULL","",4.24300000000005
2032,8318983,1,0.5,FALSE,NA,1,0.99,84,223,84,"!{size <= 25} & {er <= 3}",686,246,293,0.427113702623907,TRUE,"","NULL","",6.35599999999999
2033,8318984,1,0.5,FALSE,NA,1,0.94,16,73,16,"{size <= 20} & !{er <= 30}",686,246,310,0.451895043731778,TRUE,"","NULL","",5.45100000000002
2034,8318985,1,0.5,FALSE,NA,1,0.93,15,61,15,"{nodes <= 7} & !{size <= 35}",686,246,274,0.399416909620991,TRUE,"","NULL","",5.00099999999998
2035,8318986,1,0.5,FALSE,NA,1,0.94,29,69,29,"!{age <= 61} & {pgr <= 16}",686,246,294,0.428571428571429,TRUE,"","NULL","",5.375
2036,8318987,1,0.5,FALSE,NA,1,0.95,31,123,31,"!{size <= 35} & !{pgr <= 45}",686,246,294,0.428571428571429,TRUE,"","NULL","",5.488
2037,8318988,1,0.5,FALSE,NA,1,0.79,18,103,18,"!{size <= 25} & {grade3}",686,246,287,0.418367346938776,TRUE,"","NULL","",6.51100000000002
2038,8318989,1,0.5,FALSE,NA,1,0.83,10,39,10,"!{nodes <= 7} & !{pgr <= 2}",686,246,289,0.421282798833819,TRUE,"","NULL","",4.33599999999996
2039,8318990,1,0.5,FALSE,NA,1,0.7,6,38,6,"{age <= 46} & {er <= 70}",686,246,264,0.384839650145773,TRUE,"","NULL","",4.72000000000003
2040,8318991,1,0.5,FALSE,NA,1,0.94,22,79,22,"{size <= 35} & !{nodes <= 7}",686,246,293,0.427113702623907,TRUE,"","NULL","",4.99199999999996
2041,8318992,1,0.5,FALSE,NA,1,0.85,15,82,15,"!{er <= 70} & {er <= 174}",686,246,302,0.440233236151603,TRUE,"","NULL","",6.42700000000002
2042,8318993,1,0.5,FALSE,NA,1,0.96,9,39,9,"!{er <= 44} & {pgr <= 26}",686,246,315,0.459183673469388,TRUE,"","NULL","",4.56900000000002
2043,8318994,1,0.5,FALSE,NA,1,0.97,55,141,55,"{nodes <= 1} & !{meno}",686,246,320,0.466472303206997,TRUE,"","NULL","",6.12299999999999
2044,8318995,1,0.5,FALSE,NA,1,0.86,16,96,16,"!{age <= 53} & !{pgr <= 16}",686,246,288,0.419825072886297,TRUE,"","NULL","",4.88200000000001
2045,8318996,1,0.5,FALSE,NA,0,NA,0,18,0,"",686,246,313,0.456268221574344,TRUE,"","NULL","",4.86200000000002
2046,8318997,1,0.5,FALSE,NA,0,NA,0,5,0,"",686,246,305,0.444606413994169,TRUE,"","NULL","",4.55700000000002
2047,8318998,1,0.5,FALSE,NA,1,0.93,64,177,64,"!{er <= 70} & {pgr <= 77}",686,246,314,0.457725947521866,TRUE,"","NULL","",6.37599999999998
2048,8318999,1,0.5,FALSE,NA,1,0.94,30,136,30,"!{pgr <= 184}",686,246,284,0.41399416909621,TRUE,"","NULL","",5.47500000000002
2049,8319000,1,0.5,FALSE,NA,1,0.91,22,74,22,"!{er <= 44} & !{nodes <= 3}",686,246,306,0.446064139941691,TRUE,"","NULL","",5.91399999999999
2050,8319001,1,0.5,FALSE,NA,1,0.77,7,46,7,"{size <= 29} & !{pgr <= 77}",686,246,296,0.431486880466472,TRUE,"","NULL","",4.99400000000003
2051,8319002,1,0.5,FALSE,NA,1,0.9,35,189,35,"{age <= 46} & {size <= 29}",686,246,313,0.456268221574344,TRUE,"","NULL","",6.74399999999997
2052,8319003,1,0.5,FALSE,NA,0,NA,0,5,0,"",686,246,293,0.427113702623907,TRUE,"","NULL","",3.68000000000001
2053,8319004,1,0.5,FALSE,NA,1,0.72,4,39,4,"!{pgr <= 77} & {er <= 44}",686,246,298,0.434402332361516,TRUE,"","NULL","",5.38799999999998
2054,8319005,1,0.5,FALSE,NA,1,0.88,13,47,13,"{pgr <= 0}",686,246,297,0.432944606413994,TRUE,"","NULL","",5.21899999999999
2055,8319006,1,0.5,FALSE,NA,1,0.97,62,214,62,"!{age <= 53} & {pgr <= 16}",686,246,288,0.419825072886297,TRUE,"","NULL","",6.77000000000004
2056,8319007,1,0.5,FALSE,NA,1,1,60,169,60,"!{er <= 44} & {pgr <= 26}",686,246,301,0.438775510204082,TRUE,"","NULL","",5.38999999999999
2057,8319008,1,0.5,FALSE,NA,1,0.68,4,46,4,"!{meno} & {nodes <= 1}",686,246,285,0.415451895043732,TRUE,"","NULL","",5.67599999999999
2058,8319009,1,0.5,FALSE,NA,1,0.87,15,52,15,"!{size <= 29} & !{er <= 30}",686,246,293,0.427113702623907,TRUE,"","NULL","",5.20800000000003
2059,8319010,1,0.5,FALSE,NA,1,0.63,5,43,5,"{grade3} & {nodes <= 7}",686,246,310,0.451895043731778,TRUE,"","NULL","",4.99899999999997
2060,8319011,1,0.5,FALSE,NA,0,NA,0,29,0,"",686,246,318,0.463556851311953,TRUE,"","NULL","",4.654
2061,8319012,1,0.5,FALSE,NA,1,1,189,580,189,"!{meno} & !{er <= 70}",686,246,302,0.440233236151603,TRUE,"","NULL","",12.129
2062,8319013,1,0.5,FALSE,NA,1,0.7,5,26,5,"{size <= 35} & !{size <= 25}",686,246,304,0.443148688046647,TRUE,"","NULL","",4.33099999999996
2063,8319014,1,0.5,FALSE,NA,1,0.54,2,10,2,"{nodes <= 1} & !{er <= 44}",686,246,309,0.450437317784257,TRUE,"","NULL","",3.988
2064,8319015,1,0.5,FALSE,NA,1,1,38,107,38,"{nodes <= 1} & {pgr <= 16}",686,246,288,0.419825072886297,TRUE,"","NULL","",4.077
2065,8319016,1,0.5,FALSE,NA,0,NA,0,8,0,"",686,246,301,0.438775510204082,TRUE,"","NULL","",5.334
2066,8319017,1,0.5,FALSE,NA,1,0.89,28,111,28,"{er <= 100} & !{er <= 44}",686,246,300,0.43731778425656,TRUE,"","NULL","",6.00100000000003
2067,8319018,1,0.5,FALSE,NA,1,0.98,23,91,23,"!{er <= 294}",686,246,310,0.451895043731778,TRUE,"","NULL","",5.596
2068,8319019,1,0.5,FALSE,NA,1,0.99,33,102,33,"{er <= 3} & {size <= 29}",686,246,271,0.395043731778426,TRUE,"","NULL","",4.995
2069,8319020,1,0.5,FALSE,NA,1,0.84,23,79,23,"!{pgr <= 114} & {nodes <= 5}",686,246,287,0.418367346938776,TRUE,"","NULL","",6.24099999999999
2070,8319021,1,0.5,FALSE,NA,1,0.94,10,53,10,"{er <= 3} & !{pgr <= 0}",686,246,286,0.416909620991254,TRUE,"","NULL","",4.858
2071,8319022,1,0.5,FALSE,NA,1,0.87,15,81,15,"!{grade3} & !{nodes <= 7}",686,246,293,0.427113702623907,TRUE,"","NULL","",5.05900000000003
2072,8319023,1,0.5,FALSE,NA,1,0.96,33,120,33,"!{er <= 100} & {size <= 29}",686,246,303,0.441690962099125,TRUE,"","NULL","",5.43099999999998
2073,8319024,1,0.5,FALSE,NA,1,0.81,16,64,16,"!{nodes <= 3} & {size <= 29}",686,246,296,0.431486880466472,TRUE,"","NULL","",5.42199999999997
2074,8319025,1,0.5,FALSE,NA,1,0.62,1,24,1,"!{pgr <= 2} & {pgr <= 8}",686,246,309,0.450437317784257,TRUE,"","NULL","",4.47199999999998
2075,8319026,1,0.5,FALSE,NA,1,0.87,29,134,29,"{size <= 29} & {pgr <= 26}",686,246,285,0.415451895043732,TRUE,"","NULL","",5.875
2076,8319027,1,0.5,FALSE,NA,1,0.99,3,15,3,"!{size <= 35} & !{age <= 53}",686,246,303,0.441690962099125,TRUE,"","NULL","",4.30099999999999
2077,8319028,1,0.5,FALSE,NA,1,0.92,51,182,51,"!{age <= 53} & {er <= 44}",686,246,299,0.435860058309038,TRUE,"","NULL","",7.40000000000003
2078,8319029,1,0.5,FALSE,NA,1,0.57,3,26,3,"{size <= 20} & !{er <= 9}",686,246,315,0.459183673469388,TRUE,"","NULL","",4.82099999999997
2079,8319030,1,0.5,FALSE,NA,1,0.92,11,65,11,"!{pgr <= 8} & {pgr <= 16}",686,246,299,0.435860058309038,TRUE,"","NULL","",5.05200000000002
2080,8319031,1,0.5,FALSE,NA,1,0.9,13,75,13,"{size <= 29} & !{pgr <= 77}",686,246,300,0.43731778425656,TRUE,"","NULL","",4.589
2081,8319032,1,0.5,FALSE,NA,1,0.95,20,78,20,"!{age <= 61} & {er <= 174}",686,246,292,0.425655976676385,TRUE,"","NULL","",6.38400000000001
2082,8319033,1,0.5,FALSE,NA,1,0.94,45,181,45,"{nodes <= 1} & !{pgr <= 26}",686,246,319,0.465014577259475,TRUE,"","NULL","",6.58299999999997
2083,8319034,1,0.5,FALSE,NA,1,0.88,12,61,12,"!{pgr <= 114} & {age <= 53}",686,246,308,0.448979591836735,TRUE,"","NULL","",5.01800000000003
2084,8319035,1,0.5,FALSE,NA,1,0.93,10,48,10,"{age <= 46} & !{er <= 30}",686,246,306,0.446064139941691,TRUE,"","NULL","",4.03000000000003
2085,8319036,1,0.5,FALSE,NA,1,0.82,17,86,17,"{pgr <= 8} & {er <= 3}",686,246,291,0.424198250728863,TRUE,"","NULL","",6.03900000000004
2086,8319037,1,0.5,FALSE,NA,1,0.98,15,96,15,"{meno} & {age <= 61}",686,246,293,0.427113702623907,TRUE,"","NULL","",5.584
2087,8319038,1,0.5,FALSE,NA,1,0.85,8,49,8,"{size <= 20} & {pgr <= 114}",686,246,287,0.418367346938776,TRUE,"","NULL","",4.98099999999999
2088,8319039,1,0.5,FALSE,NA,1,0.6,3,16,3,"{er <= 3} & !{size <= 20}",686,246,303,0.441690962099125,TRUE,"","NULL","",4.10500000000002
2089,8319040,1,0.5,FALSE,NA,1,0.65,5,46,5,"!{pgr <= 77} & {er <= 70}",686,246,311,0.4533527696793,TRUE,"","NULL","",5.17000000000002
2090,8319041,1,0.5,FALSE,NA,1,0.57,1,7,1,"!{pgr <= 77} & {pgr <= 114}",686,246,311,0.4533527696793,TRUE,"","NULL","",4.714
2091,8319042,1,0.5,FALSE,NA,1,0.89,24,101,24,"!{pgr <= 114} & !{er <= 70}",686,246,294,0.428571428571429,TRUE,"","NULL","",5.27700000000004
2092,8319043,1,0.5,FALSE,NA,1,0.87,11,66,11,"!{size <= 35} & {er <= 44}",686,246,296,0.431486880466472,TRUE,"","NULL","",4.89699999999999
2093,8319044,1,0.5,FALSE,NA,1,0.93,42,117,42,"!{size <= 25} & {pgr <= 16}",686,246,297,0.432944606413994,TRUE,"","NULL","",6.34499999999997
2094,8319045,1,0.5,FALSE,NA,1,0.97,14,63,14,"!{size <= 35} & {pgr <= 184}",686,246,288,0.419825072886297,TRUE,"","NULL","Loglik converged before variable  1 ; coefficient may be infinite. ",4.62799999999999
2095,8319046,1,0.5,FALSE,NA,1,0.97,78,214,78,"!{er <= 17} & !{pgr <= 184}",686,246,321,0.467930029154519,TRUE,"","NULL","",7.41399999999999
2096,8319047,1,0.5,FALSE,NA,1,0.95,4,22,4,"{er <= 70} & !{er <= 30}",686,246,305,0.444606413994169,TRUE,"","NULL","",3.52999999999997
2097,8319048,1,0.5,FALSE,NA,1,0.81,6,95,6,"{nodes <= 3} & !{er <= 44}",686,246,316,0.46064139941691,TRUE,"","NULL","",6.28800000000001
2098,8319049,1,0.5,FALSE,NA,1,0.81,8,59,8,"!{pgr <= 16} & {er <= 17}",686,246,306,0.446064139941691,TRUE,"","NULL","",4.93000000000001
2099,8319050,1,0.5,FALSE,NA,1,0.78,6,17,6,"{grade3} & !{pgr <= 0}",686,246,291,0.424198250728863,TRUE,"","NULL","",4.43400000000003
2100,8319051,1,0.5,FALSE,NA,1,0.96,68,166,68,"!{er <= 174} & !{pgr <= 2}",686,246,306,0.446064139941691,TRUE,"","NULL","",5.90199999999999
2101,8319052,1,0.5,FALSE,NA,1,0.69,7,58,7,"!{size <= 25} & !{meno}",686,246,298,0.434402332361516,TRUE,"","NULL","",5.99599999999998
2102,8319053,1,0.5,FALSE,NA,1,0.97,113,413,113,"{age <= 53} & !{nodes <= 5}",686,246,288,0.419825072886297,TRUE,"","NULL","",9.483
2103,8319054,1,0.5,FALSE,NA,0,NA,0,3,0,"",686,246,287,0.418367346938776,TRUE,"","NULL","",4.19999999999999
2104,8319055,1,0.5,FALSE,NA,1,0.72,2,17,2,"{age <= 53} & {meno}",686,246,302,0.440233236151603,TRUE,"","NULL","",3.47499999999997
2105,8319056,1,0.5,FALSE,NA,1,0.72,6,55,6,"{age <= 53} & !{er <= 44}",686,246,302,0.440233236151603,TRUE,"","NULL","",5.411
2106,8319057,1,0.5,FALSE,NA,1,0.64,2,13,2,"!{nodes <= 7} & !{pgr <= 8}",686,246,285,0.415451895043732,TRUE,"","NULL","",4.63499999999999
2107,8319058,1,0.5,FALSE,NA,0,NA,0,3,0,"",686,246,295,0.43002915451895,TRUE,"","NULL","",4.10599999999999
2108,8319059,1,0.5,FALSE,NA,1,0.56,2,23,2,"!{er <= 294}",686,246,308,0.448979591836735,TRUE,"","NULL","",4.59999999999997
2109,8319060,1,0.5,FALSE,NA,1,0.86,1,22,1,"{pgr <= 16} & !{pgr <= 8}",686,246,291,0.424198250728863,TRUE,"","NULL","",4.74000000000001
2110,8319061,1,0.5,FALSE,NA,1,0.99,103,228,103,"!{pgr <= 16} & {age <= 46}",686,246,308,0.448979591836735,TRUE,"","NULL","",7.53200000000004
2111,8319062,1,0.5,FALSE,NA,1,0.75,20,108,20,"!{meno} & {nodes <= 5}",686,246,299,0.435860058309038,TRUE,"","NULL","Loglik converged before variable  1 ; coefficient may be infinite.  | Loglik converged before variable  1 ; coefficient may be infinite. ",6.03199999999998
2112,8319063,1,0.5,FALSE,NA,1,0.82,8,20,8,"!{er <= 30} & {age <= 53}",686,246,306,0.446064139941691,TRUE,"","NULL","",3.63599999999997
2113,8319064,1,0.5,FALSE,NA,1,0.99,59,125,59,"!{pgr <= 184} & {meno}",686,246,283,0.412536443148688,TRUE,"","NULL","",6.64699999999999
2114,8319065,1,0.5,FALSE,NA,1,0.97,132,451,132,"!{pgr <= 77} & {nodes <= 3}",686,246,298,0.434402332361516,TRUE,"","NULL","",10.168
2115,8319066,1,0.5,FALSE,NA,1,0.87,35,97,35,"{nodes <= 1} & !{pgr <= 16}",686,246,271,0.395043731778426,TRUE,"","NULL","",4.91899999999998
2116,8319067,1,0.5,FALSE,NA,1,0.89,6,36,6,"{size <= 25} & !{nodes <= 5}",686,246,320,0.466472303206997,TRUE,"","NULL","",3.25700000000001
2117,8319068,1,0.5,FALSE,NA,1,0.89,17,86,17,"!{pgr <= 184} & !{er <= 17}",686,246,300,0.43731778425656,TRUE,"","NULL","",5.90999999999997
2118,8319069,1,0.5,FALSE,NA,1,0.86,9,55,9,"!{nodes <= 1} & {nodes <= 3}",686,246,294,0.428571428571429,TRUE,"","NULL","",5.065
2119,8319070,1,0.5,FALSE,NA,1,0.99,55,116,55,"!{pgr <= 184}",686,246,294,0.428571428571429,TRUE,"","NULL","",5.90199999999999
2120,8319071,1,0.5,FALSE,NA,1,0.5,1,17,1,"!{nodes <= 1} & {pgr <= 0}",686,246,268,0.39067055393586,TRUE,"","NULL","",4.18599999999998
2121,8319072,1,0.5,FALSE,NA,1,0.82,6,27,6,"{size <= 20} & !{pgr <= 8}",686,246,317,0.462099125364431,TRUE,"","NULL","",4.774
2122,8319073,1,0.5,FALSE,NA,1,0.86,22,106,22,"!{size <= 35} & {age <= 61}",686,246,310,0.451895043731778,TRUE,"","NULL","",5.63999999999999
2123,8319074,1,0.5,FALSE,NA,1,0.99,18,61,18,"!{nodes <= 3} & {size <= 20}",686,246,309,0.450437317784257,TRUE,"","NULL","",4.90400000000005
2124,8319075,1,0.5,FALSE,NA,1,0.84,12,61,12,"{pgr <= 0} & {er <= 30}",686,246,301,0.438775510204082,TRUE,"","NULL","",5.01799999999997
2125,8319076,1,0.5,FALSE,NA,1,0.95,56,163,56,"{size <= 20} & !{age <= 53}",686,246,280,0.408163265306122,TRUE,"","NULL","",6.73200000000003
2126,8319077,1,0.5,FALSE,NA,1,0.97,36,139,36,"!{size <= 20} & !{nodes <= 7}",686,246,312,0.454810495626822,TRUE,"","NULL","",6.03500000000003
2127,8319078,1,0.5,FALSE,NA,1,0.89,41,245,41,"{size <= 35} & !{er <= 174}",686,246,319,0.465014577259475,TRUE,"","NULL","",7.19999999999999
2128,8319079,1,0.5,FALSE,NA,1,0.58,1,6,1,"!{er <= 3} & {pgr <= 8}",686,246,283,0.412536443148688,TRUE,"","NULL","",3.46999999999997
2129,8319080,1,0.5,FALSE,NA,1,0.99,10,46,10,"{size <= 20} & {meno}",686,246,297,0.432944606413994,TRUE,"","NULL","",5.59699999999998
2130,8319081,1,0.5,FALSE,NA,1,0.69,2,15,2,"{nodes <= 1} & !{er <= 44}",686,246,288,0.419825072886297,TRUE,"","NULL","",4.18200000000002
2131,8319082,1,0.5,FALSE,NA,1,0.98,32,115,32,"!{pgr <= 184} & {er <= 174}",686,246,312,0.454810495626822,TRUE,"","NULL","",5.63900000000001
2132,8319083,1,0.5,FALSE,NA,0,NA,0,15,0,"",686,246,277,0.403790087463557,TRUE,"","NULL","",4.55899999999997
2133,8319084,1,0.5,FALSE,NA,1,0.88,33,141,33,"!{age <= 53} & !{pgr <= 45}",686,246,313,0.456268221574344,TRUE,"","NULL","",7.10700000000003
2134,8319085,1,0.5,FALSE,NA,1,0.94,68,288,68,"!{er <= 30} & {age <= 53}",686,246,307,0.447521865889213,TRUE,"","NULL","",7.81299999999999
2135,8319086,1,0.5,FALSE,NA,1,0.92,4,40,4,"!{pgr <= 114} & {pgr <= 184}",686,246,302,0.440233236151603,TRUE,"","NULL","",4.846
2136,8319087,1,0.5,FALSE,NA,1,0.93,55,163,55,"!{er <= 70} & !{size <= 29}",686,246,298,0.434402332361516,TRUE,"","NULL","",4.91899999999998
2137,8319088,1,0.5,FALSE,NA,1,0.79,6,38,6,"{size <= 20} & {age <= 53}",686,246,310,0.451895043731778,TRUE,"","NULL","",5.34199999999998
2138,8319089,1,0.5,FALSE,NA,1,0.99,87,205,87,"!{nodes <= 5} & {pgr <= 45}",686,246,304,0.443148688046647,TRUE,"","NULL","",6.80000000000001
2139,8319090,1,0.5,FALSE,NA,1,0.94,15,124,15,"!{er <= 70} & {nodes <= 1}",686,246,286,0.416909620991254,TRUE,"","NULL","",5.49700000000001
2140,8319091,1,0.5,FALSE,NA,1,0.99,19,75,19,"{size <= 20} & !{nodes <= 3}",686,246,309,0.450437317784257,TRUE,"","NULL","",4.48200000000003
2141,8319092,1,0.5,FALSE,NA,1,0.77,6,44,6,"{size <= 25} & {age <= 46}",686,246,293,0.427113702623907,TRUE,"","NULL","",5.57900000000001
2142,8319093,1,0.5,FALSE,NA,0,NA,0,10,0,"",686,246,332,0.483965014577259,TRUE,"","NULL","",4.69099999999997
2143,8319094,1,0.5,FALSE,NA,1,0.95,52,211,52,"!{meno} & {er <= 9}",686,246,302,0.440233236151603,TRUE,"","NULL","",7.45500000000004
2144,8319095,1,0.5,FALSE,NA,1,0.53,1,12,1,"{size <= 20} & !{er <= 30}",686,246,297,0.432944606413994,TRUE,"","NULL","",3.83600000000001
2145,8319096,1,0.5,FALSE,NA,1,0.99,157,507,157,"{age <= 46} & !{pgr <= 16}",686,246,277,0.403790087463557,TRUE,"","NULL","",11.028
2146,8319097,1,0.5,FALSE,NA,1,0.67,1,10,1,"!{pgr <= 16} & !{nodes <= 7}",686,246,283,0.412536443148688,TRUE,"","NULL","",4.21100000000001
2147,8319098,1,0.5,FALSE,NA,1,0.87,20,48,20,"{age <= 46} & {size <= 35}",686,246,288,0.419825072886297,TRUE,"","NULL","",5.01800000000003
2148,8319099,1,0.5,FALSE,NA,1,0.61,2,27,2,"!{er <= 174} & {size <= 35}",686,246,313,0.456268221574344,TRUE,"","NULL","",3.39000000000004
2149,8319100,1,0.5,FALSE,NA,1,0.83,5,29,5,"!{age <= 53} & {er <= 17}",686,246,296,0.431486880466472,TRUE,"","NULL","",4.79200000000003
2150,8319101,1,0.5,FALSE,NA,1,0.78,16,89,16,"!{er <= 30} & {er <= 100}",686,246,296,0.431486880466472,TRUE,"","NULL","",5.28100000000001
2151,8319102,1,0.5,FALSE,NA,1,0.94,12,63,12,"{er <= 3} & {size <= 29}",686,246,304,0.443148688046647,TRUE,"","NULL","",5.238
2152,8319103,1,0.5,FALSE,NA,1,0.99,29,167,29,"{size <= 25} & {pgr <= 8}",686,246,290,0.422740524781341,TRUE,"","NULL","",5.87600000000003
2153,8319104,1,0.5,FALSE,NA,1,0.88,22,117,22,"!{age <= 53} & !{size <= 25}",686,246,284,0.41399416909621,TRUE,"","NULL","",6.29699999999997
2154,8319105,1,0.5,FALSE,NA,1,0.93,14,77,14,"!{er <= 100} & {pgr <= 77}",686,246,319,0.465014577259475,TRUE,"","NULL","",5.32100000000003
2155,8319106,1,0.5,FALSE,NA,1,1,73,210,73,"!{er <= 174} & {nodes <= 5}",686,246,291,0.424198250728863,TRUE,"","NULL","",7.15199999999999
2156,8319107,1,0.5,FALSE,NA,1,0.89,24,88,24,"!{age <= 53} & !{er <= 100}",686,246,284,0.41399416909621,TRUE,"","NULL","",4.20500000000004
2157,8319108,1,0.5,FALSE,NA,1,0.8,17,71,17,"!{nodes <= 3} & {pgr <= 16}",686,246,294,0.428571428571429,TRUE,"","NULL","",5.50799999999998
2158,8319109,1,0.5,FALSE,NA,1,0.99,81,180,81,"!{er <= 174} & {size <= 35}",686,246,300,0.43731778425656,TRUE,"","NULL","",6.79000000000002
2159,8319110,1,0.5,FALSE,NA,1,0.97,19,59,19,"{er <= 9} & !{size <= 25}",686,246,290,0.422740524781341,TRUE,"","NULL","",4.63099999999997
2160,8319111,1,0.5,FALSE,NA,1,0.81,5,28,5,"{nodes <= 3} & {pgr <= 8}",686,246,296,0.431486880466472,TRUE,"","NULL","",4.363
2161,8319112,1,0.5,FALSE,NA,1,0.83,30,129,30,"{size <= 29} & !{er <= 44}",686,246,315,0.459183673469388,TRUE,"","NULL","",6.798
2162,8319113,1,0.5,FALSE,NA,1,0.92,20,100,20,"!{er <= 100} & !{nodes <= 1}",686,246,276,0.402332361516035,TRUE,"","NULL","",5.70999999999998
2163,8319114,1,0.5,FALSE,NA,1,1,64,189,64,"{pgr <= 2} & !{er <= 0}",686,246,291,0.424198250728863,TRUE,"","NULL","",6.58199999999999
2164,8319115,1,0.5,FALSE,NA,1,0.77,8,41,8,"{size <= 29} & !{pgr <= 114}",686,246,293,0.427113702623907,TRUE,"","NULL","",3.81700000000001
2165,8319116,1,0.5,FALSE,NA,1,0.82,6,37,6,"{size <= 20} & !{pgr <= 16}",686,246,300,0.43731778425656,TRUE,"","NULL","",5.11099999999999
2166,8319117,1,0.5,FALSE,NA,1,0.92,25,95,25,"!{age <= 61} & !{size <= 25}",686,246,300,0.43731778425656,TRUE,"","NULL","",5.75900000000001
2167,8319118,1,0.5,FALSE,NA,1,0.93,40,149,40,"!{pgr <= 184} & {size <= 35}",686,246,277,0.403790087463557,TRUE,"","NULL","",6.21299999999997
2168,8319119,1,0.5,FALSE,NA,1,0.67,3,12,3,"!{size <= 35} & {pgr <= 45}",686,246,302,0.440233236151603,TRUE,"","NULL","",4.18000000000001
2169,8319120,1,0.5,FALSE,NA,1,0.97,28,122,28,"{size <= 20} & {nodes <= 1}",686,246,294,0.428571428571429,TRUE,"","NULL","",6.56900000000002
2170,8319121,1,0.5,FALSE,NA,1,0.97,40,117,40,"{er <= 0} & {pgr <= 16}",686,246,302,0.440233236151603,TRUE,"","NULL","",5.60500000000002
2171,8319122,1,0.5,FALSE,NA,1,0.57,2,45,2,"!{size <= 35} & {er <= 30}",686,246,304,0.443148688046647,TRUE,"","NULL","",4.642
2172,8319123,1,0.5,FALSE,NA,1,1,138,392,138,"{er <= 44} & !{pgr <= 77}",686,246,275,0.400874635568513,TRUE,"","NULL","",7.774
2173,8319124,1,0.5,FALSE,NA,1,0.69,6,49,6,"!{pgr <= 114} & !{size <= 20}",686,246,299,0.435860058309038,TRUE,"","NULL","",5.22500000000002
2174,8319125,1,0.5,FALSE,NA,1,0.92,21,99,21,"!{er <= 30} & !{nodes <= 3}",686,246,287,0.418367346938776,TRUE,"","NULL","",5.77099999999996
2175,8319126,1,0.5,FALSE,NA,1,0.97,77,198,77,"!{er <= 44} & {er <= 70}",686,246,308,0.448979591836735,TRUE,"","NULL","",6.34999999999997
2176,8319127,1,0.5,FALSE,NA,1,0.98,148,428,148,"{nodes <= 1} & !{pgr <= 26}",686,246,314,0.457725947521866,TRUE,"","NULL","",7.42200000000003
2177,8319128,1,0.5,FALSE,NA,1,0.71,8,105,8,"!{age <= 46} & {pgr <= 8}",686,246,309,0.450437317784257,TRUE,"","NULL","",6.54599999999999
2178,8319129,1,0.5,FALSE,NA,1,0.91,20,83,20,"!{pgr <= 26} & !{er <= 100}",686,246,309,0.450437317784257,TRUE,"","NULL","",5.22499999999997
2179,8319130,1,0.5,FALSE,NA,1,0.64,2,28,2,"!{pgr <= 77} & !{age <= 61}",686,246,305,0.444606413994169,TRUE,"","NULL","",4.51499999999999
2180,8319131,1,0.5,FALSE,NA,1,0.8,11,75,11,"!{meno} & !{age <= 46}",686,246,298,0.434402332361516,TRUE,"","NULL","",4.92699999999996
2181,8319132,1,0.5,FALSE,NA,1,0.84,36,171,36,"!{age <= 53} & {pgr <= 45}",686,246,312,0.454810495626822,TRUE,"","NULL","",7.14699999999999
2182,8319133,1,0.5,FALSE,NA,1,0.82,14,94,14,"{size <= 20} & !{pgr <= 16}",686,246,308,0.448979591836735,TRUE,"","NULL","",5.39400000000001
2183,8319134,1,0.5,FALSE,NA,1,0.67,2,22,2,"!{age <= 53} & !{size <= 29}",686,246,303,0.441690962099125,TRUE,"","NULL","",4.56299999999999
2184,8319135,1,0.5,FALSE,NA,1,0.93,15,83,15,"!{age <= 46} & {age <= 53}",686,246,285,0.415451895043732,TRUE,"","NULL","",4.791
2185,8319136,1,0.5,FALSE,NA,1,0.9,7,38,7,"{size <= 20} & {pgr <= 77}",686,246,305,0.444606413994169,TRUE,"","NULL","",5.33000000000004
2186,8319137,1,0.5,FALSE,NA,1,0.73,2,34,2,"{er <= 174} & !{er <= 100}",686,246,300,0.43731778425656,TRUE,"","NULL","",4.71199999999999
2187,8319138,1,0.5,FALSE,NA,0,NA,0,18,0,"",686,246,307,0.447521865889213,TRUE,"","NULL","",4.59399999999999
2188,8319139,1,0.5,FALSE,NA,1,0.64,12,67,12,"{er <= 174} & !{age <= 53}",686,246,315,0.459183673469388,TRUE,"","NULL","",5.09800000000001
2189,8319140,1,0.5,FALSE,NA,1,0.93,24,153,24,"!{nodes <= 7} & {pgr <= 45}",686,246,314,0.457725947521866,TRUE,"","NULL","",7.01799999999997
2190,8319141,1,0.5,FALSE,NA,1,0.97,58,221,58,"{size <= 25} & {pgr <= 8}",686,246,297,0.432944606413994,TRUE,"","NULL","",6.97700000000003
2191,8319142,1,0.5,FALSE,NA,1,0.8,4,19,4,"{size <= 20} & !{pgr <= 8}",686,246,324,0.472303206997085,TRUE,"","NULL","",4.75399999999996
2192,8319143,1,0.5,FALSE,NA,1,0.95,26,82,26,"!{size <= 35} & {pgr <= 45}",686,246,292,0.425655976676385,TRUE,"","NULL","",4.06900000000002
2193,8319144,1,0.5,FALSE,NA,1,0.99,98,248,98,"!{size <= 35} & !{er <= 30}",686,246,326,0.475218658892128,TRUE,"","NULL","",8.08999999999997
2194,8319145,1,0.5,FALSE,NA,1,0.88,20,90,20,"!{size <= 29} & {grade3}",686,246,285,0.415451895043732,TRUE,"","NULL","",5.24400000000003
2195,8319146,1,0.5,FALSE,NA,1,0.84,13,55,13,"{size <= 29} & !{age <= 61}",686,246,313,0.456268221574344,TRUE,"","NULL","",5.10599999999999
2196,8319147,1,0.5,FALSE,NA,1,0.88,4,29,4,"{er <= 100} & !{er <= 70}",686,246,297,0.432944606413994,TRUE,"","NULL","",3.96600000000001
2197,8319148,1,0.5,FALSE,NA,1,0.78,5,34,5,"!{pgr <= 114} & !{size <= 25}",686,246,317,0.462099125364431,TRUE,"","NULL","",5.03800000000001
2198,8319149,1,0.5,FALSE,NA,1,0.9,13,54,13,"{nodes <= 1} & {pgr <= 114}",686,246,324,0.472303206997085,TRUE,"","NULL","",5.11500000000001
2199,8319150,1,0.5,FALSE,NA,1,0.66,4,44,4,"!{size <= 25} & {er <= 17}",686,246,308,0.448979591836735,TRUE,"","NULL","",4.77699999999999
2200,8319151,1,0.5,FALSE,NA,1,0.82,13,66,13,"!{nodes <= 5} & !{age <= 53}",686,246,313,0.456268221574344,TRUE,"","NULL","",5.07999999999998
2201,8319152,1,0.5,FALSE,NA,1,0.65,4,35,4,"!{er <= 44} & {er <= 100}",686,246,300,0.43731778425656,TRUE,"","NULL","",5.16800000000001
2202,8319153,1,0.5,FALSE,NA,1,0.76,8,38,8,"!{pgr <= 77} & {er <= 44}",686,246,318,0.463556851311953,TRUE,"","NULL","",4.89799999999997
2203,8319154,1,0.5,FALSE,NA,1,0.91,17,53,17,"!{pgr <= 114} & {pgr <= 337}",686,246,297,0.432944606413994,TRUE,"","NULL","",4.928
2204,8319155,1,0.5,FALSE,NA,1,0.71,17,123,17,"!{pgr <= 8} & !{size <= 20}",686,246,286,0.416909620991254,TRUE,"","NULL","",5.40800000000002
2205,8319156,1,0.5,FALSE,NA,1,0.98,41,151,41,"!{age <= 53} & {nodes <= 1}",686,246,319,0.465014577259475,TRUE,"","NULL","",7.423
2206,8319157,1,0.5,FALSE,NA,1,0.7,3,64,3,"!{nodes <= 3} & {er <= 100}",686,246,323,0.470845481049563,TRUE,"","NULL","",5.06099999999998
2207,8319158,1,0.5,FALSE,NA,1,0.75,6,50,6,"{nodes <= 3} & !{pgr <= 77}",686,246,302,0.440233236151603,TRUE,"","NULL","",4.928
2208,8319159,1,0.5,FALSE,NA,1,0.89,25,122,25,"!{pgr <= 184}",686,246,294,0.428571428571429,TRUE,"","NULL","",5.12799999999999
2209,8319160,1,0.5,FALSE,NA,1,0.96,86,349,86,"!{meno} & !{er <= 30}",686,246,288,0.419825072886297,TRUE,"","NULL","",9.01900000000001
2210,8319161,1,0.5,FALSE,NA,1,0.99,38,94,38,"{nodes <= 1} & !{pgr <= 77}",686,246,288,0.419825072886297,TRUE,"","NULL","",5.17399999999998
2211,8319162,1,0.5,FALSE,NA,1,0.92,9,43,9,"!{grade3} & {er <= 9}",686,246,309,0.450437317784257,TRUE,"","NULL","",4.90499999999997
2212,8319163,1,0.5,FALSE,NA,1,0.72,4,28,4,"{er <= 17} & !{pgr <= 8}",686,246,299,0.435860058309038,TRUE,"","NULL","",3.67200000000003
2213,8319164,1,0.5,FALSE,NA,1,0.82,33,100,33,"!{age <= 61} & {size <= 35}",686,246,310,0.451895043731778,TRUE,"","NULL","",6.30200000000002
2214,8319165,1,0.5,FALSE,NA,1,0.65,1,20,1,"!{size <= 35} & !{er <= 44}",686,246,322,0.469387755102041,TRUE,"","NULL","",4.411
2215,8319166,1,0.5,FALSE,NA,1,0.91,20,146,20,"!{nodes <= 7} & !{grade3}",686,246,292,0.425655976676385,TRUE,"","NULL","",6.27999999999997
2216,8319167,1,0.5,FALSE,NA,1,0.72,7,40,7,"{age <= 46} & !{size <= 25}",686,246,293,0.427113702623907,TRUE,"","NULL","",4.30799999999999
2217,8319168,1,0.5,FALSE,NA,1,0.7,2,22,2,"{grade3} & !{nodes <= 5}",686,246,289,0.421282798833819,TRUE,"","NULL","",4.77600000000001
2218,8319169,1,0.5,FALSE,NA,1,0.76,4,16,4,"!{meno} & !{size <= 29}",686,246,279,0.406705539358601,TRUE,"","NULL","",4.30899999999997
2219,8319170,1,0.5,FALSE,NA,0,NA,0,1,0,"",686,246,312,0.454810495626822,TRUE,"","NULL","",4.447
2220,8319171,1,0.5,FALSE,NA,1,0.76,7,27,7,"!{nodes <= 3} & !{er <= 70}",686,246,303,0.441690962099125,TRUE,"","NULL","",4.488
2221,8319172,1,0.5,FALSE,NA,1,0.99,54,168,54,"{size <= 29} & !{pgr <= 77}",686,246,298,0.434402332361516,TRUE,"","NULL","",6.65600000000001
2222,8319173,1,0.5,FALSE,NA,1,0.83,6,27,6,"!{age <= 46} & !{meno}",686,246,302,0.440233236151603,TRUE,"","NULL","",4.80099999999999
2223,8319174,1,0.5,FALSE,NA,1,0.85,11,73,11,"!{pgr <= 114} & !{er <= 44}",686,246,289,0.421282798833819,TRUE,"","NULL","",5.16000000000003
2224,8319175,1,0.5,FALSE,NA,1,0.75,14,70,14,"!{meno} & !{er <= 17}",686,246,309,0.450437317784257,TRUE,"","NULL","",4.57899999999995
2225,8319176,1,0.5,FALSE,NA,1,0.82,20,62,20,"!{er <= 100} & !{pgr <= 26}",686,246,303,0.441690962099125,TRUE,"","NULL","",5.98099999999999
2226,8319177,1,0.5,FALSE,NA,1,0.57,1,8,1,"!{age <= 61} & !{size <= 25}",686,246,291,0.424198250728863,TRUE,"","NULL","",3.94299999999998
2227,8319178,1,0.5,FALSE,NA,1,0.83,5,32,5,"!{meno} & {er <= 9}",686,246,308,0.448979591836735,TRUE,"","NULL","",4.928
2228,8319179,1,0.5,FALSE,NA,1,0.98,22,134,22,"!{pgr <= 77} & {pgr <= 114}",686,246,286,0.416909620991254,TRUE,"","NULL","",5.61200000000002
2229,8319180,1,0.5,FALSE,NA,0,NA,0,7,0,"",686,246,290,0.422740524781341,TRUE,"","NULL","",4.74000000000001
2230,8319181,1,0.5,FALSE,NA,1,0.67,4,25,4,"{nodes <= 1} & !{size <= 20}",686,246,304,0.443148688046647,TRUE,"","NULL","",4.81200000000001
2231,8319182,1,0.5,FALSE,NA,1,0.85,20,123,20,"!{meno} & !{pgr <= 16}",686,246,289,0.421282798833819,TRUE,"","NULL","",5.947
2232,8319183,1,0.5,FALSE,NA,1,0.54,1,17,1,"{er <= 3} & !{grade3}",686,246,298,0.434402332361516,TRUE,"","NULL","",4.49699999999996
2233,8319184,1,0.5,FALSE,NA,1,0.71,9,64,9,"!{pgr <= 45} & {age <= 53}",686,246,324,0.472303206997085,TRUE,"","NULL","",5.56099999999998
2234,8319185,1,0.5,FALSE,NA,1,0.64,3,41,3,"!{pgr <= 77} & !{size <= 29}",686,246,297,0.432944606413994,TRUE,"","NULL","",4.75399999999996
2235,8319186,1,0.5,FALSE,NA,1,0.77,6,57,6,"!{nodes <= 7} & !{age <= 46}",686,246,288,0.419825072886297,TRUE,"","NULL","",4.94699999999995
2236,8319187,1,0.5,FALSE,NA,0,NA,0,11,0,"",686,246,284,0.41399416909621,TRUE,"","NULL","",4.339
2237,8319188,1,0.5,FALSE,NA,1,0.85,10,40,10,"!{meno} & {pgr <= 16}",686,246,299,0.435860058309038,TRUE,"","NULL","",5.10500000000002
2238,8319189,1,0.5,FALSE,NA,1,0.55,2,62,2,"!{size <= 35} & !{nodes <= 5}",686,246,294,0.428571428571429,TRUE,"","NULL","",5.161
2239,8319190,1,0.5,FALSE,NA,1,0.75,7,59,7,"{nodes <= 1} & {er <= 70}",686,246,306,0.446064139941691,TRUE,"","NULL","",5.017
2240,8319191,1,0.5,FALSE,NA,1,0.71,4,29,4,"!{size <= 25} & {age <= 46}",686,246,283,0.412536443148688,TRUE,"","NULL","",4.68900000000002
2241,8319192,1,0.5,FALSE,NA,1,0.8,18,65,18,"!{pgr <= 114} & !{nodes <= 1}",686,246,312,0.454810495626822,TRUE,"","NULL","",5.49099999999999
2242,8319193,1,0.5,FALSE,NA,1,0.91,19,79,19,"!{size <= 25} & !{er <= 44}",686,246,302,0.440233236151603,TRUE,"","NULL","",5.47800000000001
2243,8319194,1,0.5,FALSE,NA,1,0.99,74,201,74,"{er <= 0} & {pgr <= 26}",686,246,295,0.43002915451895,TRUE,"","NULL","",6.78700000000003
2244,8319195,1,0.5,FALSE,NA,1,0.83,17,113,17,"!{age <= 61} & {nodes <= 5}",686,246,279,0.406705539358601,TRUE,"","NULL","",4.40700000000004
2245,8319196,1,0.5,FALSE,NA,1,0.99,144,393,144,"!{size <= 20} & !{er <= 30}",686,246,288,0.419825072886297,TRUE,"","NULL","",10.004
2246,8319197,1,0.5,FALSE,NA,1,0.53,2,11,2,"{size <= 20} & !{nodes <= 1}",686,246,297,0.432944606413994,TRUE,"","NULL","",4.28300000000002
2247,8319198,1,0.5,FALSE,NA,1,0.96,20,121,20,"!{pgr <= 114} & {er <= 100}",686,246,292,0.425655976676385,TRUE,"","NULL","",5.55500000000001
2248,8319199,1,0.5,FALSE,NA,1,0.81,18,98,18,"!{pgr <= 26} & !{nodes <= 3}",686,246,286,0.416909620991254,TRUE,"","NULL","",4.24299999999999
2249,8319200,1,0.5,FALSE,NA,1,0.79,7,36,7,"!{pgr <= 77} & {er <= 100}",686,246,310,0.451895043731778,TRUE,"","NULL","",5.36799999999999
2250,8319201,1,0.5,FALSE,NA,1,0.73,4,39,4,"!{pgr <= 184} & {age <= 61}",686,246,321,0.467930029154519,TRUE,"","NULL","",5.21699999999998
2251,8319202,1,0.5,FALSE,NA,1,0.77,3,27,3,"!{meno} & !{pgr <= 45}",686,246,290,0.422740524781341,TRUE,"","NULL","",4.58600000000001
2252,8319203,1,0.5,FALSE,NA,1,0.99,93,230,93,"!{nodes <= 7} & !{er <= 9}",686,246,281,0.409620991253644,TRUE,"","NULL","",6.57900000000001
2253,8319204,1,0.5,FALSE,NA,1,0.64,2,22,2,"!{pgr <= 77} & !{er <= 44}",686,246,300,0.43731778425656,TRUE,"","NULL","",4.87799999999999
2254,8319205,1,0.5,FALSE,NA,1,0.76,4,53,4,"!{pgr <= 114} & {nodes <= 5}",686,246,314,0.457725947521866,TRUE,"","NULL","",5.03800000000001
2255,8319206,1,0.5,FALSE,NA,1,0.76,18,156,18,"{nodes <= 1} & {meno}",686,246,308,0.448979591836735,TRUE,"","NULL","",6.31599999999997
2256,8319207,1,0.5,FALSE,NA,1,0.73,6,21,6,"!{pgr <= 16} & {pgr <= 45}",686,246,310,0.451895043731778,TRUE,"","NULL","",4.411
2257,8319208,1,0.5,FALSE,NA,1,0.72,4,27,4,"!{meno} & !{pgr <= 77}",686,246,297,0.432944606413994,TRUE,"","NULL","",5.14499999999998
2258,8319209,1,0.5,FALSE,NA,1,0.94,20,88,20,"!{er <= 100} & {pgr <= 114}",686,246,282,0.411078717201166,TRUE,"","NULL","",5.62
2259,8319210,1,0.5,FALSE,NA,1,0.92,20,99,20,"{grade3} & !{er <= 3}",686,246,294,0.428571428571429,TRUE,"","NULL","",5.512
2260,8319211,1,0.5,FALSE,NA,1,0.73,9,46,9,"!{grade3} & {nodes <= 1}",686,246,304,0.443148688046647,TRUE,"","NULL","",4.72899999999998
2261,8319212,1,0.5,FALSE,NA,1,0.94,18,91,18,"!{pgr <= 184}",686,246,298,0.434402332361516,TRUE,"","NULL","",6.49899999999997
2262,8319213,1,0.5,FALSE,NA,1,0.87,10,63,10,"!{er <= 30} & {er <= 70}",686,246,283,0.412536443148688,TRUE,"","NULL","",5.00900000000001
2263,8319214,1,0.5,FALSE,NA,1,0.83,3,11,3,"!{pgr <= 26} & {age <= 46}",686,246,280,0.408163265306122,TRUE,"","NULL","",4.24200000000002
2264,8319215,1,0.5,FALSE,NA,1,0.97,28,86,28,"!{size <= 35} & {meno}",686,246,291,0.424198250728863,TRUE,"","NULL","",5.12700000000001
2265,8319216,1,0.5,FALSE,NA,1,0.68,5,37,5,"{pgr <= 16} & !{er <= 3}",686,246,286,0.416909620991254,TRUE,"","NULL","",5.02500000000003
2266,8319217,1,0.5,FALSE,NA,1,0.99,294,532,294,"!{pgr <= 114} & {size <= 35}",686,246,280,0.408163265306122,TRUE,"","NULL","",10.989
2267,8319218,1,0.5,FALSE,NA,1,0.72,13,87,13,"!{pgr <= 2} & {er <= 17}",686,246,289,0.421282798833819,TRUE,"","NULL","Loglik converged before variable  1 ; coefficient may be infinite. ",4.90899999999999
2268,8319219,1,0.5,FALSE,NA,1,0.81,12,44,12,"{size <= 35} & {age <= 46}",686,246,301,0.438775510204082,TRUE,"","NULL","",3.57599999999996
2269,8319220,1,0.5,FALSE,NA,1,0.99,34,116,34,"!{pgr <= 8} & {grade3}",686,246,301,0.438775510204082,TRUE,"","NULL","",6.46699999999998
2270,8319221,1,0.5,FALSE,NA,1,0.97,31,97,31,"{er <= 3} & !{nodes <= 1}",686,246,306,0.446064139941691,TRUE,"","NULL","",5.68400000000003
2271,8319222,1,0.5,FALSE,NA,1,0.77,5,34,5,"!{pgr <= 26} & {er <= 30}",686,246,297,0.432944606413994,TRUE,"","NULL","",4.53800000000001
2272,8319223,1,0.5,FALSE,NA,0,NA,0,25,0,"",686,246,304,0.443148688046647,TRUE,"","NULL","",4.322
2273,8319224,1,0.5,FALSE,NA,1,0.82,4,30,4,"{size <= 29} & !{nodes <= 5}",686,246,280,0.408163265306122,TRUE,"","NULL","",5.19499999999999
2274,8319225,1,0.5,FALSE,NA,1,0.69,4,20,4,"{nodes <= 1} & {pgr <= 45}",686,246,304,0.443148688046647,TRUE,"","NULL","",4.53500000000003
2275,8319226,1,0.5,FALSE,NA,1,1,89,289,89,"{nodes <= 1} & {size <= 29}",686,246,314,0.457725947521866,TRUE,"","NULL","",8.09899999999999
2276,8319227,1,0.5,FALSE,NA,1,0.87,20,96,20,"!{age <= 61} & {er <= 174}",686,246,290,0.422740524781341,TRUE,"","NULL","",4.45000000000005
2277,8319228,1,0.5,FALSE,NA,1,0.96,20,108,20,"{pgr <= 2} & !{grade3}",686,246,295,0.43002915451895,TRUE,"","NULL","",6.286
2278,8319229,1,0.5,FALSE,NA,1,0.97,67,203,67,"!{age <= 61} & !{er <= 30}",686,246,308,0.448979591836735,TRUE,"","NULL","",6.88099999999997
2279,8319230,1,0.5,FALSE,NA,1,0.75,4,12,4,"!{pgr <= 77} & {er <= 70}",686,246,295,0.43002915451895,TRUE,"","NULL","",4.55000000000001
2280,8319231,1,0.5,FALSE,NA,1,0.93,19,45,19,"!{pgr <= 184} & !{age <= 46}",686,246,322,0.469387755102041,TRUE,"","NULL","",4.35699999999997
2281,8319232,1,0.5,FALSE,NA,1,0.98,201,463,201,"{size <= 20} & {nodes <= 7}",686,246,285,0.415451895043732,TRUE,"","NULL","",10.776
2282,8319233,1,0.5,FALSE,NA,1,0.86,21,100,21,"!{meno} & !{er <= 17}",686,246,306,0.446064139941691,TRUE,"","NULL","",5.65100000000001
2283,8319234,1,0.5,FALSE,NA,0,NA,0,11,0,"",686,246,291,0.424198250728863,TRUE,"","NULL","",4.233
2284,8319235,1,0.5,FALSE,NA,1,0.64,4,59,4,"!{pgr <= 2} & !{age <= 61}",686,246,284,0.41399416909621,TRUE,"","NULL","",3.65299999999996
2285,8319236,1,0.5,FALSE,NA,1,1,40,149,40,"{size <= 35} & !{nodes <= 3}",686,246,322,0.469387755102041,TRUE,"","NULL","",7.10000000000002
2286,8319237,1,0.5,FALSE,NA,1,0.98,25,105,25,"!{meno} & !{er <= 44}",686,246,285,0.415451895043732,TRUE,"","NULL","",5.66900000000004
2287,8319238,1,0.5,FALSE,NA,1,0.83,9,53,9,"{nodes <= 3} & {er <= 9}",686,246,317,0.462099125364431,TRUE,"","NULL","",4.96100000000001
2288,8319239,1,0.5,FALSE,NA,1,0.83,9,50,9,"{pgr <= 2} & !{nodes <= 1}",686,246,291,0.424198250728863,TRUE,"","NULL","",4.18100000000004
2289,8319240,1,0.5,FALSE,NA,1,0.65,4,19,4,"!{meno} & !{age <= 46}",686,246,296,0.431486880466472,TRUE,"","NULL","",4.55799999999999
2290,8319241,1,0.5,FALSE,NA,1,0.92,34,136,34,"{nodes <= 3} & {pgr <= 16}",686,246,306,0.446064139941691,TRUE,"","NULL","",6.35700000000003
2291,8319242,1,0.5,FALSE,NA,1,0.95,51,101,51,"!{age <= 61} & !{pgr <= 8}",686,246,277,0.403790087463557,TRUE,"","NULL","",5.41500000000002
2292,8319243,1,0.5,FALSE,NA,1,0.8,16,81,16,"{nodes <= 3} & {size <= 20}",686,246,314,0.457725947521866,TRUE,"","NULL","",5.14600000000002
2293,8319244,1,0.5,FALSE,NA,1,0.92,10,53,10,"{age <= 46} & !{er <= 30}",686,246,304,0.443148688046647,TRUE,"","NULL","",5.59499999999997
2294,8319245,1,0.5,FALSE,NA,1,0.99,8,26,8,"{size <= 20} & !{er <= 30}",686,246,292,0.425655976676385,TRUE,"","NULL","",4.815
2295,8319246,1,0.5,FALSE,NA,1,0.94,7,38,7,"!{pgr <= 16} & {er <= 17}",686,246,309,0.450437317784257,TRUE,"","NULL","",4.84400000000005
2296,8319247,1,0.5,FALSE,NA,1,0.87,8,65,8,"{nodes <= 1} & !{er <= 17}",686,246,318,0.463556851311953,TRUE,"","NULL","",5.09300000000002
2297,8319248,1,0.5,FALSE,NA,1,0.99,61,232,61,"!{er <= 70} & !{size <= 29}",686,246,300,0.43731778425656,TRUE,"","NULL","",7.99900000000002
2298,8319249,1,0.5,FALSE,NA,0,NA,0,7,0,"",686,246,291,0.424198250728863,TRUE,"","NULL","",4.41000000000003
2299,8319250,1,0.5,FALSE,NA,1,0.72,14,118,14,"{size <= 20} & !{age <= 46}",686,246,294,0.428571428571429,TRUE,"","NULL","",5.70300000000003
2300,8319251,1,0.5,FALSE,NA,1,0.88,20,45,20,"!{age <= 61} & !{pgr <= 16}",686,246,293,0.427113702623907,TRUE,"","NULL","",3.93400000000003
2301,8319252,1,0.5,FALSE,NA,1,0.96,32,91,32,"!{size <= 35} & {nodes <= 5}",686,246,294,0.428571428571429,TRUE,"","NULL","",6.02700000000004
2302,8319253,1,0.5,FALSE,NA,1,0.91,50,105,50,"!{pgr <= 114} & !{age <= 46}",686,246,280,0.408163265306122,TRUE,"","NULL","",5.565
2303,8319254,1,0.5,FALSE,NA,1,0.9,93,332,93,"!{er <= 174} & {nodes <= 7}",686,246,306,0.446064139941691,TRUE,"","NULL","",8.44099999999997
2304,8319255,1,0.5,FALSE,NA,1,0.94,1,19,1,"{pgr <= 8} & !{pgr <= 2}",686,246,298,0.434402332361516,TRUE,"","NULL","",3.21999999999997
2305,8319256,1,0.5,FALSE,NA,1,0.93,10,44,10,"!{pgr <= 16} & {pgr <= 26}",686,246,291,0.424198250728863,TRUE,"","NULL","",4.99799999999999
2306,8319257,1,0.5,FALSE,NA,1,1,126,348,126,"!{pgr <= 184} & !{grade3}",686,246,272,0.396501457725948,TRUE,"","NULL","",8.50400000000002
2307,8319258,1,0.5,FALSE,NA,1,0.86,10,43,10,"{size <= 20} & !{pgr <= 16}",686,246,296,0.431486880466472,TRUE,"","NULL","",5.05199999999996
2308,8319259,1,0.5,FALSE,NA,1,0.82,2,14,2,"{age <= 46} & !{er <= 30}",686,246,284,0.41399416909621,TRUE,"","NULL","",3.51400000000001
2309,8319260,1,0.5,FALSE,NA,1,0.88,23,111,23,"!{pgr <= 77} & !{age <= 53}",686,246,308,0.448979591836735,TRUE,"","NULL","",6.56600000000003
2310,8319261,1,0.5,FALSE,NA,1,0.97,34,101,34,"{size <= 20} & {age <= 53}",686,246,303,0.441690962099125,TRUE,"","NULL","",5.17099999999999
2311,8319262,1,0.5,FALSE,NA,1,0.76,10,70,10,"!{size <= 29} & {size <= 35}",686,246,279,0.406705539358601,TRUE,"","NULL","",4.96899999999999
2312,8319263,1,0.5,FALSE,NA,1,0.81,4,34,4,"!{pgr <= 45} & !{er <= 174}",686,246,300,0.43731778425656,TRUE,"","NULL","",4.77800000000002
2313,8319264,1,0.5,FALSE,NA,1,0.71,6,39,6,"!{er <= 30} & !{nodes <= 5}",686,246,266,0.387755102040816,TRUE,"","NULL","",4.81900000000002
2314,8319265,1,0.5,FALSE,NA,1,0.95,167,364,167,"!{er <= 30} & !{pgr <= 77}",686,246,298,0.434402332361516,TRUE,"","NULL","",8.81900000000002
2315,8319266,1,0.5,FALSE,NA,1,0.93,71,250,71,"{age <= 46} & {nodes <= 7}",686,246,302,0.440233236151603,TRUE,"","NULL","",7.18799999999999
2316,8319267,1,0.5,FALSE,NA,1,0.82,11,45,11,"!{er <= 17} & {age <= 46}",686,246,305,0.444606413994169,TRUE,"","NULL","",3.52499999999998
2317,8319268,1,0.5,FALSE,NA,1,0.92,4,40,4,"{pgr <= 45} & !{er <= 70}",686,246,303,0.441690962099125,TRUE,"","NULL","",4.90600000000001
2318,8319269,1,0.5,FALSE,NA,1,0.67,9,67,9,"!{age <= 61} & !{pgr <= 8}",686,246,301,0.438775510204082,TRUE,"","NULL","",5.11899999999997
2319,8319270,1,0.5,FALSE,NA,1,0.8,7,31,7,"{er <= 44} & !{pgr <= 26}",686,246,284,0.41399416909621,TRUE,"","NULL","",4.76600000000002
2320,8319271,1,0.5,FALSE,NA,1,0.86,32,77,32,"{size <= 20} & {pgr <= 337}",686,246,297,0.432944606413994,TRUE,"","NULL","",4.904
2321,8319272,1,0.5,FALSE,NA,1,0.79,9,67,9,"!{pgr <= 114} & {size <= 29}",686,246,309,0.450437317784257,TRUE,"","NULL","",5.74600000000004
2322,8319273,1,0.5,FALSE,NA,1,0.71,1,21,1,"!{age <= 61} & !{pgr <= 45}",686,246,320,0.466472303206997,TRUE,"","NULL","",4.32299999999998
2323,8319274,1,0.5,FALSE,NA,1,0.9,2,12,2,"{size <= 20} & {er <= 17}",686,246,284,0.41399416909621,TRUE,"","NULL","",4.27100000000002
2324,8319275,1,0.5,FALSE,NA,1,0.74,7,50,7,"!{er <= 3} & {er <= 17}",686,246,306,0.446064139941691,TRUE,"","NULL","",4.77000000000004
2325,8319276,1,0.5,FALSE,NA,1,0.85,22,88,22,"{er <= 100} & !{er <= 44}",686,246,316,0.46064139941691,TRUE,"","NULL","",5.899
2326,8319277,1,0.5,FALSE,NA,1,0.73,7,45,7,"!{nodes <= 7} & {pgr <= 184}",686,246,291,0.424198250728863,TRUE,"","NULL","",4.64099999999996
2327,8319278,1,0.5,FALSE,NA,1,0.86,6,36,6,"!{pgr <= 77} & !{er <= 174}",686,246,308,0.448979591836735,TRUE,"","NULL","",5.005
2328,8319279,1,0.5,FALSE,NA,1,0.88,22,74,22,"{nodes <= 1} & !{size <= 20}",686,246,295,0.43002915451895,TRUE,"","NULL","",5.24000000000001
2329,8319280,1,0.5,FALSE,NA,1,0.92,26,90,26,"!{er <= 70} & {pgr <= 77}",686,246,272,0.396501457725948,TRUE,"","NULL","",5.56900000000002
2330,8319281,1,0.5,FALSE,NA,1,0.76,3,20,3,"!{pgr <= 8} & {grade3}",686,246,287,0.418367346938776,TRUE,"","NULL","",4.37900000000002
2331,8319282,1,0.5,FALSE,NA,1,0.91,8,40,8,"{grade3} & !{nodes <= 3}",686,246,313,0.456268221574344,TRUE,"","NULL","",4.95400000000001
2332,8319283,1,0.5,FALSE,NA,1,0.95,22,112,22,"{age <= 46} & !{er <= 30}",686,246,314,0.457725947521866,TRUE,"","NULL","Loglik converged before variable  1 ; coefficient may be infinite. ",5.45800000000003
2333,8319284,1,0.5,FALSE,NA,1,0.95,64,221,64,"!{pgr <= 77} & {nodes <= 3}",686,246,292,0.425655976676385,TRUE,"","NULL","",8
2334,8319285,1,0.5,FALSE,NA,1,0.87,60,244,60,"!{size <= 20} & !{pgr <= 45}",686,246,308,0.448979591836735,TRUE,"","NULL","",7.62
2335,8319286,1,0.5,FALSE,NA,1,0.78,2,12,2,"!{pgr <= 114} & !{nodes <= 3}",686,246,319,0.465014577259475,TRUE,"","NULL","",4.41399999999999
2336,8319287,1,0.5,FALSE,NA,1,0.62,1,10,1,"!{er <= 17} & {er <= 30}",686,246,298,0.434402332361516,TRUE,"","NULL","",3.22300000000001
2337,8319288,1,0.5,FALSE,NA,1,0.69,6,31,6,"{nodes <= 1} & {er <= 100}",686,246,286,0.416909620991254,TRUE,"","NULL","",4.85200000000003
2338,8319289,1,0.5,FALSE,NA,1,0.88,15,81,15,"{size <= 20} & !{age <= 53}",686,246,278,0.405247813411079,TRUE,"","NULL","",5.48200000000003
2339,8319290,1,0.5,FALSE,NA,0,NA,0,4,0,"",686,246,314,0.457725947521866,TRUE,"","NULL","",4.21999999999997
2340,8319291,1,0.5,FALSE,NA,1,0.87,37,162,37,"{size <= 20} & {er <= 100}",686,246,288,0.419825072886297,TRUE,"","NULL","",5.96199999999999
2341,8319292,1,0.5,FALSE,NA,0,NA,0,6,0,"",686,246,299,0.435860058309038,TRUE,"","NULL","",4.42199999999997
2342,8319293,1,0.5,FALSE,NA,1,0.94,23,88,23,"!{nodes <= 3} & {pgr <= 16}",686,246,291,0.424198250728863,TRUE,"","NULL","",5.21799999999996
2343,8319294,1,0.5,FALSE,NA,1,0.92,14,60,14,"!{meno} & !{pgr <= 114}",686,246,296,0.431486880466472,TRUE,"","NULL","",4.96899999999999
2344,8319295,1,0.5,FALSE,NA,1,0.66,2,20,2,"{nodes <= 3} & {pgr <= 16}",686,246,292,0.425655976676385,TRUE,"","NULL","",4.50600000000003
2345,8319296,1,0.5,FALSE,NA,1,0.96,79,252,79,"!{pgr <= 184} & !{er <= 17}",686,246,318,0.463556851311953,TRUE,"","NULL","",8.173
2346,8319297,1,0.5,FALSE,NA,1,0.97,27,94,27,"!{er <= 100} & !{size <= 20}",686,246,292,0.425655976676385,TRUE,"","NULL","",5.68700000000001
2347,8319298,1,0.5,FALSE,NA,1,0.65,7,49,7,"{size <= 29} & {age <= 46}",686,246,289,0.421282798833819,TRUE,"","NULL","",5.04199999999997
2348,8319299,1,0.5,FALSE,NA,1,0.99,66,192,66,"!{size <= 35} & !{nodes <= 3}",686,246,322,0.469387755102041,TRUE,"","NULL","",5.22300000000001
2349,8319300,1,0.5,FALSE,NA,1,0.83,8,30,8,"{nodes <= 1} & !{pgr <= 45}",686,246,306,0.446064139941691,TRUE,"","NULL","",4.81899999999996
2350,8319301,1,0.5,FALSE,NA,0,NA,0,7,0,"",686,246,273,0.397959183673469,TRUE,"","NULL","",4.38800000000003
2351,8319302,1,0.5,FALSE,NA,1,0.97,70,275,70,"!{nodes <= 5} & {nodes <= 7}",686,246,286,0.416909620991254,TRUE,"","NULL","",7.51999999999998
2352,8319303,1,0.5,FALSE,NA,1,0.87,62,184,62,"!{er <= 100} & !{pgr <= 26}",686,246,287,0.418367346938776,TRUE,"","NULL","",5.95399999999995
2353,8319304,1,0.5,FALSE,NA,1,0.55,1,7,1,"!{er <= 294}",686,246,293,0.427113702623907,TRUE,"","NULL","",4.95600000000002
2354,8319305,1,0.5,FALSE,NA,1,0.94,102,213,102,"!{er <= 174} & !{pgr <= 16}",686,246,319,0.465014577259475,TRUE,"","NULL","",7.36500000000001
2355,8319306,1,0.5,FALSE,NA,1,0.94,28,140,28,"!{pgr <= 45} & !{er <= 44}",686,246,277,0.403790087463557,TRUE,"","NULL","",6.06700000000001
2356,8319307,1,0.5,FALSE,NA,1,0.86,7,19,7,"{size <= 20} & {er <= 70}",686,246,289,0.421282798833819,TRUE,"","NULL","",3.75099999999998
2357,8319308,1,0.5,FALSE,NA,1,0.51,1,2,1,"!{er <= 0} & {pgr <= 2}",686,246,290,0.422740524781341,TRUE,"","NULL","",4.62200000000001
2358,8319309,1,0.5,FALSE,NA,1,0.98,34,173,34,"{pgr <= 0} & !{nodes <= 1}",686,246,313,0.456268221574344,TRUE,"","NULL","",6.63200000000001
2359,8319310,1,0.5,FALSE,NA,1,0.93,31,82,31,"{er <= 3} & {pgr <= 2}",686,246,284,0.41399416909621,TRUE,"","NULL","",5.21100000000001
2360,8319311,1,0.5,FALSE,NA,1,0.95,15,64,15,"{pgr <= 26} & !{er <= 44}",686,246,311,0.4533527696793,TRUE,"","NULL","",4.88300000000004
2361,8319312,1,0.5,FALSE,NA,1,0.58,4,29,4,"!{er <= 3} & {grade3}",686,246,285,0.415451895043732,TRUE,"","NULL","",4.69999999999999
2362,8319313,1,0.5,FALSE,NA,1,0.98,14,125,14,"{size <= 20} & !{age <= 53}",686,246,318,0.463556851311953,TRUE,"","NULL","",5.83299999999997
2363,8319314,1,0.5,FALSE,NA,1,0.97,139,502,139,"{nodes <= 1} & {er <= 294}",686,246,288,0.419825072886297,TRUE,"","NULL","Loglik converged before variable  1 ; coefficient may be infinite.  | Loglik converged before variable  1 ; coefficient may be infinite. ",10.611
2364,8319315,1,0.5,FALSE,NA,1,0.8,7,60,7,"!{er <= 70} & {pgr <= 77}",686,246,302,0.440233236151603,TRUE,"","NULL","",3.64700000000005
2365,8319316,1,0.5,FALSE,NA,1,0.89,14,93,14,"{pgr <= 45} & !{er <= 44}",686,246,286,0.416909620991254,TRUE,"","NULL","",5.85000000000002
2366,8319317,1,0.5,FALSE,NA,1,0.95,43,131,43,"{nodes <= 1} & !{er <= 17}",686,246,298,0.434402332361516,TRUE,"","NULL","",5.822
2367,8319318,1,0.5,FALSE,NA,1,0.68,4,49,4,"!{age <= 61} & {pgr <= 114}",686,246,289,0.421282798833819,TRUE,"","NULL","",4.60900000000004
2368,8319319,1,0.5,FALSE,NA,1,0.96,61,188,61,"{size <= 20} & !{age <= 53}",686,246,303,0.441690962099125,TRUE,"","NULL","",5.77999999999997
2369,8319320,1,0.5,FALSE,NA,1,1,119,287,119,"{nodes <= 1} & {meno}",686,246,305,0.444606413994169,TRUE,"","NULL","",8.72699999999998
2370,8319321,1,0.5,FALSE,NA,1,0.99,266,604,266,"!{grade3} & {er <= 3}",686,246,305,0.444606413994169,TRUE,"","NULL","",11.782
2371,8319322,1,0.5,FALSE,NA,1,0.71,7,63,7,"{age <= 53} & !{nodes <= 5}",686,246,300,0.43731778425656,TRUE,"","NULL","",3.88999999999999
2372,8319323,1,0.5,FALSE,NA,1,0.79,14,112,14,"!{nodes <= 5} & {pgr <= 26}",686,246,293,0.427113702623907,TRUE,"","NULL","",3.66699999999997
2373,8319324,1,0.5,FALSE,NA,1,0.8,4,30,4,"{nodes <= 1} & {er <= 30}",686,246,294,0.428571428571429,TRUE,"","NULL","",4.73999999999995
2374,8319325,1,0.5,FALSE,NA,1,0.83,8,44,8,"!{nodes <= 1} & {size <= 20}",686,246,301,0.438775510204082,TRUE,"","NULL","",5.00999999999999
2375,8319326,1,0.5,FALSE,NA,1,0.96,62,209,62,"{pgr <= 0} & {nodes <= 7}",686,246,305,0.444606413994169,TRUE,"","NULL","",6.58500000000004
2376,8319327,1,0.5,FALSE,NA,1,0.73,8,62,8,"!{age <= 46} & {nodes <= 1}",686,246,303,0.441690962099125,TRUE,"","NULL","",4.81599999999997
2377,8319328,1,0.5,FALSE,NA,1,0.91,15,85,15,"{nodes <= 1} & !{age <= 53}",686,246,317,0.462099125364431,TRUE,"","NULL","",6.31700000000001
2378,8319329,1,0.5,FALSE,NA,1,0.9,68,199,68,"!{er <= 70} & {nodes <= 5}",686,246,301,0.438775510204082,TRUE,"","NULL","",6.32500000000005
2379,8319330,1,0.5,FALSE,NA,1,0.96,42,106,42,"!{nodes <= 7} & !{size <= 29}",686,246,289,0.421282798833819,TRUE,"","NULL","",5.56100000000004
2380,8319331,1,0.5,FALSE,NA,1,0.98,119,264,119,"!{pgr <= 45} & !{age <= 61}",686,246,300,0.43731778425656,TRUE,"","NULL","",6.00799999999998
2381,8319332,1,0.5,FALSE,NA,1,0.68,5,58,5,"{size <= 29} & {er <= 9}",686,246,313,0.456268221574344,TRUE,"","NULL","",5.45599999999996
2382,8319333,1,0.5,FALSE,NA,1,0.86,13,75,13,"!{size <= 29} & !{pgr <= 26}",686,246,289,0.421282798833819,TRUE,"","NULL","",5.11799999999999
2383,8319334,1,0.5,FALSE,NA,1,0.82,11,64,11,"{nodes <= 5} & !{pgr <= 114}",686,246,302,0.440233236151603,TRUE,"","NULL","",5.22000000000003
2384,8319335,1,0.5,FALSE,NA,1,0.97,112,285,112,"{age <= 53} & !{pgr <= 114}",686,246,293,0.427113702623907,TRUE,"","NULL","",6.82100000000003
2385,8319336,1,0.5,FALSE,NA,1,0.77,6,22,6,"!{pgr <= 114} & {er <= 100}",686,246,293,0.427113702623907,TRUE,"","NULL","",4.56900000000002
2386,8319337,1,0.5,FALSE,NA,1,0.91,13,50,13,"!{er <= 100} & !{nodes <= 1}",686,246,318,0.463556851311953,TRUE,"","NULL","",5.07900000000001
2387,8319338,1,0.5,FALSE,NA,0,NA,0,11,0,"",686,246,282,0.411078717201166,TRUE,"","NULL","",4.18600000000004
2388,8319339,1,0.5,FALSE,NA,1,0.89,18,112,18,"!{pgr <= 77} & !{meno}",686,246,282,0.411078717201166,TRUE,"","NULL","",5.18099999999998
2389,8319340,1,0.5,FALSE,NA,1,0.84,19,97,19,"{nodes <= 1} & {age <= 61}",686,246,279,0.406705539358601,TRUE,"","NULL","",5.55399999999997
2390,8319341,1,0.5,FALSE,NA,1,0.99,33,142,33,"!{age <= 61} & {nodes <= 3}",686,246,296,0.431486880466472,TRUE,"","NULL","",5.96100000000001
2391,8319342,1,0.5,FALSE,NA,1,0.86,8,29,8,"{nodes <= 1} & !{pgr <= 77}",686,246,297,0.432944606413994,TRUE,"","NULL","",4.447
2392,8319343,1,0.5,FALSE,NA,1,0.92,23,93,23,"!{nodes <= 1} & !{er <= 174}",686,246,299,0.435860058309038,TRUE,"","NULL","",5.173
2393,8319344,1,0.5,FALSE,NA,1,0.95,39,157,39,"!{size <= 29} & {pgr <= 26}",686,246,294,0.428571428571429,TRUE,"","NULL","",7.03499999999997
2394,8319345,1,0.5,FALSE,NA,1,0.96,22,131,22,"{grade3} & !{er <= 9}",686,246,309,0.450437317784257,TRUE,"","NULL","",5.733
2395,8319346,1,0.5,FALSE,NA,1,0.66,2,12,2,"{size <= 20} & {pgr <= 45}",686,246,290,0.422740524781341,TRUE,"","NULL","",4.19999999999999
2396,8319347,1,0.5,FALSE,NA,1,0.97,40,110,40,"{nodes <= 1} & {size <= 29}",686,246,315,0.459183673469388,TRUE,"","NULL","",4.96100000000001
2397,8319348,1,0.5,FALSE,NA,1,0.93,36,94,36,"!{pgr <= 184} & !{nodes <= 1}",686,246,291,0.424198250728863,TRUE,"","NULL","",6.214
2398,8319349,1,0.5,FALSE,NA,1,0.97,14,62,14,"{size <= 29} & !{er <= 174}",686,246,314,0.457725947521866,TRUE,"","NULL","",5.02200000000005
2399,8319350,1,0.5,FALSE,NA,1,0.9,41,126,41,"!{grade3} & !{nodes <= 5}",686,246,312,0.454810495626822,TRUE,"","NULL","",6.01000000000005
2400,8319351,1,0.5,FALSE,NA,1,0.72,1,13,1,"{pgr <= 16} & !{er <= 17}",686,246,315,0.459183673469388,TRUE,"","NULL","",4.20800000000003
2401,8319352,1,0.5,FALSE,NA,1,0.75,15,68,15,"!{size <= 29} & !{pgr <= 45}",686,246,305,0.444606413994169,TRUE,"","NULL","",5.51599999999996
2402,8319353,1,0.5,FALSE,NA,1,0.96,126,308,126,"!{pgr <= 26} & {pgr <= 77}",686,246,297,0.432944606413994,TRUE,"","NULL","",7.85199999999998
2403,8319354,1,0.5,FALSE,NA,1,0.93,21,64,21,"{er <= 44} & !{pgr <= 26}",686,246,296,0.431486880466472,TRUE,"","NULL","",4.77499999999998
2404,8319355,1,0.5,FALSE,NA,1,0.7,5,18,5,"!{pgr <= 184}",686,246,291,0.424198250728863,TRUE,"","NULL","",3.86700000000002
2405,8319356,1,0.5,FALSE,NA,1,0.78,5,45,5,"!{er <= 17} & {age <= 46}",686,246,300,0.43731778425656,TRUE,"","NULL","",5.57799999999997
2406,8319357,1,0.5,FALSE,NA,1,0.77,14,59,14,"!{pgr <= 45} & {age <= 53}",686,246,298,0.434402332361516,TRUE,"","NULL","",5.04700000000003
2407,8319358,1,0.5,FALSE,NA,1,0.82,8,41,8,"!{meno} & !{size <= 29}",686,246,278,0.405247813411079,TRUE,"","NULL","",4.73500000000001
2408,8319359,1,0.5,FALSE,NA,1,0.96,152,415,152,"!{age <= 46} & {pgr <= 2}",686,246,297,0.432944606413994,TRUE,"","NULL","",8.46600000000001
2409,8319360,1,0.5,FALSE,NA,1,0.83,17,96,17,"!{er <= 30} & {size <= 25}",686,246,309,0.450437317784257,TRUE,"","NULL","",6.25399999999996
2410,8319361,1,0.5,FALSE,NA,1,0.84,43,194,43,"{nodes <= 1} & {size <= 29}",686,246,302,0.440233236151603,TRUE,"","NULL","",6.51300000000003
2411,8319362,1,0.5,FALSE,NA,1,0.99,53,170,53,"!{er <= 174} & {nodes <= 5}",686,246,281,0.409620991253644,TRUE,"","NULL","",6.29500000000002
2412,8319363,1,0.5,FALSE,NA,1,0.93,8,47,8,"{size <= 35} & {pgr <= 0}",686,246,311,0.4533527696793,TRUE,"","NULL","",3.89299999999997
2413,8319364,1,0.5,FALSE,NA,1,0.97,52,137,52,"!{pgr <= 114} & {age <= 53}",686,246,292,0.425655976676385,TRUE,"","NULL","",6.49900000000002
2414,8319365,1,0.5,FALSE,NA,1,0.84,11,61,11,"!{pgr <= 16} & !{age <= 53}",686,246,296,0.431486880466472,TRUE,"","NULL","",4.81200000000001
2415,8319366,1,0.5,FALSE,NA,1,0.9,9,45,9,"!{pgr <= 8} & {pgr <= 16}",686,246,281,0.409620991253644,TRUE,"","NULL","",4.79399999999998
2416,8319367,1,0.5,FALSE,NA,1,0.95,8,43,8,"!{age <= 61} & !{nodes <= 3}",686,246,331,0.482507288629738,TRUE,"","NULL","",4.851
2417,8319368,1,0.5,FALSE,NA,1,0.6,1,15,1,"{pgr <= 8} & !{er <= 3}",686,246,292,0.425655976676385,TRUE,"","NULL","",4.68200000000002
2418,8319369,1,0.5,FALSE,NA,1,0.98,59,210,59,"{size <= 29} & !{nodes <= 5}",686,246,269,0.392128279883382,TRUE,"","NULL","",6.95800000000003
2419,8319370,1,0.5,FALSE,NA,1,0.85,5,17,5,"!{pgr <= 77} & !{nodes <= 1}",686,246,305,0.444606413994169,TRUE,"","NULL","",4.50999999999999
2420,8319371,1,0.5,FALSE,NA,1,0.98,133,369,133,"{age <= 46} & {er <= 100}",686,246,318,0.463556851311953,TRUE,"","NULL","",7.863
2421,8319372,1,0.5,FALSE,NA,1,0.98,43,184,43,"!{age <= 61} & !{er <= 70}",686,246,300,0.43731778425656,TRUE,"","NULL","",7.392
2422,8319373,1,0.5,FALSE,NA,1,0.97,92,432,92,"!{size <= 25} & !{meno}",686,246,322,0.469387755102041,TRUE,"","NULL","",9.75299999999999
2423,8319374,1,0.5,FALSE,NA,1,0.83,9,56,9,"!{age <= 53} & !{er <= 174}",686,246,296,0.431486880466472,TRUE,"","NULL","",4.49000000000001
2424,8319375,1,0.5,FALSE,NA,1,0.68,5,31,5,"!{age <= 53} & {pgr <= 16}",686,246,292,0.425655976676385,TRUE,"","NULL","",3.30199999999996
2425,8319376,1,0.5,FALSE,NA,1,0.98,258,719,258,"!{nodes <= 3} & {er <= 17}",686,246,325,0.473760932944606,TRUE,"","NULL","",13.507
2426,8319377,1,0.5,FALSE,NA,1,0.98,46,166,46,"{nodes <= 1} & {er <= 44}",686,246,275,0.400874635568513,TRUE,"","NULL","",6.065
2427,8319378,1,0.5,FALSE,NA,1,0.92,29,75,29,"{size <= 25} & !{age <= 53}",686,246,289,0.421282798833819,TRUE,"","NULL","",3.90200000000004
2428,8319379,1,0.5,FALSE,NA,1,0.88,41,160,41,"!{er <= 100} & {size <= 29}",686,246,281,0.409620991253644,TRUE,"","NULL","",4.15100000000001
2429,8319380,1,0.5,FALSE,NA,1,0.99,40,132,40,"!{pgr <= 45} & !{nodes <= 5}",686,246,311,0.4533527696793,TRUE,"","NULL","",6.67900000000003
2430,8319381,1,0.5,FALSE,NA,1,0.88,2,39,2,"!{size <= 25} & !{age <= 61}",686,246,296,0.431486880466472,TRUE,"","NULL","",4.54500000000002
2431,8319382,1,0.5,FALSE,NA,1,0.68,10,43,10,"{nodes <= 7} & {er <= 9}",686,246,287,0.418367346938776,TRUE,"","NULL","",4.60799999999995
2432,8319383,1,0.5,FALSE,NA,1,0.92,26,88,26,"{nodes <= 1} & !{er <= 0}",686,246,305,0.444606413994169,TRUE,"","NULL","",4.95600000000002
2433,8319384,1,0.5,FALSE,NA,1,1,375,728,375,"{nodes <= 1} & {er <= 100}",686,246,295,0.43002915451895,TRUE,"","NULL","",13.554
2434,8319385,1,0.5,FALSE,NA,1,0.97,66,158,66,"{size <= 20} & {nodes <= 5}",686,246,318,0.463556851311953,TRUE,"","NULL","",6.20699999999999
2435,8319386,1,0.5,FALSE,NA,1,0.72,11,82,11,"!{pgr <= 26} & {nodes <= 3}",686,246,295,0.43002915451895,TRUE,"","NULL","",4.06700000000001
2436,8319387,1,0.5,FALSE,NA,1,0.78,22,86,22,"!{pgr <= 114} & {nodes <= 5}",686,246,307,0.447521865889213,TRUE,"","NULL","",3.66399999999999
2437,8319388,1,0.5,FALSE,NA,1,0.99,47,164,47,"!{size <= 35} & !{pgr <= 16}",686,246,304,0.443148688046647,TRUE,"","NULL","",7.21600000000001
2438,8319389,1,0.5,FALSE,NA,1,0.93,35,128,35,"{er <= 30} & !{age <= 46}",686,246,310,0.451895043731778,TRUE,"","NULL","",5.935
2439,8319390,1,0.5,FALSE,NA,1,0.92,56,182,56,"{grade3} & !{pgr <= 2}",686,246,289,0.421282798833819,TRUE,"","NULL","",6.351
2440,8319391,1,0.5,FALSE,NA,1,1,151,402,151,"{age <= 46} & {pgr <= 77}",686,246,292,0.425655976676385,TRUE,"","NULL","",6.77800000000002
2441,8319392,1,0.5,FALSE,NA,1,0.83,11,34,11,"{size <= 25} & !{size <= 20}",686,246,280,0.408163265306122,TRUE,"","NULL","",5.44900000000001
2442,8319393,1,0.5,FALSE,NA,1,0.88,29,130,29,"!{grade3} & !{nodes <= 5}",686,246,297,0.432944606413994,TRUE,"","NULL","",5.93700000000001
2443,8319394,1,0.5,FALSE,NA,1,0.98,27,130,27,"{er <= 3} & !{size <= 25}",686,246,307,0.447521865889213,TRUE,"","NULL","",5.98599999999999
2444,8319395,1,0.5,FALSE,NA,1,1,43,116,43,"{er <= 9} & {age <= 53}",686,246,308,0.448979591836735,TRUE,"","NULL","",4.94299999999998
2445,8319396,1,0.5,FALSE,NA,1,0.83,18,57,18,"!{age <= 61} & {pgr <= 114}",686,246,292,0.425655976676385,TRUE,"","NULL","",5.53399999999999
2446,8319397,1,0.5,FALSE,NA,1,0.91,56,260,56,"{size <= 20} & !{pgr <= 16}",686,246,294,0.428571428571429,TRUE,"","NULL","",7.351
2447,8319398,1,0.5,FALSE,NA,1,0.68,5,32,5,"!{size <= 20} & !{pgr <= 184}",686,246,296,0.431486880466472,TRUE,"","NULL","",4.87
2448,8319399,1,0.5,FALSE,NA,0,NA,0,24,0,"",686,246,321,0.467930029154519,TRUE,"","NULL","",3.87200000000001
2449,8319400,1,0.5,FALSE,NA,1,0.99,239,537,239,"{size <= 29} & !{pgr <= 114}",686,246,303,0.441690962099125,TRUE,"","NULL","",12.161
2450,8319401,1,0.5,FALSE,NA,1,0.54,1,18,1,"!{age <= 61} & {pgr <= 77}",686,246,308,0.448979591836735,TRUE,"","NULL","",4.82400000000001
2451,8319402,1,0.5,FALSE,NA,1,0.75,6,49,6,"{nodes <= 3} & !{nodes <= 1}",686,246,293,0.427113702623907,TRUE,"","NULL","",4.387
2452,8319403,1,0.5,FALSE,NA,1,0.89,15,64,15,"{er <= 174} & !{er <= 100}",686,246,327,0.47667638483965,TRUE,"","NULL","",3.75099999999998
2453,8319404,1,0.5,FALSE,NA,1,0.94,38,156,38,"!{meno} & !{size <= 35}",686,246,269,0.392128279883382,TRUE,"","NULL","",6.73000000000002
2454,8319405,1,0.5,FALSE,NA,0,NA,0,13,0,"",686,246,299,0.435860058309038,TRUE,"","NULL","",3.959
2455,8319406,1,0.5,FALSE,NA,0,NA,0,24,0,"",686,246,267,0.389212827988338,TRUE,"","NULL","",4.64099999999996
2456,8319407,1,0.5,FALSE,NA,1,0.83,15,83,15,"!{age <= 53} & !{pgr <= 45}",686,246,301,0.438775510204082,TRUE,"","NULL","",4.99299999999999
2457,8319408,1,0.5,FALSE,NA,1,0.99,92,260,92,"{age <= 46} & {size <= 29}",686,246,315,0.459183673469388,TRUE,"","NULL","",7.84800000000001
2458,8319409,1,0.5,FALSE,NA,1,0.57,1,24,1,"{er <= 17} & {size <= 20}",686,246,303,0.441690962099125,TRUE,"","NULL","",4.44099999999997
2459,8319410,1,0.5,FALSE,NA,1,0.87,83,206,83,"!{size <= 25} & !{pgr <= 0}",686,246,292,0.425655976676385,TRUE,"","NULL","",6.32999999999998
2460,8319411,1,0.5,FALSE,NA,1,0.75,5,20,5,"!{grade3} & {er <= 17}",686,246,311,0.4533527696793,TRUE,"","NULL","",3.67200000000003
2461,8319412,1,0.5,FALSE,NA,1,0.94,18,67,18,"{nodes <= 3} & !{er <= 174}",686,246,311,0.4533527696793,TRUE,"","NULL","",6.10400000000004
2462,8319413,1,0.5,FALSE,NA,0,NA,0,15,0,"",686,246,306,0.446064139941691,TRUE,"","NULL","",4.23099999999999
2463,8319414,1,0.5,FALSE,NA,1,0.88,11,70,11,"!{pgr <= 184} & {er <= 174}",686,246,314,0.457725947521866,TRUE,"","NULL","",5.61799999999999
2464,8319415,1,0.5,FALSE,NA,1,0.96,101,376,101,"{age <= 53} & !{pgr <= 114}",686,246,302,0.440233236151603,TRUE,"","NULL","",7.93299999999999
2465,8319416,1,0.5,FALSE,NA,1,0.83,13,52,13,"!{age <= 61} & !{er <= 0}",686,246,305,0.444606413994169,TRUE,"","NULL","",5.72399999999999
2466,8319417,1,0.5,FALSE,NA,1,0.82,15,100,15,"{nodes <= 1} & !{pgr <= 16}",686,246,284,0.41399416909621,TRUE,"","NULL","",5.21699999999998
2467,8319418,1,0.5,FALSE,NA,1,0.93,20,142,20,"!{nodes <= 3} & !{pgr <= 45}",686,246,294,0.428571428571429,TRUE,"","NULL","",6.18599999999998
2468,8319419,1,0.5,FALSE,NA,1,0.89,4,45,4,"{age <= 53} & {meno}",686,246,309,0.450437317784257,TRUE,"","NULL","",4.39100000000002
2469,8319420,1,0.5,FALSE,NA,1,0.99,65,157,65,"!{age <= 61} & {er <= 174}",686,246,329,0.479591836734694,TRUE,"","NULL","",7.12200000000001
2470,8319421,1,0.5,FALSE,NA,1,0.94,77,289,77,"!{size <= 35} & !{pgr <= 45}",686,246,306,0.446064139941691,TRUE,"","NULL","",7.733
2471,8319422,1,0.5,FALSE,NA,0,NA,0,1,0,"",686,246,290,0.422740524781341,TRUE,"","NULL","",4.12400000000002
2472,8319423,1,0.5,FALSE,NA,1,0.95,21,118,21,"!{pgr <= 8} & {er <= 17}",686,246,291,0.424198250728863,TRUE,"","NULL","",4.74799999999999
2473,8319424,1,0.5,FALSE,NA,1,0.73,9,49,9,"{pgr <= 8} & !{size <= 20}",686,246,284,0.41399416909621,TRUE,"","NULL","",5.03499999999997
2474,8319425,1,0.5,FALSE,NA,1,0.77,3,69,3,"{grade3} & {size <= 25}",686,246,308,0.448979591836735,TRUE,"","NULL","",5.31799999999998
2475,8319426,1,0.5,FALSE,NA,1,0.62,1,11,1,"!{pgr <= 77} & {pgr <= 114}",686,246,284,0.41399416909621,TRUE,"","NULL","",4.226
2476,8319427,1,0.5,FALSE,NA,0,NA,0,18,0,"",686,246,313,0.456268221574344,TRUE,"","NULL","",4.15600000000001
2477,8319428,1,0.5,FALSE,NA,1,0.92,16,65,16,"!{nodes <= 5} & !{er <= 30}",686,246,285,0.415451895043732,TRUE,"","NULL","",5.52299999999997
2478,8319429,1,0.5,FALSE,NA,1,0.91,26,127,26,"{size <= 20} & !{er <= 17}",686,246,304,0.443148688046647,TRUE,"","NULL","",5.89300000000003
2479,8319430,1,0.5,FALSE,NA,1,0.78,12,67,12,"!{pgr <= 114} & !{er <= 70}",686,246,302,0.440233236151603,TRUE,"","NULL","",5.02799999999996
2480,8319431,1,0.5,FALSE,NA,1,0.89,16,55,16,"!{age <= 61}",686,246,291,0.424198250728863,TRUE,"","NULL","",4.46300000000002
2481,8319432,1,0.5,FALSE,NA,1,0.82,9,64,9,"{nodes <= 5} & !{size <= 25}",686,246,313,0.456268221574344,TRUE,"","NULL","",6.04699999999997
2482,8319433,1,0.5,FALSE,NA,1,0.94,22,108,22,"{nodes <= 1} & {er <= 44}",686,246,294,0.428571428571429,TRUE,"","NULL","",5.762
2483,8319434,1,0.5,FALSE,NA,1,0.96,84,254,84,"!{pgr <= 45} & !{age <= 53}",686,246,299,0.435860058309038,TRUE,"","NULL","",7.298
2484,8319435,1,0.5,FALSE,NA,1,0.61,3,45,3,"{er <= 3} & !{nodes <= 1}",686,246,301,0.438775510204082,TRUE,"","NULL","",3.85200000000003
2485,8319436,1,0.5,FALSE,NA,1,0.92,68,398,68,"{size <= 20} & {age <= 53}",686,246,300,0.43731778425656,TRUE,"","NULL","",10.263
2486,8319437,1,0.5,FALSE,NA,1,0.8,36,174,36,"{age <= 61} & !{er <= 70}",686,246,302,0.440233236151603,TRUE,"","NULL","",6.565
2487,8319438,1,0.5,FALSE,NA,1,0.99,235,650,235,"{nodes <= 3} & !{size <= 25}",686,246,295,0.43002915451895,TRUE,"","NULL","",10.043
2488,8319439,1,0.5,FALSE,NA,1,0.85,10,64,10,"{age <= 61} & !{er <= 100}",686,246,299,0.435860058309038,TRUE,"","NULL","",3.03399999999999
2489,8319440,1,0.5,FALSE,NA,1,0.76,11,30,11,"{nodes <= 1} & {er <= 100}",686,246,296,0.431486880466472,TRUE,"","NULL","",5.36599999999999
2490,8319441,1,0.5,FALSE,NA,1,0.99,128,266,128,"!{size <= 25} & !{er <= 70}",686,246,277,0.403790087463557,TRUE,"","NULL","",7.98500000000001
2491,8319442,1,0.5,FALSE,NA,1,0.85,28,183,28,"{pgr <= 8} & !{nodes <= 1}",686,246,305,0.444606413994169,TRUE,"","NULL","",6.51999999999998
2492,8319443,1,0.5,FALSE,NA,0,NA,0,2,0,"",686,246,303,0.441690962099125,TRUE,"","NULL","",3.34800000000001
2493,8319444,1,0.5,FALSE,NA,1,0.81,5,39,5,"!{pgr <= 45} & !{nodes <= 5}",686,246,295,0.43002915451895,TRUE,"","NULL","",5.57500000000005
2494,8319445,1,0.5,FALSE,NA,1,0.93,30,128,30,"!{pgr <= 114} & {meno}",686,246,302,0.440233236151603,TRUE,"","NULL","",6.20400000000001
2495,8319446,1,0.5,FALSE,NA,1,0.99,54,209,54,"{grade3} & {size <= 29}",686,246,300,0.43731778425656,TRUE,"","NULL","",7.072
2496,8319447,1,0.5,FALSE,NA,1,0.51,1,3,1,"!{pgr <= 45} & {er <= 30}",686,246,301,0.438775510204082,TRUE,"","NULL","",3.47699999999998
2497,8319448,1,0.5,FALSE,NA,1,0.97,112,326,112,"{er <= 30} & !{pgr <= 26}",686,246,303,0.441690962099125,TRUE,"","NULL","",8.85599999999999
2498,8319449,1,0.5,FALSE,NA,1,1,81,233,81,"!{er <= 44} & !{nodes <= 3}",686,246,286,0.416909620991254,TRUE,"","NULL","",7.04700000000003
2499,8319450,1,0.5,FALSE,NA,1,0.76,9,49,9,"!{er <= 100} & {size <= 35}",686,246,305,0.444606413994169,TRUE,"","NULL","",4.84500000000003
2500,8319451,1,0.5,FALSE,NA,1,0.8,7,35,7,"{age <= 46} & !{size <= 29}",686,246,293,0.427113702623907,TRUE,"","NULL","",3.55500000000001
2501,8319452,1,0.5,FALSE,NA,1,0.84,18,112,18,"{age <= 53} & !{er <= 44}",686,246,290,0.422740524781341,TRUE,"","NULL","",5.80000000000001
2502,8319453,1,0.5,FALSE,NA,1,0.99,144,345,144,"!{pgr <= 184}",686,246,286,0.416909620991254,TRUE,"","NULL","",8.755
2503,8319454,1,0.5,FALSE,NA,1,0.79,21,113,21,"{size <= 25} & !{nodes <= 3}",686,246,327,0.47667638483965,TRUE,"","NULL","",5.84400000000005
2504,8319455,1,0.5,FALSE,NA,1,0.67,4,40,4,"{nodes <= 3} & {pgr <= 8}",686,246,296,0.431486880466472,TRUE,"","NULL","",3.42200000000003
2505,8319456,1,0.5,FALSE,NA,1,0.52,1,34,1,"{grade3} & !{meno}",686,246,295,0.43002915451895,TRUE,"","NULL","",4.92399999999998
2506,8319457,1,0.5,FALSE,NA,1,0.77,9,24,9,"{pgr <= 77} & !{er <= 30}",686,246,302,0.440233236151603,TRUE,"","NULL","",4.47699999999998
2507,8319458,1,0.5,FALSE,NA,1,0.93,111,334,111,"{nodes <= 3} & !{pgr <= 114}",686,246,295,0.43002915451895,TRUE,"","NULL","",8.39400000000001
2508,8319459,1,0.5,FALSE,NA,1,0.94,51,174,51,"{size <= 20} & {nodes <= 3}",686,246,277,0.403790087463557,TRUE,"","NULL","",5.23499999999996
2509,8319460,1,0.5,FALSE,NA,1,0.93,51,176,51,"!{pgr <= 184}",686,246,307,0.447521865889213,TRUE,"","NULL","",7.37299999999999
2510,8319461,1,0.5,FALSE,NA,1,0.96,31,118,31,"{nodes <= 5} & !{size <= 35}",686,246,289,0.421282798833819,TRUE,"","NULL","",5.51099999999997
2511,8319462,1,0.5,FALSE,NA,1,0.86,35,90,35,"!{nodes <= 7} & {er <= 174}",686,246,273,0.397959183673469,TRUE,"","NULL","",5.322
2512,8319463,1,0.5,FALSE,NA,1,0.62,7,48,7,"{er <= 44} & !{er <= 0}",686,246,299,0.435860058309038,TRUE,"","NULL","",4.01400000000001
2513,8319464,1,0.5,FALSE,NA,1,0.64,1,20,1,"{grade3} & {nodes <= 3}",686,246,295,0.43002915451895,TRUE,"","NULL","",4.79699999999997
2514,8319465,1,0.5,FALSE,NA,1,0.95,13,53,13,"!{er <= 100} & !{size <= 25}",686,246,306,0.446064139941691,TRUE,"","NULL","",4.95299999999997
2515,8319466,1,0.5,FALSE,NA,1,0.93,16,71,16,"!{er <= 100} & !{nodes <= 3}",686,246,300,0.43731778425656,TRUE,"","NULL","",5.05999999999995
2516,8319467,1,0.5,FALSE,NA,1,0.88,20,93,20,"!{pgr <= 114} & {er <= 174}",686,246,308,0.448979591836735,TRUE,"","NULL","",5.61599999999999
2517,8319468,1,0.5,FALSE,NA,1,0.99,286,654,286,"!{er <= 70} & !{size <= 25}",686,246,312,0.454810495626822,TRUE,"","NULL","",13.403
2518,8319469,1,0.5,FALSE,NA,1,0.95,74,248,74,"!{age <= 61} & !{pgr <= 2}",686,246,314,0.457725947521866,TRUE,"","NULL","",7.18599999999998
2519,8319470,1,0.5,FALSE,NA,1,0.74,20,91,20,"!{age <= 53} & !{pgr <= 45}",686,246,290,0.422740524781341,TRUE,"","NULL","",3.94200000000001
2520,8319471,1,0.5,FALSE,NA,1,0.76,4,45,4,"{pgr <= 184} & !{size <= 35}",686,246,321,0.467930029154519,TRUE,"","NULL","",3.08000000000004
2521,8319472,1,0.5,FALSE,NA,1,0.99,96,303,96,"!{size <= 25} & {grade3}",686,246,303,0.441690962099125,TRUE,"","NULL","",8.39000000000004
2522,8319473,1,0.5,FALSE,NA,1,1,93,206,93,"{nodes <= 1} & !{pgr <= 77}",686,246,298,0.434402332361516,TRUE,"","NULL","",6.78100000000001
2523,8319474,1,0.5,FALSE,NA,0,NA,0,1,0,"",686,246,302,0.440233236151603,TRUE,"","NULL","",4.255
2524,8319475,1,0.5,FALSE,NA,1,0.86,19,54,19,"!{age <= 61} & {er <= 70}",686,246,285,0.415451895043732,TRUE,"","NULL","",3.61099999999999
2525,8319476,1,0.5,FALSE,NA,1,0.99,137,308,137,"{size <= 29} & !{pgr <= 114}",686,246,318,0.463556851311953,TRUE,"","NULL","",8.89400000000001
2526,8319477,1,0.5,FALSE,NA,1,0.64,10,44,10,"!{size <= 35} & !{nodes <= 1}",686,246,298,0.434402332361516,TRUE,"","NULL","",4.91500000000002
2527,8319478,1,0.5,FALSE,NA,0,NA,0,12,0,"",686,246,301,0.438775510204082,TRUE,"","NULL","",4.48099999999999
2528,8319479,1,0.5,FALSE,NA,1,0.97,42,131,42,"!{pgr <= 184} & !{size <= 20}",686,246,292,0.425655976676385,TRUE,"","NULL","",4.81899999999996
2529,8319480,1,0.5,FALSE,NA,1,0.76,7,36,7,"!{pgr <= 77} & {size <= 29}",686,246,296,0.431486880466472,TRUE,"","NULL","",5.01099999999997
2530,8319481,1,0.5,FALSE,NA,1,0.67,8,50,8,"!{size <= 25} & !{nodes <= 7}",686,246,281,0.409620991253644,TRUE,"","NULL","",4.964
2531,8319482,1,0.5,FALSE,NA,1,0.98,59,161,59,"!{nodes <= 3} & {pgr <= 16}",686,246,297,0.432944606413994,TRUE,"","NULL","",6.23499999999996
2532,8319483,1,0.5,FALSE,NA,1,0.78,6,39,6,"{nodes <= 7} & !{pgr <= 114}",686,246,301,0.438775510204082,TRUE,"","NULL","",4.49900000000002
2533,8319484,1,0.5,FALSE,NA,1,0.94,19,72,19,"!{pgr <= 114} & {er <= 100}",686,246,310,0.451895043731778,TRUE,"","NULL","",5.60500000000002
2534,8319485,1,0.5,FALSE,NA,1,0.79,3,26,3,"!{age <= 53} & {size <= 20}",686,246,293,0.427113702623907,TRUE,"","NULL","",4.61500000000001
2535,8319486,1,0.5,FALSE,NA,1,0.88,20,99,20,"{size <= 35} & !{size <= 29}",686,246,315,0.459183673469388,TRUE,"","NULL","",5.58699999999999
2536,8319487,1,0.5,FALSE,NA,1,0.94,35,94,35,"!{nodes <= 5} & {size <= 35}",686,246,313,0.456268221574344,TRUE,"","NULL","",5.08599999999996
2537,8319488,1,0.5,FALSE,NA,1,0.7,5,66,5,"!{pgr <= 45} & {age <= 53}",686,246,321,0.467930029154519,TRUE,"","NULL","",5.654
2538,8319489,1,0.5,FALSE,NA,1,0.83,16,98,16,"!{pgr <= 26} & !{age <= 61}",686,246,324,0.472303206997085,TRUE,"","NULL","",6.02600000000001
2539,8319490,1,0.5,FALSE,NA,1,0.59,3,9,3,"!{pgr <= 77} & !{size <= 25}",686,246,292,0.425655976676385,TRUE,"","NULL","",4.37599999999998
2540,8319491,1,0.5,FALSE,NA,1,0.77,13,61,13,"{size <= 29} & !{pgr <= 77}",686,246,282,0.411078717201166,TRUE,"","NULL","",4.96199999999999
2541,8319492,1,0.5,FALSE,NA,1,0.71,4,81,4,"!{grade3} & {nodes <= 1}",686,246,274,0.399416909620991,TRUE,"","NULL","",5.51299999999998
2542,8319493,1,0.5,FALSE,NA,1,0.9,33,124,33,"!{nodes <= 5} & !{size <= 20}",686,246,296,0.431486880466472,TRUE,"","NULL","",5.94099999999997
2543,8319494,1,0.5,FALSE,NA,1,0.7,6,42,6,"!{size <= 25} & {er <= 17}",686,246,304,0.443148688046647,TRUE,"","NULL","",4.435
2544,8319495,1,0.5,FALSE,NA,1,0.99,138,364,138,"!{pgr <= 184} & {nodes <= 7}",686,246,294,0.428571428571429,TRUE,"","NULL","",7.52199999999999
2545,8319496,1,0.5,FALSE,NA,1,0.52,1,18,1,"{size <= 35} & {pgr <= 0}",686,246,288,0.419825072886297,TRUE,"","NULL","",4.654
2546,8319497,1,0.5,FALSE,NA,1,0.99,67,219,67,"!{er <= 44} & {pgr <= 26}",686,246,297,0.432944606413994,TRUE,"","NULL","",7.80000000000001
2547,8319498,1,0.5,FALSE,NA,1,0.92,3,38,3,"!{pgr <= 77} & {pgr <= 114}",686,246,305,0.444606413994169,TRUE,"","NULL","",4.61799999999999
2548,8319499,1,0.5,FALSE,NA,1,0.64,3,12,3,"!{size <= 35} & {meno}",686,246,292,0.425655976676385,TRUE,"","NULL","",3.81700000000001
2549,8319500,1,0.5,FALSE,NA,1,0.89,22,124,22,"{size <= 20} & !{pgr <= 16}",686,246,301,0.438775510204082,TRUE,"","NULL","",7.10899999999998
2550,8319501,1,0.5,FALSE,NA,1,0.99,92,221,92,"{age <= 46} & !{pgr <= 45}",686,246,305,0.444606413994169,TRUE,"","NULL","",6.935
2551,8319502,1,0.5,FALSE,NA,1,0.62,4,53,4,"!{size <= 29} & !{pgr <= 77}",686,246,289,0.421282798833819,TRUE,"","NULL","",5.03200000000004
2552,8319503,1,0.5,FALSE,NA,1,0.99,54,143,54,"!{size <= 35} & {nodes <= 7}",686,246,308,0.448979591836735,TRUE,"","NULL","",5.02100000000002
2553,8319504,1,0.5,FALSE,NA,1,0.76,9,55,9,"!{pgr <= 114} & !{er <= 44}",686,246,296,0.431486880466472,TRUE,"","NULL","",5.60200000000003
2554,8319505,1,0.5,FALSE,NA,1,0.74,2,28,2,"!{grade3} & {er <= 9}",686,246,305,0.444606413994169,TRUE,"","NULL","",4.55100000000004
2555,8319506,1,0.5,FALSE,NA,1,0.94,23,130,23,"!{pgr <= 26} & {nodes <= 1}",686,246,321,0.467930029154519,TRUE,"","NULL","",6.327
2556,8319507,1,0.5,FALSE,NA,1,0.83,16,32,16,"{size <= 20} & !{grade3}",686,246,283,0.412536443148688,TRUE,"","NULL","",4.07499999999999
2557,8319508,1,0.5,FALSE,NA,1,0.73,5,36,5,"!{pgr <= 26} & {pgr <= 77}",686,246,303,0.441690962099125,TRUE,"","NULL","",4.84999999999997
2558,8319509,1,0.5,FALSE,NA,1,0.87,15,80,15,"!{pgr <= 45} & {pgr <= 184}",686,246,292,0.425655976676385,TRUE,"","NULL","",5.61900000000003
2559,8319510,1,0.5,FALSE,NA,1,0.61,1,18,1,"{size <= 35} & {pgr <= 0}",686,246,292,0.425655976676385,TRUE,"","NULL","",4.23399999999998
2560,8319511,1,0.5,FALSE,NA,1,0.96,42,132,42,"{grade3} & !{er <= 0}",686,246,301,0.438775510204082,TRUE,"","NULL","",5.65600000000001
2561,8319512,1,0.5,FALSE,NA,1,0.9,47,223,47,"{er <= 100} & !{pgr <= 114}",686,246,296,0.431486880466472,TRUE,"","NULL","",7.57499999999999
2562,8319513,1,0.5,FALSE,NA,1,0.56,3,24,3,"!{er <= 100} & {age <= 61}",686,246,312,0.454810495626822,TRUE,"","NULL","",4.82399999999996
2563,8319514,1,0.5,FALSE,NA,1,0.64,5,33,5,"{nodes <= 5} & !{nodes <= 3}",686,246,311,0.4533527696793,TRUE,"","NULL","",4.63299999999998
2564,8319515,1,0.5,FALSE,NA,1,0.89,5,46,5,"{age <= 46} & !{pgr <= 45}",686,246,306,0.446064139941691,TRUE,"","NULL","",4.38799999999998
2565,8319516,1,0.5,FALSE,NA,1,0.91,14,89,14,"{nodes <= 1} & !{pgr <= 45}",686,246,281,0.409620991253644,TRUE,"","NULL","",5.57499999999999
2566,8319517,1,0.5,FALSE,NA,1,0.87,19,94,19,"{size <= 20} & {age <= 53}",686,246,304,0.443148688046647,TRUE,"","NULL","",5.49200000000002
2567,8319518,1,0.5,FALSE,NA,1,0.99,77,176,77,"{age <= 46} & {size <= 25}",686,246,298,0.434402332361516,TRUE,"","NULL","",6.78300000000002
2568,8319519,1,0.5,FALSE,NA,1,0.91,8,26,8,"!{pgr <= 77} & {er <= 70}",686,246,312,0.454810495626822,TRUE,"","NULL","",3.85599999999999
2569,8319520,1,0.5,FALSE,NA,1,0.95,35,88,35,"{nodes <= 1} & {er <= 70}",686,246,292,0.425655976676385,TRUE,"","NULL","",5.71599999999995
2570,8319521,1,0.5,FALSE,NA,1,0.67,2,40,2,"!{nodes <= 1} & {pgr <= 2}",686,246,283,0.412536443148688,TRUE,"","NULL","",4.95599999999996
2571,8319522,1,0.5,FALSE,NA,1,0.8,11,112,11,"{nodes <= 1} & {er <= 174}",686,246,303,0.441690962099125,TRUE,"","NULL","",5.976
2572,8319523,1,0.5,FALSE,NA,1,0.99,65,140,65,"{pgr <= 0} & {er <= 30}",686,246,318,0.463556851311953,TRUE,"","NULL","",5.19299999999998
2573,8319524,1,0.5,FALSE,NA,1,0.97,27,113,27,"!{age <= 61} & !{er <= 100}",686,246,311,0.4533527696793,TRUE,"","NULL","",6.89699999999999
2574,8319525,1,0.5,FALSE,NA,1,0.85,5,29,5,"!{pgr <= 114} & {pgr <= 184}",686,246,309,0.450437317784257,TRUE,"","NULL","",4.685
2575,8319526,1,0.5,FALSE,NA,1,0.67,4,40,4,"!{er <= 44} & {pgr <= 45}",686,246,311,0.4533527696793,TRUE,"","NULL","",4.47899999999998
2576,8319527,1,0.5,FALSE,NA,1,0.68,4,40,4,"!{pgr <= 114} & {pgr <= 337}",686,246,295,0.43002915451895,TRUE,"","NULL","",4.78800000000001
2577,8319528,1,0.5,FALSE,NA,1,0.84,20,66,20,"{er <= 30} & !{meno}",686,246,290,0.422740524781341,TRUE,"","NULL","",5.51499999999999
2578,8319529,1,0.5,FALSE,NA,1,0.61,2,9,2,"{age <= 53} & {meno}",686,246,303,0.441690962099125,TRUE,"","NULL","",4.53899999999999
2579,8319530,1,0.5,FALSE,NA,1,0.81,8,49,8,"{age <= 46} & !{pgr <= 16}",686,246,287,0.418367346938776,TRUE,"","NULL","",4.70499999999998
2580,8319531,1,0.5,FALSE,NA,1,0.91,45,147,45,"!{pgr <= 114} & {er <= 294}",686,246,307,0.447521865889213,TRUE,"","NULL","",5.94499999999999
2581,8319532,1,0.5,FALSE,NA,1,0.91,39,137,39,"!{size <= 29} & {grade3}",686,246,300,0.43731778425656,TRUE,"","NULL","",6.40300000000002
2582,8319533,1,0.5,FALSE,NA,1,0.71,3,25,3,"!{pgr <= 77} & {er <= 70}",686,246,311,0.4533527696793,TRUE,"","NULL","",4.54899999999998
2583,8319534,1,0.5,FALSE,NA,1,0.86,13,113,13,"!{pgr <= 26} & {er <= 44}",686,246,316,0.46064139941691,TRUE,"","NULL","",5.60399999999998
2584,8319535,1,0.5,FALSE,NA,1,0.86,20,165,20,"!{size <= 35} & !{er <= 9}",686,246,288,0.419825072886297,TRUE,"","NULL","",5.34500000000003
2585,8319536,1,0.5,FALSE,NA,1,0.92,17,99,17,"!{size <= 35} & {pgr <= 45}",686,246,317,0.462099125364431,TRUE,"","NULL","",6.19900000000001
2586,8319537,1,0.5,FALSE,NA,1,0.75,2,27,2,"{age <= 53} & {meno}",686,246,315,0.459183673469388,TRUE,"","NULL","",4.51600000000002
2587,8319538,1,0.5,FALSE,NA,1,0.79,24,105,24,"!{nodes <= 3} & {pgr <= 16}",686,246,297,0.432944606413994,TRUE,"","NULL","",5.541
2588,8319539,1,0.5,FALSE,NA,1,0.91,22,75,22,"!{nodes <= 3} & !{er <= 70}",686,246,281,0.409620991253644,TRUE,"","NULL","",4.81199999999995
2589,8319540,1,0.5,FALSE,NA,1,0.98,42,83,42,"{size <= 20} & !{pgr <= 26}",686,246,319,0.465014577259475,TRUE,"","NULL","",6.00899999999996
2590,8319541,1,0.5,FALSE,NA,1,0.95,58,192,58,"{nodes <= 1} & {er <= 30}",686,246,306,0.446064139941691,TRUE,"","NULL","",6.94599999999997
2591,8319542,1,0.5,FALSE,NA,1,0.89,63,216,63,"{nodes <= 3} & {size <= 25}",686,246,300,0.43731778425656,TRUE,"","NULL","",6.964
2592,8319543,1,0.5,FALSE,NA,1,0.88,4,42,4,"!{size <= 35} & {meno}",686,246,307,0.447521865889213,TRUE,"","NULL","",3.78199999999998
2593,8319544,1,0.5,FALSE,NA,1,0.96,64,202,64,"{pgr <= 8} & {size <= 29}",686,246,311,0.4533527696793,TRUE,"","NULL","",7.43199999999996
2594,8319545,1,0.5,FALSE,NA,1,1,38,113,38,"{er <= 17} & !{er <= 9}",686,246,301,0.438775510204082,TRUE,"","NULL","",5.37200000000001
2595,8319546,1,0.5,FALSE,NA,1,0.72,11,62,11,"!{nodes <= 3} & {er <= 44}",686,246,308,0.448979591836735,TRUE,"","NULL","",5.01100000000002
2596,8319547,1,0.5,FALSE,NA,1,0.98,35,172,35,"{pgr <= 16} & {size <= 29}",686,246,311,0.4533527696793,TRUE,"","NULL","",5.22900000000004
2597,8319548,1,0.5,FALSE,NA,1,0.72,5,44,5,"!{nodes <= 3} & !{pgr <= 26}",686,246,278,0.405247813411079,TRUE,"","NULL","",5.56599999999997
2598,8319549,1,0.5,FALSE,NA,1,0.69,2,28,2,"{pgr <= 8} & {nodes <= 5}",686,246,284,0.41399416909621,TRUE,"","NULL","",4.58499999999998
2599,8319550,1,0.5,FALSE,NA,1,0.99,8,71,8,"{size <= 20} & !{nodes <= 3}",686,246,307,0.447521865889213,TRUE,"","NULL","",5.32600000000002
2600,8319551,1,0.5,FALSE,NA,1,0.93,26,118,26,"{er <= 17} & !{er <= 3}",686,246,281,0.409620991253644,TRUE,"","NULL","",5.48099999999999
2601,8319552,1,0.5,FALSE,NA,1,0.68,1,7,1,"!{size <= 29} & !{pgr <= 114}",686,246,322,0.469387755102041,TRUE,"","NULL","",4.63400000000001
2602,8319553,1,0.5,FALSE,NA,1,0.99,85,203,85,"!{meno} & !{pgr <= 77}",686,246,311,0.4533527696793,TRUE,"","NULL","",7.44200000000001
2603,8319554,1,0.5,FALSE,NA,1,0.61,5,51,5,"!{meno} & !{nodes <= 3}",686,246,292,0.425655976676385,TRUE,"","NULL","",4.58100000000002
2604,8319555,1,0.5,FALSE,NA,1,0.99,223,680,223,"!{pgr <= 77} & {er <= 100}",686,246,323,0.470845481049563,TRUE,"","NULL","",9.72999999999996
2605,8319556,1,0.5,FALSE,NA,1,0.83,26,77,26,"!{pgr <= 184} & {er <= 294}",686,246,309,0.450437317784257,TRUE,"","NULL","",5.97300000000001
2606,8319557,1,0.5,FALSE,NA,1,0.54,1,21,1,"!{size <= 35} & !{meno}",686,246,309,0.450437317784257,TRUE,"","NULL","",4.14699999999999
2607,8319558,1,0.5,FALSE,NA,1,0.78,15,109,15,"!{er <= 70} & !{nodes <= 3}",686,246,314,0.457725947521866,TRUE,"","NULL","",5.61900000000003
2608,8319559,1,0.5,FALSE,NA,1,0.99,150,293,150,"{er <= 100} & !{size <= 35}",686,246,306,0.446064139941691,TRUE,"","NULL","",6.846
2609,8319560,1,0.5,FALSE,NA,1,0.9,9,69,9,"!{nodes <= 3} & !{age <= 61}",686,246,321,0.467930029154519,TRUE,"","NULL","",6.09199999999998
2610,8319561,1,0.5,FALSE,NA,1,0.98,79,228,79,"!{grade3} & {pgr <= 2}",686,246,287,0.418367346938776,TRUE,"","NULL","",7.09700000000004
2611,8319562,1,0.5,FALSE,NA,1,0.8,13,61,13,"!{pgr <= 184} & !{er <= 30}",686,246,302,0.440233236151603,TRUE,"","NULL","",4.84000000000003
2612,8319563,1,0.5,FALSE,NA,1,0.77,12,54,12,"!{age <= 53} & {size <= 29}",686,246,306,0.446064139941691,TRUE,"","NULL","",4.08200000000005
2613,8319564,1,0.5,FALSE,NA,1,1,129,351,129,"{size <= 20} & {er <= 30}",686,246,298,0.434402332361516,TRUE,"","NULL","Loglik converged before variable  1 ; coefficient may be infinite. ",9.21500000000003
2614,8319565,1,0.5,FALSE,NA,1,0.93,44,169,44,"{nodes <= 3} & !{er <= 70}",686,246,302,0.440233236151603,TRUE,"","NULL","",6.72800000000001
2615,8319566,1,0.5,FALSE,NA,1,0.88,45,157,45,"!{pgr <= 26} & !{meno}",686,246,301,0.438775510204082,TRUE,"","NULL","",5.59000000000003
2616,8319567,1,0.5,FALSE,NA,1,0.84,14,82,14,"!{grade3} & !{nodes <= 7}",686,246,317,0.462099125364431,TRUE,"","NULL","",3.78399999999999
2617,8319568,1,0.5,FALSE,NA,1,0.84,9,37,9,"{size <= 20} & {meno}",686,246,295,0.43002915451895,TRUE,"","NULL","",5.47999999999996
2618,8319569,1,0.5,FALSE,NA,1,0.8,2,32,2,"{nodes <= 3} & !{pgr <= 114}",686,246,288,0.419825072886297,TRUE,"","NULL","",4.62599999999998
2619,8319570,1,0.5,FALSE,NA,1,0.99,75,279,75,"!{pgr <= 77} & !{nodes <= 3}",686,246,298,0.434402332361516,TRUE,"","NULL","",7.721
2620,8319571,1,0.5,FALSE,NA,1,0.78,5,22,5,"{er <= 100} & !{er <= 30}",686,246,302,0.440233236151603,TRUE,"","NULL","",3.71100000000001
2621,8319572,1,0.5,FALSE,NA,1,0.67,2,16,2,"!{pgr <= 114} & {nodes <= 3}",686,246,307,0.447521865889213,TRUE,"","NULL","",5.053
2622,8319573,1,0.5,FALSE,NA,1,0.76,7,39,7,"!{size <= 29} & {er <= 17}",686,246,301,0.438775510204082,TRUE,"","NULL","",4.911
2623,8319574,1,0.5,FALSE,NA,1,0.84,5,48,5,"!{pgr <= 184} & {size <= 29}",686,246,326,0.475218658892128,TRUE,"","NULL","",4.79399999999998
2624,8319575,1,0.5,FALSE,NA,1,0.67,2,37,2,"!{er <= 17} & {er <= 30}",686,246,289,0.421282798833819,TRUE,"","NULL","",4.73000000000002
2625,8319576,1,0.5,FALSE,NA,1,0.94,78,189,78,"!{pgr <= 114} & !{er <= 100}",686,246,282,0.411078717201166,TRUE,"","NULL","",7.02300000000002
2626,8319577,1,0.5,FALSE,NA,1,0.79,12,60,12,"!{pgr <= 184} & !{age <= 46}",686,246,313,0.456268221574344,TRUE,"","NULL","",5.02499999999998
2627,8319578,1,0.5,FALSE,NA,1,0.93,34,68,34,"!{size <= 35} & {nodes <= 7}",686,246,301,0.438775510204082,TRUE,"","NULL","",4.78000000000003
2628,8319579,1,0.5,FALSE,NA,1,0.84,3,37,3,"{nodes <= 1} & !{pgr <= 16}",686,246,285,0.415451895043732,TRUE,"","NULL","",4.13100000000003
2629,8319580,1,0.5,FALSE,NA,0,NA,0,6,0,"",686,246,297,0.432944606413994,TRUE,"","NULL","",4.81
2630,8319581,1,0.5,FALSE,NA,1,0.82,5,89,5,"!{er <= 100} & {pgr <= 114}",686,246,276,0.402332361516035,TRUE,"","NULL","",5.39100000000002
2631,8319582,1,0.5,FALSE,NA,1,0.73,2,9,2,"{nodes <= 1} & !{pgr <= 26}",686,246,279,0.406705539358601,TRUE,"","NULL","",4.57999999999998
2632,8319583,1,0.5,FALSE,NA,1,0.94,27,112,27,"!{nodes <= 1} & {pgr <= 2}",686,246,295,0.43002915451895,TRUE,"","NULL","",5.71699999999998
2633,8319584,1,0.5,FALSE,NA,1,0.99,183,412,183,"{nodes <= 1} & {pgr <= 26}",686,246,314,0.457725947521866,TRUE,"","NULL","",10.507
2634,8319585,1,0.5,FALSE,NA,1,0.99,92,256,92,"{age <= 46} & !{nodes <= 3}",686,246,294,0.428571428571429,TRUE,"","NULL","",8.07099999999997
2635,8319586,1,0.5,FALSE,NA,1,0.76,1,9,1,"!{age <= 53} & !{size <= 35}",686,246,306,0.446064139941691,TRUE,"","NULL","",3.26600000000002
2636,8319587,1,0.5,FALSE,NA,1,0.87,15,90,15,"{meno} & {nodes <= 1}",686,246,300,0.43731778425656,TRUE,"","NULL","",3.721
2637,8319588,1,0.5,FALSE,NA,0,NA,0,20,0,"",686,246,307,0.447521865889213,TRUE,"","NULL","",4.53499999999997
2638,8319589,1,0.5,FALSE,NA,1,0.88,3,5,3,"{nodes <= 7} & !{nodes <= 5}",686,246,309,0.450437317784257,TRUE,"","NULL","",4.53699999999998
2639,8319590,1,0.5,FALSE,NA,1,0.64,1,25,1,"{grade3} & !{age <= 53}",686,246,301,0.438775510204082,TRUE,"","NULL","",4.55400000000003
2640,8319591,1,0.5,FALSE,NA,1,0.95,28,77,28,"{er <= 100} & !{pgr <= 45}",686,246,308,0.448979591836735,TRUE,"","NULL","",5.10500000000002
2641,8319592,1,0.5,FALSE,NA,1,0.89,17,72,17,"!{pgr <= 114} & !{age <= 46}",686,246,298,0.434402332361516,TRUE,"","NULL","",6.00600000000003
2642,8319593,1,0.5,FALSE,NA,1,0.92,19,71,19,"!{pgr <= 45} & !{size <= 29}",686,246,324,0.472303206997085,TRUE,"","NULL","",5.55000000000001
2643,8319594,1,0.5,FALSE,NA,1,0.99,21,73,21,"{er <= 100} & !{er <= 30}",686,246,285,0.415451895043732,TRUE,"","NULL","",5.38099999999997
2644,8319595,1,0.5,FALSE,NA,1,0.92,65,337,65,"{size <= 20} & {er <= 174}",686,246,287,0.418367346938776,TRUE,"","NULL","",7.09800000000001
2645,8319596,1,0.5,FALSE,NA,1,0.92,48,208,48,"!{pgr <= 184} & !{er <= 17}",686,246,295,0.43002915451895,TRUE,"","NULL","",7.45700000000005
2646,8319597,1,0.5,FALSE,NA,1,0.98,58,155,58,"!{age <= 61} & {er <= 100}",686,246,287,0.418367346938776,TRUE,"","NULL","",6.22899999999998
2647,8319598,1,0.5,FALSE,NA,1,0.88,11,84,11,"!{nodes <= 3} & {er <= 17}",686,246,314,0.457725947521866,TRUE,"","NULL","",5.50400000000002
2648,8319599,1,0.5,FALSE,NA,1,0.64,7,59,7,"{age <= 53} & !{nodes <= 5}",686,246,293,0.427113702623907,TRUE,"","NULL","",3.875
2649,8319600,1,0.5,FALSE,NA,1,0.93,10,44,10,"!{er <= 174} & {nodes <= 3}",686,246,310,0.451895043731778,TRUE,"","NULL","",5.827
2650,8319601,1,0.5,FALSE,NA,1,0.87,24,112,24,"!{nodes <= 3} & !{pgr <= 8}",686,246,301,0.438775510204082,TRUE,"","NULL","Loglik converged before variable  1 ; coefficient may be infinite.  | Loglik converged before variable  1 ; coefficient may be infinite. ",5.69599999999997
2651,8319602,1,0.5,FALSE,NA,1,0.62,7,42,7,"{size <= 20} & {nodes <= 7}",686,246,307,0.447521865889213,TRUE,"","NULL","",4.70599999999996
2652,8319603,1,0.5,FALSE,NA,1,0.71,13,69,13,"!{nodes <= 1} & {pgr <= 8}",686,246,302,0.440233236151603,TRUE,"","NULL","",4.71000000000004
2653,8319604,1,0.5,FALSE,NA,1,0.78,14,106,14,"!{pgr <= 114} & {er <= 294}",686,246,306,0.446064139941691,TRUE,"","NULL","",6.53499999999997
2654,8319605,1,0.5,FALSE,NA,1,0.81,3,18,3,"!{pgr <= 77} & !{nodes <= 3}",686,246,314,0.457725947521866,TRUE,"","NULL","",4.26400000000001
2655,8319606,1,0.5,FALSE,NA,1,0.83,18,152,18,"!{er <= 30} & {size <= 20}",686,246,293,0.427113702623907,TRUE,"","NULL","",6.24299999999999
2656,8319607,1,0.5,FALSE,NA,0,NA,0,2,0,"",686,246,301,0.438775510204082,TRUE,"","NULL","",3.976
2657,8319608,1,0.5,FALSE,NA,1,0.84,9,59,9,"!{size <= 35} & !{nodes <= 3}",686,246,313,0.456268221574344,TRUE,"","NULL","",5.34200000000004
2658,8319609,1,0.5,FALSE,NA,1,0.81,5,51,5,"!{pgr <= 45} & !{size <= 35}",686,246,321,0.467930029154519,TRUE,"","NULL","",5.62100000000004
2659,8319610,1,0.5,FALSE,NA,0,NA,0,7,0,"",686,246,294,0.428571428571429,TRUE,"","NULL","",4.15100000000001
2660,8319611,1,0.5,FALSE,NA,1,0.56,1,12,1,"!{nodes <= 7} & !{er <= 30}",686,246,280,0.408163265306122,TRUE,"","NULL","",4.07399999999996
2661,8319612,1,0.5,FALSE,NA,1,0.62,3,62,3,"{er <= 100} & {pgr <= 0}",686,246,324,0.472303206997085,TRUE,"","NULL","",5.80099999999999
2662,8319613,1,0.5,FALSE,NA,1,0.82,24,133,24,"{size <= 35} & !{size <= 25}",686,246,297,0.432944606413994,TRUE,"","NULL","",6.23099999999999
2663,8319614,1,0.5,FALSE,NA,1,0.96,120,336,120,"!{nodes <= 1} & !{pgr <= 77}",686,246,296,0.431486880466472,TRUE,"","NULL","",8.65100000000001
2664,8319615,1,0.5,FALSE,NA,1,0.82,3,49,3,"!{nodes <= 5} & {nodes <= 7}",686,246,287,0.418367346938776,TRUE,"","NULL","",3.39000000000004
2665,8319616,1,0.5,FALSE,NA,1,0.96,11,60,11,"!{age <= 61} & {size <= 29}",686,246,297,0.432944606413994,TRUE,"","NULL","",5.24799999999999
2666,8319617,1,0.5,FALSE,NA,1,0.7,1,17,1,"{pgr <= 77} & !{pgr <= 26}",686,246,284,0.41399416909621,TRUE,"","NULL","",4.39500000000004
2667,8319618,1,0.5,FALSE,NA,1,0.98,94,275,94,"!{size <= 29} & !{pgr <= 77}",686,246,282,0.411078717201166,TRUE,"","NULL","",7.86400000000003
2668,8319619,1,0.5,FALSE,NA,1,0.67,8,68,8,"{age <= 53} & !{nodes <= 3}",686,246,313,0.456268221574344,TRUE,"","NULL","",4.25100000000003
2669,8319620,1,0.5,FALSE,NA,1,0.98,23,73,23,"!{nodes <= 5} & !{pgr <= 16}",686,246,316,0.46064139941691,TRUE,"","NULL","",5.67699999999996
2670,8319621,1,0.5,FALSE,NA,1,0.65,2,21,2,"!{pgr <= 26} & !{er <= 174}",686,246,298,0.434402332361516,TRUE,"","NULL","",4.55700000000002
2671,8319622,1,0.5,FALSE,NA,1,0.96,5,31,5,"{pgr <= 77} & !{pgr <= 45}",686,246,318,0.463556851311953,TRUE,"","NULL","",4.78199999999998
2672,8319623,1,0.5,FALSE,NA,1,0.74,10,83,10,"{size <= 20} & !{pgr <= 45}",686,246,299,0.435860058309038,TRUE,"","NULL","",5.09100000000001
2673,8319624,1,0.5,FALSE,NA,1,0.8,2,13,2,"!{meno} & !{age <= 46}",686,246,293,0.427113702623907,TRUE,"","NULL","",4.99700000000001
2674,8319625,1,0.5,FALSE,NA,1,0.79,17,103,17,"!{er <= 9} & {age <= 46}",686,246,312,0.454810495626822,TRUE,"","NULL","",5.976
2675,8319626,1,0.5,FALSE,NA,1,0.9,26,106,26,"{size <= 29} & !{pgr <= 77}",686,246,293,0.427113702623907,TRUE,"","NULL","",5.536
2676,8319627,1,0.5,FALSE,NA,1,0.63,4,44,4,"!{pgr <= 45} & !{nodes <= 3}",686,246,294,0.428571428571429,TRUE,"","NULL","",4.46699999999998
2677,8319628,1,0.5,FALSE,NA,1,0.99,37,111,37,"{age <= 46} & {pgr <= 26}",686,246,309,0.450437317784257,TRUE,"","NULL","",6.017
2678,8319629,1,0.5,FALSE,NA,1,0.91,25,118,25,"!{grade3} & {pgr <= 16}",686,246,297,0.432944606413994,TRUE,"","NULL","",6.06999999999999
2679,8319630,1,0.5,FALSE,NA,1,0.55,1,23,1,"!{er <= 70} & {pgr <= 45}",686,246,299,0.435860058309038,TRUE,"","NULL","",4.82899999999995
2680,8319631,1,0.5,FALSE,NA,1,0.91,26,89,26,"{er <= 3} & {pgr <= 2}",686,246,301,0.438775510204082,TRUE,"","NULL","",4.81999999999999
2681,8319632,1,0.5,FALSE,NA,1,0.89,4,19,4,"!{nodes <= 1} & {pgr <= 2}",686,246,303,0.441690962099125,TRUE,"","NULL","",5.35499999999996
2682,8319633,1,0.5,FALSE,NA,1,0.79,6,39,6,"{age <= 46} & {size <= 35}",686,246,305,0.444606413994169,TRUE,"","NULL","",5.19299999999998
2683,8319634,1,0.5,FALSE,NA,1,0.89,3,39,3,"!{nodes <= 5} & !{er <= 70}",686,246,312,0.454810495626822,TRUE,"","NULL","",4.84800000000001
2684,8319635,1,0.5,FALSE,NA,1,0.83,1,5,1,"!{size <= 25} & !{age <= 61}",686,246,291,0.424198250728863,TRUE,"","NULL","",4.16000000000003
2685,8319636,1,0.5,FALSE,NA,1,0.88,12,80,12,"{age <= 53} & {meno}",686,246,322,0.469387755102041,TRUE,"","NULL","",5.53000000000003
2686,8319637,1,0.5,FALSE,NA,1,0.62,8,69,8,"!{pgr <= 26} & !{age <= 53}",686,246,300,0.43731778425656,TRUE,"","NULL","",5.34000000000003
2687,8319638,1,0.5,FALSE,NA,1,0.58,2,16,2,"!{nodes <= 7} & !{pgr <= 16}",686,246,322,0.469387755102041,TRUE,"","NULL","",4.637
2688,8319639,1,0.5,FALSE,NA,1,0.76,14,116,14,"{size <= 20} & !{pgr <= 16}",686,246,318,0.463556851311953,TRUE,"","NULL","",5.56099999999998
2689,8319640,1,0.5,FALSE,NA,1,0.73,8,46,8,"{nodes <= 1} & {size <= 29}",686,246,289,0.421282798833819,TRUE,"","NULL","",5.57800000000003
2690,8319641,1,0.5,FALSE,NA,1,0.86,24,102,24,"{pgr <= 8} & {nodes <= 7}",686,246,319,0.465014577259475,TRUE,"","NULL","",5.56099999999998
2691,8319642,1,0.5,FALSE,NA,1,0.96,20,120,20,"!{pgr <= 114} & !{nodes <= 3}",686,246,314,0.457725947521866,TRUE,"","NULL","",5.97300000000001
2692,8319643,1,0.5,FALSE,NA,1,0.85,16,111,16,"!{pgr <= 77} & !{er <= 44}",686,246,297,0.432944606413994,TRUE,"","NULL","",5.00700000000001
2693,8319644,1,0.5,FALSE,NA,1,0.91,13,70,13,"!{meno} & {er <= 9}",686,246,303,0.441690962099125,TRUE,"","NULL","",5.37899999999996
2694,8319645,1,0.5,FALSE,NA,1,0.76,5,22,5,"!{nodes <= 7} & {pgr <= 45}",686,246,306,0.446064139941691,TRUE,"","NULL","",4.62699999999995
2695,8319646,1,0.5,FALSE,NA,1,0.94,74,256,74,"{nodes <= 1} & {age <= 61}",686,246,322,0.469387755102041,TRUE,"","NULL","",7.84200000000004
2696,8319647,1,0.5,FALSE,NA,1,0.5,1,24,1,"{age <= 46} & !{pgr <= 45}",686,246,310,0.451895043731778,TRUE,"","NULL","",4.07799999999997
2697,8319648,1,0.5,FALSE,NA,1,0.71,6,51,6,"!{er <= 174} & {nodes <= 7}",686,246,293,0.427113702623907,TRUE,"","NULL","",5.03800000000001
2698,8319649,1,0.5,FALSE,NA,1,0.99,40,152,40,"{age <= 53} & !{nodes <= 7}",686,246,303,0.441690962099125,TRUE,"","NULL","",6.642
2699,8319650,1,0.5,FALSE,NA,1,0.87,32,146,32,"{size <= 29} & {age <= 53}",686,246,287,0.418367346938776,TRUE,"","NULL","",5.62599999999998
2700,8319651,1,0.5,FALSE,NA,0,NA,0,18,0,"",686,246,306,0.446064139941691,TRUE,"","NULL","",4.05199999999996
2701,8319652,1,0.5,FALSE,NA,1,0.8,15,83,15,"{meno} & !{nodes <= 5}",686,246,305,0.444606413994169,TRUE,"","NULL","",5.91800000000001
2702,8319653,1,0.5,FALSE,NA,1,0.94,37,164,37,"!{age <= 53} & {pgr <= 8}",686,246,317,0.462099125364431,TRUE,"","NULL","",6.48699999999997
2703,8319654,1,0.5,FALSE,NA,1,0.83,7,47,7,"!{pgr <= 45} & {er <= 30}",686,246,272,0.396501457725948,TRUE,"","NULL","",4.697
2704,8319655,1,0.5,FALSE,NA,1,0.82,7,47,7,"{er <= 17} & !{er <= 3}",686,246,299,0.435860058309038,TRUE,"","NULL","",4.33499999999998
2705,8319656,1,0.5,FALSE,NA,1,0.83,7,45,7,"{size <= 20} & {nodes <= 1}",686,246,301,0.438775510204082,TRUE,"","NULL","",4.89400000000001
2706,8319657,1,0.5,FALSE,NA,1,0.84,12,77,12,"{age <= 46} & !{nodes <= 1}",686,246,310,0.451895043731778,TRUE,"","NULL","",5.14800000000002
2707,8319658,1,0.5,FALSE,NA,1,0.86,10,52,10,"!{er <= 174} & {meno}",686,246,312,0.454810495626822,TRUE,"","NULL","",5.279
2708,8319659,1,0.5,FALSE,NA,1,0.96,77,183,77,"!{er <= 70} & !{nodes <= 1}",686,246,304,0.443148688046647,TRUE,"","NULL","",6.18600000000004
2709,8319660,1,0.5,FALSE,NA,1,0.68,2,39,2,"!{meno} & {er <= 9}",686,246,286,0.416909620991254,TRUE,"","NULL","",5.06900000000002
2710,8319661,1,0.5,FALSE,NA,1,0.99,56,177,56,"!{er <= 17} & {nodes <= 1}",686,246,279,0.406705539358601,TRUE,"","NULL","",6.89799999999997
2711,8319662,1,0.5,FALSE,NA,1,0.84,4,44,4,"!{pgr <= 184} & !{er <= 30}",686,246,307,0.447521865889213,TRUE,"","NULL","",4.80500000000001
2712,8319663,1,0.5,FALSE,NA,1,0.97,13,48,13,"{grade3} & {pgr <= 8}",686,246,328,0.478134110787172,TRUE,"","NULL","",4.67400000000004
2713,8319664,1,0.5,FALSE,NA,1,1,155,537,155,"!{pgr <= 77} & {er <= 100}",686,246,312,0.454810495626822,TRUE,"","NULL","",11.65
2714,8319665,1,0.5,FALSE,NA,1,0.9,24,99,24,"{nodes <= 1} & !{size <= 20}",686,246,314,0.457725947521866,TRUE,"","NULL","",5.51400000000001
2715,8319666,1,0.5,FALSE,NA,0,NA,0,16,0,"",686,246,299,0.435860058309038,TRUE,"","NULL","",3.97400000000005
2716,8319667,1,0.5,FALSE,NA,1,0.51,1,10,1,"!{nodes <= 3} & {er <= 3}",686,246,303,0.441690962099125,TRUE,"","NULL","",3.06200000000001
2717,8319668,1,0.5,FALSE,NA,1,0.95,30,101,30,"!{er <= 100} & !{size <= 29}",686,246,261,0.380466472303207,TRUE,"","NULL","",6.55799999999999
2718,8319669,1,0.5,FALSE,NA,1,0.99,294,735,294,"!{pgr <= 77} & {pgr <= 114}",686,246,295,0.43002915451895,TRUE,"","NULL","",13.842
2719,8319670,1,0.5,FALSE,NA,1,0.7,3,38,3,"{age <= 46} & !{pgr <= 45}",686,246,306,0.446064139941691,TRUE,"","NULL","",3.54799999999994
2720,8319671,1,0.5,FALSE,NA,1,0.94,19,93,19,"{nodes <= 3} & !{age <= 61}",686,246,286,0.416909620991254,TRUE,"","NULL","",3.52199999999999
2721,8319672,1,0.5,FALSE,NA,1,0.71,6,38,6,"{size <= 25} & {er <= 17}",686,246,297,0.432944606413994,TRUE,"","NULL","",4.96899999999999
2722,8319673,1,0.5,FALSE,NA,1,0.82,10,57,10,"!{age <= 46} & !{meno}",686,246,293,0.427113702623907,TRUE,"","NULL","",5.07900000000001
2723,8319674,1,0.5,FALSE,NA,1,0.97,14,74,14,"!{size <= 20} & {er <= 3}",686,246,293,0.427113702623907,TRUE,"","NULL","",5.36500000000001
2724,8319675,1,0.5,FALSE,NA,1,0.95,40,147,40,"!{grade3} & !{pgr <= 184}",686,246,301,0.438775510204082,TRUE,"","NULL","",5.77999999999997
2725,8319676,1,0.5,FALSE,NA,1,0.97,49,98,49,"!{pgr <= 184} & {er <= 294}",686,246,302,0.440233236151603,TRUE,"","NULL","",6.05700000000002
2726,8319677,1,0.5,FALSE,NA,1,0.76,7,38,7,"!{age <= 53} & {er <= 44}",686,246,325,0.473760932944606,TRUE,"","NULL","",4.69600000000003
2727,8319678,1,0.5,FALSE,NA,1,0.9,11,52,11,"{size <= 25} & !{pgr <= 77}",686,246,291,0.424198250728863,TRUE,"","NULL","",4.875
2728,8319679,1,0.5,FALSE,NA,1,0.94,88,315,88,"{nodes <= 5} & !{er <= 100}",686,246,297,0.432944606413994,TRUE,"","NULL","",7.03499999999997
2729,8319680,1,0.5,FALSE,NA,1,0.78,11,51,11,"{er <= 17} & !{er <= 3}",686,246,297,0.432944606413994,TRUE,"","NULL","",5.23100000000005
2730,8319681,1,0.5,FALSE,NA,1,0.98,42,119,42,"!{er <= 70} & !{nodes <= 3}",686,246,294,0.428571428571429,TRUE,"","NULL","",6.197
2731,8319682,1,0.5,FALSE,NA,1,0.75,4,47,4,"!{size <= 35} & {age <= 53}",686,246,297,0.432944606413994,TRUE,"","NULL","",5.072
2732,8319683,1,0.5,FALSE,NA,1,0.64,2,15,2,"!{age <= 46} & {er <= 3}",686,246,295,0.43002915451895,TRUE,"","NULL","",4.34999999999997
2733,8319684,1,0.5,FALSE,NA,1,0.75,5,40,5,"{age <= 53} & !{age <= 46}",686,246,296,0.431486880466472,TRUE,"","NULL","",5.13900000000001
2734,8319685,1,0.5,FALSE,NA,1,0.62,1,5,1,"{nodes <= 1} & {er <= 17}",686,246,310,0.451895043731778,TRUE,"","NULL","",4.46000000000004
2735,8319686,1,0.5,FALSE,NA,1,0.56,2,17,2,"!{pgr <= 184} & {nodes <= 7}",686,246,312,0.454810495626822,TRUE,"","NULL","",4.59199999999998
2736,8319687,1,0.5,FALSE,NA,1,0.97,29,120,29,"{meno} & !{nodes <= 7}",686,246,285,0.415451895043732,TRUE,"","NULL","",5.57900000000001
2737,8319688,1,0.5,FALSE,NA,1,0.75,5,14,5,"!{grade3} & !{size <= 35}",686,246,282,0.411078717201166,TRUE,"","NULL","",4.94400000000002
2738,8319689,1,0.5,FALSE,NA,1,0.97,257,697,257,"{pgr <= 45} & {size <= 20}",686,246,297,0.432944606413994,TRUE,"","NULL","",13.808
2739,8319690,1,0.5,FALSE,NA,1,0.83,9,28,9,"!{pgr <= 184} & !{nodes <= 1}",686,246,299,0.435860058309038,TRUE,"","NULL","",3.62099999999998
2740,8319691,1,0.5,FALSE,NA,1,0.87,15,95,15,"!{size <= 35} & !{pgr <= 45}",686,246,286,0.416909620991254,TRUE,"","NULL","",3.89499999999998
2741,8319692,1,0.5,FALSE,NA,1,0.92,10,54,10,"!{size <= 29} & !{nodes <= 7}",686,246,294,0.428571428571429,TRUE,"","NULL","",5.39299999999997
2742,8319693,1,0.5,FALSE,NA,1,0.78,8,115,8,"{age <= 53} & {grade3}",686,246,320,0.466472303206997,TRUE,"","NULL","",5.97199999999998
2743,8319694,1,0.5,FALSE,NA,1,0.81,8,49,8,"!{pgr <= 8} & {pgr <= 26}",686,246,297,0.432944606413994,TRUE,"","NULL","",5.10300000000001
2744,8319695,1,0.5,FALSE,NA,1,0.92,31,109,31,"!{pgr <= 2} & {pgr <= 16}",686,246,297,0.432944606413994,TRUE,"","NULL","",5.20600000000002
2745,8319696,1,0.5,FALSE,NA,1,0.81,14,76,14,"!{pgr <= 0} & !{er <= 174}",686,246,268,0.39067055393586,TRUE,"","NULL","",5.52500000000003
2746,8319697,1,0.5,FALSE,NA,1,0.96,18,70,18,"!{nodes <= 5} & {nodes <= 7}",686,246,310,0.451895043731778,TRUE,"","NULL","",5.27600000000001
2747,8319698,1,0.5,FALSE,NA,1,0.76,5,34,5,"{nodes <= 1} & !{pgr <= 26}",686,246,289,0.421282798833819,TRUE,"","NULL","",4.733
2748,8319699,1,0.5,FALSE,NA,1,0.69,5,26,5,"!{nodes <= 7} & {er <= 30}",686,246,270,0.393586005830904,TRUE,"","NULL","",4.34100000000001
2749,8319700,1,0.5,FALSE,NA,1,0.96,8,34,8,"{meno} & {pgr <= 16}",686,246,275,0.400874635568513,TRUE,"","NULL","",4.97499999999997
2750,8319701,1,0.5,FALSE,NA,0,NA,0,17,0,"",686,246,314,0.457725947521866,TRUE,"","NULL","",4.52699999999999
2751,8319702,1,0.5,FALSE,NA,1,0.71,12,77,12,"!{pgr <= 114} & !{er <= 70}",686,246,288,0.419825072886297,TRUE,"","NULL","",5.36000000000001
2752,8319703,1,0.5,FALSE,NA,1,1,111,279,111,"!{pgr <= 45} & !{nodes <= 5}",686,246,311,0.4533527696793,TRUE,"","NULL","",6.88800000000003
2753,8319704,1,0.5,FALSE,NA,1,0.8,3,24,3,"{er <= 9} & !{er <= 0}",686,246,308,0.448979591836735,TRUE,"","NULL","",4.99699999999996
2754,8319705,1,0.5,FALSE,NA,1,0.71,5,42,5,"{nodes <= 3} & {pgr <= 8}",686,246,302,0.440233236151603,TRUE,"","NULL","",5.04300000000001
2755,8319706,1,0.5,FALSE,NA,1,0.89,3,27,3,"!{size <= 25} & {er <= 3}",686,246,298,0.434402332361516,TRUE,"","NULL","",4.57299999999998
2756,8319707,1,0.5,FALSE,NA,1,0.72,1,18,1,"!{pgr <= 16} & {pgr <= 26}",686,246,308,0.448979591836735,TRUE,"","NULL","",4.36599999999999
2757,8319708,1,0.5,FALSE,NA,1,0.68,7,35,7,"{age <= 61} & !{size <= 35}",686,246,296,0.431486880466472,TRUE,"","NULL","",4.81399999999996
2758,8319709,1,0.5,FALSE,NA,1,0.89,5,45,5,"{size <= 20} & !{age <= 46}",686,246,293,0.427113702623907,TRUE,"","NULL","",4.93799999999999
2759,8319710,1,0.5,FALSE,NA,1,0.9,21,101,21,"{size <= 20} & !{pgr <= 16}",686,246,306,0.446064139941691,TRUE,"","NULL","",5.46499999999997
2760,8319711,1,0.5,FALSE,NA,1,0.92,33,139,33,"!{age <= 61} & !{pgr <= 16}",686,246,297,0.432944606413994,TRUE,"","NULL","",5.76300000000003
2761,8319712,1,0.5,FALSE,NA,1,0.93,38,122,38,"!{er <= 100} & !{pgr <= 2}",686,246,329,0.479591836734694,TRUE,"","NULL","",6.59999999999997
2762,8319713,1,0.5,FALSE,NA,1,0.86,25,103,25,"!{er <= 30} & {er <= 70}",686,246,318,0.463556851311953,TRUE,"","NULL","",5.78099999999995
2763,8319714,1,0.5,FALSE,NA,1,0.78,8,66,8,"{nodes <= 1} & {pgr <= 77}",686,246,315,0.459183673469388,TRUE,"","NULL","",4.80599999999998
2764,8319715,1,0.5,FALSE,NA,1,0.8,4,18,4,"!{pgr <= 184} & !{grade3}",686,246,300,0.43731778425656,TRUE,"","NULL","",3.97699999999998
2765,8319716,1,0.5,FALSE,NA,1,0.98,230,662,230,"{size <= 35} & !{size <= 29}",686,246,283,0.412536443148688,TRUE,"","NULL","",13.207
2766,8319717,1,0.5,FALSE,NA,1,0.88,21,75,21,"!{pgr <= 114} & !{er <= 17}",686,246,287,0.418367346938776,TRUE,"","NULL","",5.15300000000002
2767,8319718,1,0.5,FALSE,NA,1,0.92,11,74,11,"{nodes <= 1} & {pgr <= 16}",686,246,283,0.412536443148688,TRUE,"","NULL","",4.20100000000002
2768,8319719,1,0.5,FALSE,NA,1,0.97,31,86,31,"!{pgr <= 184}",686,246,287,0.418367346938776,TRUE,"","NULL","",3.73499999999996
2769,8319720,1,0.5,FALSE,NA,1,0.81,5,66,5,"!{size <= 25} & !{er <= 100}",686,246,308,0.448979591836735,TRUE,"","NULL","",5.94300000000004
2770,8319721,1,0.5,FALSE,NA,1,0.95,43,152,43,"{nodes <= 1} & {er <= 294}",686,246,308,0.448979591836735,TRUE,"","NULL","",6.15899999999999
2771,8319722,1,0.5,FALSE,NA,1,0.97,18,95,18,"!{pgr <= 8} & {pgr <= 26}",686,246,284,0.41399416909621,TRUE,"","NULL","",5.32400000000001
2772,8319723,1,0.5,FALSE,NA,1,0.52,1,17,1,"{age <= 46} & {er <= 9}",686,246,269,0.392128279883382,TRUE,"","NULL","",3.65700000000004
2773,8319724,1,0.5,FALSE,NA,1,0.94,17,41,17,"!{pgr <= 2} & !{size <= 35}",686,246,283,0.412536443148688,TRUE,"","NULL","",4.928
2774,8319725,1,0.5,FALSE,NA,1,0.91,17,84,17,"{age <= 53} & {grade3}",686,246,285,0.415451895043732,TRUE,"","NULL","",5.32500000000005
2775,8319726,1,0.5,FALSE,NA,1,0.51,1,16,1,"{size <= 20} & {meno}",686,246,287,0.418367346938776,TRUE,"","NULL","",4.48400000000004
2776,8319727,1,0.5,FALSE,NA,1,0.89,7,42,7,"{er <= 17} & !{pgr <= 16}",686,246,294,0.428571428571429,TRUE,"","NULL","",4.72500000000002
2777,8319728,1,0.5,FALSE,NA,1,0.65,5,27,5,"!{meno} & {er <= 30}",686,246,293,0.427113702623907,TRUE,"","NULL","",4.81299999999999
2778,8319729,1,0.5,FALSE,NA,1,0.5,1,34,1,"!{size <= 25} & {er <= 3}",686,246,314,0.457725947521866,TRUE,"","NULL","",5.09799999999996
2779,8319730,1,0.5,FALSE,NA,1,0.7,4,27,4,"{nodes <= 3} & {er <= 17}",686,246,290,0.422740524781341,TRUE,"","NULL","",4.61099999999999
2780,8319731,1,0.5,FALSE,NA,1,0.71,4,16,4,"{nodes <= 1} & {pgr <= 45}",686,246,319,0.465014577259475,TRUE,"","NULL","",4.31900000000002
2781,8319732,1,0.5,FALSE,NA,1,0.92,62,229,62,"{pgr <= 2} & {er <= 17}",686,246,293,0.427113702623907,TRUE,"","NULL","",7.88800000000003
2782,8319733,1,0.5,FALSE,NA,1,1,168,494,168,"{er <= 3} & {size <= 29}",686,246,306,0.446064139941691,TRUE,"","NULL","",10.744
2783,8319734,1,0.5,FALSE,NA,1,0.97,85,204,85,"{nodes <= 1} & !{er <= 30}",686,246,324,0.472303206997085,TRUE,"","NULL","Loglik converged before variable  1 ; coefficient may be infinite.  | Loglik converged before variable  1 ; coefficient may be infinite. ",5.21300000000002
2784,8319735,1,0.5,FALSE,NA,1,1,141,350,141,"!{pgr <= 114} & {age <= 53}",686,246,314,0.457725947521866,TRUE,"","NULL","",5.35300000000001
2785,8319736,1,0.5,FALSE,NA,1,0.94,16,70,16,"{age <= 53} & !{nodes <= 5}",686,246,320,0.466472303206997,TRUE,"","NULL","",5.44299999999998
2786,8319737,1,0.5,FALSE,NA,1,0.94,69,239,69,"{er <= 17} & {nodes <= 5}",686,246,300,0.43731778425656,TRUE,"","NULL","",7.26499999999999
2787,8319738,1,0.5,FALSE,NA,1,0.59,2,11,2,"{nodes <= 5} & !{nodes <= 3}",686,246,297,0.432944606413994,TRUE,"","NULL","",4.34000000000003
2788,8319739,1,0.5,FALSE,NA,0,NA,0,5,0,"",686,246,316,0.46064139941691,TRUE,"","NULL","",3.887
2789,8319740,1,0.5,FALSE,NA,1,0.82,23,93,23,"!{pgr <= 77} & !{er <= 44}",686,246,304,0.443148688046647,TRUE,"","NULL","",6.06
2790,8319741,1,0.5,FALSE,NA,1,0.96,11,49,11,"!{er <= 70} & {er <= 100}",686,246,288,0.419825072886297,TRUE,"","NULL","",4.75599999999997
2791,8319742,1,0.5,FALSE,NA,1,0.98,29,153,29,"!{er <= 30} & {age <= 46}",686,246,283,0.412536443148688,TRUE,"","NULL","",6.28800000000001
2792,8319743,1,0.5,FALSE,NA,1,0.73,4,32,4,"!{age <= 61} & !{pgr <= 2}",686,246,333,0.485422740524781,TRUE,"","NULL","",4.21300000000002
2793,8319744,1,0.5,FALSE,NA,1,0.83,14,47,14,"!{er <= 0} & !{size <= 35}",686,246,334,0.486880466472303,TRUE,"","NULL","",5.46100000000001
2794,8319745,1,0.5,FALSE,NA,1,0.92,21,110,21,"!{size <= 35} & {er <= 70}",686,246,318,0.463556851311953,TRUE,"","NULL","",5.904
2795,8319746,1,0.5,FALSE,NA,1,0.98,39,166,39,"{size <= 20} & !{pgr <= 45}",686,246,296,0.431486880466472,TRUE,"","NULL","",6.541
2796,8319747,1,0.5,FALSE,NA,1,0.93,19,37,19,"{grade3} & !{er <= 0}",686,246,302,0.440233236151603,TRUE,"","NULL","",3.916
2797,8319748,1,0.5,FALSE,NA,1,0.9,47,143,47,"{pgr <= 8} & !{age <= 53}",686,246,300,0.43731778425656,TRUE,"","NULL","",7.06299999999999
2798,8319749,1,0.5,FALSE,NA,0,NA,0,8,0,"",686,246,301,0.438775510204082,TRUE,"","NULL","",4.11799999999999
2799,8319750,1,0.5,FALSE,NA,1,1,45,94,45,"{er <= 3} & !{nodes <= 3}",686,246,310,0.451895043731778,TRUE,"","NULL","",5.29899999999998
2800,8319751,1,0.5,FALSE,NA,0,NA,0,2,0,"",686,246,285,0.415451895043732,TRUE,"","NULL","",4.23099999999999
2801,8319752,1,0.5,FALSE,NA,1,0.83,13,75,13,"!{size <= 25} & {er <= 17}",686,246,292,0.425655976676385,TRUE,"","NULL","",5.88100000000003
2802,8319753,1,0.5,FALSE,NA,1,0.94,57,269,57,"{size <= 20} & {pgr <= 114}",686,246,317,0.462099125364431,TRUE,"","NULL","",7.83800000000002
2803,8319754,1,0.5,FALSE,NA,1,0.98,30,149,30,"{age <= 53} & {nodes <= 1}",686,246,293,0.427113702623907,TRUE,"","NULL","",5.83100000000002
2804,8319755,1,0.5,FALSE,NA,1,0.74,21,107,21,"{nodes <= 5} & !{er <= 100}",686,246,314,0.457725947521866,TRUE,"","NULL","",4.24900000000002
2805,8319756,1,0.5,FALSE,NA,1,0.95,73,264,73,"{size <= 29} & !{age <= 61}",686,246,315,0.459183673469388,TRUE,"","NULL","",8.286
2806,8319757,1,0.5,FALSE,NA,1,0.72,8,16,8,"{nodes <= 1} & !{er <= 17}",686,246,298,0.434402332361516,TRUE,"","NULL","",4.315
2807,8319758,1,0.5,FALSE,NA,1,0.87,16,56,16,"{age <= 53} & {meno}",686,246,305,0.444606413994169,TRUE,"","NULL","",4.73599999999999
2808,8319759,1,0.5,FALSE,NA,1,0.65,2,37,2,"!{size <= 29} & {er <= 9}",686,246,303,0.441690962099125,TRUE,"","NULL","",4.27300000000002
2809,8319760,1,0.5,FALSE,NA,1,0.76,12,68,12,"{er <= 70} & !{pgr <= 45}",686,246,289,0.421282798833819,TRUE,"","NULL","",5.57499999999999
2810,8319761,1,0.5,FALSE,NA,1,0.78,2,33,2,"!{er <= 100} & !{pgr <= 114}",686,246,311,0.4533527696793,TRUE,"","NULL","",4.95699999999999
2811,8319762,1,0.5,FALSE,NA,1,0.79,3,17,3,"{nodes <= 7} & !{nodes <= 5}",686,246,290,0.422740524781341,TRUE,"","NULL","",4.25799999999998
2812,8319763,1,0.5,FALSE,NA,1,0.55,2,23,2,"!{size <= 25} & {er <= 44}",686,246,295,0.43002915451895,TRUE,"","NULL","",4.40699999999998
2813,8319764,1,0.5,FALSE,NA,1,0.81,6,19,6,"!{pgr <= 16} & {er <= 70}",686,246,288,0.419825072886297,TRUE,"","NULL","",4.92500000000001
2814,8319765,1,0.5,FALSE,NA,1,0.98,24,93,24,"{pgr <= 26} & !{pgr <= 16}",686,246,305,0.444606413994169,TRUE,"","NULL","",5.29500000000002
2815,8319766,1,0.5,FALSE,NA,1,0.99,141,356,141,"{pgr <= 2} & !{size <= 20}",686,246,293,0.427113702623907,TRUE,"","NULL","",8.76800000000003
2816,8319767,1,0.5,FALSE,NA,1,0.92,59,201,59,"!{pgr <= 8} & {er <= 30}",686,246,310,0.451895043731778,TRUE,"","NULL","",5.18000000000001
2817,8319768,1,0.5,FALSE,NA,1,0.88,8,63,8,"!{grade3} & !{pgr <= 184}",686,246,289,0.421282798833819,TRUE,"","NULL","",6.12299999999999
2818,8319769,1,0.5,FALSE,NA,1,0.95,40,187,40,"!{er <= 44} & !{nodes <= 5}",686,246,290,0.422740524781341,TRUE,"","NULL","",6.36699999999996
2819,8319770,1,0.5,FALSE,NA,1,0.91,19,81,19,"!{size <= 35} & !{er <= 44}",686,246,297,0.432944606413994,TRUE,"","NULL","",5.012
2820,8319771,1,0.5,FALSE,NA,1,0.88,22,132,22,"{er <= 44} & !{pgr <= 16}",686,246,277,0.403790087463557,TRUE,"","NULL","",5.00799999999998
2821,8319772,1,0.5,FALSE,NA,1,0.93,14,47,14,"{er <= 17} & !{nodes <= 5}",686,246,302,0.440233236151603,TRUE,"","NULL","",5.19400000000002
2822,8319773,1,0.5,FALSE,NA,1,0.75,17,77,17,"{age <= 53} & !{er <= 44}",686,246,278,0.405247813411079,TRUE,"","NULL","",5.34499999999997
2823,8319774,1,0.5,FALSE,NA,1,0.94,19,68,19,"!{nodes <= 5} & {size <= 25}",686,246,294,0.428571428571429,TRUE,"","NULL","",5.32400000000001
2824,8319775,1,0.5,FALSE,NA,1,1,496,862,496,"!{er <= 174}",686,246,305,0.444606413994169,TRUE,"","NULL","",11.687
2825,8319776,1,0.5,FALSE,NA,1,0.71,1,2,1,"!{pgr <= 16} & {pgr <= 26}",686,246,272,0.396501457725948,TRUE,"","NULL","",4.23400000000004
2826,8319777,1,0.5,FALSE,NA,0,NA,0,7,0,"",686,246,301,0.438775510204082,TRUE,"","NULL","",4.59999999999997
2827,8319778,1,0.5,FALSE,NA,1,0.99,28,58,28,"!{pgr <= 184} & {age <= 53}",686,246,297,0.432944606413994,TRUE,"","NULL","",5.15799999999996
2828,8319779,1,0.5,FALSE,NA,1,0.58,2,38,2,"{size <= 29} & {er <= 9}",686,246,302,0.440233236151603,TRUE,"","NULL","",4.77699999999999
2829,8319780,1,0.5,FALSE,NA,1,0.6,4,21,4,"!{age <= 46} & !{size <= 35}",686,246,296,0.431486880466472,TRUE,"","NULL","",4.77499999999998
2830,8319781,1,0.5,FALSE,NA,1,0.99,20,95,20,"{er <= 9} & {grade3}",686,246,306,0.446064139941691,TRUE,"","NULL","",5.78800000000001
2831,8319782,1,0.5,FALSE,NA,1,0.95,39,132,39,"!{meno} & !{pgr <= 45}",686,246,293,0.427113702623907,TRUE,"","NULL","",5.71199999999999
2832,8319783,1,0.5,FALSE,NA,1,0.58,2,8,2,"!{age <= 61} & {er <= 100}",686,246,294,0.428571428571429,TRUE,"","NULL","",4.08699999999999
2833,8319784,1,0.5,FALSE,NA,1,0.85,26,147,26,"!{age <= 61} & !{pgr <= 8}",686,246,285,0.415451895043732,TRUE,"","NULL","",6.81799999999998
2834,8319785,1,0.5,FALSE,NA,1,0.53,1,26,1,"!{age <= 61} & !{pgr <= 16}",686,246,305,0.444606413994169,TRUE,"","NULL","",4.76100000000002
2835,8319786,1,0.5,FALSE,NA,1,0.87,11,55,11,"!{size <= 35} & !{pgr <= 26}",686,246,301,0.438775510204082,TRUE,"","NULL","",4.85000000000002
2836,8319787,1,0.5,FALSE,NA,1,0.89,5,26,5,"{nodes <= 5} & !{nodes <= 3}",686,246,289,0.421282798833819,TRUE,"","NULL","",4.46600000000001
2837,8319788,1,0.5,FALSE,NA,1,0.69,4,26,4,"{age <= 46} & !{er <= 17}",686,246,294,0.428571428571429,TRUE,"","NULL","",4.99400000000003
2838,8319789,1,0.5,FALSE,NA,0,NA,0,10,0,"",686,246,280,0.408163265306122,TRUE,"","NULL","",4.67599999999999
2839,8319790,1,0.5,FALSE,NA,1,0.71,9,57,9,"{meno} & {age <= 61}",686,246,306,0.446064139941691,TRUE,"","NULL","",5.012
2840,8319791,1,0.5,FALSE,NA,1,0.91,18,63,18,"{er <= 9} & !{meno}",686,246,290,0.422740524781341,TRUE,"","NULL","",4.71499999999997
2841,8319792,1,0.5,FALSE,NA,1,0.85,10,27,10,"!{age <= 61} & {pgr <= 45}",686,246,301,0.438775510204082,TRUE,"","NULL","",4.78100000000001
2842,8319793,1,0.5,FALSE,NA,1,0.87,14,82,14,"!{size <= 20} & !{er <= 174}",686,246,309,0.450437317784257,TRUE,"","NULL","",5.52700000000004
2843,8319794,1,0.5,FALSE,NA,1,0.96,109,426,109,"!{er <= 100} & {pgr <= 77}",686,246,286,0.416909620991254,TRUE,"","NULL","",9.37700000000001
2844,8319795,1,0.5,FALSE,NA,1,0.96,40,98,40,"!{size <= 35} & !{grade3}",686,246,310,0.451895043731778,TRUE,"","NULL","",4.02999999999997
2845,8319796,1,0.5,FALSE,NA,1,0.52,2,7,2,"!{pgr <= 2} & {grade3}",686,246,282,0.411078717201166,TRUE,"","NULL","",4.96600000000001
2846,8319797,1,0.5,FALSE,NA,1,0.74,5,41,5,"{nodes <= 3} & {er <= 9}",686,246,298,0.434402332361516,TRUE,"","NULL","",5.06200000000001
2847,8319798,1,0.5,FALSE,NA,1,0.58,3,50,3,"!{size <= 25} & {age <= 53}",686,246,279,0.406705539358601,TRUE,"","NULL","Loglik converged before variable  1 ; coefficient may be infinite. ",4.98999999999995
2848,8319799,1,0.5,FALSE,NA,1,0.88,19,117,19,"!{meno} & {size <= 20}",686,246,303,0.441690962099125,TRUE,"","NULL","",5.69600000000003
2849,8319800,1,0.5,FALSE,NA,1,0.53,4,78,4,"{pgr <= 45} & !{er <= 17}",686,246,314,0.457725947521866,TRUE,"","NULL","",6.21600000000001
2850,8319801,1,0.5,FALSE,NA,1,0.84,12,39,12,"{nodes <= 1} & !{pgr <= 2}",686,246,318,0.463556851311953,TRUE,"","NULL","",4.88
2851,8319802,1,0.5,FALSE,NA,1,0.79,11,50,11,"!{pgr <= 114} & {nodes <= 3}",686,246,320,0.466472303206997,TRUE,"","NULL","",5.11700000000002
2852,8319803,1,0.5,FALSE,NA,1,0.88,14,69,14,"!{pgr <= 184} & !{grade3}",686,246,322,0.469387755102041,TRUE,"","NULL","",4.68000000000001
2853,8319804,1,0.5,FALSE,NA,1,0.82,8,65,8,"{pgr <= 26} & {age <= 46}",686,246,313,0.456268221574344,TRUE,"","NULL","",5.75900000000001
2854,8319805,1,0.5,FALSE,NA,1,0.77,18,65,18,"{age <= 53} & !{pgr <= 8}",686,246,313,0.456268221574344,TRUE,"","NULL","",5.32000000000005
2855,8319806,1,0.5,FALSE,NA,1,0.96,5,38,5,"{size <= 20} & !{er <= 70}",686,246,294,0.428571428571429,TRUE,"","NULL","",4.77300000000002
2856,8319807,1,0.5,FALSE,NA,1,0.72,7,76,7,"{size <= 29} & !{er <= 44}",686,246,309,0.450437317784257,TRUE,"","NULL","",4.85399999999998
2857,8319808,1,0.5,FALSE,NA,1,0.94,25,131,25,"{size <= 25} & !{nodes <= 5}",686,246,317,0.462099125364431,TRUE,"","NULL","",6.71699999999998
2858,8319809,1,0.5,FALSE,NA,1,0.83,9,44,9,"!{pgr <= 2} & {pgr <= 16}",686,246,311,0.4533527696793,TRUE,"","NULL","",4.42900000000003
2859,8319810,1,0.5,FALSE,NA,1,0.88,20,117,20,"!{pgr <= 77} & {er <= 44}",686,246,305,0.444606413994169,TRUE,"","NULL","",5.78899999999999
2860,8319811,1,0.5,FALSE,NA,1,0.92,12,38,12,"!{pgr <= 2} & {pgr <= 8}",686,246,301,0.438775510204082,TRUE,"","NULL","",4.25400000000002
2861,8319812,1,0.5,FALSE,NA,1,0.88,18,75,18,"{er <= 100} & !{pgr <= 114}",686,246,303,0.441690962099125,TRUE,"","NULL","",6.21600000000001
2862,8319813,1,0.5,FALSE,NA,1,0.95,70,226,70,"!{pgr <= 77} & {er <= 100}",686,246,284,0.41399416909621,TRUE,"","NULL","",6.83999999999997
2863,8319814,1,0.5,FALSE,NA,1,0.83,17,100,17,"{age <= 46} & {er <= 70}",686,246,296,0.431486880466472,TRUE,"","NULL","",5.34199999999998
2864,8319815,1,0.5,FALSE,NA,1,0.99,146,324,146,"!{pgr <= 114} & {age <= 61}",686,246,317,0.462099125364431,TRUE,"","NULL","",6.24400000000003
2865,8319816,1,0.5,FALSE,NA,1,0.95,167,437,167,"{size <= 29} & !{age <= 61}",686,246,291,0.424198250728863,TRUE,"","NULL","",10.457
2866,8319817,1,0.5,FALSE,NA,1,0.96,17,44,17,"!{age <= 61} & !{size <= 25}",686,246,273,0.397959183673469,TRUE,"","NULL","",4.74299999999999
2867,8319818,1,0.5,FALSE,NA,1,0.92,36,192,36,"!{nodes <= 1} & !{pgr <= 26}",686,246,283,0.412536443148688,TRUE,"","NULL","",6.23000000000002
2868,8319819,1,0.5,FALSE,NA,1,0.83,5,35,5,"!{pgr <= 77} & !{er <= 70}",686,246,294,0.428571428571429,TRUE,"","NULL","",3.428
2869,8319820,1,0.5,FALSE,NA,1,0.82,12,46,12,"!{pgr <= 16} & {size <= 20}",686,246,307,0.447521865889213,TRUE,"","NULL","",5.63299999999998
2870,8319821,1,0.5,FALSE,NA,1,0.85,12,65,12,"!{pgr <= 184} & !{size <= 20}",686,246,309,0.450437317784257,TRUE,"","NULL","",5.15300000000002
2871,8319822,1,0.5,FALSE,NA,1,0.7,5,24,5,"{age <= 53} & {er <= 3}",686,246,311,0.4533527696793,TRUE,"","NULL","",4.755
2872,8319823,1,0.5,FALSE,NA,1,0.92,22,83,22,"{age <= 46} & {er <= 174}",686,246,282,0.411078717201166,TRUE,"","NULL","",5.08500000000004
2873,8319824,1,0.5,FALSE,NA,1,1,138,390,138,"{er <= 44} & !{pgr <= 77}",686,246,293,0.427113702623907,TRUE,"","NULL","",9.79399999999998
2874,8319825,1,0.5,FALSE,NA,1,0.72,3,40,3,"!{size <= 29} & {er <= 30}",686,246,306,0.446064139941691,TRUE,"","NULL","",4.94600000000003
2875,8319826,1,0.5,FALSE,NA,1,0.53,2,15,2,"{nodes <= 7} & {er <= 3}",686,246,285,0.415451895043732,TRUE,"","NULL","",4.56599999999997
2876,8319827,1,0.5,FALSE,NA,1,0.86,9,35,9,"!{pgr <= 184} & {er <= 294}",686,246,315,0.459183673469388,TRUE,"","NULL","",3.91800000000001
2877,8319828,1,0.5,FALSE,NA,1,0.95,96,297,96,"!{pgr <= 26} & !{age <= 46}",686,246,287,0.418367346938776,TRUE,"","NULL","",8.77100000000002
2878,8319829,1,0.5,FALSE,NA,0,NA,0,7,0,"",686,246,293,0.427113702623907,TRUE,"","NULL","",4.56799999999998
2879,8319830,1,0.5,FALSE,NA,1,0.99,98,239,98,"{age <= 46} & {size <= 25}",686,246,294,0.428571428571429,TRUE,"","NULL","",6.82900000000001
2880,8319831,1,0.5,FALSE,NA,1,0.76,8,66,8,"{size <= 25} & !{age <= 53}",686,246,305,0.444606413994169,TRUE,"","NULL","",3.91699999999997
2881,8319832,1,0.5,FALSE,NA,1,0.89,16,80,16,"{age <= 61} & {meno}",686,246,287,0.418367346938776,TRUE,"","NULL","",5.69099999999997
2882,8319833,1,0.5,FALSE,NA,1,0.6,3,41,3,"!{pgr <= 184} & {nodes <= 7}",686,246,305,0.444606413994169,TRUE,"","NULL","",4.75700000000001
2883,8319834,1,0.5,FALSE,NA,1,0.58,2,40,2,"!{size <= 35} & !{pgr <= 26}",686,246,308,0.448979591836735,TRUE,"","NULL","",5.16899999999998
2884,8319835,1,0.5,FALSE,NA,1,0.97,13,82,13,"!{age <= 53} & !{nodes <= 5}",686,246,310,0.451895043731778,TRUE,"","NULL","",5.02500000000003
2885,8319836,1,0.5,FALSE,NA,1,0.91,42,141,42,"!{size <= 35} & !{pgr <= 26}",686,246,320,0.466472303206997,TRUE,"","NULL","",7.00700000000001
2886,8319837,1,0.5,FALSE,NA,1,0.85,5,30,5,"{age <= 46} & {size <= 29}",686,246,320,0.466472303206997,TRUE,"","NULL","",4.54500000000002
2887,8319838,1,0.5,FALSE,NA,1,0.99,48,170,48,"{er <= 3} & !{pgr <= 0}",686,246,313,0.456268221574344,TRUE,"","NULL","",6.25
2888,8319839,1,0.5,FALSE,NA,1,0.88,5,36,5,"!{size <= 35} & !{er <= 44}",686,246,310,0.451895043731778,TRUE,"","NULL","",4.21199999999999
2889,8319840,1,0.5,FALSE,NA,1,0.79,2,12,2,"{nodes <= 7} & !{nodes <= 5}",686,246,297,0.432944606413994,TRUE,"","NULL","",4.57400000000001
2890,8319841,1,0.5,FALSE,NA,1,0.97,13,50,13,"{age <= 46} & {pgr <= 16}",686,246,302,0.440233236151603,TRUE,"","NULL","",4.87700000000001
2891,8319842,1,0.5,FALSE,NA,1,0.67,3,15,3,"{size <= 25} & {nodes <= 1}",686,246,293,0.427113702623907,TRUE,"","NULL","",4.32399999999996
2892,8319843,1,0.5,FALSE,NA,1,0.77,22,96,22,"{size <= 20} & {nodes <= 5}",686,246,284,0.41399416909621,TRUE,"","NULL","",5.43700000000001
2893,8319844,1,0.5,FALSE,NA,1,0.95,86,234,86,"!{pgr <= 45} & !{age <= 53}",686,246,273,0.397959183673469,TRUE,"","NULL","",7.81099999999998
2894,8319845,1,0.5,FALSE,NA,1,0.7,4,34,4,"!{age <= 61} & {size <= 29}",686,246,321,0.467930029154519,TRUE,"","NULL","",4.65600000000001
2895,8319846,1,0.5,FALSE,NA,1,0.72,3,43,3,"{nodes <= 3} & !{size <= 29}",686,246,314,0.457725947521866,TRUE,"","NULL","",4.94999999999999
2896,8319847,1,0.5,FALSE,NA,1,0.75,6,29,6,"!{pgr <= 114} & {nodes <= 3}",686,246,313,0.456268221574344,TRUE,"","NULL","",4.08299999999997
2897,8319848,1,0.5,FALSE,NA,1,0.86,11,74,11,"!{nodes <= 3} & {er <= 9}",686,246,313,0.456268221574344,TRUE,"","NULL","",5.64600000000002
2898,8319849,1,0.5,FALSE,NA,0,NA,0,17,0,"",686,246,330,0.481049562682216,TRUE,"","NULL","",4.48500000000001
2899,8319850,1,0.5,FALSE,NA,1,0.98,69,183,69,"{nodes <= 3} & !{er <= 70}",686,246,270,0.393586005830904,TRUE,"","NULL","",6.56999999999999
2900,8319851,1,0.5,FALSE,NA,1,0.99,75,155,75,"!{age <= 61} & !{size <= 20}",686,246,290,0.422740524781341,TRUE,"","NULL","",5.22000000000003
2901,8319852,1,0.5,FALSE,NA,1,0.98,46,165,46,"!{er <= 17} & {pgr <= 16}",686,246,285,0.415451895043732,TRUE,"","NULL","",7.05500000000001
2902,8319853,1,0.5,FALSE,NA,1,0.82,16,110,16,"{nodes <= 1} & !{meno}",686,246,272,0.396501457725948,TRUE,"","NULL","",5.43099999999998
2903,8319854,1,0.5,FALSE,NA,1,0.78,13,68,13,"!{size <= 35} & {er <= 174}",686,246,291,0.424198250728863,TRUE,"","NULL","",5
2904,8319855,1,0.5,FALSE,NA,1,0.88,27,83,27,"{pgr <= 8} & !{nodes <= 3}",686,246,314,0.457725947521866,TRUE,"","NULL","",4.74799999999999
2905,8319856,1,0.5,FALSE,NA,1,0.88,2,26,2,"{age <= 46} & !{size <= 25}",686,246,286,0.416909620991254,TRUE,"","NULL","",4.70600000000002
2906,8319857,1,0.5,FALSE,NA,1,0.5,1,18,1,"!{pgr <= 8} & {pgr <= 16}",686,246,299,0.435860058309038,TRUE,"","NULL","",4.81700000000001
2907,8319858,1,0.5,FALSE,NA,1,0.99,54,163,54,"!{pgr <= 184} & {er <= 174}",686,246,329,0.479591836734694,TRUE,"","NULL","",6.334
2908,8319859,1,0.5,FALSE,NA,1,0.98,56,147,56,"!{nodes <= 7} & !{pgr <= 2}",686,246,296,0.431486880466472,TRUE,"","NULL","",5.471
2909,8319860,1,0.5,FALSE,NA,0,NA,0,12,0,"",686,246,316,0.46064139941691,TRUE,"","NULL","",5.13200000000001
2910,8319861,1,0.5,FALSE,NA,1,0.97,28,78,28,"!{size <= 35} & !{grade3}",686,246,306,0.446064139941691,TRUE,"","NULL","",5.53500000000003
2911,8319862,1,0.5,FALSE,NA,1,0.79,2,21,2,"{size <= 35} & !{size <= 25}",686,246,298,0.434402332361516,TRUE,"","NULL","",4.48699999999997
2912,8319863,1,0.5,FALSE,NA,1,0.81,9,60,9,"{nodes <= 7} & !{pgr <= 184}",686,246,331,0.482507288629738,TRUE,"","NULL","",5.161
2913,8319864,1,0.5,FALSE,NA,1,0.94,16,72,16,"{size <= 20} & {pgr <= 77}",686,246,294,0.428571428571429,TRUE,"","NULL","",5.43099999999998
2914,8319865,1,0.5,FALSE,NA,1,0.97,21,111,21,"!{er <= 70} & {age <= 53}",686,246,319,0.465014577259475,TRUE,"","NULL","",5.75999999999999
2915,8319866,1,0.5,FALSE,NA,1,0.93,5,53,5,"!{pgr <= 8} & {pgr <= 16}",686,246,301,0.438775510204082,TRUE,"","NULL","",4.83199999999999
2916,8319867,1,0.5,FALSE,NA,1,0.98,15,54,15,"{size <= 20} & {meno}",686,246,299,0.435860058309038,TRUE,"","NULL","",5.00200000000001
2917,8319868,1,0.5,FALSE,NA,1,0.91,9,78,9,"{er <= 44} & !{pgr <= 77}",686,246,313,0.456268221574344,TRUE,"","NULL","",5.80100000000004
2918,8319869,1,0.5,FALSE,NA,1,0.79,8,39,8,"{size <= 20} & !{er <= 9}",686,246,315,0.459183673469388,TRUE,"","NULL","",4.94900000000001
2919,8319870,1,0.5,FALSE,NA,1,0.84,15,73,15,"!{er <= 30} & {er <= 100}",686,246,285,0.415451895043732,TRUE,"","NULL","",4.81900000000002
2920,8319871,1,0.5,FALSE,NA,1,0.77,13,97,13,"{age <= 46} & !{er <= 0}",686,246,322,0.469387755102041,TRUE,"","NULL","",5.26400000000001
2921,8319872,1,0.5,FALSE,NA,1,0.99,85,199,85,"{age <= 61} & !{age <= 53}",686,246,300,0.43731778425656,TRUE,"","NULL","",7.416
2922,8319873,1,0.5,FALSE,NA,1,0.79,13,54,13,"{age <= 53} & !{pgr <= 2}",686,246,278,0.405247813411079,TRUE,"","NULL","",4.82100000000003
2923,8319874,1,0.5,FALSE,NA,1,0.86,3,29,3,"!{er <= 3} & {er <= 9}",686,246,281,0.409620991253644,TRUE,"","NULL","",4.36200000000002
2924,8319875,1,0.5,FALSE,NA,1,0.75,5,78,5,"!{size <= 25} & !{nodes <= 5}",686,246,313,0.456268221574344,TRUE,"","NULL","",4.89299999999997
2925,8319876,1,0.5,FALSE,NA,1,0.98,19,75,19,"{er <= 70} & !{er <= 44}",686,246,287,0.418367346938776,TRUE,"","NULL","",5.46999999999997
2926,8319877,1,0.5,FALSE,NA,1,0.72,5,62,5,"{size <= 20} & !{er <= 3}",686,246,306,0.446064139941691,TRUE,"","NULL","",4.916
2927,8319878,1,0.5,FALSE,NA,1,0.94,48,159,48,"!{nodes <= 3} & !{size <= 35}",686,246,287,0.418367346938776,TRUE,"","NULL","",6.00099999999998
2928,8319879,1,0.5,FALSE,NA,1,0.88,15,99,15,"{age <= 46} & !{er <= 3}",686,246,324,0.472303206997085,TRUE,"","NULL","",5.11999999999995
2929,8319880,1,0.5,FALSE,NA,0,NA,0,8,0,"",686,246,318,0.463556851311953,TRUE,"","NULL","",4.94199999999995
2930,8319881,1,0.5,FALSE,NA,1,0.86,2,18,2,"{size <= 25} & !{pgr <= 114}",686,246,293,0.427113702623907,TRUE,"","NULL","",4.79199999999997
2931,8319882,1,0.5,FALSE,NA,1,0.9,9,26,9,"!{pgr <= 45} & {age <= 46}",686,246,292,0.425655976676385,TRUE,"","NULL","",4.83199999999999
2932,8319883,1,0.5,FALSE,NA,1,0.94,36,96,36,"!{age <= 61} & {pgr <= 77}",686,246,317,0.462099125364431,TRUE,"","NULL","Loglik converged before variable  1 ; coefficient may be infinite.  | Loglik converged before variable  1 ; coefficient may be infinite. ",5.59899999999999
2933,8319884,1,0.5,FALSE,NA,1,0.98,85,270,85,"!{nodes <= 7} & !{er <= 17}",686,246,298,0.434402332361516,TRUE,"","NULL","",8.49099999999999
2934,8319885,1,0.5,FALSE,NA,1,0.9,9,43,9,"{nodes <= 1} & {pgr <= 77}",686,246,308,0.448979591836735,TRUE,"","NULL","",4.75799999999998
2935,8319886,1,0.5,FALSE,NA,1,0.71,1,15,1,"{nodes <= 5} & !{nodes <= 3}",686,246,299,0.435860058309038,TRUE,"","NULL","",4.91900000000004
2936,8319887,1,0.5,FALSE,NA,1,0.51,1,27,1,"!{grade3} & {pgr <= 2}",686,246,293,0.427113702623907,TRUE,"","NULL","",3.90900000000005
2937,8319888,1,0.5,FALSE,NA,1,0.8,25,207,25,"{size <= 35} & !{er <= 44}",686,246,310,0.451895043731778,TRUE,"","NULL","",7.57400000000001
2938,8319889,1,0.5,FALSE,NA,1,0.9,16,77,16,"{pgr <= 26} & !{er <= 30}",686,246,326,0.475218658892128,TRUE,"","NULL","",5.24700000000001
2939,8319890,1,0.5,FALSE,NA,1,0.99,33,185,33,"{size <= 25} & {age <= 46}",686,246,280,0.408163265306122,TRUE,"","NULL","",6.452
2940,8319891,1,0.5,FALSE,NA,1,0.84,7,52,7,"{er <= 3} & {age <= 61}",686,246,308,0.448979591836735,TRUE,"","NULL","",3.86099999999999
2941,8319892,1,0.5,FALSE,NA,1,0.94,84,250,84,"!{age <= 61} & {pgr <= 337}",686,246,318,0.463556851311953,TRUE,"","NULL","",8.07199999999995
2942,8319893,1,0.5,FALSE,NA,1,0.96,31,78,31,"!{pgr <= 114} & !{er <= 44}",686,246,297,0.432944606413994,TRUE,"","NULL","",5.089
2943,8319894,1,0.5,FALSE,NA,1,0.82,8,50,8,"!{er <= 70} & {pgr <= 77}",686,246,289,0.421282798833819,TRUE,"","NULL","",4.98099999999999
2944,8319895,1,0.5,FALSE,NA,1,0.93,44,181,44,"!{pgr <= 26} & {er <= 44}",686,246,283,0.412536443148688,TRUE,"","NULL","",5.17699999999996
2945,8319896,1,0.5,FALSE,NA,1,0.97,98,289,98,"!{pgr <= 77} & {nodes <= 3}",686,246,324,0.472303206997085,TRUE,"","NULL","",8.79400000000004
2946,8319897,1,0.5,FALSE,NA,1,0.96,12,56,12,"!{pgr <= 77} & {er <= 44}",686,246,333,0.485422740524781,TRUE,"","NULL","",5.22800000000001
2947,8319898,1,0.5,FALSE,NA,1,0.99,32,109,32,"{pgr <= 2} & {size <= 29}",686,246,292,0.425655976676385,TRUE,"","NULL","",5.67500000000001
2948,8319899,1,0.5,FALSE,NA,0,NA,0,21,0,"",686,246,303,0.441690962099125,TRUE,"","NULL","",3.464
2949,8319900,1,0.5,FALSE,NA,1,0.56,3,22,3,"!{nodes <= 7} & !{pgr <= 16}",686,246,324,0.472303206997085,TRUE,"","NULL","",4.64299999999997
2950,8319901,1,0.5,FALSE,NA,1,0.93,35,173,35,"!{age <= 61} & !{size <= 20}",686,246,291,0.424198250728863,TRUE,"","NULL","",6.55599999999998
2951,8319902,1,0.5,FALSE,NA,1,0.69,3,36,3,"!{age <= 61} & !{nodes <= 1}",686,246,306,0.446064139941691,TRUE,"","NULL","",4.84999999999997
2952,8319903,1,0.5,FALSE,NA,1,0.89,4,33,4,"{pgr <= 16} & !{er <= 17}",686,246,299,0.435860058309038,TRUE,"","NULL","",4.66399999999999
2953,8319904,1,0.5,FALSE,NA,1,0.81,19,58,19,"!{er <= 30} & {pgr <= 45}",686,246,312,0.454810495626822,TRUE,"","NULL","",5.41899999999998
2954,8319905,1,0.5,FALSE,NA,1,1,101,291,101,"!{pgr <= 184} & !{grade3}",686,246,305,0.444606413994169,TRUE,"","NULL","",8.09000000000003
2955,8319906,1,0.5,FALSE,NA,1,0.88,38,127,38,"!{er <= 174} & {nodes <= 5}",686,246,292,0.425655976676385,TRUE,"","NULL","",5.72799999999995
2956,8319907,1,0.5,FALSE,NA,1,0.87,19,80,19,"!{size <= 29} & !{er <= 70}",686,246,300,0.43731778425656,TRUE,"","NULL","",4.11700000000002
2957,8319908,1,0.5,FALSE,NA,1,0.83,12,57,12,"{nodes <= 1} & !{pgr <= 16}",686,246,287,0.418367346938776,TRUE,"","NULL","",5.209
2958,8319909,1,0.5,FALSE,NA,1,0.97,96,271,96,"!{pgr <= 114} & {pgr <= 337}",686,246,308,0.448979591836735,TRUE,"","NULL","",7.92599999999999
2959,8319910,1,0.5,FALSE,NA,1,0.88,24,97,24,"{size <= 20} & !{pgr <= 16}",686,246,301,0.438775510204082,TRUE,"","NULL","",5.65199999999999
2960,8319911,1,0.5,FALSE,NA,1,0.97,46,175,46,"{size <= 20} & {er <= 70}",686,246,296,0.431486880466472,TRUE,"","NULL","",5.14999999999998
2961,8319912,1,0.5,FALSE,NA,1,0.9,13,94,13,"!{age <= 53} & {nodes <= 1}",686,246,283,0.412536443148688,TRUE,"","NULL","",5.57100000000003
2962,8319913,1,0.5,FALSE,NA,1,0.59,4,28,4,"!{pgr <= 114} & {age <= 53}",686,246,298,0.434402332361516,TRUE,"","NULL","",4.76799999999997
2963,8319914,1,0.5,FALSE,NA,1,0.94,28,80,28,"!{age <= 61} & !{nodes <= 1}",686,246,287,0.418367346938776,TRUE,"","NULL","",5.077
2964,8319915,1,0.5,FALSE,NA,1,0.97,62,188,62,"{nodes <= 1} & {meno}",686,246,290,0.422740524781341,TRUE,"","NULL","",5.94
2965,8319916,1,0.5,FALSE,NA,1,0.99,26,106,26,"{grade3} & {size <= 29}",686,246,302,0.440233236151603,TRUE,"","NULL","",6.12900000000002
2966,8319917,1,0.5,FALSE,NA,1,0.91,34,171,34,"!{pgr <= 114} & {er <= 174}",686,246,291,0.424198250728863,TRUE,"","NULL","",6.12200000000001
2967,8319918,1,0.5,FALSE,NA,1,0.9,18,46,18,"!{meno} & !{er <= 30}",686,246,280,0.408163265306122,TRUE,"","NULL","",4.56200000000001
2968,8319919,1,0.5,FALSE,NA,1,0.72,10,37,10,"!{pgr <= 114} & {nodes <= 7}",686,246,295,0.43002915451895,TRUE,"","NULL","",4.45499999999998
2969,8319920,1,0.5,FALSE,NA,1,0.85,21,80,21,"{size <= 20} & !{er <= 0}",686,246,313,0.456268221574344,TRUE,"","NULL","",5.70000000000005
2970,8319921,1,0.5,FALSE,NA,0,NA,0,13,0,"",686,246,283,0.412536443148688,TRUE,"","NULL","",4.363
2971,8319922,1,0.5,FALSE,NA,1,0.85,22,81,22,"!{er <= 174} & !{pgr <= 2}",686,246,311,0.4533527696793,TRUE,"","NULL","",5.31299999999999
2972,8319923,1,0.5,FALSE,NA,1,0.83,5,24,5,"!{pgr <= 45} & !{nodes <= 5}",686,246,316,0.46064139941691,TRUE,"","NULL","",4.52199999999999
2973,8319924,1,0.5,FALSE,NA,1,0.97,9,52,9,"{nodes <= 7} & {er <= 0}",686,246,279,0.406705539358601,TRUE,"","NULL","",5.78300000000002
2974,8319925,1,0.5,FALSE,NA,1,0.93,41,122,41,"!{er <= 174} & !{age <= 46}",686,246,310,0.451895043731778,TRUE,"","NULL","",5.93299999999999
2975,8319926,1,0.5,FALSE,NA,1,0.87,17,105,17,"{age <= 46} & !{size <= 25}",686,246,295,0.43002915451895,TRUE,"","NULL","",5.56299999999999
2976,8319927,1,0.5,FALSE,NA,1,0.96,55,188,55,"!{pgr <= 184} & {er <= 294}",686,246,292,0.425655976676385,TRUE,"","NULL","",5.74099999999999
2977,8319928,1,0.5,FALSE,NA,1,0.69,6,28,6,"!{meno} & !{size <= 25}",686,246,303,0.441690962099125,TRUE,"","NULL","",4.745
2978,8319929,1,0.5,FALSE,NA,1,1,34,116,34,"{nodes <= 7} & {er <= 0}",686,246,306,0.446064139941691,TRUE,"","NULL","",5.733
2979,8319930,1,0.5,FALSE,NA,1,0.94,129,347,129,"{grade3} & !{size <= 20}",686,246,285,0.415451895043732,TRUE,"","NULL","",8.38900000000001
2980,8319931,1,0.5,FALSE,NA,1,0.65,1,15,1,"{grade3} & {pgr <= 16}",686,246,303,0.441690962099125,TRUE,"","NULL","",3.47300000000001
2981,8319932,1,0.5,FALSE,NA,1,0.59,2,18,2,"{nodes <= 1} & {meno}",686,246,303,0.441690962099125,TRUE,"","NULL","",4.65100000000001
2982,8319933,1,0.5,FALSE,NA,1,1,134,362,134,"!{er <= 174} & {nodes <= 5}",686,246,314,0.457725947521866,TRUE,"","NULL","",9.15099999999995
2983,8319934,1,0.5,FALSE,NA,1,0.55,2,3,2,"{size <= 25} & {er <= 9}",686,246,294,0.428571428571429,TRUE,"","NULL","",4.536
2984,8319935,1,0.5,FALSE,NA,1,0.78,12,82,12,"{nodes <= 1} & {er <= 100}",686,246,300,0.43731778425656,TRUE,"","NULL","",4.25099999999998
2985,8319936,1,0.5,FALSE,NA,1,0.82,13,93,13,"!{pgr <= 77} & {er <= 70}",686,246,290,0.422740524781341,TRUE,"","NULL","",6.32099999999997
2986,8319937,1,0.5,FALSE,NA,1,0.77,3,18,3,"!{er <= 9} & {pgr <= 16}",686,246,285,0.415451895043732,TRUE,"","NULL","",3.93599999999998
2987,8319938,1,0.5,FALSE,NA,1,0.77,6,52,6,"{grade3} & {age <= 61}",686,246,301,0.438775510204082,TRUE,"","NULL","",4.84800000000001
2988,8319939,1,0.5,FALSE,NA,1,0.71,15,80,15,"{age <= 53} & !{er <= 30}",686,246,313,0.456268221574344,TRUE,"","NULL","",5.36899999999997
2989,8319940,1,0.5,FALSE,NA,1,0.84,5,24,5,"{er <= 17} & !{pgr <= 16}",686,246,317,0.462099125364431,TRUE,"","NULL","",4.71899999999999
2990,8319941,1,0.5,FALSE,NA,1,0.99,78,268,78,"{er <= 70} & !{er <= 44}",686,246,286,0.416909620991254,TRUE,"","NULL","",7.74900000000002
2991,8319942,1,0.5,FALSE,NA,1,0.97,19,119,19,"!{meno} & {pgr <= 16}",686,246,296,0.431486880466472,TRUE,"","NULL","",5.42999999999995
2992,8319943,1,0.5,FALSE,NA,1,0.75,7,45,7,"{size <= 20} & {meno}",686,246,290,0.422740524781341,TRUE,"","NULL","",4.00899999999996
2993,8319944,1,0.5,FALSE,NA,1,0.78,13,80,13,"{size <= 20} & !{pgr <= 16}",686,246,274,0.399416909620991,TRUE,"","NULL","",5.93299999999999
2994,8319945,1,0.5,FALSE,NA,1,0.99,97,317,97,"{meno} & {pgr <= 2}",686,246,305,0.444606413994169,TRUE,"","NULL","",8.06999999999999
2995,8319946,1,0.5,FALSE,NA,1,0.93,31,106,31,"!{er <= 100} & {age <= 61}",686,246,320,0.466472303206997,TRUE,"","NULL","",5.51999999999998
2996,8319947,1,0.5,FALSE,NA,1,0.99,111,322,111,"!{size <= 29} & {nodes <= 3}",686,246,314,0.457725947521866,TRUE,"","NULL","",5.99599999999998
2997,8319948,1,0.5,FALSE,NA,1,0.92,21,86,21,"!{pgr <= 184}",686,246,293,0.427113702623907,TRUE,"","NULL","",6.28699999999998
2998,8319949,1,0.5,FALSE,NA,0,NA,0,7,0,"",686,246,309,0.450437317784257,TRUE,"","NULL","",3.88
2999,8319950,1,0.5,FALSE,NA,1,0.99,61,229,61,"{pgr <= 2} & {meno}",686,246,289,0.421282798833819,TRUE,"","NULL","",7.15300000000002
3000,8319951,1,0.5,FALSE,NA,1,0.9,13,62,13,"!{pgr <= 45} & {age <= 46}",686,246,298,0.434402332361516,TRUE,"","NULL","",4.452
3001,8319952,1,0.5,FALSE,NA,1,0.69,1,5,1,"!{pgr <= 16} & {pgr <= 45}",686,246,282,0.411078717201166,TRUE,"","NULL","",4.55700000000002
3002,8319953,1,0.5,FALSE,NA,1,0.97,62,137,62,"!{nodes <= 7} & !{er <= 3}",686,246,321,0.467930029154519,TRUE,"","NULL","",6.113
3003,8319954,1,0.5,FALSE,NA,1,0.75,16,79,16,"!{age <= 61} & {er <= 294}",686,246,290,0.422740524781341,TRUE,"","NULL","",5.21000000000004
3004,8319955,1,0.5,FALSE,NA,1,0.91,59,213,59,"{nodes <= 1} & !{pgr <= 2}",686,246,300,0.43731778425656,TRUE,"","NULL","",6.46099999999996
3005,8319956,1,0.5,FALSE,NA,1,0.67,4,16,4,"!{nodes <= 5} & !{pgr <= 16}",686,246,287,0.418367346938776,TRUE,"","NULL","",4.75700000000001
3006,8319957,1,0.5,FALSE,NA,0,NA,0,23,0,"",686,246,288,0.419825072886297,TRUE,"","NULL","",4.59799999999996
3007,8319958,1,0.5,FALSE,NA,1,0.92,41,181,41,"!{nodes <= 1} & {size <= 20}",686,246,297,0.432944606413994,TRUE,"","NULL","",6.40999999999997
3008,8319959,1,0.5,FALSE,NA,1,0.86,23,99,23,"!{pgr <= 184} & {size <= 35}",686,246,312,0.454810495626822,TRUE,"","NULL","",5.38799999999998
3009,8319960,1,0.5,FALSE,NA,1,0.54,1,27,1,"!{grade3} & {pgr <= 2}",686,246,294,0.428571428571429,TRUE,"","NULL","",4.66900000000004
3010,8319961,1,0.5,FALSE,NA,1,0.64,1,3,1,"{age <= 53} & !{nodes <= 7}",686,246,283,0.412536443148688,TRUE,"","NULL","",4.17700000000002
3011,8319962,1,0.5,FALSE,NA,1,0.91,14,107,14,"!{age <= 53} & !{pgr <= 26}",686,246,310,0.451895043731778,TRUE,"","NULL","",5.36600000000004
3012,8319963,1,0.5,FALSE,NA,1,0.72,5,23,5,"{er <= 3} & {age <= 61}",686,246,302,0.440233236151603,TRUE,"","NULL","",4.69
3013,8319964,1,0.5,FALSE,NA,1,0.65,4,40,4,"{nodes <= 1} & !{size <= 20}",686,246,304,0.443148688046647,TRUE,"","NULL","",5.13599999999997
3014,8319965,1,0.5,FALSE,NA,1,0.99,34,125,34,"!{size <= 35} & !{meno}",686,246,322,0.469387755102041,TRUE,"","NULL","",6.10700000000003
3015,8319966,1,0.5,FALSE,NA,1,0.95,55,204,55,"{size <= 35} & {pgr <= 8}",686,246,311,0.4533527696793,TRUE,"","NULL","",7.09700000000004
3016,8319967,1,0.5,FALSE,NA,1,0.9,27,128,27,"!{grade3} & {pgr <= 8}",686,246,307,0.447521865889213,TRUE,"","NULL","",4.69400000000002
3017,8319968,1,0.5,FALSE,NA,1,0.96,12,100,12,"!{grade3} & {pgr <= 2}",686,246,294,0.428571428571429,TRUE,"","NULL","",5.95099999999996
3018,8319969,1,0.5,FALSE,NA,1,0.9,9,50,9,"{age <= 46} & !{pgr <= 26}",686,246,297,0.432944606413994,TRUE,"","NULL","",4.851
3019,8319970,1,0.5,FALSE,NA,1,0.98,87,306,87,"{size <= 29} & {pgr <= 8}",686,246,305,0.444606413994169,TRUE,"","NULL","",8.52600000000001
3020,8319971,1,0.5,FALSE,NA,1,0.62,2,18,2,"!{nodes <= 7} & !{age <= 46}",686,246,309,0.450437317784257,TRUE,"","NULL","",3.40500000000003
3021,8319972,1,0.5,FALSE,NA,1,0.97,99,227,99,"!{pgr <= 114} & {nodes <= 3}",686,246,297,0.432944606413994,TRUE,"","NULL","",7.697
3022,8319973,1,0.5,FALSE,NA,0,NA,0,5,0,"",686,246,296,0.431486880466472,TRUE,"","NULL","",4.23899999999998
3023,8319974,1,0.5,FALSE,NA,1,0.97,62,297,62,"{size <= 20} & !{nodes <= 3}",686,246,307,0.447521865889213,TRUE,"","NULL","",7.56300000000005
3024,8319975,1,0.5,FALSE,NA,1,0.85,9,77,9,"{size <= 35} & !{pgr <= 114}",686,246,305,0.444606413994169,TRUE,"","NULL","",3.971
3025,8319976,1,0.5,FALSE,NA,1,0.91,9,60,9,"{pgr <= 0} & {er <= 9}",686,246,286,0.416909620991254,TRUE,"","NULL","",5.49900000000002
3026,8319977,1,0.5,FALSE,NA,1,0.91,9,33,9,"!{pgr <= 114} & !{size <= 29}",686,246,301,0.438775510204082,TRUE,"","NULL","",4.54399999999998
3027,8319978,1,0.5,FALSE,NA,1,0.92,38,113,38,"!{er <= 100} & !{pgr <= 45}",686,246,290,0.422740524781341,TRUE,"","NULL","",5.77499999999998
3028,8319979,1,0.5,FALSE,NA,1,0.97,64,269,64,"{age <= 53} & !{nodes <= 7}",686,246,277,0.403790087463557,TRUE,"","NULL","",7.03100000000001
3029,8319980,1,0.5,FALSE,NA,1,0.54,1,30,1,"{size <= 20} & {age <= 53}",686,246,300,0.43731778425656,TRUE,"","NULL","",5.38099999999997
3030,8319981,1,0.5,FALSE,NA,1,0.82,3,34,3,"{nodes <= 1} & {size <= 25}",686,246,301,0.438775510204082,TRUE,"","NULL","",4.67399999999998
3031,8319982,1,0.5,FALSE,NA,1,0.96,101,280,101,"{pgr <= 2} & !{size <= 20}",686,246,301,0.438775510204082,TRUE,"","NULL","",7.75799999999998
3032,8319983,1,0.5,FALSE,NA,1,0.81,5,40,5,"!{age <= 61} & !{pgr <= 8}",686,246,315,0.459183673469388,TRUE,"","NULL","",3.90899999999999
3033,8319984,1,0.5,FALSE,NA,1,0.98,73,225,73,"!{pgr <= 184} & {er <= 174}",686,246,315,0.459183673469388,TRUE,"","NULL","",7.83699999999999
3034,8319985,1,0.5,FALSE,NA,1,0.93,10,75,10,"!{er <= 70} & {age <= 53}",686,246,303,0.441690962099125,TRUE,"","NULL","",5.23599999999999
3035,8319986,1,0.5,FALSE,NA,1,0.93,12,52,12,"!{er <= 44} & {er <= 70}",686,246,313,0.456268221574344,TRUE,"","NULL","",4.83800000000002
3036,8319987,1,0.5,FALSE,NA,1,0.98,118,409,118,"!{pgr <= 114} & {nodes <= 7}",686,246,303,0.441690962099125,TRUE,"","NULL","",6.96100000000001
3037,8319988,1,0.5,FALSE,NA,1,0.88,16,65,16,"!{pgr <= 114} & {er <= 294}",686,246,315,0.459183673469388,TRUE,"","NULL","",5.85400000000004
3038,8319989,1,0.5,FALSE,NA,1,0.98,107,243,107,"{size <= 20} & !{er <= 44}",686,246,317,0.462099125364431,TRUE,"","NULL","",7.71700000000004
3039,8319990,1,0.5,FALSE,NA,1,0.98,51,154,51,"{size <= 20} & !{pgr <= 45}",686,246,303,0.441690962099125,TRUE,"","NULL","",6.12799999999999
3040,8319991,1,0.5,FALSE,NA,1,0.85,20,80,20,"{size <= 20} & !{er <= 9}",686,246,304,0.443148688046647,TRUE,"","NULL","",4.03300000000002
3041,8319992,1,0.5,FALSE,NA,1,0.81,4,33,4,"{age <= 46} & !{pgr <= 16}",686,246,318,0.463556851311953,TRUE,"","NULL","",5.00300000000004
3042,8319993,1,0.5,FALSE,NA,1,0.99,78,307,78,"!{er <= 44} & !{nodes <= 5}",686,246,315,0.459183673469388,TRUE,"","NULL","",8.56800000000004
3043,8319994,1,0.5,FALSE,NA,1,0.71,2,7,2,"!{pgr <= 26} & !{age <= 61}",686,246,307,0.447521865889213,TRUE,"","NULL","",4.23099999999999
3044,8319995,1,0.5,FALSE,NA,1,0.58,1,18,1,"{meno} & !{pgr <= 114}",686,246,314,0.457725947521866,TRUE,"","NULL","",3.91399999999999
3045,8319996,1,0.5,FALSE,NA,1,0.91,4,30,4,"{pgr <= 8} & !{pgr <= 2}",686,246,287,0.418367346938776,TRUE,"","NULL","",5.11700000000002
3046,8319997,1,0.5,FALSE,NA,1,0.96,25,110,25,"!{pgr <= 114} & {er <= 294}",686,246,295,0.43002915451895,TRUE,"","NULL","",6.03100000000001
3047,8319998,1,0.5,FALSE,NA,1,0.88,21,97,21,"{size <= 20} & !{er <= 9}",686,246,322,0.469387755102041,TRUE,"","NULL","",5.55000000000001
3048,8319999,1,0.5,FALSE,NA,1,0.97,70,175,70,"{meno} & {size <= 20}",686,246,291,0.424198250728863,TRUE,"","NULL","",5.80799999999999
3049,8320000,1,0.5,FALSE,NA,1,0.98,60,200,60,"!{pgr <= 114} & !{meno}",686,246,283,0.412536443148688,TRUE,"","NULL","",7.435
3050,8320001,1,0.5,FALSE,NA,1,0.77,5,51,5,"!{er <= 100} & !{size <= 25}",686,246,300,0.43731778425656,TRUE,"","NULL","",4.53999999999996
3051,8320002,1,0.5,FALSE,NA,1,0.6,2,40,2,"{size <= 35} & !{er <= 100}",686,246,317,0.462099125364431,TRUE,"","NULL","",4.60700000000003
3052,8320003,1,0.5,FALSE,NA,1,0.99,7,34,7,"!{size <= 35} & {pgr <= 26}",686,246,297,0.432944606413994,TRUE,"","NULL","",4.26599999999996
3053,8320004,1,0.5,FALSE,NA,1,0.9,11,81,11,"!{size <= 25} & !{er <= 174}",686,246,284,0.41399416909621,TRUE,"","NULL","",5.91500000000002
3054,8320005,1,0.5,FALSE,NA,1,0.96,123,315,123,"{nodes <= 3} & !{pgr <= 26}",686,246,293,0.427113702623907,TRUE,"","NULL","",8.10199999999998
3055,8320006,1,0.5,FALSE,NA,1,0.98,34,126,34,"{pgr <= 2} & !{nodes <= 3}",686,246,300,0.43731778425656,TRUE,"","NULL","",5.74400000000003
3056,8320007,1,0.5,FALSE,NA,1,0.73,5,22,5,"!{size <= 20} & {pgr <= 0}",686,246,296,0.431486880466472,TRUE,"","NULL","",3.62799999999999
3057,8320008,1,0.5,FALSE,NA,1,0.79,24,106,24,"{size <= 20} & {pgr <= 337}",686,246,326,0.475218658892128,TRUE,"","NULL","",6.47900000000004
3058,8320009,1,0.5,FALSE,NA,1,0.88,10,58,10,"!{age <= 53} & {size <= 20}",686,246,303,0.441690962099125,TRUE,"","NULL","",5.02600000000001
3059,8320010,1,0.5,FALSE,NA,1,0.51,2,15,2,"{er <= 0} & {pgr <= 8}",686,246,319,0.465014577259475,TRUE,"","NULL","",4.71699999999998
3060,8320011,1,0.5,FALSE,NA,1,0.93,17,119,17,"{grade3} & !{age <= 53}",686,246,301,0.438775510204082,TRUE,"","NULL","Loglik converged before variable  1 ; coefficient may be infinite.  | Loglik converged before variable  1 ; coefficient may be infinite. ",5.42500000000001
3061,8320012,1,0.5,FALSE,NA,1,0.96,36,138,36,"{nodes <= 1} & !{er <= 17}",686,246,306,0.446064139941691,TRUE,"","NULL","",6.97800000000001
3062,8320013,1,0.5,FALSE,NA,1,0.92,28,101,28,"!{nodes <= 7} & {pgr <= 337}",686,246,315,0.459183673469388,TRUE,"","NULL","",5.19599999999997
3063,8320014,1,0.5,FALSE,NA,1,0.82,2,19,2,"{size <= 29} & !{nodes <= 5}",686,246,310,0.451895043731778,TRUE,"","NULL","",4.42099999999999
3064,8320015,1,0.5,FALSE,NA,1,0.91,95,431,95,"!{pgr <= 16} & {er <= 44}",686,246,298,0.434402332361516,TRUE,"","NULL","",8.00999999999999
3065,8320016,1,0.5,FALSE,NA,1,0.93,23,92,23,"!{nodes <= 5} & {size <= 29}",686,246,295,0.43002915451895,TRUE,"","NULL","",6.52499999999998
3066,8320017,1,0.5,FALSE,NA,1,0.96,37,83,37,"{size <= 20} & !{pgr <= 26}",686,246,285,0.415451895043732,TRUE,"","NULL","",5.08699999999999
3067,8320018,1,0.5,FALSE,NA,1,0.73,7,65,7,"!{pgr <= 16} & {pgr <= 45}",686,246,279,0.406705539358601,TRUE,"","NULL","",4.959
3068,8320019,1,0.5,FALSE,NA,1,0.91,11,41,11,"{er <= 30} & {age <= 46}",686,246,280,0.408163265306122,TRUE,"","NULL","",4.55400000000003
3069,8320020,1,0.5,FALSE,NA,1,0.98,135,324,135,"{size <= 35} & {nodes <= 1}",686,246,299,0.435860058309038,TRUE,"","NULL","",8.89099999999996
3070,8320021,1,0.5,FALSE,NA,1,0.76,8,62,8,"{age <= 46} & !{pgr <= 8}",686,246,288,0.419825072886297,TRUE,"","NULL","",5.00199999999995
3071,8320022,1,0.5,FALSE,NA,1,0.99,87,220,87,"!{pgr <= 77} & {er <= 70}",686,246,297,0.432944606413994,TRUE,"","NULL","",7.17099999999999
3072,8320023,1,0.5,FALSE,NA,1,0.94,47,154,47,"{nodes <= 1} & {pgr <= 77}",686,246,303,0.441690962099125,TRUE,"","NULL","",4.036
3073,8320024,1,0.5,FALSE,NA,1,0.6,4,17,4,"!{age <= 53} & {er <= 30}",686,246,289,0.421282798833819,TRUE,"","NULL","",4.68800000000005
3074,8320025,1,0.5,FALSE,NA,1,0.82,9,58,9,"!{pgr <= 114} & !{er <= 70}",686,246,304,0.443148688046647,TRUE,"","NULL","",5.32100000000003
3075,8320026,1,0.5,FALSE,NA,1,0.65,1,15,1,"{age <= 46} & !{nodes <= 3}",686,246,313,0.456268221574344,TRUE,"","NULL","",4.75200000000001
3076,8320027,1,0.5,FALSE,NA,1,0.97,14,81,14,"{size <= 29} & {grade3}",686,246,307,0.447521865889213,TRUE,"","NULL","",5.32399999999996
3077,8320028,1,0.5,FALSE,NA,1,0.88,18,57,18,"!{pgr <= 0} & {pgr <= 8}",686,246,304,0.443148688046647,TRUE,"","NULL","",5.48899999999998
3078,8320029,1,0.5,FALSE,NA,1,0.89,23,79,23,"{pgr <= 16} & !{pgr <= 8}",686,246,287,0.418367346938776,TRUE,"","NULL","",5.44900000000001
3079,8320030,1,0.5,FALSE,NA,1,0.96,30,115,30,"!{age <= 61} & {size <= 35}",686,246,292,0.425655976676385,TRUE,"","NULL","",5.66499999999996
3080,8320031,1,0.5,FALSE,NA,1,0.74,14,50,14,"!{er <= 44} & {er <= 100}",686,246,291,0.424198250728863,TRUE,"","NULL","",4.654
3081,8320032,1,0.5,FALSE,NA,1,0.94,12,70,12,"!{er <= 174} & {pgr <= 184}",686,246,288,0.419825072886297,TRUE,"","NULL","",5.27099999999996
3082,8320033,1,0.5,FALSE,NA,1,0.96,18,99,18,"{size <= 25} & !{pgr <= 114}",686,246,323,0.470845481049563,TRUE,"","NULL","",5.67400000000004
3083,8320034,1,0.5,FALSE,NA,1,0.92,43,168,43,"!{pgr <= 114} & !{nodes <= 1}",686,246,285,0.415451895043732,TRUE,"","NULL","",6.262
3084,8320035,1,0.5,FALSE,NA,1,0.96,12,87,12,"{meno} & {er <= 3}",686,246,285,0.415451895043732,TRUE,"","NULL","",4.46199999999999
3085,8320036,1,0.5,FALSE,NA,1,0.93,54,243,54,"!{nodes <= 3} & {age <= 46}",686,246,283,0.412536443148688,TRUE,"","NULL","",7.73499999999996
3086,8320037,1,0.5,FALSE,NA,1,0.99,84,240,84,"!{age <= 61} & {nodes <= 3}",686,246,285,0.415451895043732,TRUE,"","NULL","",7.29199999999997
3087,8320038,1,0.5,FALSE,NA,1,0.98,99,351,99,"!{er <= 30} & !{nodes <= 7}",686,246,296,0.431486880466472,TRUE,"","NULL","",7.322
3088,8320039,1,0.5,FALSE,NA,1,0.53,1,3,1,"{pgr <= 2} & !{er <= 0}",686,246,315,0.459183673469388,TRUE,"","NULL","",2.86199999999997
3089,8320040,1,0.5,FALSE,NA,0,NA,0,17,0,"",686,246,286,0.416909620991254,TRUE,"","NULL","",4.654
3090,8320041,1,0.5,FALSE,NA,1,0.92,38,175,38,"!{pgr <= 77} & {age <= 53}",686,246,282,0.411078717201166,TRUE,"","NULL","",6.56999999999999
3091,8320042,1,0.5,FALSE,NA,1,0.94,42,309,42,"{nodes <= 1} & !{size <= 25}",686,246,292,0.425655976676385,TRUE,"","NULL","",8.13799999999998
3092,8320043,1,0.5,FALSE,NA,1,0.67,1,17,1,"{er <= 17} & !{er <= 9}",686,246,307,0.447521865889213,TRUE,"","NULL","",3.322
3093,8320044,1,0.5,FALSE,NA,1,0.95,9,40,9,"!{pgr <= 77} & {er <= 44}",686,246,314,0.457725947521866,TRUE,"","NULL","",5.16000000000003
3094,8320045,1,0.5,FALSE,NA,1,0.83,27,95,27,"!{age <= 61} & !{er <= 0}",686,246,316,0.46064139941691,TRUE,"","NULL","",6.09699999999998
3095,8320046,1,0.5,FALSE,NA,1,0.9,37,224,37,"{nodes <= 1} & !{er <= 30}",686,246,312,0.454810495626822,TRUE,"","NULL","",7.399
3096,8320047,1,0.5,FALSE,NA,1,0.97,52,192,52,"!{grade3} & {er <= 9}",686,246,277,0.403790087463557,TRUE,"","NULL","",5.32799999999997
3097,8320048,1,0.5,FALSE,NA,1,0.97,26,59,26,"!{pgr <= 184} & !{er <= 30}",686,246,313,0.456268221574344,TRUE,"","NULL","",6.12400000000002
3098,8320049,1,0.5,FALSE,NA,1,0.92,59,232,59,"!{nodes <= 1} & {nodes <= 3}",686,246,305,0.444606413994169,TRUE,"","NULL","",7.19
3099,8320050,1,0.5,FALSE,NA,1,0.75,5,20,5,"{er <= 70} & !{pgr <= 77}",686,246,308,0.448979591836735,TRUE,"","NULL","",4.48500000000001
3100,8320051,1,0.5,FALSE,NA,1,0.92,27,89,27,"!{size <= 29} & !{nodes <= 3}",686,246,304,0.443148688046647,TRUE,"","NULL","",4.62299999999999
3101,8320052,1,0.5,FALSE,NA,1,0.94,21,138,21,"{age <= 46} & !{pgr <= 45}",686,246,336,0.489795918367347,TRUE,"","NULL","",6.83199999999999
3102,8320053,1,0.5,FALSE,NA,1,0.97,28,138,28,"!{size <= 25} & !{nodes <= 7}",686,246,285,0.415451895043732,TRUE,"","NULL","",6.30600000000004
3103,8320054,1,0.5,FALSE,NA,1,0.9,35,148,35,"!{age <= 61} & {er <= 294}",686,246,296,0.431486880466472,TRUE,"","NULL","",5.96899999999999
3104,8320055,1,0.5,FALSE,NA,1,0.92,15,74,15,"!{age <= 61} & !{size <= 25}",686,246,268,0.39067055393586,TRUE,"","NULL","",3.85399999999998
3105,8320056,1,0.5,FALSE,NA,1,0.97,22,111,22,"{nodes <= 5} & {pgr <= 2}",686,246,284,0.41399416909621,TRUE,"","NULL","",6.58800000000002
3106,8320057,1,0.5,FALSE,NA,1,0.63,2,14,2,"{grade3} & !{pgr <= 8}",686,246,290,0.422740524781341,TRUE,"","NULL","",3.89699999999999
3107,8320058,1,0.5,FALSE,NA,1,0.91,25,75,25,"!{age <= 61} & {pgr <= 184}",686,246,289,0.421282798833819,TRUE,"","NULL","",5.25599999999997
3108,8320059,1,0.5,FALSE,NA,1,0.99,127,352,127,"{age <= 53} & {er <= 3}",686,246,285,0.415451895043732,TRUE,"","NULL","",7.34899999999999
3109,8320060,1,0.5,FALSE,NA,1,0.75,3,36,3,"!{age <= 61} & !{er <= 70}",686,246,314,0.457725947521866,TRUE,"","NULL","",5.00100000000003
3110,8320061,1,0.5,FALSE,NA,1,0.8,14,56,14,"!{pgr <= 77} & {size <= 25}",686,246,313,0.456268221574344,TRUE,"","NULL","",5.06999999999999
3111,8320062,1,0.5,FALSE,NA,0,NA,0,5,0,"",686,246,305,0.444606413994169,TRUE,"","NULL","",4.24400000000003
3112,8320063,1,0.5,FALSE,NA,1,0.99,50,172,50,"!{er <= 44} & !{nodes <= 5}",686,246,297,0.432944606413994,TRUE,"","NULL","",6.01400000000001
3113,8320064,1,0.5,FALSE,NA,1,1,40,211,40,"!{er <= 44} & {size <= 20}",686,246,303,0.441690962099125,TRUE,"","NULL","",7.923
3114,8320065,1,0.5,FALSE,NA,1,0.9,46,220,46,"!{er <= 100} & !{nodes <= 1}",686,246,296,0.431486880466472,TRUE,"","NULL","",6.79699999999997
3115,8320066,1,0.5,FALSE,NA,1,0.97,51,111,51,"{pgr <= 2} & {er <= 17}",686,246,312,0.454810495626822,TRUE,"","NULL","",5.55599999999998
3116,8320067,1,0.5,FALSE,NA,1,0.99,50,131,50,"!{age <= 61} & !{er <= 30}",686,246,302,0.440233236151603,TRUE,"","NULL","",4.24100000000004
3117,8320068,1,0.5,FALSE,NA,1,0.94,15,57,15,"!{er <= 174} & !{size <= 20}",686,246,326,0.475218658892128,TRUE,"","NULL","",5.65600000000001
3118,8320069,1,0.5,FALSE,NA,1,0.82,10,50,10,"{age <= 53} & {pgr <= 16}",686,246,293,0.427113702623907,TRUE,"","NULL","",4.37700000000001
3119,8320070,1,0.5,FALSE,NA,1,0.74,3,17,3,"!{age <= 53} & {pgr <= 8}",686,246,301,0.438775510204082,TRUE,"","NULL","",4.56299999999999
3120,8320071,1,0.5,FALSE,NA,1,0.92,35,139,35,"{er <= 0}",686,246,314,0.457725947521866,TRUE,"","NULL","",5.76999999999998
3121,8320072,1,0.5,FALSE,NA,1,0.52,2,17,2,"{age <= 46} & !{pgr <= 26}",686,246,307,0.447521865889213,TRUE,"","NULL","",4.988
3122,8320073,1,0.5,FALSE,NA,1,0.86,14,77,14,"{nodes <= 3} & !{er <= 44}",686,246,273,0.397959183673469,TRUE,"","NULL","",5.30200000000002
3123,8320074,1,0.5,FALSE,NA,1,0.74,5,46,5,"!{nodes <= 7} & !{pgr <= 16}",686,246,279,0.406705539358601,TRUE,"","NULL","",5.077
3124,8320075,1,0.5,FALSE,NA,1,0.99,43,205,43,"!{age <= 61} & !{er <= 30}",686,246,310,0.451895043731778,TRUE,"","NULL","",6.44899999999996
3125,8320076,1,0.5,FALSE,NA,1,0.69,9,36,9,"!{size <= 29} & !{er <= 30}",686,246,298,0.434402332361516,TRUE,"","NULL","",5.28500000000003
3126,8320077,1,0.5,FALSE,NA,1,0.85,20,178,20,"{nodes <= 7} & {grade3}",686,246,304,0.443148688046647,TRUE,"","NULL","",6.96300000000002
3127,8320078,1,0.5,FALSE,NA,1,0.57,1,9,1,"!{pgr <= 77} & !{meno}",686,246,302,0.440233236151603,TRUE,"","NULL","",4.39300000000003
3128,8320079,1,0.5,FALSE,NA,1,0.85,46,178,46,"{size <= 25} & !{er <= 17}",686,246,301,0.438775510204082,TRUE,"","NULL","",5.52300000000002
3129,8320080,1,0.5,FALSE,NA,1,0.64,4,26,4,"{age <= 46} & !{er <= 9}",686,246,330,0.481049562682216,TRUE,"","NULL","",5.28899999999999
3130,8320081,1,0.5,FALSE,NA,1,0.97,4,32,4,"!{age <= 53} & !{nodes <= 7}",686,246,320,0.466472303206997,TRUE,"","NULL","",4.78699999999998
3131,8320082,1,0.5,FALSE,NA,1,0.76,4,36,4,"{grade3} & !{pgr <= 2}",686,246,287,0.418367346938776,TRUE,"","NULL","",4.75599999999997
3132,8320083,1,0.5,FALSE,NA,1,0.74,10,37,10,"!{er <= 44} & {er <= 100}",686,246,287,0.418367346938776,TRUE,"","NULL","",4.83999999999997
3133,8320084,1,0.5,FALSE,NA,1,0.98,68,157,68,"!{pgr <= 184} & !{size <= 20}",686,246,311,0.4533527696793,TRUE,"","NULL","",6.846
3134,8320085,1,0.5,FALSE,NA,1,0.99,68,191,68,"!{nodes <= 7} & {age <= 61}",686,246,304,0.443148688046647,TRUE,"","NULL","",6.26300000000003
3135,8320086,1,0.5,FALSE,NA,1,0.67,3,25,3,"!{er <= 100} & !{nodes <= 1}",686,246,291,0.424198250728863,TRUE,"","NULL","",4.63
3136,8320087,1,0.5,FALSE,NA,1,0.92,46,119,46,"{er <= 44} & !{er <= 9}",686,246,293,0.427113702623907,TRUE,"","NULL","Loglik converged before variable  1 ; coefficient may be infinite.  | Loglik converged before variable  1 ; coefficient may be infinite. ",4.512
3137,8320088,1,0.5,FALSE,NA,1,0.84,5,23,5,"{nodes <= 7} & !{size <= 35}",686,246,299,0.435860058309038,TRUE,"","NULL","",4.99299999999999
3138,8320089,1,0.5,FALSE,NA,1,0.9,40,176,40,"!{size <= 25} & !{pgr <= 77}",686,246,323,0.470845481049563,TRUE,"","NULL","",7.12
3139,8320090,1,0.5,FALSE,NA,1,0.7,1,12,1,"!{size <= 20} & {er <= 0}",686,246,307,0.447521865889213,TRUE,"","NULL","",4.221
3140,8320091,1,0.5,FALSE,NA,1,0.68,4,14,4,"{size <= 20} & {pgr <= 26}",686,246,300,0.43731778425656,TRUE,"","NULL","",4.47799999999995
3141,8320092,1,0.5,FALSE,NA,0,NA,0,1,0,"",686,246,312,0.454810495626822,TRUE,"","NULL","",4.67399999999998
3142,8320093,1,0.5,FALSE,NA,1,0.82,11,75,11,"{nodes <= 5} & !{er <= 174}",686,246,287,0.418367346938776,TRUE,"","NULL","",5.38399999999996
3143,8320094,1,0.5,FALSE,NA,1,0.98,31,127,31,"{pgr <= 0} & {nodes <= 7}",686,246,288,0.419825072886297,TRUE,"","NULL","",5.78700000000003
3144,8320095,1,0.5,FALSE,NA,1,0.67,2,9,2,"{age <= 53} & {pgr <= 2}",686,246,288,0.419825072886297,TRUE,"","NULL","",4.21799999999996
3145,8320096,1,0.5,FALSE,NA,1,0.84,25,112,25,"{pgr <= 8} & {nodes <= 5}",686,246,298,0.434402332361516,TRUE,"","NULL","",5.97899999999998
3146,8320097,1,0.5,FALSE,NA,1,0.97,48,124,48,"{pgr <= 0} & {er <= 9}",686,246,292,0.425655976676385,TRUE,"","NULL","",5.81799999999998
3147,8320098,1,0.5,FALSE,NA,1,0.88,28,139,28,"!{er <= 44} & {pgr <= 45}",686,246,298,0.434402332361516,TRUE,"","NULL","",6.00999999999999
3148,8320099,1,0.5,FALSE,NA,1,0.93,27,128,27,"!{er <= 30} & {er <= 70}",686,246,285,0.415451895043732,TRUE,"","NULL","",4.71099999999996
3149,8320100,1,0.5,FALSE,NA,1,0.98,48,139,48,"!{er <= 174} & {size <= 25}",686,246,276,0.402332361516035,TRUE,"","NULL","",6.92899999999997
3150,8320101,1,0.5,FALSE,NA,1,0.95,25,121,25,"!{pgr <= 114} & !{er <= 70}",686,246,298,0.434402332361516,TRUE,"","NULL","",5.91700000000003
3151,8320102,1,0.5,FALSE,NA,1,0.6,2,23,2,"!{meno} & {size <= 25}",686,246,300,0.43731778425656,TRUE,"","NULL","",4.41499999999996
3152,8320103,1,0.5,FALSE,NA,1,0.74,10,59,10,"!{meno} & !{er <= 44}",686,246,299,0.435860058309038,TRUE,"","NULL","",4.28800000000001
3153,8320104,1,0.5,FALSE,NA,1,0.96,12,68,12,"!{nodes <= 3} & !{size <= 35}",686,246,285,0.415451895043732,TRUE,"","NULL","",5.52999999999997
3154,8320105,1,0.5,FALSE,NA,1,0.73,5,29,5,"!{age <= 61} & !{er <= 17}",686,246,313,0.456268221574344,TRUE,"","NULL","",4.89699999999999
3155,8320106,1,0.5,FALSE,NA,1,0.93,103,322,103,"{er <= 100} & !{size <= 35}",686,246,293,0.427113702623907,TRUE,"","NULL","",8.17899999999997
3156,8320107,1,0.5,FALSE,NA,1,0.83,2,12,2,"!{er <= 30} & {age <= 46}",686,246,296,0.431486880466472,TRUE,"","NULL","",3.65799999999996
3157,8320108,1,0.5,FALSE,NA,1,0.92,34,170,34,"{age <= 46} & {er <= 70}",686,246,314,0.457725947521866,TRUE,"","NULL","",6.94299999999998
3158,8320109,1,0.5,FALSE,NA,1,0.52,1,29,1,"!{nodes <= 1} & !{er <= 174}",686,246,288,0.419825072886297,TRUE,"","NULL","",4.529
3159,8320110,1,0.5,FALSE,NA,1,0.98,66,194,66,"!{size <= 35} & !{er <= 30}",686,246,283,0.412536443148688,TRUE,"","NULL","",6.59199999999998
3160,8320111,1,0.5,FALSE,NA,1,0.82,32,149,32,"!{er <= 100} & {er <= 294}",686,246,327,0.47667638483965,TRUE,"","NULL","",4.88299999999998
3161,8320112,1,0.5,FALSE,NA,1,0.93,18,106,18,"!{nodes <= 3} & {nodes <= 7}",686,246,300,0.43731778425656,TRUE,"","NULL","",6.52800000000002
3162,8320113,1,0.5,FALSE,NA,1,0.54,1,9,1,"{pgr <= 0} & !{size <= 20}",686,246,287,0.418367346938776,TRUE,"","NULL","",3.81200000000001
3163,8320114,1,0.5,FALSE,NA,1,0.96,27,158,27,"!{pgr <= 114} & {nodes <= 3}",686,246,280,0.408163265306122,TRUE,"","NULL","",6.13500000000005
3164,8320115,1,0.5,FALSE,NA,1,0.89,25,124,25,"{nodes <= 1} & !{pgr <= 16}",686,246,301,0.438775510204082,TRUE,"","NULL","",5.101
3165,8320116,1,0.5,FALSE,NA,1,0.98,32,88,32,"!{nodes <= 7} & !{size <= 29}",686,246,303,0.441690962099125,TRUE,"","NULL","",5.99900000000002
3166,8320117,1,0.5,FALSE,NA,1,0.97,104,310,104,"{nodes <= 1}",686,246,283,0.412536443148688,TRUE,"","NULL","",8.39500000000004
3167,8320118,1,0.5,FALSE,NA,1,0.77,14,65,14,"!{age <= 61} & {er <= 294}",686,246,298,0.434402332361516,TRUE,"","NULL","",5.40800000000002
3168,8320119,1,0.5,FALSE,NA,1,0.98,64,172,64,"!{pgr <= 114} & {age <= 61}",686,246,294,0.428571428571429,TRUE,"","NULL","",4.74900000000002
3169,8320120,1,0.5,FALSE,NA,1,0.76,8,55,8,"{age <= 61} & {meno}",686,246,308,0.448979591836735,TRUE,"","NULL","",5.90700000000004
3170,8320121,1,0.5,FALSE,NA,1,0.73,10,94,10,"!{grade3} & {age <= 46}",686,246,285,0.415451895043732,TRUE,"","NULL","",5.23699999999997
3171,8320122,1,0.5,FALSE,NA,1,0.84,7,35,7,"{er <= 9} & !{er <= 3}",686,246,299,0.435860058309038,TRUE,"","NULL","",4.53099999999995
3172,8320123,1,0.5,FALSE,NA,1,0.94,46,140,46,"{nodes <= 3} & !{er <= 70}",686,246,307,0.447521865889213,TRUE,"","NULL","",5.56200000000001
3173,8320124,1,0.5,FALSE,NA,1,0.96,20,57,20,"{size <= 20} & !{er <= 30}",686,246,299,0.435860058309038,TRUE,"","NULL","",5.80000000000001
3174,8320125,1,0.5,FALSE,NA,1,0.82,6,25,6,"!{er <= 100} & {size <= 29}",686,246,302,0.440233236151603,TRUE,"","NULL","",4.43900000000002
3175,8320126,1,0.5,FALSE,NA,1,0.73,9,91,9,"{size <= 20} & {pgr <= 184}",686,246,302,0.440233236151603,TRUE,"","NULL","",5.88099999999997
3176,8320127,1,0.5,FALSE,NA,1,0.94,64,252,64,"!{pgr <= 114} & {er <= 100}",686,246,295,0.43002915451895,TRUE,"","NULL","",6.46699999999998
3177,8320128,1,0.5,FALSE,NA,1,0.89,22,89,22,"{age <= 53} & !{pgr <= 114}",686,246,303,0.441690962099125,TRUE,"","NULL","",6.05599999999998
3178,8320129,1,0.5,FALSE,NA,1,0.84,3,15,3,"{er <= 17} & !{pgr <= 16}",686,246,300,0.43731778425656,TRUE,"","NULL","",3.99000000000001
3179,8320130,1,0.5,FALSE,NA,1,0.76,5,37,5,"{age <= 53} & {er <= 9}",686,246,297,0.432944606413994,TRUE,"","NULL","",4.916
3180,8320131,1,0.5,FALSE,NA,1,0.88,11,54,11,"!{pgr <= 184} & !{age <= 46}",686,246,275,0.400874635568513,TRUE,"","NULL","",5.14699999999999
3181,8320132,1,0.5,FALSE,NA,1,0.78,2,24,2,"{nodes <= 5} & !{nodes <= 3}",686,246,276,0.402332361516035,TRUE,"","NULL","",5.31199999999995
3182,8320133,1,0.5,FALSE,NA,0,NA,0,1,0,"",686,246,299,0.435860058309038,TRUE,"","NULL","",4.11500000000001
3183,8320134,1,0.5,FALSE,NA,1,0.86,5,22,5,"{nodes <= 1} & {size <= 20}",686,246,311,0.4533527696793,TRUE,"","NULL","",4.423
3184,8320135,1,0.5,FALSE,NA,1,0.93,26,99,26,"{size <= 20} & {er <= 70}",686,246,326,0.475218658892128,TRUE,"","NULL","",5.36700000000002
3185,8320136,1,0.5,FALSE,NA,0,NA,0,19,0,"",686,246,284,0.41399416909621,TRUE,"","NULL","",5.27699999999999
3186,8320137,1,0.5,FALSE,NA,1,0.88,12,62,12,"!{age <= 46} & {size <= 20}",686,246,311,0.4533527696793,TRUE,"","NULL","",5.02700000000004
3187,8320138,1,0.5,FALSE,NA,1,0.87,13,92,13,"!{nodes <= 5} & !{age <= 53}",686,246,292,0.425655976676385,TRUE,"","NULL","",5.53899999999999
3188,8320139,1,0.5,FALSE,NA,1,0.75,5,41,5,"{nodes <= 1} & {meno}",686,246,297,0.432944606413994,TRUE,"","NULL","",4.77999999999997
3189,8320140,1,0.5,FALSE,NA,1,0.77,2,23,2,"!{grade3} & {pgr <= 2}",686,246,304,0.443148688046647,TRUE,"","NULL","",5.25900000000001
3190,8320141,1,0.5,FALSE,NA,1,0.93,33,173,33,"!{age <= 61} & !{pgr <= 26}",686,246,306,0.446064139941691,TRUE,"","NULL","",6.70100000000002
3191,8320142,1,0.5,FALSE,NA,1,0.8,3,27,3,"{age <= 46} & {er <= 44}",686,246,310,0.451895043731778,TRUE,"","NULL","",4.30500000000001
3192,8320143,1,0.5,FALSE,NA,1,0.9,68,228,68,"!{pgr <= 184}",686,246,301,0.438775510204082,TRUE,"","NULL","",6.49399999999997
3193,8320144,1,0.5,FALSE,NA,1,0.57,1,3,1,"{nodes <= 5} & !{size <= 35}",686,246,288,0.419825072886297,TRUE,"","NULL","",4.63999999999999
3194,8320145,1,0.5,FALSE,NA,1,0.88,19,123,19,"{age <= 46} & !{pgr <= 16}",686,246,281,0.409620991253644,TRUE,"","NULL","",5.87199999999996
3195,8320146,1,0.5,FALSE,NA,1,0.79,5,50,5,"!{age <= 61} & !{er <= 17}",686,246,309,0.450437317784257,TRUE,"","NULL","",5.07900000000001
3196,8320147,1,0.5,FALSE,NA,1,0.68,3,19,3,"{age <= 46} & !{nodes <= 3}",686,246,286,0.416909620991254,TRUE,"","NULL","",4.36600000000004
3197,8320148,1,0.5,FALSE,NA,1,0.86,4,23,4,"{pgr <= 8} & !{pgr <= 0}",686,246,301,0.438775510204082,TRUE,"","NULL","",4.59300000000002
3198,8320149,1,0.5,FALSE,NA,1,0.94,56,217,56,"!{pgr <= 26} & {er <= 70}",686,246,310,0.451895043731778,TRUE,"","NULL","",7.512
3199,8320150,1,0.5,FALSE,NA,1,0.82,24,97,24,"!{age <= 53} & !{er <= 70}",686,246,288,0.419825072886297,TRUE,"","NULL","",5.07400000000001
3200,8320151,1,0.5,FALSE,NA,1,0.89,15,97,15,"!{pgr <= 2} & {grade3}",686,246,305,0.444606413994169,TRUE,"","NULL","",4.58099999999996
3201,8320152,1,0.5,FALSE,NA,1,0.91,19,95,19,"!{age <= 61} & {size <= 29}",686,246,327,0.47667638483965,TRUE,"","NULL","",6.04699999999997
3202,8320153,1,0.5,FALSE,NA,1,0.78,21,103,21,"!{grade3} & !{nodes <= 5}",686,246,307,0.447521865889213,TRUE,"","NULL","",5.58500000000004
3203,8320154,1,0.5,FALSE,NA,1,0.81,19,98,19,"{er <= 9} & {size <= 29}",686,246,288,0.419825072886297,TRUE,"","NULL","",5.34100000000001
3204,8320155,1,0.5,FALSE,NA,1,0.88,15,57,15,"{nodes <= 1} & !{er <= 44}",686,246,303,0.441690962099125,TRUE,"","NULL","",4.34000000000003
3205,8320156,1,0.5,FALSE,NA,1,0.86,12,50,12,"!{meno} & {pgr <= 16}",686,246,310,0.451895043731778,TRUE,"","NULL","",5.63
3206,8320157,1,0.5,FALSE,NA,1,0.94,10,70,10,"!{meno} & {nodes <= 1}",686,246,301,0.438775510204082,TRUE,"","NULL","",5.286
3207,8320158,1,0.5,FALSE,NA,1,0.99,76,213,76,"{size <= 25} & {grade3}",686,246,305,0.444606413994169,TRUE,"","NULL","",7.18100000000004
3208,8320159,1,0.5,FALSE,NA,1,0.84,2,23,2,"!{grade3} & {er <= 9}",686,246,297,0.432944606413994,TRUE,"","NULL","",3.66000000000003
3209,8320160,1,0.5,FALSE,NA,1,0.76,10,59,10,"{age <= 46} & {pgr <= 114}",686,246,308,0.448979591836735,TRUE,"","NULL","",5.76800000000003
3210,8320161,1,0.5,FALSE,NA,1,0.72,4,24,4,"!{pgr <= 77} & {nodes <= 3}",686,246,300,0.43731778425656,TRUE,"","NULL","",4.46999999999997
3211,8320162,1,0.5,FALSE,NA,1,0.89,13,73,13,"{grade3} & !{er <= 9}",686,246,313,0.456268221574344,TRUE,"","NULL","",5.38400000000001
3212,8320163,1,0.5,FALSE,NA,1,0.94,5,89,5,"{size <= 25} & !{size <= 20}",686,246,318,0.463556851311953,TRUE,"","NULL","",5.44599999999997
3213,8320164,1,0.5,FALSE,NA,1,0.65,3,19,3,"!{pgr <= 77} & !{size <= 25}",686,246,307,0.447521865889213,TRUE,"","NULL","",4.83299999999997
3214,8320165,1,0.5,FALSE,NA,1,0.9,38,154,38,"!{er <= 100} & {size <= 29}",686,246,302,0.440233236151603,TRUE,"","NULL","",6.40800000000002
3215,8320166,1,0.5,FALSE,NA,0,NA,0,5,0,"",686,246,296,0.431486880466472,TRUE,"","NULL","",3.94900000000001
3216,8320167,1,0.5,FALSE,NA,1,0.93,26,82,26,"!{age <= 61} & !{pgr <= 2}",686,246,281,0.409620991253644,TRUE,"","NULL","",5.13100000000003
3217,8320168,1,0.5,FALSE,NA,1,0.59,1,5,1,"{pgr <= 0} & {size <= 35}",686,246,311,0.4533527696793,TRUE,"","NULL","",4.73099999999999
3218,8320169,1,0.5,FALSE,NA,1,0.94,36,83,36,"{grade3} & !{age <= 53}",686,246,294,0.428571428571429,TRUE,"","NULL","",5.55799999999999
3219,8320170,1,0.5,FALSE,NA,1,0.99,176,354,176,"{nodes <= 3} & {pgr <= 8}",686,246,302,0.440233236151603,TRUE,"","NULL","",8.93899999999996
3220,8320171,1,0.5,FALSE,NA,1,0.94,70,293,70,"{er <= 44} & !{pgr <= 77}",686,246,310,0.451895043731778,TRUE,"","NULL","",5.70400000000001
3221,8320172,1,0.5,FALSE,NA,1,0.87,28,130,28,"!{meno} & !{age <= 46}",686,246,310,0.451895043731778,TRUE,"","NULL","",7.053
3222,8320173,1,0.5,FALSE,NA,1,0.91,21,83,21,"{age <= 53} & !{pgr <= 114}",686,246,302,0.440233236151603,TRUE,"","NULL","",5.096
3223,8320174,1,0.5,FALSE,NA,1,0.93,8,51,8,"{size <= 29} & !{pgr <= 114}",686,246,295,0.43002915451895,TRUE,"","NULL","",4.61400000000003
3224,8320175,1,0.5,FALSE,NA,1,0.76,4,18,4,"{er <= 294} & !{pgr <= 184}",686,246,294,0.428571428571429,TRUE,"","NULL","",4.464
3225,8320176,1,0.5,FALSE,NA,1,0.77,3,21,3,"!{pgr <= 184} & !{size <= 25}",686,246,295,0.43002915451895,TRUE,"","NULL","",4.89700000000005
3226,8320177,1,0.5,FALSE,NA,1,0.98,58,155,58,"!{pgr <= 45} & !{nodes <= 3}",686,246,301,0.438775510204082,TRUE,"","NULL","",6.50100000000003
3227,8320178,1,0.5,FALSE,NA,1,1,97,223,97,"!{pgr <= 184} & !{er <= 70}",686,246,316,0.46064139941691,TRUE,"","NULL","",7.00199999999995
3228,8320179,1,0.5,FALSE,NA,1,0.81,10,41,10,"{nodes <= 1} & !{pgr <= 16}",686,246,317,0.462099125364431,TRUE,"","NULL","",3.87299999999999
3229,8320180,1,0.5,FALSE,NA,1,0.88,17,38,17,"{nodes <= 1} & !{pgr <= 0}",686,246,296,0.431486880466472,TRUE,"","NULL","",5.36500000000001
3230,8320181,1,0.5,FALSE,NA,1,0.97,49,112,49,"!{er <= 174} & {nodes <= 7}",686,246,295,0.43002915451895,TRUE,"","NULL","",6.26900000000001
3231,8320182,1,0.5,FALSE,NA,1,0.52,1,15,1,"!{er <= 30} & {er <= 70}",686,246,290,0.422740524781341,TRUE,"","NULL","",4.38900000000001
3232,8320183,1,0.5,FALSE,NA,1,0.56,1,12,1,"!{er <= 100} & !{size <= 29}",686,246,317,0.462099125364431,TRUE,"","NULL","",4.23000000000002
3233,8320184,1,0.5,FALSE,NA,1,0.95,18,83,18,"!{nodes <= 3} & {nodes <= 5}",686,246,284,0.41399416909621,TRUE,"","NULL","",5.94
3234,8320185,1,0.5,FALSE,NA,1,0.54,1,20,1,"{pgr <= 2} & !{grade3}",686,246,324,0.472303206997085,TRUE,"","NULL","",5.13399999999996
3235,8320186,1,0.5,FALSE,NA,1,0.81,31,159,31,"!{pgr <= 16} & {age <= 53}",686,246,309,0.450437317784257,TRUE,"","NULL","",6.08699999999999
3236,8320187,1,0.5,FALSE,NA,1,0.75,8,88,8,"!{grade3} & {er <= 30}",686,246,317,0.462099125364431,TRUE,"","NULL","",4.59399999999999
3237,8320188,1,0.5,FALSE,NA,1,0.52,1,39,1,"{er <= 30} & !{age <= 46}",686,246,273,0.397959183673469,TRUE,"","NULL","Loglik converged before variable  1 ; coefficient may be infinite.  | Loglik converged before variable  1 ; coefficient may be infinite. ",5.39299999999997
3238,8320189,1,0.5,FALSE,NA,1,1,217,485,217,"!{meno} & !{pgr <= 77}",686,246,279,0.406705539358601,TRUE,"","NULL","",10.728
3239,8320190,1,0.5,FALSE,NA,1,0.96,16,69,16,"!{size <= 25} & !{er <= 174}",686,246,315,0.459183673469388,TRUE,"","NULL","",5.08499999999998
3240,8320191,1,0.5,FALSE,NA,1,0.85,13,95,13,"!{age <= 53} & !{pgr <= 45}",686,246,322,0.469387755102041,TRUE,"","NULL","",3.78199999999998
3241,8320192,1,0.5,FALSE,NA,1,0.7,1,37,1,"!{pgr <= 114} & !{er <= 174}",686,246,315,0.459183673469388,TRUE,"","NULL","",5.61500000000001
3242,8320193,1,0.5,FALSE,NA,1,0.88,21,72,21,"{nodes <= 3} & {age <= 46}",686,246,322,0.469387755102041,TRUE,"","NULL","",5.12799999999999
3243,8320194,1,0.5,FALSE,NA,1,0.92,9,47,9,"!{pgr <= 184} & !{grade3}",686,246,309,0.450437317784257,TRUE,"","NULL","",4.70300000000003
3244,8320195,1,0.5,FALSE,NA,1,0.82,3,19,3,"!{size <= 29} & !{pgr <= 114}",686,246,319,0.465014577259475,TRUE,"","NULL","",4.49899999999997
3245,8320196,1,0.5,FALSE,NA,1,0.97,72,208,72,"!{size <= 35} & !{nodes <= 3}",686,246,304,0.443148688046647,TRUE,"","NULL","",7.46600000000001
3246,8320197,1,0.5,FALSE,NA,1,0.67,2,6,2,"{er <= 17} & !{pgr <= 16}",686,246,296,0.431486880466472,TRUE,"","NULL","",3.86700000000002
3247,8320198,1,0.5,FALSE,NA,1,0.96,84,251,84,"!{er <= 174} & !{nodes <= 1}",686,246,290,0.422740524781341,TRUE,"","NULL","",7.16500000000002
3248,8320199,1,0.5,FALSE,NA,1,0.69,9,85,9,"{pgr <= 26} & !{er <= 0}",686,246,303,0.441690962099125,TRUE,"","NULL","",4.512
3249,8320200,1,0.5,FALSE,NA,1,0.96,9,36,9,"!{er <= 70} & {er <= 100}",686,246,311,0.4533527696793,TRUE,"","NULL","",5.01999999999998
3250,8320201,1,0.5,FALSE,NA,1,0.83,8,35,8,"!{er <= 9} & {size <= 20}",686,246,280,0.408163265306122,TRUE,"","NULL","",4.685
3251,8320202,1,0.5,FALSE,NA,1,0.85,23,78,23,"!{size <= 35} & {er <= 174}",686,246,309,0.450437317784257,TRUE,"","NULL","",5.495
3252,8320203,1,0.5,FALSE,NA,1,0.88,6,66,6,"!{pgr <= 184} & !{size <= 20}",686,246,304,0.443148688046647,TRUE,"","NULL","",5.22899999999998
3253,8320204,1,0.5,FALSE,NA,1,0.88,28,84,28,"{meno} & {er <= 9}",686,246,308,0.448979591836735,TRUE,"","NULL","",6.50399999999996
3254,8320205,1,0.5,FALSE,NA,1,0.88,19,132,19,"{pgr <= 16} & !{er <= 9}",686,246,292,0.425655976676385,TRUE,"","NULL","",5.96099999999996
3255,8320206,1,0.5,FALSE,NA,1,0.83,31,127,31,"{size <= 35} & !{pgr <= 114}",686,246,312,0.454810495626822,TRUE,"","NULL","",5.80099999999999
3256,8320207,1,0.5,FALSE,NA,1,0.8,8,60,8,"!{age <= 46} & !{er <= 174}",686,246,284,0.41399416909621,TRUE,"","NULL","",4.173
3257,8320208,1,0.5,FALSE,NA,1,0.97,49,170,49,"!{er <= 174} & !{pgr <= 2}",686,246,310,0.451895043731778,TRUE,"","NULL","",7.44899999999996
3258,8320209,1,0.5,FALSE,NA,1,0.68,2,24,2,"!{meno} & !{pgr <= 114}",686,246,302,0.440233236151603,TRUE,"","NULL","",4.27300000000002
3259,8320210,1,0.5,FALSE,NA,1,0.82,22,106,22,"!{er <= 100} & !{size <= 20}",686,246,301,0.438775510204082,TRUE,"","NULL","",5.72999999999996
3260,8320211,1,0.5,FALSE,NA,1,0.84,11,49,11,"!{size <= 35} & !{pgr <= 26}",686,246,302,0.440233236151603,TRUE,"","NULL","",4.274
3261,8320212,1,0.5,FALSE,NA,1,1,40,113,40,"{er <= 3} & !{pgr <= 0}",686,246,307,0.447521865889213,TRUE,"","NULL","",6.46099999999996
3262,8320213,1,0.5,FALSE,NA,1,0.97,72,230,72,"!{nodes <= 7} & !{er <= 3}",686,246,320,0.466472303206997,TRUE,"","NULL","",7.065
3263,8320214,1,0.5,FALSE,NA,1,0.61,5,36,5,"!{er <= 70} & {age <= 61}",686,246,318,0.463556851311953,TRUE,"","NULL","",4.74599999999998
3264,8320215,1,0.5,FALSE,NA,1,0.96,29,170,29,"{pgr <= 26} & !{pgr <= 16}",686,246,304,0.443148688046647,TRUE,"","NULL","",5.06600000000003
3265,8320216,1,0.5,FALSE,NA,1,0.85,11,55,11,"{grade3} & !{pgr <= 2}",686,246,295,0.43002915451895,TRUE,"","NULL","",5.70400000000001
3266,8320217,1,0.5,FALSE,NA,1,0.9,21,108,21,"!{er <= 70} & {pgr <= 77}",686,246,294,0.428571428571429,TRUE,"","NULL","",5.75
3267,8320218,1,0.5,FALSE,NA,1,0.79,8,57,8,"!{er <= 9} & {er <= 17}",686,246,330,0.481049562682216,TRUE,"","NULL","",5.02999999999997
3268,8320219,1,0.5,FALSE,NA,1,0.95,52,139,52,"!{age <= 61} & {er <= 174}",686,246,312,0.454810495626822,TRUE,"","NULL","",5.52100000000002
3269,8320220,1,0.5,FALSE,NA,0,NA,0,14,0,"",686,246,295,0.43002915451895,TRUE,"","NULL","",4.64600000000002
3270,8320221,1,0.5,FALSE,NA,1,0.89,13,74,13,"!{pgr <= 114} & !{size <= 25}",686,246,308,0.448979591836735,TRUE,"","NULL","",5.39600000000002
3271,8320222,1,0.5,FALSE,NA,1,0.74,10,49,10,"{nodes <= 1} & {pgr <= 184}",686,246,285,0.415451895043732,TRUE,"","NULL","",4.78999999999996
3272,8320223,1,0.5,FALSE,NA,1,0.95,39,141,39,"!{er <= 100} & {size <= 29}",686,246,299,0.435860058309038,TRUE,"","NULL","",5.70100000000002
3273,8320224,1,0.5,FALSE,NA,1,0.95,12,49,12,"!{pgr <= 184} & {size <= 35}",686,246,303,0.441690962099125,TRUE,"","NULL","",5.35500000000002
3274,8320225,1,0.5,FALSE,NA,1,0.88,39,76,39,"!{pgr <= 114} & {size <= 35}",686,246,294,0.428571428571429,TRUE,"","NULL","",5.11099999999999
3275,8320226,1,0.5,FALSE,NA,1,0.74,6,40,6,"!{age <= 61} & {size <= 29}",686,246,296,0.431486880466472,TRUE,"","NULL","",4.64000000000004
3276,8320227,1,0.5,FALSE,NA,1,0.59,2,29,2,"{size <= 25} & {er <= 9}",686,246,306,0.446064139941691,TRUE,"","NULL","",4.84800000000001
3277,8320228,1,0.5,FALSE,NA,1,0.97,59,155,59,"{nodes <= 3} & {pgr <= 8}",686,246,279,0.406705539358601,TRUE,"","NULL","",6.83299999999997
3278,8320229,1,0.5,FALSE,NA,1,0.92,38,154,38,"!{pgr <= 26} & !{age <= 53}",686,246,296,0.431486880466472,TRUE,"","NULL","",6.13499999999999
3279,8320230,1,0.5,FALSE,NA,1,0.79,1,16,1,"!{er <= 3} & {er <= 9}",686,246,287,0.418367346938776,TRUE,"","NULL","",4.07099999999997
3280,8320231,1,0.5,FALSE,NA,1,0.6,3,27,3,"!{pgr <= 184} & !{nodes <= 1}",686,246,300,0.43731778425656,TRUE,"","NULL","",4.23200000000003
3281,8320232,1,0.5,FALSE,NA,1,0.86,29,151,29,"{nodes <= 7} & {er <= 17}",686,246,288,0.419825072886297,TRUE,"","NULL","",6.71999999999997
3282,8320233,1,0.5,FALSE,NA,1,0.9,10,34,10,"{nodes <= 1} & {meno}",686,246,300,0.43731778425656,TRUE,"","NULL","",4.79999999999995
3283,8320234,1,0.5,FALSE,NA,1,0.93,48,165,48,"{age <= 53} & {er <= 17}",686,246,299,0.435860058309038,TRUE,"","NULL","",6.11099999999999
3284,8320235,1,0.5,FALSE,NA,1,0.9,9,64,9,"{nodes <= 3} & !{pgr <= 114}",686,246,297,0.432944606413994,TRUE,"","NULL","",4.19799999999998
3285,8320236,1,0.5,FALSE,NA,1,0.79,18,116,18,"{size <= 25} & !{pgr <= 77}",686,246,301,0.438775510204082,TRUE,"","NULL","",6.40999999999997
3286,8320237,1,0.5,FALSE,NA,1,0.96,59,190,59,"{nodes <= 7} & {er <= 3}",686,246,286,0.416909620991254,TRUE,"","NULL","",6.58499999999998
3287,8320238,1,0.5,FALSE,NA,1,0.99,47,141,47,"{nodes <= 5} & {pgr <= 2}",686,246,263,0.383381924198251,TRUE,"","NULL","",5.86500000000001
3288,8320239,1,0.5,FALSE,NA,1,0.61,1,11,1,"{meno} & !{nodes <= 7}",686,246,290,0.422740524781341,TRUE,"","NULL","",3.85999999999996
3289,8320240,1,0.5,FALSE,NA,1,0.8,2,21,2,"!{age <= 61} & !{er <= 30}",686,246,289,0.421282798833819,TRUE,"","NULL","",4.69299999999998
3290,8320241,1,0.5,FALSE,NA,1,0.65,1,26,1,"{grade3} & {size <= 29}",686,246,299,0.435860058309038,TRUE,"","NULL","",4.51900000000001
3291,8320242,1,0.5,FALSE,NA,1,0.99,91,217,91,"{size <= 35} & {pgr <= 0}",686,246,296,0.431486880466472,TRUE,"","NULL","",6.75900000000001
3292,8320243,1,0.5,FALSE,NA,1,0.96,23,67,23,"{nodes <= 1} & !{pgr <= 2}",686,246,312,0.454810495626822,TRUE,"","NULL","",4.86900000000003
3293,8320244,1,0.5,FALSE,NA,1,0.78,5,26,5,"{er <= 44} & !{pgr <= 45}",686,246,313,0.456268221574344,TRUE,"","NULL","",5.07499999999999
3294,8320245,1,0.5,FALSE,NA,0,NA,0,12,0,"",686,246,294,0.428571428571429,TRUE,"","NULL","",4.56999999999999
3295,8320246,1,0.5,FALSE,NA,1,0.97,15,47,15,"{age <= 53} & {nodes <= 1}",686,246,298,0.434402332361516,TRUE,"","NULL","",4.62300000000005
3296,8320247,1,0.5,FALSE,NA,1,0.72,4,24,4,"!{er <= 100} & {size <= 25}",686,246,276,0.402332361516035,TRUE,"","NULL","",4.404
3297,8320248,1,0.5,FALSE,NA,1,0.98,18,86,18,"{nodes <= 1} & {size <= 20}",686,246,318,0.463556851311953,TRUE,"","NULL","",6.221
3298,8320249,1,0.5,FALSE,NA,1,0.83,1,12,1,"{er <= 3} & !{pgr <= 0}",686,246,316,0.46064139941691,TRUE,"","NULL","",4.28199999999998
3299,8320250,1,0.5,FALSE,NA,1,0.71,3,9,3,"!{pgr <= 45} & {pgr <= 114}",686,246,318,0.463556851311953,TRUE,"","NULL","",4.36799999999999
3300,8320251,1,0.5,FALSE,NA,1,0.61,3,26,3,"!{er <= 44} & {pgr <= 26}",686,246,303,0.441690962099125,TRUE,"","NULL","",4.74699999999996
3301,8320252,1,0.5,FALSE,NA,1,0.91,16,72,16,"!{pgr <= 45} & {er <= 70}",686,246,312,0.454810495626822,TRUE,"","NULL","",5.93000000000001
3302,8320253,1,0.5,FALSE,NA,1,0.89,13,100,13,"!{pgr <= 77} & {er <= 44}",686,246,298,0.434402332361516,TRUE,"","NULL","",5.46100000000001
3303,8320254,1,0.5,FALSE,NA,1,0.84,3,17,3,"!{er <= 100} & {pgr <= 77}",686,246,295,0.43002915451895,TRUE,"","NULL","",4.27900000000005
3304,8320255,1,0.5,FALSE,NA,1,0.86,15,81,15,"{size <= 20} & {er <= 100}",686,246,315,0.459183673469388,TRUE,"","NULL","",5.029
3305,8320256,1,0.5,FALSE,NA,1,0.58,3,21,3,"{age <= 46} & !{nodes <= 1}",686,246,318,0.463556851311953,TRUE,"","NULL","",5.16700000000003
3306,8320257,1,0.5,FALSE,NA,1,0.93,25,82,25,"!{age <= 61} & {pgr <= 45}",686,246,300,0.43731778425656,TRUE,"","NULL","",5.47399999999999
3307,8320258,1,0.5,FALSE,NA,1,0.88,8,43,8,"{age <= 46} & !{size <= 20}",686,246,308,0.448979591836735,TRUE,"","NULL","",5.41399999999999
3308,8320259,1,0.5,FALSE,NA,0,NA,0,19,0,"",686,246,309,0.450437317784257,TRUE,"","NULL","",4.28999999999996
3309,8320260,1,0.5,FALSE,NA,1,0.8,10,38,10,"!{pgr <= 77} & !{size <= 25}",686,246,303,0.441690962099125,TRUE,"","NULL","",4.887
3310,8320261,1,0.5,FALSE,NA,1,0.93,28,163,28,"!{age <= 61} & !{size <= 20}",686,246,284,0.41399416909621,TRUE,"","NULL","",6.32300000000004
3311,8320262,1,0.5,FALSE,NA,1,0.99,160,422,160,"!{size <= 29} & !{pgr <= 77}",686,246,282,0.411078717201166,TRUE,"","NULL","",9.11599999999999
3312,8320263,1,0.5,FALSE,NA,1,0.93,9,63,9,"!{nodes <= 7} & {er <= 17}",686,246,298,0.434402332361516,TRUE,"","NULL","",3.66499999999996
3313,8320264,1,0.5,FALSE,NA,1,0.96,37,141,37,"!{nodes <= 5} & !{pgr <= 26}",686,246,310,0.451895043731778,TRUE,"","NULL","",6.93799999999999
3314,8320265,1,0.5,FALSE,NA,1,0.99,49,142,49,"!{pgr <= 26} & !{size <= 35}",686,246,305,0.444606413994169,TRUE,"","NULL","",6.12
3315,8320266,1,0.5,FALSE,NA,1,0.61,2,14,2,"{nodes <= 3} & {er <= 9}",686,246,311,0.4533527696793,TRUE,"","NULL","",4.642
3316,8320267,1,0.5,FALSE,NA,1,0.88,17,70,17,"!{age <= 61} & !{pgr <= 26}",686,246,315,0.459183673469388,TRUE,"","NULL","",4.61700000000002
3317,8320268,1,0.5,FALSE,NA,1,0.66,3,42,3,"{size <= 20} & !{pgr <= 26}",686,246,301,0.438775510204082,TRUE,"","NULL","",5.50200000000001
3318,8320269,1,0.5,FALSE,NA,1,0.76,12,71,12,"{nodes <= 1} & {er <= 44}",686,246,301,0.438775510204082,TRUE,"","NULL","",5.72399999999999
3319,8320270,1,0.5,FALSE,NA,0,NA,0,4,0,"",686,246,310,0.451895043731778,TRUE,"","NULL","",4.50799999999998
3320,8320271,1,0.5,FALSE,NA,1,0.96,77,304,77,"{er <= 44} & !{pgr <= 16}",686,246,294,0.428571428571429,TRUE,"","NULL","",7.11599999999999
3321,8320272,1,0.5,FALSE,NA,1,0.9,9,47,9,"!{er <= 70} & !{nodes <= 5}",686,246,283,0.412536443148688,TRUE,"","NULL","",5.149
3322,8320273,1,0.5,FALSE,NA,1,0.91,41,100,41,"{grade3} & {age <= 61}",686,246,300,0.43731778425656,TRUE,"","NULL","",5.601
3323,8320274,1,0.5,FALSE,NA,1,0.54,1,7,1,"!{er <= 44} & {nodes <= 1}",686,246,305,0.444606413994169,TRUE,"","NULL","",4.24700000000001
3324,8320275,1,0.5,FALSE,NA,0,NA,0,1,0,"",686,246,296,0.431486880466472,TRUE,"","NULL","",4.11900000000003
3325,8320276,1,0.5,FALSE,NA,1,0.92,14,96,14,"!{age <= 61} & !{nodes <= 3}",686,246,291,0.424198250728863,TRUE,"","NULL","",5.62200000000001
3326,8320277,1,0.5,FALSE,NA,1,0.94,15,35,15,"!{age <= 61} & !{size <= 25}",686,246,317,0.462099125364431,TRUE,"","NULL","",4.87
3327,8320278,1,0.5,FALSE,NA,1,0.92,7,33,7,"!{pgr <= 45} & !{size <= 29}",686,246,303,0.441690962099125,TRUE,"","NULL","",4.42500000000001
3328,8320279,1,0.5,FALSE,NA,1,0.91,26,73,26,"!{size <= 35} & {age <= 53}",686,246,287,0.418367346938776,TRUE,"","NULL","",4.94599999999997
3329,8320280,1,0.5,FALSE,NA,1,0.95,9,36,9,"{age <= 46} & !{er <= 30}",686,246,286,0.416909620991254,TRUE,"","NULL","",4.97300000000001
3330,8320281,1,0.5,FALSE,NA,1,0.86,7,40,7,"{nodes <= 7} & {er <= 0}",686,246,306,0.446064139941691,TRUE,"","NULL","",4.77600000000001
3331,8320282,1,0.5,FALSE,NA,1,0.8,7,39,7,"{er <= 0}",686,246,295,0.43002915451895,TRUE,"","NULL","",4.755
3332,8320283,1,0.5,FALSE,NA,1,0.98,41,111,41,"!{er <= 174} & {nodes <= 5}",686,246,290,0.422740524781341,TRUE,"","NULL","",5.59199999999998
3333,8320284,1,0.5,FALSE,NA,1,0.96,203,574,203,"!{pgr <= 8} & {pgr <= 26}",686,246,298,0.434402332361516,TRUE,"","NULL","",11.75
3334,8320285,1,0.5,FALSE,NA,1,0.92,18,100,18,"{er <= 17} & !{er <= 9}",686,246,311,0.4533527696793,TRUE,"","NULL","",5.41699999999997
3335,8320286,1,0.5,FALSE,NA,1,0.89,11,58,11,"!{er <= 9} & {er <= 44}",686,246,289,0.421282798833819,TRUE,"","NULL","",4.43100000000004
3336,8320287,1,0.5,FALSE,NA,1,0.77,23,122,23,"!{size <= 29} & !{er <= 30}",686,246,299,0.435860058309038,TRUE,"","NULL","",4.15300000000002
3337,8320288,1,0.5,FALSE,NA,1,0.89,21,71,21,"!{er <= 174} & {size <= 35}",686,246,301,0.438775510204082,TRUE,"","NULL","",5.77600000000001
3338,8320289,1,0.5,FALSE,NA,1,0.63,2,10,2,"{nodes <= 7} & !{nodes <= 5}",686,246,282,0.411078717201166,TRUE,"","NULL","",4.23099999999999
3339,8320290,1,0.5,FALSE,NA,1,0.93,66,232,66,"!{er <= 70} & !{nodes <= 1}",686,246,303,0.441690962099125,TRUE,"","NULL","",6.94999999999999
3340,8320291,1,0.5,FALSE,NA,1,0.84,9,68,9,"!{pgr <= 184} & !{er <= 30}",686,246,294,0.428571428571429,TRUE,"","NULL","",4.46999999999997
3341,8320292,1,0.5,FALSE,NA,1,0.98,100,274,100,"{size <= 25} & !{pgr <= 77}",686,246,321,0.467930029154519,TRUE,"","NULL","",8.53399999999999
3342,8320293,1,0.5,FALSE,NA,1,1,27,75,27,"{nodes <= 1} & {age <= 61}",686,246,294,0.428571428571429,TRUE,"","NULL","",5.02299999999997
3343,8320294,1,0.5,FALSE,NA,1,0.81,9,68,9,"{nodes <= 7} & !{er <= 100}",686,246,303,0.441690962099125,TRUE,"","NULL","",5.39299999999997
3344,8320295,1,0.5,FALSE,NA,1,0.94,50,248,50,"{size <= 20} & !{er <= 30}",686,246,310,0.451895043731778,TRUE,"","NULL","",5.81700000000001
3345,8320296,1,0.5,FALSE,NA,1,0.99,69,220,69,"{er <= 3} & {grade3}",686,246,315,0.459183673469388,TRUE,"","NULL","",7.89800000000002
3346,8320297,1,0.5,FALSE,NA,1,0.98,60,202,60,"!{nodes <= 7} & !{pgr <= 2}",686,246,297,0.432944606413994,TRUE,"","NULL","",6.26000000000005
3347,8320298,1,0.5,FALSE,NA,1,0.66,9,40,9,"!{meno} & {nodes <= 1}",686,246,311,0.4533527696793,TRUE,"","NULL","",4.78500000000003
3348,8320299,1,0.5,FALSE,NA,1,0.84,5,33,5,"{age <= 61} & !{size <= 35}",686,246,307,0.447521865889213,TRUE,"","NULL","",4.02199999999999
3349,8320300,1,0.5,FALSE,NA,1,0.96,20,93,20,"{meno} & {er <= 9}",686,246,289,0.421282798833819,TRUE,"","NULL","",5.87600000000003
3350,8320301,1,0.5,FALSE,NA,1,0.9,9,35,9,"{size <= 25} & !{er <= 100}",686,246,319,0.465014577259475,TRUE,"","NULL","",4.65600000000001
3351,8320302,1,0.5,FALSE,NA,1,0.89,8,32,8,"!{er <= 100} & {er <= 174}",686,246,299,0.435860058309038,TRUE,"","NULL","",4.661
3352,8320303,1,0.5,FALSE,NA,1,0.96,43,180,43,"!{er <= 0} & {er <= 9}",686,246,299,0.435860058309038,TRUE,"","NULL","",5.93700000000001
3353,8320304,1,0.5,FALSE,NA,1,0.92,25,129,25,"!{size <= 20} & !{er <= 70}",686,246,308,0.448979591836735,TRUE,"","NULL","",6.86799999999999
3354,8320305,1,0.5,FALSE,NA,1,1,294,631,294,"{age <= 46} & !{er <= 30}",686,246,293,0.427113702623907,TRUE,"","NULL","",11.532
3355,8320306,1,0.5,FALSE,NA,1,1,204,394,204,"{pgr <= 114} & !{age <= 61}",686,246,303,0.441690962099125,TRUE,"","NULL","",7.02500000000003
3356,8320307,1,0.5,FALSE,NA,1,0.93,19,77,19,"{size <= 25} & {age <= 46}",686,246,292,0.425655976676385,TRUE,"","NULL","",3.15800000000002
3357,8320308,1,0.5,FALSE,NA,1,0.95,22,125,22,"{size <= 25} & {pgr <= 8}",686,246,285,0.415451895043732,TRUE,"","NULL","",6.84699999999998
3358,8320309,1,0.5,FALSE,NA,1,0.99,87,293,87,"{size <= 25} & !{pgr <= 114}",686,246,301,0.438775510204082,TRUE,"","NULL","",7.99899999999997
3359,8320310,1,0.5,FALSE,NA,1,0.89,25,155,25,"!{age <= 53} & !{size <= 25}",686,246,288,0.419825072886297,TRUE,"","NULL","",5.83800000000002
3360,8320311,1,0.5,FALSE,NA,1,0.79,12,61,12,"{nodes <= 3} & !{pgr <= 26}",686,246,317,0.462099125364431,TRUE,"","NULL","",3.62600000000003
3361,8320312,1,0.5,FALSE,NA,1,0.86,5,38,5,"!{size <= 35} & !{nodes <= 3}",686,246,302,0.440233236151603,TRUE,"","NULL","",5.39000000000004
3362,8320313,1,0.5,FALSE,NA,0,NA,0,4,0,"",686,246,301,0.438775510204082,TRUE,"","NULL","",4.12100000000004
3363,8320314,1,0.5,FALSE,NA,1,0.94,35,95,35,"{meno} & {grade3}",686,246,290,0.422740524781341,TRUE,"","NULL","",5.16800000000001
3364,8320315,1,0.5,FALSE,NA,1,0.95,125,365,125,"!{nodes <= 3} & !{pgr <= 16}",686,246,303,0.441690962099125,TRUE,"","NULL","",7.79599999999999
3365,8320316,1,0.5,FALSE,NA,1,0.92,38,160,38,"{grade3} & !{er <= 3}",686,246,320,0.466472303206997,TRUE,"","NULL","",7.33100000000002
3366,8320317,1,0.5,FALSE,NA,1,0.91,29,150,29,"{size <= 20} & {er <= 70}",686,246,313,0.456268221574344,TRUE,"","NULL","",5.79699999999997
3367,8320318,1,0.5,FALSE,NA,1,0.55,4,30,4,"{grade3} & !{pgr <= 2}",686,246,306,0.446064139941691,TRUE,"","NULL","",5.02800000000002
3368,8320319,1,0.5,FALSE,NA,1,0.67,2,12,2,"!{size <= 35} & !{er <= 30}",686,246,286,0.416909620991254,TRUE,"","NULL","",3.68299999999999
3369,8320320,1,0.5,FALSE,NA,1,0.72,2,25,2,"!{nodes <= 5} & {pgr <= 8}",686,246,275,0.400874635568513,TRUE,"","NULL","",4.42600000000004
3370,8320321,1,0.5,FALSE,NA,1,0.9,29,104,29,"!{grade3} & !{pgr <= 114}",686,246,297,0.432944606413994,TRUE,"","NULL","",5.64200000000005
3371,8320322,1,0.5,FALSE,NA,1,0.96,41,172,41,"!{er <= 30} & !{age <= 61}",686,246,302,0.440233236151603,TRUE,"","NULL","",6.512
3372,8320323,1,0.5,FALSE,NA,1,0.72,5,26,5,"!{er <= 3} & {age <= 46}",686,246,293,0.427113702623907,TRUE,"","NULL","",4.28200000000004
3373,8320324,1,0.5,FALSE,NA,1,0.83,12,76,12,"!{size <= 25} & {nodes <= 3}",686,246,291,0.424198250728863,TRUE,"","NULL","",5.56100000000004
3374,8320325,1,0.5,FALSE,NA,1,0.99,47,141,47,"!{pgr <= 184}",686,246,295,0.43002915451895,TRUE,"","NULL","",5.99600000000004
3375,8320326,1,0.5,FALSE,NA,1,0.74,7,68,7,"!{er <= 0} & {pgr <= 16}",686,246,308,0.448979591836735,TRUE,"","NULL","",5.20499999999998
3376,8320327,1,0.5,FALSE,NA,1,0.95,68,228,68,"{pgr <= 26} & !{er <= 0}",686,246,312,0.454810495626822,TRUE,"","NULL","",5.85199999999998
3377,8320328,1,0.5,FALSE,NA,1,0.99,29,89,29,"!{er <= 70} & !{nodes <= 5}",686,246,274,0.399416909620991,TRUE,"","NULL","",5.92700000000002
3378,8320329,1,0.5,FALSE,NA,1,0.93,7,44,7,"!{pgr <= 45} & !{size <= 35}",686,246,285,0.415451895043732,TRUE,"","NULL","",4.81
3379,8320330,1,0.5,FALSE,NA,1,0.91,21,108,21,"!{er <= 70} & {er <= 174}",686,246,313,0.456268221574344,TRUE,"","NULL","",5.44400000000002
3380,8320331,1,0.5,FALSE,NA,1,0.94,36,156,36,"{pgr <= 2} & {nodes <= 7}",686,246,283,0.412536443148688,TRUE,"","NULL","",5.70799999999997
3381,8320332,1,0.5,FALSE,NA,1,0.89,37,143,37,"{grade3} & !{er <= 9}",686,246,319,0.465014577259475,TRUE,"","NULL","",6.976
3382,8320333,1,0.5,FALSE,NA,1,1,41,138,41,"!{nodes <= 7} & {meno}",686,246,297,0.432944606413994,TRUE,"","NULL","",5.90500000000003
3383,8320334,1,0.5,FALSE,NA,1,0.97,23,90,23,"{nodes <= 5} & !{age <= 61}",686,246,304,0.443148688046647,TRUE,"","NULL","",5.13
3384,8320335,1,0.5,FALSE,NA,1,0.92,23,124,23,"{grade3} & !{nodes <= 1}",686,246,306,0.446064139941691,TRUE,"","NULL","",4.78300000000002
3385,8320336,1,0.5,FALSE,NA,0,NA,0,1,0,"",686,246,302,0.440233236151603,TRUE,"","NULL","",4.60300000000001
3386,8320337,1,0.5,FALSE,NA,1,0.97,39,131,39,"{age <= 61} & !{er <= 100}",686,246,327,0.47667638483965,TRUE,"","NULL","",6.08999999999997
3387,8320338,1,0.5,FALSE,NA,1,0.99,73,198,73,"!{pgr <= 77} & {er <= 70}",686,246,271,0.395043731778426,TRUE,"","NULL","",6.47800000000001
3388,8320339,1,0.5,FALSE,NA,1,0.73,6,31,6,"!{nodes <= 7} & !{age <= 46}",686,246,322,0.469387755102041,TRUE,"","NULL","",4.36700000000002
3389,8320340,1,0.5,FALSE,NA,1,0.98,105,246,105,"!{pgr <= 114} & {meno}",686,246,306,0.446064139941691,TRUE,"","NULL","",8.14499999999998
3390,8320341,1,0.5,FALSE,NA,1,1,101,275,101,"!{nodes <= 7} & {pgr <= 184}",686,246,305,0.444606413994169,TRUE,"","NULL","",7.46800000000002
3391,8320342,1,0.5,FALSE,NA,1,0.73,2,49,2,"!{nodes <= 3} & !{pgr <= 114}",686,246,304,0.443148688046647,TRUE,"","NULL","",4.608
3392,8320343,1,0.5,FALSE,NA,1,0.97,93,260,93,"{pgr <= 2} & !{er <= 0}",686,246,311,0.4533527696793,TRUE,"","NULL","",5.68299999999999
3393,8320344,1,0.5,FALSE,NA,1,0.99,50,152,50,"!{pgr <= 114} & !{nodes <= 3}",686,246,309,0.450437317784257,TRUE,"","NULL","",6.77700000000004
3394,8320345,1,0.5,FALSE,NA,1,0.72,3,34,3,"!{age <= 61} & !{grade3}",686,246,292,0.425655976676385,TRUE,"","NULL","",4.46300000000002
3395,8320346,1,0.5,FALSE,NA,1,0.97,51,169,51,"{er <= 0}",686,246,324,0.472303206997085,TRUE,"","NULL","",6.46799999999996
3396,8320347,1,0.5,FALSE,NA,1,0.94,140,505,140,"{nodes <= 1} & !{size <= 20}",686,246,290,0.422740524781341,TRUE,"","NULL","",8.25200000000001
3397,8320348,1,0.5,FALSE,NA,1,0.93,9,34,9,"!{pgr <= 0} & !{nodes <= 7}",686,246,311,0.4533527696793,TRUE,"","NULL","",5.02199999999999
3398,8320349,1,0.5,FALSE,NA,0,NA,0,7,0,"",686,246,298,0.434402332361516,TRUE,"","NULL","",4.33100000000002
3399,8320350,1,0.5,FALSE,NA,1,0.87,5,22,5,"{pgr <= 16} & !{pgr <= 8}",686,246,310,0.451895043731778,TRUE,"","NULL","",4.54699999999997
3400,8320351,1,0.5,FALSE,NA,1,0.98,35,112,35,"{age <= 46} & {size <= 25}",686,246,288,0.419825072886297,TRUE,"","NULL","",5.88200000000001
3401,8320352,1,0.5,FALSE,NA,1,0.99,138,324,138,"!{pgr <= 114} & {meno}",686,246,326,0.475218658892128,TRUE,"","NULL","",9.04600000000005
3402,8320353,1,0.5,FALSE,NA,1,0.88,8,24,8,"{nodes <= 1} & !{pgr <= 45}",686,246,297,0.432944606413994,TRUE,"","NULL","",4.29899999999998
3403,8320354,1,0.5,FALSE,NA,1,0.98,27,117,27,"!{pgr <= 114} & {meno}",686,246,305,0.444606413994169,TRUE,"","NULL","",5.74900000000002
3404,8320355,1,0.5,FALSE,NA,1,0.93,19,53,19,"!{er <= 174} & !{pgr <= 26}",686,246,308,0.448979591836735,TRUE,"","NULL","",4.28199999999998
3405,8320356,1,0.5,FALSE,NA,1,0.89,25,99,25,"!{er <= 100} & {er <= 174}",686,246,295,0.43002915451895,TRUE,"","NULL","",6.04999999999995
3406,8320357,1,0.5,FALSE,NA,1,0.94,82,318,82,"!{er <= 174} & !{pgr <= 8}",686,246,309,0.450437317784257,TRUE,"","NULL","Loglik converged before variable  1 ; coefficient may be infinite. ",8.00600000000003
3407,8320358,1,0.5,FALSE,NA,1,0.94,3,35,3,"!{er <= 70} & {er <= 100}",686,246,310,0.451895043731778,TRUE,"","NULL","",4.88899999999995
3408,8320359,1,0.5,FALSE,NA,1,0.99,120,353,120,"!{er <= 70} & !{nodes <= 5}",686,246,292,0.425655976676385,TRUE,"","NULL","",6.57100000000003
3409,8320360,1,0.5,FALSE,NA,1,0.93,51,178,51,"{nodes <= 1} & {size <= 29}",686,246,295,0.43002915451895,TRUE,"","NULL","",7.29500000000002
3410,8320361,1,0.5,FALSE,NA,1,0.73,1,14,1,"!{er <= 174} & !{nodes <= 1}",686,246,277,0.403790087463557,TRUE,"","NULL","",4.25700000000001
3411,8320362,1,0.5,FALSE,NA,1,0.87,39,196,39,"!{nodes <= 5} & !{pgr <= 2}",686,246,287,0.418367346938776,TRUE,"","NULL","",7.221
3412,8320363,1,0.5,FALSE,NA,1,0.89,25,105,25,"!{er <= 44} & {pgr <= 114}",686,246,310,0.451895043731778,TRUE,"","NULL","",4.45999999999998
3413,8320364,1,0.5,FALSE,NA,1,0.99,79,281,79,"{age <= 46} & {er <= 9}",686,246,311,0.4533527696793,TRUE,"","NULL","",8.63400000000001
3414,8320365,1,0.5,FALSE,NA,1,0.95,86,329,86,"{size <= 20} & {nodes <= 7}",686,246,309,0.450437317784257,TRUE,"","NULL","",8.32900000000001
3415,8320366,1,0.5,FALSE,NA,1,0.91,13,65,13,"{size <= 29} & !{er <= 100}",686,246,289,0.421282798833819,TRUE,"","NULL","",4.666
3416,8320367,1,0.5,FALSE,NA,1,0.88,19,71,19,"{size <= 25} & !{meno}",686,246,274,0.399416909620991,TRUE,"","NULL","",3.96899999999999
3417,8320368,1,0.5,FALSE,NA,1,0.91,10,76,10,"{size <= 20} & !{er <= 44}",686,246,305,0.444606413994169,TRUE,"","NULL","",5.714
3418,8320369,1,0.5,FALSE,NA,1,0.96,46,157,46,"{nodes <= 5} & !{size <= 35}",686,246,284,0.41399416909621,TRUE,"","NULL","",6.41799999999995
3419,8320370,1,0.5,FALSE,NA,1,0.81,10,39,10,"{pgr <= 2} & !{nodes <= 1}",686,246,289,0.421282798833819,TRUE,"","NULL","",4.17400000000004
3420,8320371,1,0.5,FALSE,NA,1,0.99,75,144,75,"!{er <= 70} & {nodes <= 3}",686,246,299,0.435860058309038,TRUE,"","NULL","",5.19600000000003
3421,8320372,1,0.5,FALSE,NA,1,0.81,9,61,9,"!{age <= 53} & !{nodes <= 3}",686,246,301,0.438775510204082,TRUE,"","NULL","",6.00200000000001
3422,8320373,1,0.5,FALSE,NA,1,0.98,88,301,88,"!{pgr <= 26} & {age <= 46}",686,246,296,0.431486880466472,TRUE,"","NULL","",8.29999999999995
3423,8320374,1,0.5,FALSE,NA,0,NA,0,7,0,"",686,246,282,0.411078717201166,TRUE,"","NULL","",4.291
3424,8320375,1,0.5,FALSE,NA,1,0.73,5,33,5,"!{size <= 35} & !{er <= 30}",686,246,308,0.448979591836735,TRUE,"","NULL","",3.88400000000001
3425,8320376,1,0.5,FALSE,NA,1,0.82,10,51,10,"!{pgr <= 114} & {size <= 29}",686,246,303,0.441690962099125,TRUE,"","NULL","",5.53399999999999
3426,8320377,1,0.5,FALSE,NA,1,0.96,95,244,95,"!{pgr <= 114} & !{er <= 70}",686,246,311,0.4533527696793,TRUE,"","NULL","",7.27100000000002
3427,8320378,1,0.5,FALSE,NA,1,0.93,27,114,27,"!{er <= 30} & !{meno}",686,246,299,0.435860058309038,TRUE,"","NULL","",5.87399999999997
3428,8320379,1,0.5,FALSE,NA,1,0.79,7,61,7,"!{pgr <= 77} & !{size <= 25}",686,246,284,0.41399416909621,TRUE,"","NULL","",4.07799999999997
3429,8320380,1,0.5,FALSE,NA,1,0.95,28,100,28,"{size <= 20} & !{meno}",686,246,340,0.495626822157434,TRUE,"","NULL","",6.47300000000001
3430,8320381,1,0.5,FALSE,NA,1,1,80,253,80,"!{er <= 30} & {age <= 46}",686,246,306,0.446064139941691,TRUE,"","NULL","",7.64400000000001
3431,8320382,1,0.5,FALSE,NA,1,0.83,16,48,16,"{pgr <= 2} & {er <= 100}",686,246,302,0.440233236151603,TRUE,"","NULL","Loglik converged before variable  1 ; coefficient may be infinite. ",5.03800000000001
3432,8320383,1,0.5,FALSE,NA,1,0.81,3,66,3,"{nodes <= 1} & !{pgr <= 26}",686,246,301,0.438775510204082,TRUE,"","NULL","",4.37400000000002
3433,8320384,1,0.5,FALSE,NA,0,NA,0,5,0,"",686,246,297,0.432944606413994,TRUE,"","NULL","",4.62899999999996
3434,8320385,1,0.5,FALSE,NA,1,0.51,3,19,3,"!{size <= 25} & {er <= 9}",686,246,331,0.482507288629738,TRUE,"","NULL","",4.89699999999999
3435,8320386,1,0.5,FALSE,NA,1,0.71,6,19,6,"{size <= 35} & {age <= 46}",686,246,308,0.448979591836735,TRUE,"","NULL","",4.34800000000001
3436,8320387,1,0.5,FALSE,NA,1,0.94,94,201,94,"!{size <= 29} & !{er <= 44}",686,246,292,0.425655976676385,TRUE,"","NULL","",6.63300000000004
3437,8320388,1,0.5,FALSE,NA,1,0.56,3,12,3,"!{pgr <= 77} & {er <= 70}",686,246,303,0.441690962099125,TRUE,"","NULL","",4.52199999999999
3438,8320389,1,0.5,FALSE,NA,1,0.96,29,114,29,"!{nodes <= 3} & {size <= 35}",686,246,295,0.43002915451895,TRUE,"","NULL","",5.61500000000001
3439,8320390,1,0.5,FALSE,NA,1,0.97,129,445,129,"{er <= 17} & !{pgr <= 2}",686,246,305,0.444606413994169,TRUE,"","NULL","",9.92900000000003
3440,8320391,1,0.5,FALSE,NA,1,0.93,17,64,17,"!{size <= 29} & {nodes <= 3}",686,246,277,0.403790087463557,TRUE,"","NULL","",3.64600000000002
3441,8320392,1,0.5,FALSE,NA,0,NA,0,9,0,"",686,246,312,0.454810495626822,TRUE,"","NULL","",4.79100000000005
3442,8320393,1,0.5,FALSE,NA,1,0.89,9,41,9,"!{nodes <= 7} & !{pgr <= 2}",686,246,310,0.451895043731778,TRUE,"","NULL","",4.90999999999997
3443,8320394,1,0.5,FALSE,NA,1,0.86,12,83,12,"!{pgr <= 77} & {age <= 53}",686,246,316,0.46064139941691,TRUE,"","NULL","",5.64300000000003
3444,8320395,1,0.5,FALSE,NA,0,NA,0,28,0,"",686,246,281,0.409620991253644,TRUE,"","NULL","",4.55200000000002
3445,8320396,1,0.5,FALSE,NA,1,0.92,29,97,29,"{nodes <= 7} & {pgr <= 2}",686,246,311,0.4533527696793,TRUE,"","NULL","",6.404
3446,8320397,1,0.5,FALSE,NA,1,0.73,5,45,5,"!{grade3} & !{pgr <= 184}",686,246,306,0.446064139941691,TRUE,"","NULL","",4.83300000000003
3447,8320398,1,0.5,FALSE,NA,1,0.95,51,134,51,"{nodes <= 1} & !{er <= 9}",686,246,294,0.428571428571429,TRUE,"","NULL","",6.05099999999999
3448,8320399,1,0.5,FALSE,NA,1,0.87,79,238,79,"{age <= 53} & {nodes <= 3}",686,246,274,0.399416909620991,TRUE,"","NULL","",6.23599999999999
3449,8320400,1,0.5,FALSE,NA,0,NA,0,9,0,"",686,246,276,0.402332361516035,TRUE,"","NULL","",4.44199999999995
3450,8320401,1,0.5,FALSE,NA,1,1,241,607,241,"!{er <= 70} & !{nodes <= 5}",686,246,296,0.431486880466472,TRUE,"","NULL","",12.331
3451,8320402,1,0.5,FALSE,NA,1,0.87,17,82,17,"!{er <= 30} & {age <= 46}",686,246,289,0.421282798833819,TRUE,"","NULL","",4.839
3452,8320403,1,0.5,FALSE,NA,1,0.97,13,53,13,"{size <= 20} & {age <= 53}",686,246,300,0.43731778425656,TRUE,"","NULL","",3.63999999999999
3453,8320404,1,0.5,FALSE,NA,1,0.93,46,189,46,"{size <= 29} & !{nodes <= 5}",686,246,296,0.431486880466472,TRUE,"","NULL","",7.36699999999996
3454,8320405,1,0.5,FALSE,NA,1,1,124,253,124,"{size <= 20} & !{nodes <= 1}",686,246,296,0.431486880466472,TRUE,"","NULL","",7.38400000000001
3455,8320406,1,0.5,FALSE,NA,1,0.87,53,202,53,"!{pgr <= 77} & {pgr <= 337}",686,246,309,0.450437317784257,TRUE,"","NULL","",6.89999999999998
3456,8320407,1,0.5,FALSE,NA,1,0.92,51,212,51,"{nodes <= 7} & !{er <= 100}",686,246,284,0.41399416909621,TRUE,"","NULL","",4.97500000000002
3457,8320408,1,0.5,FALSE,NA,0,NA,0,6,0,"",686,246,318,0.463556851311953,TRUE,"","NULL","",4.71499999999997
3458,8320409,1,0.5,FALSE,NA,1,0.78,7,52,7,"{size <= 29} & !{pgr <= 114}",686,246,304,0.443148688046647,TRUE,"","NULL","",5.05700000000002
3459,8320410,1,0.5,FALSE,NA,1,0.98,110,514,110,"!{age <= 53} & {age <= 61}",686,246,311,0.4533527696793,TRUE,"","NULL","",10.751
3460,8320411,1,0.5,FALSE,NA,1,0.8,4,24,4,"{age <= 53} & !{er <= 70}",686,246,306,0.446064139941691,TRUE,"","NULL","",3.56600000000003
3461,8320412,1,0.5,FALSE,NA,1,0.86,24,121,24,"{nodes <= 3} & !{age <= 61}",686,246,275,0.400874635568513,TRUE,"","NULL","",6.40499999999997
3462,8320413,1,0.5,FALSE,NA,1,0.89,6,23,6,"{age <= 53} & !{er <= 70}",686,246,301,0.438775510204082,TRUE,"","NULL","",4.86599999999999
3463,8320414,1,0.5,FALSE,NA,1,0.93,18,82,18,"{size <= 20} & {er <= 70}",686,246,299,0.435860058309038,TRUE,"","NULL","",5.19699999999995
3464,8320415,1,0.5,FALSE,NA,1,0.91,32,136,32,"{nodes <= 7} & {er <= 9}",686,246,295,0.43002915451895,TRUE,"","NULL","",5.63599999999997
3465,8320416,1,0.5,FALSE,NA,1,0.71,4,35,4,"!{er <= 100} & {er <= 294}",686,246,300,0.43731778425656,TRUE,"","NULL","",4.90199999999999
3466,8320417,1,0.5,FALSE,NA,1,0.84,27,176,27,"{pgr <= 2} & {er <= 17}",686,246,308,0.448979591836735,TRUE,"","NULL","",6.61900000000003
3467,8320418,1,0.5,FALSE,NA,0,NA,0,4,0,"",686,246,299,0.435860058309038,TRUE,"","NULL","",4.22800000000001
3468,8320419,1,0.5,FALSE,NA,0,NA,0,42,0,"",686,246,308,0.448979591836735,TRUE,"","NULL","",4.54500000000002
3469,8320420,1,0.5,FALSE,NA,0,NA,0,12,0,"",686,246,288,0.419825072886297,TRUE,"","NULL","",4.59699999999998
3470,8320421,1,0.5,FALSE,NA,1,0.89,12,50,12,"{nodes <= 1} & !{er <= 9}",686,246,295,0.43002915451895,TRUE,"","NULL","",5.04700000000003
3471,8320422,1,0.5,FALSE,NA,1,1,113,359,113,"!{grade3} & {er <= 3}",686,246,275,0.400874635568513,TRUE,"","NULL","",8.77100000000007
3472,8320423,1,0.5,FALSE,NA,1,0.53,1,2,1,"{er <= 70} & !{er <= 44}",686,246,336,0.489795918367347,TRUE,"","NULL","",3.74900000000002
3473,8320424,1,0.5,FALSE,NA,1,0.69,11,68,11,"!{nodes <= 3} & !{er <= 17}",686,246,313,0.456268221574344,TRUE,"","NULL","",5.64600000000002
3474,8320425,1,0.5,FALSE,NA,1,0.96,61,160,61,"!{pgr <= 77} & {er <= 294}",686,246,302,0.440233236151603,TRUE,"","NULL","",6.60700000000003
3475,8320426,1,0.5,FALSE,NA,1,0.95,17,41,17,"!{pgr <= 184} & {nodes <= 7}",686,246,300,0.43731778425656,TRUE,"","NULL","",4.51099999999997
3476,8320427,1,0.5,FALSE,NA,1,0.74,4,36,4,"!{er <= 30} & !{nodes <= 3}",686,246,318,0.463556851311953,TRUE,"","NULL","",4.36099999999999
3477,8320428,1,0.5,FALSE,NA,1,0.97,102,315,102,"!{nodes <= 3} & {pgr <= 26}",686,246,301,0.438775510204082,TRUE,"","NULL","",8.83499999999998
3478,8320429,1,0.5,FALSE,NA,1,0.82,10,96,10,"!{er <= 100} & !{pgr <= 8}",686,246,277,0.403790087463557,TRUE,"","NULL","",5.50399999999996
3479,8320430,1,0.5,FALSE,NA,1,0.58,1,3,1,"{age <= 46} & {er <= 17}",686,246,302,0.440233236151603,TRUE,"","NULL","",4.70600000000007
3480,8320431,1,0.5,FALSE,NA,1,0.73,6,40,6,"{size <= 35} & {pgr <= 2}",686,246,288,0.419825072886297,TRUE,"","NULL","",3.80399999999997
3481,8320432,1,0.5,FALSE,NA,1,0.94,62,171,62,"!{er <= 174} & !{nodes <= 1}",686,246,285,0.415451895043732,TRUE,"","NULL","",6.96800000000002
3482,8320433,1,0.5,FALSE,NA,1,0.62,2,8,2,"!{pgr <= 77} & {er <= 44}",686,246,304,0.443148688046647,TRUE,"","NULL","",4.37700000000001
3483,8320434,1,0.5,FALSE,NA,1,0.95,71,188,71,"!{pgr <= 114} & !{nodes <= 1}",686,246,303,0.441690962099125,TRUE,"","NULL","",6.61900000000003
3484,8320435,1,0.5,FALSE,NA,1,0.69,1,8,1,"!{er <= 100} & {er <= 174}",686,246,321,0.467930029154519,TRUE,"","NULL","",3.678
3485,8320436,1,0.5,FALSE,NA,0,NA,0,16,0,"",686,246,296,0.431486880466472,TRUE,"","NULL","",4.81099999999998
3486,8320437,1,0.5,FALSE,NA,1,0.93,6,36,6,"!{meno} & {grade3}",686,246,293,0.427113702623907,TRUE,"","NULL","",4.77699999999999
3487,8320438,1,0.5,FALSE,NA,1,0.55,2,4,2,"!{nodes <= 3} & !{age <= 61}",686,246,308,0.448979591836735,TRUE,"","NULL","",4.61500000000001
3488,8320439,1,0.5,FALSE,NA,1,0.98,216,540,216,"!{meno} & !{size <= 29}",686,246,273,0.397959183673469,TRUE,"","NULL","",9.73900000000003
3489,8320440,1,0.5,FALSE,NA,1,0.58,1,21,1,"{pgr <= 8} & !{pgr <= 2}",686,246,306,0.446064139941691,TRUE,"","NULL","",4.63900000000001
3490,8320441,1,0.5,FALSE,NA,1,0.87,15,72,15,"!{nodes <= 7} & !{er <= 3}",686,246,275,0.400874635568513,TRUE,"","NULL","",5.37700000000001
3491,8320442,1,0.5,FALSE,NA,1,0.98,49,173,49,"{age <= 46} & {er <= 9}",686,246,310,0.451895043731778,TRUE,"","NULL","",6.40700000000004
3492,8320443,1,0.5,FALSE,NA,1,0.97,31,111,31,"{size <= 20} & !{er <= 44}",686,246,297,0.432944606413994,TRUE,"","NULL","",5.10000000000002
3493,8320444,1,0.5,FALSE,NA,1,0.98,160,479,160,"!{pgr <= 114} & !{nodes <= 1}",686,246,291,0.424198250728863,TRUE,"","NULL","",10.761
3494,8320445,1,0.5,FALSE,NA,1,0.76,9,43,9,"{age <= 46} & !{nodes <= 1}",686,246,295,0.43002915451895,TRUE,"","NULL","",4.75
3495,8320446,1,0.5,FALSE,NA,0,NA,0,5,0,"",686,246,307,0.447521865889213,TRUE,"","NULL","",4.09300000000002
3496,8320447,1,0.5,FALSE,NA,1,0.75,3,16,3,"!{age <= 61} & {size <= 25}",686,246,298,0.434402332361516,TRUE,"","NULL","",3.39300000000003
3497,8320448,1,0.5,FALSE,NA,1,0.66,1,18,1,"{pgr <= 16} & !{pgr <= 8}",686,246,300,0.43731778425656,TRUE,"","NULL","",5.154
3498,8320449,1,0.5,FALSE,NA,1,0.81,3,31,3,"!{age <= 61} & {size <= 29}",686,246,307,0.447521865889213,TRUE,"","NULL","",4.57400000000001
3499,8320450,1,0.5,FALSE,NA,1,0.94,136,325,136,"!{pgr <= 114} & !{age <= 46}",686,246,306,0.446064139941691,TRUE,"","NULL","",8.61300000000006
3500,8320451,1,0.5,FALSE,NA,1,0.98,29,109,29,"!{er <= 174} & !{grade3}",686,246,309,0.450437317784257,TRUE,"","NULL","",4.82000000000005
3501,8320452,1,0.5,FALSE,NA,1,0.73,12,72,12,"{nodes <= 1} & {meno}",686,246,302,0.440233236151603,TRUE,"","NULL","",5.803
3502,8320453,1,0.5,FALSE,NA,1,0.84,27,92,27,"!{age <= 61} & {size <= 35}",686,246,293,0.427113702623907,TRUE,"","NULL","",5.399
3503,8320454,1,0.5,FALSE,NA,1,0.56,2,14,2,"{nodes <= 1} & {size <= 20}",686,246,306,0.446064139941691,TRUE,"","NULL","",4.01600000000002
3504,8320455,1,0.5,FALSE,NA,1,0.85,14,73,14,"!{grade3} & !{size <= 35}",686,246,294,0.428571428571429,TRUE,"","NULL","",4.94200000000006
3505,8320456,1,0.5,FALSE,NA,0,NA,0,14,0,"",686,246,309,0.450437317784257,TRUE,"","NULL","",5.22400000000005
3506,8320457,1,0.5,FALSE,NA,1,0.99,65,215,65,"{nodes <= 1} & {size <= 20}",686,246,290,0.422740524781341,TRUE,"","NULL","",7.29900000000004
3507,8320458,1,0.5,FALSE,NA,1,0.93,45,143,45,"{size <= 35} & !{size <= 29}",686,246,303,0.441690962099125,TRUE,"","NULL","",6.18099999999998
3508,8320459,1,0.5,FALSE,NA,1,0.99,56,187,56,"!{size <= 35} & !{pgr <= 26}",686,246,275,0.400874635568513,TRUE,"","NULL","",5.35699999999997
3509,8320460,1,0.5,FALSE,NA,1,0.83,7,38,7,"{age <= 46} & !{er <= 9}",686,246,300,0.43731778425656,TRUE,"","NULL","",5.22199999999998
3510,8320461,1,0.5,FALSE,NA,0,NA,0,7,0,"",686,246,298,0.434402332361516,TRUE,"","NULL","",4.69800000000004
3511,8320462,1,0.5,FALSE,NA,1,0.99,91,269,91,"!{pgr <= 184} & {nodes <= 7}",686,246,314,0.457725947521866,TRUE,"","NULL","",7.89699999999999
3512,8320463,1,0.5,FALSE,NA,1,0.71,1,5,1,"{size <= 29} & {grade3}",686,246,330,0.481049562682216,TRUE,"","NULL","",3.80199999999991
3513,8320464,1,0.5,FALSE,NA,0,NA,0,6,0,"",686,246,302,0.440233236151603,TRUE,"","NULL","",4.65500000000003
3514,8320465,1,0.5,FALSE,NA,1,0.85,15,54,15,"{size <= 35} & !{size <= 29}",686,246,316,0.46064139941691,TRUE,"","NULL","",5.15999999999997
3515,8320466,1,0.5,FALSE,NA,1,1,65,269,65,"{er <= 9} & {nodes <= 5}",686,246,304,0.443148688046647,TRUE,"","NULL","",7.70500000000004
3516,8320467,1,0.5,FALSE,NA,1,0.77,23,83,23,"!{meno} & !{er <= 3}",686,246,313,0.456268221574344,TRUE,"","NULL","",4.57400000000007
3517,8320468,1,0.5,FALSE,NA,1,0.78,17,163,17,"!{size <= 25} & !{pgr <= 45}",686,246,322,0.469387755102041,TRUE,"","NULL","",6.89099999999996
3518,8320469,1,0.5,FALSE,NA,1,0.93,32,131,32,"!{size <= 20} & !{er <= 174}",686,246,278,0.405247813411079,TRUE,"","NULL","",5.70599999999996
3519,8320470,1,0.5,FALSE,NA,1,0.8,7,64,7,"!{nodes <= 5} & {er <= 70}",686,246,294,0.428571428571429,TRUE,"","NULL","",5.03799999999995
3520,8320471,1,0.5,FALSE,NA,1,0.71,8,64,8,"!{er <= 70} & !{pgr <= 26}",686,246,294,0.428571428571429,TRUE,"","NULL","",4.17999999999995
3521,8320472,1,0.5,FALSE,NA,1,0.87,8,45,8,"!{er <= 70} & {er <= 100}",686,246,285,0.415451895043732,TRUE,"","NULL","",4.92900000000003
3522,8320473,1,0.5,FALSE,NA,0,NA,0,6,0,"",686,246,304,0.443148688046647,TRUE,"","NULL","",4.23399999999998
3523,8320474,1,0.5,FALSE,NA,1,0.86,15,62,15,"!{age <= 61} & !{er <= 30}",686,246,294,0.428571428571429,TRUE,"","NULL","",5.03500000000003
3524,8320475,1,0.5,FALSE,NA,1,0.88,13,96,13,"{grade3} & {size <= 29}",686,246,290,0.422740524781341,TRUE,"","NULL","",5.45400000000001
3525,8320476,1,0.5,FALSE,NA,1,0.52,1,5,1,"!{size <= 25} & !{er <= 70}",686,246,309,0.450437317784257,TRUE,"","NULL","",4.59799999999996
3526,8320477,1,0.5,FALSE,NA,1,0.82,6,38,6,"!{size <= 29} & {er <= 17}",686,246,296,0.431486880466472,TRUE,"","NULL","",4.53499999999997
3527,8320478,1,0.5,FALSE,NA,1,0.98,74,154,74,"{pgr <= 2} & {age <= 61}",686,246,318,0.463556851311953,TRUE,"","NULL","",6.11599999999999
3528,8320479,1,0.5,FALSE,NA,1,0.84,5,30,5,"{size <= 29} & {pgr <= 2}",686,246,316,0.46064139941691,TRUE,"","NULL","",4.55899999999997
3529,8320480,1,0.5,FALSE,NA,1,0.64,2,45,2,"{age <= 61} & {er <= 0}",686,246,273,0.397959183673469,TRUE,"","NULL","",5.24599999999998
3530,8320481,1,0.5,FALSE,NA,1,0.92,30,117,30,"{pgr <= 2} & !{size <= 20}",686,246,283,0.412536443148688,TRUE,"","NULL","",5.57299999999998
3531,8320482,1,0.5,FALSE,NA,1,0.87,6,38,6,"!{er <= 100} & !{size <= 25}",686,246,279,0.406705539358601,TRUE,"","NULL","",4.69999999999999
3532,8320483,1,0.5,FALSE,NA,1,0.97,26,81,26,"!{meno} & {er <= 9}",686,246,322,0.469387755102041,TRUE,"","NULL","",5.036
3533,8320484,1,0.5,FALSE,NA,1,0.98,108,371,108,"{size <= 20} & {er <= 17}",686,246,304,0.443148688046647,TRUE,"","NULL","",9.42899999999997
3534,8320485,1,0.5,FALSE,NA,1,0.99,74,253,74,"!{pgr <= 77} & {er <= 100}",686,246,308,0.448979591836735,TRUE,"","NULL","",7.85699999999997
3535,8320486,1,0.5,FALSE,NA,1,0.97,21,119,21,"{er <= 44} & !{pgr <= 26}",686,246,311,0.4533527696793,TRUE,"","NULL","",4.87699999999995
3536,8320487,1,0.5,FALSE,NA,1,0.68,4,24,4,"!{er <= 3} & {er <= 17}",686,246,296,0.431486880466472,TRUE,"","NULL","",3.19400000000007
3537,8320488,1,0.5,FALSE,NA,1,0.87,24,117,24,"!{size <= 35} & !{pgr <= 8}",686,246,305,0.444606413994169,TRUE,"","NULL","",6.29599999999999
3538,8320489,1,0.5,FALSE,NA,1,0.94,31,164,31,"!{nodes <= 7} & {er <= 44}",686,246,287,0.418367346938776,TRUE,"","NULL","",6.17599999999999
3539,8320490,1,0.5,FALSE,NA,1,1,121,301,121,"!{age <= 61} & !{er <= 100}",686,246,289,0.421282798833819,TRUE,"","NULL","",7.84199999999998
3540,8320491,1,0.5,FALSE,NA,1,0.94,37,135,37,"!{nodes <= 3} & !{er <= 30}",686,246,311,0.4533527696793,TRUE,"","NULL","",4.53399999999999
3541,8320492,1,0.5,FALSE,NA,0,NA,0,7,0,"",686,246,303,0.441690962099125,TRUE,"","NULL","",4.86700000000002
3542,8320493,1,0.5,FALSE,NA,1,0.71,4,28,4,"!{age <= 53} & !{nodes <= 7}",686,246,318,0.463556851311953,TRUE,"","NULL","",4.60500000000002
3543,8320494,1,0.5,FALSE,NA,0,NA,0,4,0,"",686,246,297,0.432944606413994,TRUE,"","NULL","",4.25799999999998
3544,8320495,1,0.5,FALSE,NA,1,0.85,16,71,16,"!{grade3} & !{nodes <= 7}",686,246,295,0.43002915451895,TRUE,"","NULL","",5.19599999999997
3545,8320496,1,0.5,FALSE,NA,1,0.98,6,49,6,"{nodes <= 7} & !{nodes <= 5}",686,246,281,0.409620991253644,TRUE,"","NULL","",5.44499999999999
3546,8320497,1,0.5,FALSE,NA,1,0.84,25,111,25,"{pgr <= 8} & !{age <= 46}",686,246,294,0.428571428571429,TRUE,"","NULL","",5.47400000000005
3547,8320498,1,0.5,FALSE,NA,1,0.97,31,86,31,"{age <= 46} & !{size <= 25}",686,246,319,0.465014577259475,TRUE,"","NULL","",5.29899999999998
3548,8320499,1,0.5,FALSE,NA,1,0.85,19,65,19,"{age <= 46} & !{meno}",686,246,311,0.4533527696793,TRUE,"","NULL","",4.97399999999993
3549,8320500,1,0.5,FALSE,NA,1,0.65,3,42,3,"!{age <= 53} & {pgr <= 16}",686,246,313,0.456268221574344,TRUE,"","NULL","",5.41399999999999
3550,8320501,1,0.5,FALSE,NA,1,0.73,3,32,3,"!{nodes <= 1} & !{er <= 174}",686,246,309,0.450437317784257,TRUE,"","NULL","",4.97300000000001
3551,8320502,1,0.5,FALSE,NA,1,0.75,18,78,18,"{size <= 20} & {er <= 100}",686,246,305,0.444606413994169,TRUE,"","NULL","",5.298
3552,8320503,1,0.5,FALSE,NA,1,0.95,63,209,63,"!{er <= 174} & !{grade3}",686,246,286,0.416909620991254,TRUE,"","NULL","",6.36500000000001
3553,8320504,1,0.5,FALSE,NA,1,0.7,1,15,1,"{er <= 3} & !{size <= 25}",686,246,296,0.431486880466472,TRUE,"","NULL","",5.161
3554,8320505,1,0.5,FALSE,NA,1,0.77,12,75,12,"{age <= 46} & {pgr <= 45}",686,246,303,0.441690962099125,TRUE,"","NULL","",5.125
3555,8320506,1,0.5,FALSE,NA,1,0.99,57,197,57,"{nodes <= 7} & {er <= 0}",686,246,294,0.428571428571429,TRUE,"","NULL","",6.64400000000001
3556,8320507,1,0.5,FALSE,NA,1,0.99,94,237,94,"{pgr <= 8} & {size <= 25}",686,246,297,0.432944606413994,TRUE,"","NULL","",5.95000000000005
3557,8320508,1,0.5,FALSE,NA,1,0.91,9,28,9,"!{nodes <= 7} & {er <= 100}",686,246,300,0.43731778425656,TRUE,"","NULL","",5.34800000000001
3558,8320509,1,0.5,FALSE,NA,1,0.77,7,27,7,"!{age <= 53} & {nodes <= 1}",686,246,336,0.489795918367347,TRUE,"","NULL","",4.67399999999998
3559,8320510,1,0.5,FALSE,NA,1,0.63,9,83,9,"!{size <= 35} & {pgr <= 337}",686,246,292,0.425655976676385,TRUE,"","NULL","",5.11000000000001
3560,8320511,1,0.5,FALSE,NA,1,0.94,57,193,57,"!{nodes <= 5} & !{pgr <= 16}",686,246,289,0.421282798833819,TRUE,"","NULL","",6.35300000000001
3561,8320512,1,0.5,FALSE,NA,1,0.94,38,125,38,"!{pgr <= 114} & !{nodes <= 3}",686,246,317,0.462099125364431,TRUE,"","NULL","",6.90100000000001
3562,8320513,1,0.5,FALSE,NA,1,0.67,8,82,8,"!{er <= 44} & {pgr <= 45}",686,246,303,0.441690962099125,TRUE,"","NULL","",5.17500000000001
3563,8320514,1,0.5,FALSE,NA,1,0.96,17,127,17,"{nodes <= 5} & !{nodes <= 3}",686,246,300,0.43731778425656,TRUE,"","NULL","",5.60700000000003
3564,8320515,1,0.5,FALSE,NA,1,0.95,13,54,13,"!{size <= 29} & {er <= 9}",686,246,323,0.470845481049563,TRUE,"","NULL","",4.45899999999995
3565,8320516,1,0.5,FALSE,NA,1,0.94,88,299,88,"{nodes <= 3} & !{pgr <= 77}",686,246,324,0.472303206997085,TRUE,"","NULL","",8.39499999999998
3566,8320517,1,0.5,FALSE,NA,1,1,71,208,71,"!{pgr <= 184} & {nodes <= 7}",686,246,279,0.406705539358601,TRUE,"","NULL","",6.51400000000001
3567,8320518,1,0.5,FALSE,NA,1,0.88,17,98,17,"{pgr <= 8} & {size <= 29}",686,246,295,0.43002915451895,TRUE,"","NULL","",5.55000000000001
3568,8320519,1,0.5,FALSE,NA,1,0.94,21,88,21,"{er <= 17} & !{age <= 53}",686,246,306,0.446064139941691,TRUE,"","NULL","",3.84800000000007
3569,8320520,1,0.5,FALSE,NA,0,NA,0,9,0,"",686,246,303,0.441690962099125,TRUE,"","NULL","",4.87099999999998
3570,8320521,1,0.5,FALSE,NA,1,0.87,4,51,4,"{size <= 20} & !{er <= 70}",686,246,303,0.441690962099125,TRUE,"","NULL","",5.13200000000001
3571,8320522,1,0.5,FALSE,NA,1,0.98,57,205,57,"{age <= 46} & {pgr <= 16}",686,246,316,0.46064139941691,TRUE,"","NULL","",7.23700000000002
3572,8320523,1,0.5,FALSE,NA,1,0.99,25,105,25,"{pgr <= 45} & !{er <= 44}",686,246,311,0.4533527696793,TRUE,"","NULL","",4.67100000000005
3573,8320524,1,0.5,FALSE,NA,1,0.86,61,234,61,"{meno} & {er <= 17}",686,246,294,0.428571428571429,TRUE,"","NULL","",7.75
3574,8320525,1,0.5,FALSE,NA,1,0.89,3,16,3,"!{age <= 61} & !{size <= 25}",686,246,300,0.43731778425656,TRUE,"","NULL","",4.22500000000002
3575,8320526,1,0.5,FALSE,NA,1,0.93,60,127,60,"!{er <= 100} & {nodes <= 3}",686,246,324,0.472303206997085,TRUE,"","NULL","",5.97899999999998
3576,8320527,1,0.5,FALSE,NA,1,0.95,9,33,9,"{er <= 44} & !{er <= 17}",686,246,315,0.459183673469388,TRUE,"","NULL","",4.05500000000006
3577,8320528,1,0.5,FALSE,NA,1,0.9,42,127,42,"{er <= 3} & {age <= 61}",686,246,313,0.456268221574344,TRUE,"","NULL","",6.423
3578,8320529,1,0.5,FALSE,NA,1,0.58,3,47,3,"!{nodes <= 1} & !{age <= 61}",686,246,315,0.459183673469388,TRUE,"","NULL","",4.774
3579,8320530,1,0.5,FALSE,NA,1,1,29,78,29,"!{age <= 61} & !{size <= 25}",686,246,308,0.448979591836735,TRUE,"","NULL","",5.23500000000001
3580,8320531,1,0.5,FALSE,NA,1,1,149,316,149,"!{size <= 20} & {pgr <= 0}",686,246,324,0.472303206997085,TRUE,"","NULL","",6.91200000000003
3581,8320532,1,0.5,FALSE,NA,1,0.97,33,145,33,"{pgr <= 2} & !{er <= 0}",686,246,300,0.43731778425656,TRUE,"","NULL","",6.58999999999997
3582,8320533,1,0.5,FALSE,NA,1,0.94,7,32,7,"!{size <= 29} & !{er <= 100}",686,246,309,0.450437317784257,TRUE,"","NULL","",4.49799999999999
3583,8320534,1,0.5,FALSE,NA,0,NA,0,12,0,"",686,246,305,0.444606413994169,TRUE,"","NULL","",4.59999999999997
3584,8320535,1,0.5,FALSE,NA,1,0.92,10,71,10,"{size <= 20} & {nodes <= 1}",686,246,266,0.387755102040816,TRUE,"","NULL","",4.71500000000003
3585,8320536,1,0.5,FALSE,NA,1,0.93,60,201,60,"!{er <= 174} & {size <= 35}",686,246,302,0.440233236151603,TRUE,"","NULL","",7.31999999999999
3586,8320537,1,0.5,FALSE,NA,1,0.51,1,19,1,"{grade3} & {er <= 3}",686,246,293,0.427113702623907,TRUE,"","NULL","",4.08699999999999
3587,8320538,1,0.5,FALSE,NA,1,0.77,15,81,15,"!{er <= 44} & {nodes <= 1}",686,246,318,0.463556851311953,TRUE,"","NULL","",5.11499999999995
3588,8320539,1,0.5,FALSE,NA,1,0.9,33,125,33,"{nodes <= 3} & !{pgr <= 114}",686,246,289,0.421282798833819,TRUE,"","NULL","",5.25999999999999
3589,8320540,1,0.5,FALSE,NA,1,0.95,140,312,140,"{nodes <= 3} & !{pgr <= 114}",686,246,295,0.43002915451895,TRUE,"","NULL","",8.87400000000002
3590,8320541,1,0.5,FALSE,NA,1,0.98,33,142,33,"{size <= 20} & {nodes <= 1}",686,246,295,0.43002915451895,TRUE,"","NULL","",6.00600000000003
3591,8320542,1,0.5,FALSE,NA,1,0.94,31,104,31,"{age <= 46} & !{pgr <= 16}",686,246,319,0.465014577259475,TRUE,"","NULL","",5.39800000000002
3592,8320543,1,0.5,FALSE,NA,1,0.98,15,120,15,"{pgr <= 2} & !{er <= 0}",686,246,319,0.465014577259475,TRUE,"","NULL","",4.45600000000002
3593,8320544,1,0.5,FALSE,NA,1,1,242,585,242,"!{size <= 20} & {age <= 46}",686,246,274,0.399416909620991,TRUE,"","NULL","",12.527
3594,8320545,1,0.5,FALSE,NA,0,NA,0,18,0,"",686,246,305,0.444606413994169,TRUE,"","NULL","",4.30699999999996
3595,8320546,1,0.5,FALSE,NA,1,0.87,10,30,10,"{nodes <= 5} & !{er <= 174}",686,246,285,0.415451895043732,TRUE,"","NULL","",4.26199999999994
3596,8320547,1,0.5,FALSE,NA,1,0.99,49,241,49,"!{meno} & {size <= 25}",686,246,313,0.456268221574344,TRUE,"","NULL","",5.077
3597,8320548,1,0.5,FALSE,NA,1,0.99,38,113,38,"!{pgr <= 184} & !{er <= 17}",686,246,289,0.421282798833819,TRUE,"","NULL","",6.60399999999998
3598,8320549,1,0.5,FALSE,NA,1,0.74,9,56,9,"{size <= 20} & {nodes <= 7}",686,246,315,0.459183673469388,TRUE,"","NULL","",4.90499999999997
3599,8320550,1,0.5,FALSE,NA,1,0.98,48,158,48,"{size <= 20} & !{age <= 46}",686,246,298,0.434402332361516,TRUE,"","NULL","",6.13600000000002
3600,8320551,1,0.5,FALSE,NA,1,0.72,3,27,3,"{pgr <= 26} & !{pgr <= 8}",686,246,296,0.431486880466472,TRUE,"","NULL","",4.31100000000004
3601,8320552,1,0.5,FALSE,NA,1,0.98,205,492,205,"{age <= 46} & {nodes <= 5}",686,246,307,0.447521865889213,TRUE,"","NULL","Loglik converged before variable  1 ; coefficient may be infinite. ",11.709
3602,8320553,1,0.5,FALSE,NA,1,0.95,127,489,127,"!{pgr <= 77} & !{age <= 53}",686,246,306,0.446064139941691,TRUE,"","NULL","",10.1419999999999
3603,8320554,1,0.5,FALSE,NA,1,0.62,4,22,4,"{pgr <= 2} & !{size <= 20}",686,246,293,0.427113702623907,TRUE,"","NULL","",3.20999999999992
3604,8320555,1,0.5,FALSE,NA,0,NA,0,21,0,"",686,246,270,0.393586005830904,TRUE,"","NULL","",2.53800000000001
3605,8320556,1,0.5,FALSE,NA,1,0.94,49,158,49,"{age <= 46} & {pgr <= 45}",686,246,308,0.448979591836735,TRUE,"","NULL","",6.67399999999998
3606,8320557,1,0.5,FALSE,NA,1,0.92,45,152,45,"!{size <= 29} & {pgr <= 8}",686,246,305,0.444606413994169,TRUE,"","NULL","",6.31700000000001
3607,8320558,1,0.5,FALSE,NA,1,0.54,1,14,1,"!{grade3} & {pgr <= 2}",686,246,293,0.427113702623907,TRUE,"","NULL","",4.19600000000003
3608,8320559,1,0.5,FALSE,NA,1,1,173,410,173,"!{age <= 61} & !{pgr <= 26}",686,246,293,0.427113702623907,TRUE,"","NULL","",7.51100000000008
3609,8320560,1,0.5,FALSE,NA,1,0.98,76,220,76,"!{grade3} & {nodes <= 1}",686,246,295,0.43002915451895,TRUE,"","NULL","",7.96299999999997
3610,8320561,1,0.5,FALSE,NA,1,0.95,26,82,26,"!{age <= 61} & {pgr <= 45}",686,246,312,0.454810495626822,TRUE,"","NULL","",5.33299999999997
3611,8320562,1,0.5,FALSE,NA,1,0.92,19,85,19,"!{er <= 9} & {pgr <= 16}",686,246,314,0.457725947521866,TRUE,"","NULL","Loglik converged before variable  1 ; coefficient may be infinite. ",5.03300000000002
3612,8320563,1,0.5,FALSE,NA,1,0.89,13,117,13,"{nodes <= 3} & {grade3}",686,246,285,0.415451895043732,TRUE,"","NULL","",4.404
3613,8320564,1,0.5,FALSE,NA,1,0.95,23,88,23,"!{pgr <= 8} & {pgr <= 26}",686,246,296,0.431486880466472,TRUE,"","NULL","",6.29199999999997
3614,8320565,1,0.5,FALSE,NA,1,0.97,77,338,77,"!{er <= 100} & {er <= 174}",686,246,301,0.438775510204082,TRUE,"","NULL","",9.04300000000001
3615,8320566,1,0.5,FALSE,NA,1,0.98,17,100,17,"{nodes <= 7} & !{nodes <= 5}",686,246,306,0.446064139941691,TRUE,"","NULL","",5.012
3616,8320567,1,0.5,FALSE,NA,1,0.99,42,119,42,"{pgr <= 2} & !{er <= 0}",686,246,291,0.424198250728863,TRUE,"","NULL","",4.2360000000001
3617,8320568,1,0.5,FALSE,NA,1,0.55,1,25,1,"{nodes <= 3} & !{er <= 100}",686,246,304,0.443148688046647,TRUE,"","NULL","",5.16199999999998
3618,8320569,1,0.5,FALSE,NA,1,0.89,24,95,24,"!{age <= 61} & {pgr <= 45}",686,246,293,0.427113702623907,TRUE,"","NULL","",5.81200000000001
3619,8320570,1,0.5,FALSE,NA,1,0.69,3,17,3,"{pgr <= 45} & !{pgr <= 16}",686,246,306,0.446064139941691,TRUE,"","NULL","",4.524
3620,8320571,1,0.5,FALSE,NA,1,0.57,2,10,2,"{nodes <= 1} & {pgr <= 16}",686,246,294,0.428571428571429,TRUE,"","NULL","",4.16200000000003
3621,8320572,1,0.5,FALSE,NA,1,0.95,12,52,12,"!{meno} & !{pgr <= 77}",686,246,293,0.427113702623907,TRUE,"","NULL","",5.483
3622,8320573,1,0.5,FALSE,NA,1,0.91,11,51,11,"!{meno} & !{pgr <= 77}",686,246,292,0.425655976676385,TRUE,"","NULL","",5.005
3623,8320574,1,0.5,FALSE,NA,1,0.7,12,92,12,"{meno} & !{pgr <= 26}",686,246,298,0.434402332361516,TRUE,"","NULL","",5.66899999999993
3624,8320575,1,0.5,FALSE,NA,1,0.97,45,163,45,"{nodes <= 3} & !{size <= 29}",686,246,311,0.4533527696793,TRUE,"","NULL","",5.62900000000002
3625,8320576,1,0.5,FALSE,NA,0,NA,0,7,0,"",686,246,300,0.43731778425656,TRUE,"","NULL","",4.58800000000002
3626,8320577,1,0.5,FALSE,NA,0,NA,0,26,0,"",686,246,294,0.428571428571429,TRUE,"","NULL","",4.52100000000002
3627,8320578,1,0.5,FALSE,NA,1,0.94,19,82,19,"!{er <= 174} & {meno}",686,246,308,0.448979591836735,TRUE,"","NULL","",5.14299999999997
3628,8320579,1,0.5,FALSE,NA,1,0.92,46,162,46,"!{er <= 100} & !{size <= 20}",686,246,278,0.405247813411079,TRUE,"","NULL","",5.95000000000005
3629,8320580,1,0.5,FALSE,NA,1,0.89,32,163,32,"!{age <= 61} & !{nodes <= 1}",686,246,304,0.443148688046647,TRUE,"","NULL","",6.762
3630,8320581,1,0.5,FALSE,NA,1,0.93,6,34,6,"{er <= 30} & !{er <= 17}",686,246,288,0.419825072886297,TRUE,"","NULL","",4.62700000000001
3631,8320582,1,0.5,FALSE,NA,1,0.96,9,49,9,"!{er <= 100} & !{size <= 25}",686,246,296,0.431486880466472,TRUE,"","NULL","",4.81400000000008
3632,8320583,1,0.5,FALSE,NA,1,0.67,2,48,2,"!{er <= 174} & !{nodes <= 1}",686,246,312,0.454810495626822,TRUE,"","NULL","",4.55700000000002
3633,8320584,1,0.5,FALSE,NA,1,0.93,28,79,28,"{nodes <= 3} & {age <= 46}",686,246,300,0.43731778425656,TRUE,"","NULL","",6.08099999999996
3634,8320585,1,0.5,FALSE,NA,1,0.93,37,178,37,"!{pgr <= 2} & !{nodes <= 5}",686,246,330,0.481049562682216,TRUE,"","NULL","",6.80399999999997
3635,8320586,1,0.5,FALSE,NA,1,1,104,237,104,"!{pgr <= 114} & {age <= 53}",686,246,289,0.421282798833819,TRUE,"","NULL","",6.60999999999996
3636,8320587,1,0.5,FALSE,NA,1,0.85,6,41,6,"!{er <= 70} & {age <= 53}",686,246,288,0.419825072886297,TRUE,"","NULL","",3.89999999999998
3637,8320588,1,0.5,FALSE,NA,1,0.77,7,64,7,"!{size <= 20} & {pgr <= 0}",686,246,311,0.4533527696793,TRUE,"","NULL","",5.75900000000001
3638,8320589,1,0.5,FALSE,NA,1,0.6,1,12,1,"!{pgr <= 114} & !{nodes <= 3}",686,246,312,0.454810495626822,TRUE,"","NULL","",4.61799999999999
3639,8320590,1,0.5,FALSE,NA,1,0.84,5,39,5,"!{grade3} & !{pgr <= 184}",686,246,304,0.443148688046647,TRUE,"","NULL","",4.47200000000004
3640,8320591,1,0.5,FALSE,NA,1,0.98,70,168,70,"!{er <= 174} & {nodes <= 3}",686,246,290,0.422740524781341,TRUE,"","NULL","",6.37199999999996
3641,8320592,1,0.5,FALSE,NA,1,0.82,4,23,4,"!{age <= 46} & !{meno}",686,246,277,0.403790087463557,TRUE,"","NULL","",4.96500000000003
3642,8320593,1,0.5,FALSE,NA,1,0.98,16,54,16,"{pgr <= 26} & !{pgr <= 16}",686,246,296,0.431486880466472,TRUE,"","NULL","",5.09899999999999
3643,8320594,1,0.5,FALSE,NA,1,0.94,16,50,16,"{nodes <= 3} & !{er <= 174}",686,246,283,0.412536443148688,TRUE,"","NULL","",4.98500000000001
3644,8320595,1,0.5,FALSE,NA,0,NA,0,19,0,"",686,246,295,0.43002915451895,TRUE,"","NULL","",4.58299999999997
3645,8320596,1,0.5,FALSE,NA,1,0.95,27,91,27,"{nodes <= 1} & {er <= 44}",686,246,301,0.438775510204082,TRUE,"","NULL","",6.02599999999995
3646,8320597,1,0.5,FALSE,NA,1,0.65,6,28,6,"{age <= 53} & !{nodes <= 5}",686,246,280,0.408163265306122,TRUE,"","NULL","",4.72399999999999
3647,8320598,1,0.5,FALSE,NA,1,0.78,20,88,20,"!{size <= 25} & {age <= 61}",686,246,314,0.457725947521866,TRUE,"","NULL","",5.30099999999999
3648,8320599,1,0.5,FALSE,NA,1,0.95,23,70,23,"!{pgr <= 114} & {nodes <= 3}",686,246,299,0.435860058309038,TRUE,"","NULL","",4.81700000000001
3649,8320600,1,0.5,FALSE,NA,1,0.94,28,137,28,"{grade3} & !{size <= 25}",686,246,296,0.431486880466472,TRUE,"","NULL","",6.99699999999996
3650,8320601,1,0.5,FALSE,NA,1,0.78,10,118,10,"{size <= 29} & {pgr <= 16}",686,246,281,0.409620991253644,TRUE,"","NULL","",5.59000000000003
3651,8320602,1,0.5,FALSE,NA,1,0.9,12,98,12,"{grade3} & {nodes <= 7}",686,246,321,0.467930029154519,TRUE,"","NULL","",5.50699999999995
3652,8320603,1,0.5,FALSE,NA,1,0.88,25,130,25,"!{pgr <= 77} & {nodes <= 5}",686,246,284,0.41399416909621,TRUE,"","NULL","",4.74900000000002
3653,8320604,1,0.5,FALSE,NA,1,0.98,103,306,103,"!{pgr <= 184} & !{grade3}",686,246,294,0.428571428571429,TRUE,"","NULL","",8.90499999999997
3654,8320605,1,0.5,FALSE,NA,0,NA,0,9,0,"",686,246,285,0.415451895043732,TRUE,"","NULL","",4.40599999999995
3655,8320606,1,0.5,FALSE,NA,1,0.83,4,27,4,"!{nodes <= 1} & {size <= 20}",686,246,304,0.443148688046647,TRUE,"","NULL","",4.67899999999997
3656,8320607,1,0.5,FALSE,NA,1,0.51,1,6,1,"{nodes <= 3} & !{pgr <= 184}",686,246,287,0.418367346938776,TRUE,"","NULL","",3.84899999999993
3657,8320608,1,0.5,FALSE,NA,1,0.91,4,28,4,"!{er <= 3} & {er <= 9}",686,246,303,0.441690962099125,TRUE,"","NULL","",4.88100000000009
3658,8320609,1,0.5,FALSE,NA,0,NA,0,20,0,"",686,246,320,0.466472303206997,TRUE,"","NULL","",4.74699999999996
3659,8320610,1,0.5,FALSE,NA,1,0.96,12,50,12,"{size <= 20} & !{er <= 30}",686,246,300,0.43731778425656,TRUE,"","NULL","",4.76299999999992
3660,8320611,1,0.5,FALSE,NA,1,0.94,23,116,23,"{pgr <= 0} & {nodes <= 7}",686,246,301,0.438775510204082,TRUE,"","NULL","",5.56200000000001
3661,8320612,1,0.5,FALSE,NA,1,0.7,6,36,6,"{grade3} & {er <= 44}",686,246,278,0.405247813411079,TRUE,"","NULL","",4.63400000000001
3662,8320613,1,0.5,FALSE,NA,1,0.93,32,152,32,"!{pgr <= 45} & {pgr <= 77}",686,246,307,0.447521865889213,TRUE,"","NULL","",6.28500000000008
3663,8320614,1,0.5,FALSE,NA,1,0.52,2,46,2,"{size <= 25} & !{er <= 70}",686,246,287,0.418367346938776,TRUE,"","NULL","",4.96500000000003
3664,8320615,1,0.5,FALSE,NA,1,0.83,12,79,12,"{size <= 20} & !{er <= 3}",686,246,279,0.406705539358601,TRUE,"","NULL","",4.93000000000006
3665,8320616,1,0.5,FALSE,NA,1,0.82,2,33,2,"{grade3} & !{age <= 53}",686,246,295,0.43002915451895,TRUE,"","NULL","",5.202
3666,8320617,1,0.5,FALSE,NA,1,1,33,99,33,"!{er <= 174} & {size <= 25}",686,246,307,0.447521865889213,TRUE,"","NULL","",5.73900000000003
3667,8320618,1,0.5,FALSE,NA,1,0.95,31,78,31,"{size <= 25} & !{pgr <= 114}",686,246,297,0.432944606413994,TRUE,"","NULL","",5.2700000000001
3668,8320619,1,0.5,FALSE,NA,1,0.85,9,29,9,"!{age <= 61} & !{er <= 17}",686,246,305,0.444606413994169,TRUE,"","NULL","",4.16200000000003
3669,8320620,1,0.5,FALSE,NA,1,0.93,9,57,9,"{pgr <= 77} & !{er <= 100}",686,246,330,0.481049562682216,TRUE,"","NULL","",5.46300000000008
3670,8320621,1,0.5,FALSE,NA,1,0.95,33,103,33,"!{pgr <= 184} & !{nodes <= 1}",686,246,300,0.43731778425656,TRUE,"","NULL","",5.85699999999997
3671,8320622,1,0.5,FALSE,NA,1,0.94,42,115,42,"!{meno} & !{er <= 9}",686,246,296,0.431486880466472,TRUE,"","NULL","",5.65700000000004
3672,8320623,1,0.5,FALSE,NA,1,0.64,2,7,2,"{er <= 30} & !{er <= 17}",686,246,303,0.441690962099125,TRUE,"","NULL","",3.82299999999998
3673,8320624,1,0.5,FALSE,NA,1,0.81,9,61,9,"!{meno} & !{pgr <= 45}",686,246,283,0.412536443148688,TRUE,"","NULL","",5.24599999999998
3674,8320625,1,0.5,FALSE,NA,1,0.97,14,51,14,"!{size <= 25} & !{er <= 70}",686,246,293,0.427113702623907,TRUE,"","NULL","",4.92199999999991
3675,8320626,1,0.5,FALSE,NA,1,0.76,12,50,12,"{pgr <= 26} & {size <= 25}",686,246,297,0.432944606413994,TRUE,"","NULL","",4.96899999999994
3676,8320627,1,0.5,FALSE,NA,1,0.99,46,185,46,"{er <= 9} & !{size <= 29}",686,246,289,0.421282798833819,TRUE,"","NULL","",6.06899999999996
3677,8320628,1,0.5,FALSE,NA,0,NA,0,15,0,"",686,246,304,0.443148688046647,TRUE,"","NULL","",5.06200000000001
3678,8320629,1,0.5,FALSE,NA,1,0.8,7,50,7,"{nodes <= 1} & {pgr <= 114}",686,246,272,0.396501457725948,TRUE,"","NULL","",4.77300000000002
3679,8320630,1,0.5,FALSE,NA,1,0.92,33,73,33,"{grade3} & {size <= 35}",686,246,309,0.450437317784257,TRUE,"","NULL","",5.15699999999993
3680,8320631,1,0.5,FALSE,NA,0,NA,0,1,0,"",686,246,291,0.424198250728863,TRUE,"","NULL","",4.10799999999995
3681,8320632,1,0.5,FALSE,NA,1,0.86,46,174,46,"{size <= 35} & !{pgr <= 114}",686,246,298,0.434402332361516,TRUE,"","NULL","",7.07500000000005
3682,8320633,1,0.5,FALSE,NA,1,0.98,99,282,99,"!{meno} & !{er <= 44}",686,246,318,0.463556851311953,TRUE,"","NULL","",7.86800000000005
3683,8320634,1,0.5,FALSE,NA,1,0.78,1,15,1,"!{meno} & !{er <= 70}",686,246,301,0.438775510204082,TRUE,"","NULL","",4.41899999999998
3684,8320635,1,0.5,FALSE,NA,1,0.87,10,71,10,"!{pgr <= 16} & {er <= 44}",686,246,302,0.440233236151603,TRUE,"","NULL","",4.13299999999992
3685,8320636,1,0.5,FALSE,NA,1,0.75,22,75,22,"!{er <= 17} & {pgr <= 45}",686,246,294,0.428571428571429,TRUE,"","NULL","",5.45699999999999
3686,8320637,1,0.5,FALSE,NA,1,0.99,56,135,56,"{nodes <= 1} & !{age <= 53}",686,246,287,0.418367346938776,TRUE,"","NULL","",5.97400000000005
3687,8320638,1,0.5,FALSE,NA,1,0.98,29,135,29,"!{er <= 44} & {pgr <= 45}",686,246,295,0.43002915451895,TRUE,"","NULL","",5.87300000000005
3688,8320639,1,0.5,FALSE,NA,1,0.67,4,35,4,"!{size <= 29} & !{nodes <= 5}",686,246,296,0.431486880466472,TRUE,"","NULL","",4.10800000000006
3689,8320640,1,0.5,FALSE,NA,1,0.91,9,45,9,"!{pgr <= 16} & {pgr <= 26}",686,246,299,0.435860058309038,TRUE,"","NULL","",5.33399999999995
3690,8320641,1,0.5,FALSE,NA,1,0.97,10,62,10,"!{pgr <= 8} & {pgr <= 16}",686,246,309,0.450437317784257,TRUE,"","NULL","",5.31299999999999
3691,8320642,1,0.5,FALSE,NA,1,0.96,3,31,3,"!{pgr <= 45} & {pgr <= 77}",686,246,309,0.450437317784257,TRUE,"","NULL","",4.72800000000007
3692,8320643,1,0.5,FALSE,NA,1,0.79,4,15,4,"!{size <= 35} & !{meno}",686,246,315,0.459183673469388,TRUE,"","NULL","",4.47300000000007
3693,8320644,1,0.5,FALSE,NA,1,0.96,70,242,70,"{er <= 3} & {pgr <= 8}",686,246,307,0.447521865889213,TRUE,"","NULL","",8.01400000000001
3694,8320645,1,0.5,FALSE,NA,1,0.99,157,519,157,"{pgr <= 26} & !{er <= 44}",686,246,310,0.451895043731778,TRUE,"","NULL","",10.3579999999999
3695,8320646,1,0.5,FALSE,NA,1,0.96,114,301,114,"!{grade3} & !{pgr <= 114}",686,246,288,0.419825072886297,TRUE,"","NULL","",5.99299999999994
3696,8320647,1,0.5,FALSE,NA,1,0.8,9,42,9,"{nodes <= 1} & !{er <= 3}",686,246,287,0.418367346938776,TRUE,"","NULL","",2.90700000000004
3697,8320648,1,0.5,FALSE,NA,1,0.9,9,68,9,"{age <= 53} & !{size <= 35}",686,246,305,0.444606413994169,TRUE,"","NULL","",5.88999999999999
3698,8320649,1,0.5,FALSE,NA,1,0.61,1,9,1,"!{er <= 100} & {size <= 25}",686,246,284,0.41399416909621,TRUE,"","NULL","",4.33800000000008
3699,8320650,1,0.5,FALSE,NA,1,0.9,3,32,3,"!{er <= 174} & !{age <= 61}",686,246,306,0.446064139941691,TRUE,"","NULL","",4.476
3700,8320651,1,0.5,FALSE,NA,1,0.86,16,87,16,"{size <= 20} & !{pgr <= 45}",686,246,314,0.457725947521866,TRUE,"","NULL","",5.19900000000007
3701,8320652,1,0.5,FALSE,NA,1,0.86,9,40,9,"{size <= 20} & {pgr <= 26}",686,246,300,0.43731778425656,TRUE,"","NULL","",4.98299999999995
3702,8320653,1,0.5,FALSE,NA,1,0.86,7,40,7,"!{size <= 35} & !{pgr <= 8}",686,246,292,0.425655976676385,TRUE,"","NULL","",4.79600000000005
3703,8320654,1,0.5,FALSE,NA,1,0.89,21,51,21,"{er <= 0}",686,246,308,0.448979591836735,TRUE,"","NULL","",5.29000000000008
3704,8320655,1,0.5,FALSE,NA,1,0.99,55,148,55,"{nodes <= 1} & {pgr <= 337}",686,246,292,0.425655976676385,TRUE,"","NULL","",5.80600000000004
3705,8320656,1,0.5,FALSE,NA,1,0.96,38,95,38,"{er <= 0} & {pgr <= 26}",686,246,297,0.432944606413994,TRUE,"","NULL","",6.37900000000002
3706,8320657,1,0.5,FALSE,NA,0,NA,0,3,0,"",686,246,336,0.489795918367347,TRUE,"","NULL","",4.13800000000003
3707,8320658,1,0.5,FALSE,NA,1,1,132,441,132,"!{er <= 9} & {grade3}",686,246,286,0.416909620991254,TRUE,"","NULL","Loglik converged before variable  1 ; coefficient may be infinite. ",9.64999999999998
3708,8320659,1,0.5,FALSE,NA,1,0.76,13,103,13,"{er <= 9} & {nodes <= 5}",686,246,296,0.431486880466472,TRUE,"","NULL","",4.25299999999993
3709,8320660,1,0.5,FALSE,NA,1,0.82,11,80,11,"!{er <= 3} & {pgr <= 16}",686,246,314,0.457725947521866,TRUE,"","NULL","",5.69100000000003
3710,8320661,1,0.5,FALSE,NA,1,0.86,28,116,28,"{age <= 61} & !{pgr <= 184}",686,246,315,0.459183673469388,TRUE,"","NULL","",5.97199999999998
3711,8320662,1,0.5,FALSE,NA,1,0.94,53,190,53,"{size <= 25} & {er <= 9}",686,246,306,0.446064139941691,TRUE,"","NULL","",6.24900000000002
3712,8320663,1,0.5,FALSE,NA,1,0.93,34,131,34,"{size <= 20} & !{pgr <= 26}",686,246,303,0.441690962099125,TRUE,"","NULL","",4.745
3713,8320664,1,0.5,FALSE,NA,1,0.82,6,40,6,"{age <= 53} & {size <= 25}",686,246,294,0.428571428571429,TRUE,"","NULL","",5.13199999999995
3714,8320665,1,0.5,FALSE,NA,1,0.94,32,97,32,"{nodes <= 1} & !{er <= 9}",686,246,291,0.424198250728863,TRUE,"","NULL","",5.60300000000007
3715,8320666,1,0.5,FALSE,NA,1,0.93,28,122,28,"{er <= 9} & !{pgr <= 0}",686,246,322,0.469387755102041,TRUE,"","NULL","",5.92399999999998
3716,8320667,1,0.5,FALSE,NA,1,0.84,11,66,11,"!{er <= 3} & {er <= 17}",686,246,318,0.463556851311953,TRUE,"","NULL","",4.92999999999995
3717,8320668,1,0.5,FALSE,NA,1,0.92,79,248,79,"{er <= 30} & {nodes <= 1}",686,246,319,0.465014577259475,TRUE,"","NULL","",7.774
3718,8320669,1,0.5,FALSE,NA,1,0.99,44,196,44,"{er <= 30} & !{pgr <= 45}",686,246,278,0.405247813411079,TRUE,"","NULL","",6.43899999999996
3719,8320670,1,0.5,FALSE,NA,1,0.74,8,56,8,"{size <= 29} & !{pgr <= 8}",686,246,287,0.418367346938776,TRUE,"","NULL","",4.68899999999996
3720,8320671,1,0.5,FALSE,NA,1,0.5,1,12,1,"!{size <= 35} & !{pgr <= 45}",686,246,336,0.489795918367347,TRUE,"","NULL","",3.50299999999993
3721,8320672,1,0.5,FALSE,NA,1,0.89,29,109,29,"{nodes <= 3} & {size <= 20}",686,246,289,0.421282798833819,TRUE,"","NULL","",6.21399999999994
3722,8320673,1,0.5,FALSE,NA,1,0.65,2,20,2,"!{nodes <= 3} & !{er <= 100}",686,246,297,0.432944606413994,TRUE,"","NULL","",4.24799999999993
3723,8320674,1,0.5,FALSE,NA,1,0.93,4,46,4,"{er <= 17} & !{er <= 9}",686,246,286,0.416909620991254,TRUE,"","NULL","",5.16599999999994
3724,8320675,1,0.5,FALSE,NA,1,0.91,6,24,6,"{pgr <= 77} & !{er <= 70}",686,246,283,0.412536443148688,TRUE,"","NULL","",4.25699999999995
3725,8320676,1,0.5,FALSE,NA,1,0.99,41,136,41,"!{size <= 25} & !{pgr <= 184}",686,246,298,0.434402332361516,TRUE,"","NULL","",7.08199999999999
3726,8320677,1,0.5,FALSE,NA,1,0.9,29,112,29,"{age <= 46} & !{pgr <= 16}",686,246,310,0.451895043731778,TRUE,"","NULL","",5.86500000000001
3727,8320678,1,0.5,FALSE,NA,1,0.74,13,104,13,"!{er <= 9} & {er <= 44}",686,246,295,0.43002915451895,TRUE,"","NULL","",5.43100000000004
3728,8320679,1,0.5,FALSE,NA,1,0.93,38,134,38,"{age <= 53} & {size <= 29}",686,246,298,0.434402332361516,TRUE,"","NULL","",4.72199999999998
3729,8320680,1,0.5,FALSE,NA,1,0.98,57,136,57,"!{age <= 61} & !{er <= 100}",686,246,290,0.422740524781341,TRUE,"","NULL","",6.34100000000001
3730,8320681,1,0.5,FALSE,NA,1,0.98,69,209,69,"{pgr <= 0} & {nodes <= 7}",686,246,311,0.4533527696793,TRUE,"","NULL","",6.63200000000006
3731,8320682,1,0.5,FALSE,NA,1,0.91,5,38,5,"{size <= 29} & {grade3}",686,246,309,0.450437317784257,TRUE,"","NULL","",5.00800000000004
3732,8320683,1,0.5,FALSE,NA,1,0.88,18,78,18,"{nodes <= 3} & {age <= 53}",686,246,279,0.406705539358601,TRUE,"","NULL","",4.13100000000009
3733,8320684,1,0.5,FALSE,NA,1,0.93,111,310,111,"{nodes <= 3} & {pgr <= 8}",686,246,310,0.451895043731778,TRUE,"","NULL","",8.64499999999998
3734,8320685,1,0.5,FALSE,NA,1,0.79,3,15,3,"!{er <= 3} & {pgr <= 8}",686,246,315,0.459183673469388,TRUE,"","NULL","",4.31599999999992
3735,8320686,1,0.5,FALSE,NA,1,0.76,4,40,4,"{nodes <= 1} & {size <= 35}",686,246,290,0.422740524781341,TRUE,"","NULL","",4.61799999999994
3736,8320687,1,0.5,FALSE,NA,1,0.94,24,106,24,"!{age <= 61} & {pgr <= 45}",686,246,301,0.438775510204082,TRUE,"","NULL","",4.59199999999998
3737,8320688,1,0.5,FALSE,NA,1,0.91,13,42,13,"{pgr <= 2} & !{size <= 20}",686,246,299,0.435860058309038,TRUE,"","NULL","",4.94099999999992
3738,8320689,1,0.5,FALSE,NA,1,0.87,4,23,4,"{age <= 53} & !{pgr <= 184}",686,246,292,0.425655976676385,TRUE,"","NULL","",4.58399999999995
3739,8320690,1,0.5,FALSE,NA,1,0.98,14,57,14,"{pgr <= 77} & !{pgr <= 45}",686,246,302,0.440233236151603,TRUE,"","NULL","",4.74099999999999
3740,8320691,1,0.5,FALSE,NA,1,0.88,19,73,19,"{age <= 61} & !{er <= 70}",686,246,321,0.467930029154519,TRUE,"","NULL","",5.14400000000001
3741,8320692,1,0.5,FALSE,NA,1,0.98,27,137,27,"{size <= 29} & !{er <= 174}",686,246,321,0.467930029154519,TRUE,"","NULL","",7.09900000000005
3742,8320693,1,0.5,FALSE,NA,1,0.95,41,151,41,"!{age <= 61} & !{er <= 70}",686,246,287,0.418367346938776,TRUE,"","NULL","",6.49700000000007
3743,8320694,1,0.5,FALSE,NA,1,0.9,72,246,72,"{size <= 20} & {er <= 174}",686,246,287,0.418367346938776,TRUE,"","NULL","",6.90999999999997
3744,8320695,1,0.5,FALSE,NA,1,0.91,44,173,44,"!{size <= 29} & {meno}",686,246,294,0.428571428571429,TRUE,"","NULL","",4.57899999999995
3745,8320696,1,0.5,FALSE,NA,1,0.88,12,81,12,"{pgr <= 16} & !{size <= 25}",686,246,285,0.415451895043732,TRUE,"","NULL","",5.37599999999998
3746,8320697,1,0.5,FALSE,NA,1,0.61,13,54,13,"!{grade3} & {nodes <= 1}",686,246,300,0.43731778425656,TRUE,"","NULL","",5.2879999999999
3747,8320698,1,0.5,FALSE,NA,1,0.81,6,49,6,"!{pgr <= 114} & {age <= 61}",686,246,288,0.419825072886297,TRUE,"","NULL","",4.69500000000005
3748,8320699,1,0.5,FALSE,NA,1,0.66,5,48,5,"!{pgr <= 114} & !{er <= 70}",686,246,299,0.435860058309038,TRUE,"","NULL","",4.56000000000006
3749,8320700,1,0.5,FALSE,NA,0,NA,0,2,0,"",686,246,303,0.441690962099125,TRUE,"","NULL","",4.928
3750,8320701,1,0.5,FALSE,NA,0,NA,0,19,0,"",686,246,298,0.434402332361516,TRUE,"","NULL","",4.65300000000002
3751,8320702,1,0.5,FALSE,NA,1,0.62,1,8,1,"!{pgr <= 45} & {er <= 44}",686,246,294,0.428571428571429,TRUE,"","NULL","",4.524
3752,8320703,1,0.5,FALSE,NA,1,0.75,5,20,5,"!{er <= 17} & {er <= 44}",686,246,292,0.425655976676385,TRUE,"","NULL","",4.35900000000004
3753,8320704,1,0.5,FALSE,NA,1,0.95,53,169,53,"!{pgr <= 77} & {er <= 70}",686,246,315,0.459183673469388,TRUE,"","NULL","",7.053
3754,8320705,1,0.5,FALSE,NA,1,0.6,1,4,1,"!{nodes <= 5} & {grade3}",686,246,298,0.434402332361516,TRUE,"","NULL","",4.08300000000008
3755,8320706,1,0.5,FALSE,NA,1,0.77,5,27,5,"{er <= 70} & !{er <= 30}",686,246,296,0.431486880466472,TRUE,"","NULL","",4.86699999999996
3756,8320707,1,0.5,FALSE,NA,1,0.92,35,170,35,"!{age <= 53} & {er <= 9}",686,246,326,0.475218658892128,TRUE,"","NULL","",5.59100000000001
3757,8320708,1,0.5,FALSE,NA,1,0.82,17,68,17,"!{pgr <= 77} & {er <= 100}",686,246,301,0.438775510204082,TRUE,"","NULL","",5.53899999999999
3758,8320709,1,0.5,FALSE,NA,1,0.8,24,119,24,"!{er <= 100} & {meno}",686,246,283,0.412536443148688,TRUE,"","NULL","",5.71799999999996
3759,8320710,1,0.5,FALSE,NA,1,0.97,68,244,68,"{nodes <= 3} & !{pgr <= 26}",686,246,302,0.440233236151603,TRUE,"","NULL","",7.40300000000002
3760,8320711,1,0.5,FALSE,NA,1,0.98,13,80,13,"{age <= 46} & !{pgr <= 26}",686,246,316,0.46064139941691,TRUE,"","NULL","",4.36899999999991
3761,8320712,1,0.5,FALSE,NA,1,0.93,52,181,52,"!{age <= 53} & !{pgr <= 45}",686,246,289,0.421282798833819,TRUE,"","NULL","",7.21000000000004
3762,8320713,1,0.5,FALSE,NA,1,0.92,55,134,55,"{grade3} & {nodes <= 7}",686,246,318,0.463556851311953,TRUE,"","NULL","",5.83000000000004
3763,8320714,1,0.5,FALSE,NA,1,0.9,5,16,5,"!{meno} & !{pgr <= 114}",686,246,303,0.441690962099125,TRUE,"","NULL","",4.38900000000001
3764,8320715,1,0.5,FALSE,NA,1,0.93,23,92,23,"{pgr <= 2} & !{grade3}",686,246,297,0.432944606413994,TRUE,"","NULL","",4.83799999999997
3765,8320716,1,0.5,FALSE,NA,1,0.75,5,42,5,"!{age <= 61} & {pgr <= 77}",686,246,289,0.421282798833819,TRUE,"","NULL","",5.05399999999997
3766,8320717,1,0.5,FALSE,NA,1,0.82,3,41,3,"{nodes <= 7} & {pgr <= 2}",686,246,298,0.434402332361516,TRUE,"","NULL","",4.90499999999997
3767,8320718,1,0.5,FALSE,NA,1,0.86,10,70,10,"{size <= 20} & !{age <= 46}",686,246,307,0.447521865889213,TRUE,"","NULL","",5.428
3768,8320719,1,0.5,FALSE,NA,1,0.88,7,64,7,"!{er <= 70} & {er <= 100}",686,246,319,0.465014577259475,TRUE,"","NULL","",4.68499999999995
3769,8320720,1,0.5,FALSE,NA,1,0.98,41,154,41,"!{meno} & {er <= 9}",686,246,305,0.444606413994169,TRUE,"","NULL","",6.80700000000002
3770,8320721,1,0.5,FALSE,NA,1,0.92,63,173,63,"{nodes <= 1} & {size <= 25}",686,246,289,0.421282798833819,TRUE,"","NULL","",6.255
3771,8320722,1,0.5,FALSE,NA,1,0.96,102,276,102,"{er <= 30} & !{nodes <= 7}",686,246,302,0.440233236151603,TRUE,"","NULL","",7.24099999999999
3772,8320723,1,0.5,FALSE,NA,1,0.83,5,21,5,"!{size <= 29} & !{nodes <= 5}",686,246,264,0.384839650145773,TRUE,"","NULL","",3.21399999999994
3773,8320724,1,0.5,FALSE,NA,1,0.53,3,48,3,"!{pgr <= 45} & {er <= 30}",686,246,301,0.438775510204082,TRUE,"","NULL","",5.19100000000003
3774,8320725,1,0.5,FALSE,NA,1,0.89,10,36,10,"{er <= 3} & !{pgr <= 0}",686,246,304,0.443148688046647,TRUE,"","NULL","",4.78899999999999
3775,8320726,1,0.5,FALSE,NA,1,0.97,10,68,10,"{size <= 20} & {age <= 53}",686,246,307,0.447521865889213,TRUE,"","NULL","",5.29000000000008
3776,8320727,1,0.5,FALSE,NA,1,0.96,32,142,32,"{er <= 0} & {pgr <= 16}",686,246,297,0.432944606413994,TRUE,"","NULL","",5.55399999999997
3777,8320728,1,0.5,FALSE,NA,0,NA,0,9,0,"",686,246,306,0.446064139941691,TRUE,"","NULL","Loglik converged before variable  1 ; coefficient may be infinite.  | Loglik converged before variable  1 ; coefficient may be infinite. ",4.53200000000004
3778,8320729,1,0.5,FALSE,NA,1,0.88,15,110,15,"{size <= 29} & !{meno}",686,246,311,0.4533527696793,TRUE,"","NULL","",5.59199999999998
3779,8320730,1,0.5,FALSE,NA,1,0.55,1,21,1,"!{size <= 25} & !{er <= 174}",686,246,319,0.465014577259475,TRUE,"","NULL","",4.45399999999995
3780,8320731,1,0.5,FALSE,NA,1,0.69,5,34,5,"!{er <= 17} & {pgr <= 45}",686,246,294,0.428571428571429,TRUE,"","NULL","",4.36799999999994
3781,8320732,1,0.5,FALSE,NA,1,0.88,15,71,15,"!{pgr <= 77} & {er <= 70}",686,246,289,0.421282798833819,TRUE,"","NULL","",5.38200000000006
3782,8320733,1,0.5,FALSE,NA,1,0.95,37,175,37,"!{size <= 25} & !{meno}",686,246,289,0.421282798833819,TRUE,"","NULL","",6.45699999999999
3783,8320734,1,0.5,FALSE,NA,1,0.88,25,73,25,"!{nodes <= 5} & !{age <= 46}",686,246,308,0.448979591836735,TRUE,"","NULL","",5.2639999999999
3784,8320735,1,0.5,FALSE,NA,0,NA,0,3,0,"",686,246,306,0.446064139941691,TRUE,"","NULL","",4.18600000000004
3785,8320736,1,0.5,FALSE,NA,1,0.98,26,127,26,"!{pgr <= 114} & {pgr <= 184}",686,246,305,0.444606413994169,TRUE,"","NULL","",6.91100000000006
3786,8320737,1,0.5,FALSE,NA,0,NA,0,4,0,"",686,246,287,0.418367346938776,TRUE,"","NULL","",4.24400000000003
3787,8320738,1,0.5,FALSE,NA,1,0.98,55,166,55,"!{nodes <= 5} & !{er <= 44}",686,246,303,0.441690962099125,TRUE,"","NULL","",6.26599999999996
3788,8320739,1,0.5,FALSE,NA,1,0.94,46,153,46,"{size <= 20} & {age <= 53}",686,246,283,0.412536443148688,TRUE,"","NULL","",5.3649999999999
3789,8320740,1,0.5,FALSE,NA,1,0.94,3,24,3,"{pgr <= 77} & !{pgr <= 45}",686,246,310,0.451895043731778,TRUE,"","NULL","",4.88
3790,8320741,1,0.5,FALSE,NA,1,0.94,61,230,61,"!{pgr <= 26} & !{nodes <= 3}",686,246,293,0.427113702623907,TRUE,"","NULL","",7.21399999999994
3791,8320742,1,0.5,FALSE,NA,1,0.51,1,3,1,"!{pgr <= 114} & !{size <= 29}",686,246,300,0.43731778425656,TRUE,"","NULL","",4.35699999999997
3792,8320743,1,0.5,FALSE,NA,1,0.57,1,48,1,"!{pgr <= 114} & !{size <= 29}",686,246,299,0.435860058309038,TRUE,"","NULL","",4.596
3793,8320744,1,0.5,FALSE,NA,1,0.99,99,347,99,"{size <= 20} & !{er <= 17}",686,246,290,0.422740524781341,TRUE,"","NULL","",9.57299999999998
3794,8320745,1,0.5,FALSE,NA,1,0.94,38,112,38,"{nodes <= 5} & {pgr <= 2}",686,246,299,0.435860058309038,TRUE,"","NULL","",6.06799999999998
3795,8320746,1,0.5,FALSE,NA,1,0.84,18,72,18,"!{er <= 100} & !{pgr <= 26}",686,246,300,0.43731778425656,TRUE,"","NULL","",5.05200000000002
3796,8320747,1,0.5,FALSE,NA,1,0.89,2,8,2,"!{er <= 44} & {er <= 70}",686,246,294,0.428571428571429,TRUE,"","NULL","",3.46900000000005
3797,8320748,1,0.5,FALSE,NA,1,0.73,7,29,7,"!{pgr <= 184} & !{grade3}",686,246,320,0.466472303206997,TRUE,"","NULL","",4.91999999999996
3798,8320749,1,0.5,FALSE,NA,1,0.94,57,257,57,"!{size <= 29} & {nodes <= 3}",686,246,284,0.41399416909621,TRUE,"","NULL","",8.05200000000002
3799,8320750,1,0.5,FALSE,NA,1,0.93,33,95,33,"!{pgr <= 77} & {meno}",686,246,287,0.418367346938776,TRUE,"","NULL","",5.55500000000006
3800,8320751,1,0.5,FALSE,NA,1,0.83,8,77,8,"!{meno} & !{er <= 70}",686,246,295,0.43002915451895,TRUE,"","NULL","",4.11900000000003
3801,8320752,1,0.5,FALSE,NA,1,0.62,1,5,1,"{er <= 70} & !{er <= 30}",686,246,301,0.438775510204082,TRUE,"","NULL","",4.94399999999996
3802,8320753,1,0.5,FALSE,NA,1,0.97,122,293,122,"!{meno} & !{pgr <= 26}",686,246,319,0.465014577259475,TRUE,"","NULL","",8.00700000000006
3803,8320754,1,0.5,FALSE,NA,1,0.9,29,138,29,"!{size <= 35} & {er <= 44}",686,246,308,0.448979591836735,TRUE,"","NULL","",5.88
3804,8320755,1,0.5,FALSE,NA,1,0.92,12,44,12,"!{pgr <= 45} & {er <= 30}",686,246,286,0.416909620991254,TRUE,"","NULL","",3.96300000000008
3805,8320756,1,0.5,FALSE,NA,1,0.72,12,90,12,"!{pgr <= 77} & {age <= 61}",686,246,318,0.463556851311953,TRUE,"","NULL","",6.02700000000004
3806,8320757,1,0.5,FALSE,NA,1,0.91,34,127,34,"{size <= 25} & {age <= 46}",686,246,290,0.422740524781341,TRUE,"","NULL","",6.27599999999995
3807,8320758,1,0.5,FALSE,NA,1,0.98,20,122,20,"!{meno} & {nodes <= 1}",686,246,316,0.46064139941691,TRUE,"","NULL","",5.57500000000005
3808,8320759,1,0.5,FALSE,NA,1,0.71,3,18,3,"!{pgr <= 26} & {pgr <= 77}",686,246,320,0.466472303206997,TRUE,"","NULL","",3.91999999999996
3809,8320760,1,0.5,FALSE,NA,1,0.89,26,65,26,"{meno} & !{er <= 174}",686,246,298,0.434402332361516,TRUE,"","NULL","",5.53300000000002
3810,8320761,1,0.5,FALSE,NA,1,0.96,24,124,24,"{size <= 29} & {pgr <= 8}",686,246,276,0.402332361516035,TRUE,"","NULL","",5.70299999999997
3811,8320762,1,0.5,FALSE,NA,1,0.97,172,419,172,"!{age <= 61} & !{pgr <= 26}",686,246,301,0.438775510204082,TRUE,"","NULL","",9.34199999999998
3812,8320763,1,0.5,FALSE,NA,0,NA,0,7,0,"",686,246,288,0.419825072886297,TRUE,"","NULL","",3.25100000000009
3813,8320764,1,0.5,FALSE,NA,1,0.8,33,123,33,"{nodes <= 3} & !{er <= 70}",686,246,308,0.448979591836735,TRUE,"","NULL","",6.64100000000008
3814,8320765,1,0.5,FALSE,NA,1,0.91,15,31,15,"!{pgr <= 184} & !{er <= 30}",686,246,284,0.41399416909621,TRUE,"","NULL","",4.673
3815,8320766,1,0.5,FALSE,NA,1,0.97,59,209,59,"{er <= 17} & !{pgr <= 16}",686,246,293,0.427113702623907,TRUE,"","NULL","",6.81499999999994
3816,8320767,1,0.5,FALSE,NA,1,0.53,1,31,1,"{grade3} & {pgr <= 26}",686,246,294,0.428571428571429,TRUE,"","NULL","",3.94499999999994
3817,8320768,1,0.5,FALSE,NA,1,0.86,14,79,14,"!{pgr <= 114} & !{size <= 29}",686,246,309,0.450437317784257,TRUE,"","NULL","",5.66000000000008
3818,8320769,1,0.5,FALSE,NA,1,0.83,1,10,1,"{er <= 17} & !{er <= 9}",686,246,304,0.443148688046647,TRUE,"","NULL","",4.59500000000003
3819,8320770,1,0.5,FALSE,NA,1,0.95,81,201,81,"!{pgr <= 114} & {meno}",686,246,291,0.424198250728863,TRUE,"","NULL","",6.92700000000002
3820,8320771,1,0.5,FALSE,NA,1,0.97,18,56,18,"{size <= 20} & {age <= 53}",686,246,295,0.43002915451895,TRUE,"","NULL","",4.22200000000009
3821,8320772,1,0.5,FALSE,NA,0,NA,0,8,0,"",686,246,312,0.454810495626822,TRUE,"","NULL","",4.56900000000007
3822,8320773,1,0.5,FALSE,NA,1,1,119,238,119,"{nodes <= 1} & {er <= 70}",686,246,276,0.402332361516035,TRUE,"","NULL","",7.37599999999998
3823,8320774,1,0.5,FALSE,NA,1,0.96,38,127,38,"!{grade3} & {er <= 9}",686,246,314,0.457725947521866,TRUE,"","NULL","",6.05999999999995
3824,8320775,1,0.5,FALSE,NA,1,0.92,8,26,8,"{er <= 44} & {nodes <= 1}",686,246,331,0.482507288629738,TRUE,"","NULL","",3.77600000000007
3825,8320776,1,0.5,FALSE,NA,1,0.82,43,194,43,"!{pgr <= 77} & {er <= 70}",686,246,284,0.41399416909621,TRUE,"","NULL","",7.68700000000001
3826,8320777,1,0.5,FALSE,NA,1,0.6,3,33,3,"{meno} & !{size <= 29}",686,246,298,0.434402332361516,TRUE,"","NULL","",4.92899999999997
3827,8320778,1,0.5,FALSE,NA,1,0.92,40,173,40,"!{er <= 100} & {nodes <= 3}",686,246,304,0.443148688046647,TRUE,"","NULL","",6.32799999999997
3828,8320779,1,0.5,FALSE,NA,1,0.95,32,209,32,"{age <= 53} & !{er <= 44}",686,246,306,0.446064139941691,TRUE,"","NULL","",5.33400000000006
3829,8320780,1,0.5,FALSE,NA,1,0.97,153,323,153,"!{er <= 100} & {size <= 25}",686,246,324,0.472303206997085,TRUE,"","NULL","",9.08000000000004
3830,8320781,1,0.5,FALSE,NA,0,NA,0,3,0,"",686,246,291,0.424198250728863,TRUE,"","NULL","",4.47800000000007
3831,8320782,1,0.5,FALSE,NA,1,0.91,27,94,27,"{nodes <= 3} & !{pgr <= 114}",686,246,286,0.416909620991254,TRUE,"","NULL","",5.30200000000002
3832,8320783,1,0.5,FALSE,NA,1,0.92,20,88,20,"!{er <= 174} & !{size <= 25}",686,246,297,0.432944606413994,TRUE,"","NULL","",4.30499999999995
3833,8320784,1,0.5,FALSE,NA,1,0.87,21,106,21,"!{er <= 100} & {age <= 61}",686,246,282,0.411078717201166,TRUE,"","NULL","",5.99199999999996
3834,8320785,1,0.5,FALSE,NA,1,0.86,15,94,15,"!{age <= 61} & !{size <= 20}",686,246,300,0.43731778425656,TRUE,"","NULL","",5.95500000000004
3835,8320786,1,0.5,FALSE,NA,0,NA,0,10,0,"",686,246,315,0.459183673469388,TRUE,"","NULL","",4.29899999999998
3836,8320787,1,0.5,FALSE,NA,1,0.57,2,8,2,"!{pgr <= 114} & {er <= 100}",686,246,306,0.446064139941691,TRUE,"","NULL","",4.18999999999994
3837,8320788,1,0.5,FALSE,NA,1,0.57,4,53,4,"{nodes <= 3} & !{size <= 20}",686,246,306,0.446064139941691,TRUE,"","NULL","",5.81799999999998
3838,8320789,1,0.5,FALSE,NA,1,0.8,6,29,6,"!{er <= 9} & {age <= 46}",686,246,301,0.438775510204082,TRUE,"","NULL","",4.62400000000002
3839,8320790,1,0.5,FALSE,NA,0,NA,0,7,0,"",686,246,296,0.431486880466472,TRUE,"","NULL","",4.20000000000005
3840,8320791,1,0.5,FALSE,NA,1,1,280,667,280,"!{age <= 61} & !{nodes <= 3}",686,246,293,0.427113702623907,TRUE,"","NULL","",10.451
3841,8320792,1,0.5,FALSE,NA,1,0.96,20,79,20,"{pgr <= 2} & {meno}",686,246,280,0.408163265306122,TRUE,"","NULL","",5.83600000000001
3842,8320793,1,0.5,FALSE,NA,1,0.92,18,111,18,"{size <= 35} & !{er <= 174}",686,246,293,0.427113702623907,TRUE,"","NULL","",6.10599999999999
3843,8320794,1,0.5,FALSE,NA,1,0.64,2,46,2,"!{pgr <= 114} & !{size <= 25}",686,246,300,0.43731778425656,TRUE,"","NULL","",4.86000000000001
3844,8320795,1,0.5,FALSE,NA,1,0.86,18,120,18,"{nodes <= 1} & !{er <= 9}",686,246,282,0.411078717201166,TRUE,"","NULL","",5.23800000000006
3845,8320796,1,0.5,FALSE,NA,1,0.88,54,254,54,"{nodes <= 7} & {pgr <= 8}",686,246,319,0.465014577259475,TRUE,"","NULL","",8.14799999999991
3846,8320797,1,0.5,FALSE,NA,1,0.94,60,185,60,"!{meno} & {nodes <= 5}",686,246,290,0.422740524781341,TRUE,"","NULL","",6.42999999999995
3847,8320798,1,0.5,FALSE,NA,1,0.95,13,55,13,"{size <= 20} & !{er <= 44}",686,246,294,0.428571428571429,TRUE,"","NULL","",4.97899999999993
3848,8320799,1,0.5,FALSE,NA,1,0.99,48,177,48,"{grade3} & {nodes <= 3}",686,246,295,0.43002915451895,TRUE,"","NULL","",4.95500000000004
3849,8320800,1,0.5,FALSE,NA,1,0.61,7,75,7,"{age <= 46} & !{er <= 3}",686,246,284,0.41399416909621,TRUE,"","NULL","",5.149
3850,8320801,1,0.5,FALSE,NA,1,0.87,48,166,48,"!{grade3} & !{age <= 61}",686,246,289,0.421282798833819,TRUE,"","NULL","",6.35699999999997
3851,8320802,1,0.5,FALSE,NA,1,0.87,4,71,4,"!{nodes <= 3} & {nodes <= 5}",686,246,310,0.451895043731778,TRUE,"","NULL","",5.11599999999999
3852,8320803,1,0.5,FALSE,NA,1,0.67,4,29,4,"!{pgr <= 16} & !{age <= 61}",686,246,310,0.451895043731778,TRUE,"","NULL","",4.56600000000003
3853,8320804,1,0.5,FALSE,NA,1,0.95,22,121,22,"{pgr <= 16} & {age <= 53}",686,246,298,0.434402332361516,TRUE,"","NULL","",6.52199999999993
3854,8320805,1,0.5,FALSE,NA,1,0.93,21,95,21,"!{meno} & !{age <= 46}",686,246,313,0.456268221574344,TRUE,"","NULL","",5.40699999999993
3855,8320806,1,0.5,FALSE,NA,1,0.7,4,44,4,"{grade3} & {er <= 174}",686,246,308,0.448979591836735,TRUE,"","NULL","",4.70600000000002
3856,8320807,1,0.5,FALSE,NA,1,0.55,1,15,1,"{pgr <= 16} & {er <= 0}",686,246,305,0.444606413994169,TRUE,"","NULL","",4.31400000000008
3857,8320808,1,0.5,FALSE,NA,1,0.82,10,44,10,"!{nodes <= 3} & {size <= 29}",686,246,303,0.441690962099125,TRUE,"","NULL","",5.42999999999995
3858,8320809,1,0.5,FALSE,NA,1,0.9,13,59,13,"!{er <= 174} & !{pgr <= 26}",686,246,285,0.415451895043732,TRUE,"","NULL","",4.76799999999992
3859,8320810,1,0.5,FALSE,NA,1,0.87,7,25,7,"!{nodes <= 7} & !{grade3}",686,246,320,0.466472303206997,TRUE,"","NULL","",4.64999999999998
3860,8320811,1,0.5,FALSE,NA,1,0.93,19,70,19,"!{pgr <= 114} & {er <= 100}",686,246,305,0.444606413994169,TRUE,"","NULL","",5.09000000000003
3861,8320812,1,0.5,FALSE,NA,1,0.96,113,457,113,"{nodes <= 1} & {pgr <= 26}",686,246,307,0.447521865889213,TRUE,"","NULL","",10.6999999999999
3862,8320813,1,0.5,FALSE,NA,1,0.7,1,6,1,"{er <= 30} & !{size <= 35}",686,246,303,0.441690962099125,TRUE,"","NULL","",4.53899999999999
3863,8320814,1,0.5,FALSE,NA,1,0.9,34,155,34,"!{nodes <= 7} & {pgr <= 77}",686,246,294,0.428571428571429,TRUE,"","NULL","",5.89400000000001
3864,8320815,1,0.5,FALSE,NA,1,0.87,24,96,24,"{size <= 20} & {pgr <= 184}",686,246,306,0.446064139941691,TRUE,"","NULL","",3.97199999999998
3865,8320816,1,0.5,FALSE,NA,1,0.87,2,23,2,"!{pgr <= 2} & {pgr <= 8}",686,246,282,0.411078717201166,TRUE,"","NULL","",4.44200000000001
3866,8320817,1,0.5,FALSE,NA,1,0.99,87,301,87,"!{meno} & !{pgr <= 77}",686,246,292,0.425655976676385,TRUE,"","NULL","",8.21699999999998
3867,8320818,1,0.5,FALSE,NA,1,0.77,8,39,8,"!{pgr <= 114} & {nodes <= 5}",686,246,281,0.409620991253644,TRUE,"","NULL","",4.47500000000002
3868,8320819,1,0.5,FALSE,NA,1,0.97,81,344,81,"!{pgr <= 8} & {pgr <= 16}",686,246,316,0.46064139941691,TRUE,"","NULL","",6.88799999999992
3869,8320820,1,0.5,FALSE,NA,1,0.97,10,83,10,"!{age <= 53} & {age <= 61}",686,246,289,0.421282798833819,TRUE,"","NULL","",5.40700000000004
3870,8320821,1,0.5,FALSE,NA,1,0.96,12,156,12,"!{pgr <= 2} & {pgr <= 8}",686,246,309,0.450437317784257,TRUE,"","NULL","",6.80099999999993
3871,8320822,1,0.5,FALSE,NA,1,0.9,24,57,24,"!{pgr <= 184} & !{er <= 17}",686,246,306,0.446064139941691,TRUE,"","NULL","",5.01400000000001
3872,8320823,1,0.5,FALSE,NA,1,0.81,9,69,9,"!{size <= 29} & !{pgr <= 16}",686,246,298,0.434402332361516,TRUE,"","NULL","",4.65899999999999
3873,8320824,1,0.5,FALSE,NA,1,0.96,80,227,80,"{nodes <= 1} & {size <= 35}",686,246,294,0.428571428571429,TRUE,"","NULL","",7.60400000000004
3874,8320825,1,0.5,FALSE,NA,1,0.98,82,189,82,"!{pgr <= 114} & !{size <= 25}",686,246,289,0.421282798833819,TRUE,"","NULL","",6.24199999999996
3875,8320826,1,0.5,FALSE,NA,1,0.82,8,24,8,"{size <= 20} & {age <= 61}",686,246,318,0.463556851311953,TRUE,"","NULL","",4.70300000000009
3876,8320827,1,0.5,FALSE,NA,1,0.98,34,146,34,"!{meno} & !{age <= 46}",686,246,304,0.443148688046647,TRUE,"","NULL","",5.01900000000001
3877,8320828,1,0.5,FALSE,NA,1,0.71,3,30,3,"!{size <= 29} & !{er <= 100}",686,246,295,0.43002915451895,TRUE,"","NULL","",4.71199999999999
3878,8320829,1,0.5,FALSE,NA,1,0.81,19,86,19,"!{er <= 0} & !{size <= 35}",686,246,283,0.412536443148688,TRUE,"","NULL","",5.19500000000005
3879,8320830,1,0.5,FALSE,NA,1,1,213,489,213,"{nodes <= 1} & {pgr <= 184}",686,246,325,0.473760932944606,TRUE,"","NULL","",10.6
3880,8320831,1,0.5,FALSE,NA,1,0.74,4,23,4,"{age <= 53} & {pgr <= 8}",686,246,297,0.432944606413994,TRUE,"","NULL","",3.15800000000002
3881,8320832,1,0.5,FALSE,NA,1,0.7,3,24,3,"{size <= 20} & !{age <= 46}",686,246,275,0.400874635568513,TRUE,"","NULL","",4.84799999999996
3882,8320833,1,0.5,FALSE,NA,1,0.82,13,59,13,"{nodes <= 1} & {er <= 44}",686,246,288,0.419825072886297,TRUE,"","NULL","",5.27999999999997
3883,8320834,1,0.5,FALSE,NA,1,0.98,111,319,111,"!{pgr <= 77} & {size <= 25}",686,246,303,0.441690962099125,TRUE,"","NULL","",8.76600000000008
3884,8320835,1,0.5,FALSE,NA,1,0.98,69,150,69,"{grade3} & {nodes <= 7}",686,246,292,0.425655976676385,TRUE,"","NULL","",4.97799999999995
3885,8320836,1,0.5,FALSE,NA,1,0.93,35,103,35,"!{er <= 44} & !{meno}",686,246,274,0.399416909620991,TRUE,"","NULL","Loglik converged before variable  1 ; coefficient may be infinite.  | Loglik converged before variable  1 ; coefficient may be infinite. ",5.995
3886,8320837,1,0.5,FALSE,NA,1,0.74,4,35,4,"{nodes <= 1} & {pgr <= 16}",686,246,293,0.427113702623907,TRUE,"","NULL","",4.89100000000008
3887,8320838,1,0.5,FALSE,NA,1,0.8,11,72,11,"{er <= 17} & {age <= 46}",686,246,295,0.43002915451895,TRUE,"","NULL","",5.13
3888,8320839,1,0.5,FALSE,NA,1,0.98,58,172,58,"{size <= 20} & !{meno}",686,246,301,0.438775510204082,TRUE,"","NULL","",5.84699999999998
3889,8320840,1,0.5,FALSE,NA,1,0.74,3,20,3,"{size <= 20} & !{er <= 30}",686,246,311,0.4533527696793,TRUE,"","NULL","",5.05399999999997
3890,8320841,1,0.5,FALSE,NA,1,0.54,2,20,2,"!{size <= 35} & {er <= 100}",686,246,296,0.431486880466472,TRUE,"","NULL","",4.51799999999992
3891,8320842,1,0.5,FALSE,NA,1,0.92,53,243,53,"{size <= 35} & !{pgr <= 114}",686,246,280,0.408163265306122,TRUE,"","NULL","",7.822
3892,8320843,1,0.5,FALSE,NA,1,0.96,139,456,139,"{nodes <= 1} & !{pgr <= 45}",686,246,319,0.465014577259475,TRUE,"","NULL","",8.01900000000001
3893,8320844,1,0.5,FALSE,NA,1,0.99,48,147,48,"{age <= 46} & !{nodes <= 3}",686,246,318,0.463556851311953,TRUE,"","NULL","",7.02999999999997
3894,8320845,1,0.5,FALSE,NA,1,0.98,79,274,79,"!{size <= 29} & !{er <= 100}",686,246,312,0.454810495626822,TRUE,"","NULL","",7.59199999999998
3895,8320846,1,0.5,FALSE,NA,1,0.96,9,40,9,"!{meno} & !{er <= 44}",686,246,309,0.450437317784257,TRUE,"","NULL","",4.82599999999991
3896,8320847,1,0.5,FALSE,NA,1,0.98,142,396,142,"!{pgr <= 184}",686,246,298,0.434402332361516,TRUE,"","NULL","",6.74099999999999
3897,8320848,1,0.5,FALSE,NA,1,0.9,4,30,4,"!{pgr <= 77} & {nodes <= 1}",686,246,299,0.435860058309038,TRUE,"","NULL","",5.06100000000004
3898,8320849,1,0.5,FALSE,NA,1,0.98,121,287,121,"{age <= 46} & {nodes <= 5}",686,246,285,0.415451895043732,TRUE,"","NULL","",7.99599999999998
3899,8320850,1,0.5,FALSE,NA,1,0.98,54,169,54,"!{meno} & {er <= 9}",686,246,309,0.450437317784257,TRUE,"","NULL","",6.08899999999994
3900,8320851,1,0.5,FALSE,NA,0,NA,0,11,0,"",686,246,309,0.450437317784257,TRUE,"","NULL","",3.51400000000001
3901,8320852,1,0.5,FALSE,NA,1,0.84,25,85,25,"!{meno} & !{pgr <= 45}",686,246,312,0.454810495626822,TRUE,"","NULL","",5.91000000000008
3902,8320853,1,0.5,FALSE,NA,1,0.9,35,116,35,"{size <= 29} & !{pgr <= 114}",686,246,312,0.454810495626822,TRUE,"","NULL","",5.60500000000002
3903,8320854,1,0.5,FALSE,NA,1,0.85,20,58,20,"{nodes <= 7} & !{pgr <= 184}",686,246,299,0.435860058309038,TRUE,"","NULL","",4.81400000000008
3904,8320855,1,0.5,FALSE,NA,1,0.94,67,198,67,"{grade3} & !{nodes <= 3}",686,246,323,0.470845481049563,TRUE,"","NULL","",5.89100000000008
3905,8320856,1,0.5,FALSE,NA,1,0.94,7,32,7,"!{pgr <= 16} & {er <= 17}",686,246,303,0.441690962099125,TRUE,"","NULL","",5.10000000000002
3906,8320857,1,0.5,FALSE,NA,1,0.91,2,28,2,"{er <= 30} & !{er <= 17}",686,246,296,0.431486880466472,TRUE,"","NULL","",4.47900000000004
3907,8320858,1,0.5,FALSE,NA,1,0.88,24,93,24,"{nodes <= 1} & {er <= 44}",686,246,308,0.448979591836735,TRUE,"","NULL","",5.45000000000005
3908,8320859,1,0.5,FALSE,NA,0,NA,0,7,0,"",686,246,276,0.402332361516035,TRUE,"","NULL","",4.44500000000005
3909,8320860,1,0.5,FALSE,NA,1,0.97,49,147,49,"{age <= 46} & !{nodes <= 3}",686,246,284,0.41399416909621,TRUE,"","NULL","",6.88200000000006
3910,8320861,1,0.5,FALSE,NA,1,0.75,9,60,9,"!{pgr <= 114} & !{er <= 70}",686,246,303,0.441690962099125,TRUE,"","NULL","",4.77200000000005
3911,8320862,1,0.5,FALSE,NA,1,1,139,352,139,"{size <= 35} & !{size <= 29}",686,246,300,0.43731778425656,TRUE,"","NULL","",8.35900000000004
3912,8320863,1,0.5,FALSE,NA,1,1,60,168,60,"!{pgr <= 45} & {er <= 30}",686,246,304,0.443148688046647,TRUE,"","NULL","",4.62099999999998
3913,8320864,1,0.5,FALSE,NA,1,0.99,132,325,132,"{nodes <= 1} & !{pgr <= 16}",686,246,308,0.448979591836735,TRUE,"","NULL","",8.68599999999992
3914,8320865,1,0.5,FALSE,NA,1,0.86,23,98,23,"!{size <= 20} & {size <= 25}",686,246,295,0.43002915451895,TRUE,"","NULL","",5.49599999999998
3915,8320866,1,0.5,FALSE,NA,1,0.74,17,99,17,"!{nodes <= 1} & {pgr <= 8}",686,246,303,0.441690962099125,TRUE,"","NULL","",5.52200000000005
3916,8320867,1,0.5,FALSE,NA,1,0.89,27,99,27,"!{pgr <= 45} & {size <= 20}",686,246,296,0.431486880466472,TRUE,"","NULL","",4.17100000000005
3917,8320868,1,0.5,FALSE,NA,1,0.96,10,59,10,"{age <= 53} & {er <= 3}",686,246,289,0.421282798833819,TRUE,"","NULL","",5.22500000000002
3918,8320869,1,0.5,FALSE,NA,1,0.93,9,59,9,"!{age <= 61} & !{pgr <= 8}",686,246,298,0.434402332361516,TRUE,"","NULL","",5.11299999999994
3919,8320870,1,0.5,FALSE,NA,1,0.62,3,67,3,"!{er <= 70} & {er <= 174}",686,246,277,0.403790087463557,TRUE,"","NULL","",5.44499999999994
3920,8320871,1,0.5,FALSE,NA,0,NA,0,22,0,"",686,246,290,0.422740524781341,TRUE,"","NULL","",4.351
3921,8320872,1,0.5,FALSE,NA,1,0.79,4,41,4,"{nodes <= 1} & !{age <= 53}",686,246,325,0.473760932944606,TRUE,"","NULL","",5.173
3922,8320873,1,0.5,FALSE,NA,1,0.9,7,34,7,"{er <= 3} & {pgr <= 26}",686,246,306,0.446064139941691,TRUE,"","NULL","",4.99600000000009
3923,8320874,1,0.5,FALSE,NA,1,0.81,3,34,3,"!{size <= 29} & {nodes <= 3}",686,246,305,0.444606413994169,TRUE,"","NULL","",4.61299999999994
3924,8320875,1,0.5,FALSE,NA,1,0.99,94,299,94,"{age <= 53} & {er <= 9}",686,246,300,0.43731778425656,TRUE,"","NULL","",7.06499999999994
3925,8320876,1,0.5,FALSE,NA,1,0.97,43,159,43,"!{size <= 35} & !{er <= 3}",686,246,306,0.446064139941691,TRUE,"","NULL","",7.09699999999998
3926,8320877,1,0.5,FALSE,NA,1,0.74,1,27,1,"!{size <= 29} & !{pgr <= 114}",686,246,287,0.418367346938776,TRUE,"","NULL","",4.49099999999999
3927,8320878,1,0.5,FALSE,NA,1,0.98,30,62,30,"{nodes <= 7} & !{nodes <= 5}",686,246,300,0.43731778425656,TRUE,"","NULL","",4.72299999999996
3928,8320879,1,0.5,FALSE,NA,1,0.96,41,152,41,"!{pgr <= 114} & {age <= 61}",686,246,273,0.397959183673469,TRUE,"","NULL","",5.44599999999991
3929,8320880,1,0.5,FALSE,NA,1,0.86,21,66,21,"{age <= 46} & !{pgr <= 8}",686,246,297,0.432944606413994,TRUE,"","NULL","",5.46600000000001
3930,8320881,1,0.5,FALSE,NA,1,0.99,54,153,54,"{er <= 0} & {pgr <= 2}",686,246,327,0.47667638483965,TRUE,"","NULL","",6.47900000000004
3931,8320882,1,0.5,FALSE,NA,1,0.99,54,247,54,"{er <= 17} & !{pgr <= 16}",686,246,344,0.501457725947522,TRUE,"","NULL","",7.202
3932,8320883,1,0.5,FALSE,NA,1,0.94,26,129,26,"!{pgr <= 45} & {pgr <= 114}",686,246,293,0.427113702623907,TRUE,"","NULL","",4.37400000000002
3933,8320884,1,0.5,FALSE,NA,1,0.8,3,41,3,"{nodes <= 1} & !{pgr <= 45}",686,246,321,0.467930029154519,TRUE,"","NULL","",5.31200000000001
3934,8320885,1,0.5,FALSE,NA,1,0.97,42,140,42,"!{age <= 61} & !{size <= 25}",686,246,315,0.459183673469388,TRUE,"","NULL","",6.31299999999999
3935,8320886,1,0.5,FALSE,NA,0,NA,0,4,0,"",686,246,302,0.440233236151603,TRUE,"","NULL","",4.298
3936,8320887,1,0.5,FALSE,NA,1,0.94,66,248,66,"{size <= 20} & {nodes <= 3}",686,246,309,0.450437317784257,TRUE,"","NULL","",6.84699999999998
3937,8320888,1,0.5,FALSE,NA,1,0.86,22,105,22,"!{pgr <= 114} & {size <= 35}",686,246,274,0.399416909620991,TRUE,"","NULL","",6.34900000000005
3938,8320889,1,0.5,FALSE,NA,1,0.95,45,121,45,"{nodes <= 7} & {er <= 3}",686,246,293,0.427113702623907,TRUE,"","NULL","",5.45900000000006
3939,8320890,1,0.5,FALSE,NA,1,0.86,21,93,21,"!{age <= 61} & !{er <= 100}",686,246,307,0.447521865889213,TRUE,"","NULL","",5.36899999999991
3940,8320891,1,0.5,FALSE,NA,1,0.85,1,23,1,"{grade3} & !{nodes <= 5}",686,246,293,0.427113702623907,TRUE,"","NULL","",4.08699999999999
3941,8320892,1,0.5,FALSE,NA,1,0.82,26,107,26,"!{grade3} & !{pgr <= 184}",686,246,314,0.457725947521866,TRUE,"","NULL","",6.20100000000002
3942,8320893,1,0.5,FALSE,NA,1,0.92,44,139,44,"!{er <= 174} & {meno}",686,246,315,0.459183673469388,TRUE,"","NULL","",6.59699999999998
3943,8320894,1,0.5,FALSE,NA,1,0.71,12,76,12,"{age <= 53} & {pgr <= 26}",686,246,300,0.43731778425656,TRUE,"","NULL","",5.07899999999995
3944,8320895,1,0.5,FALSE,NA,1,0.95,24,139,24,"!{size <= 20} & {er <= 3}",686,246,327,0.47667638483965,TRUE,"","NULL","",4.98699999999997
3945,8320896,1,0.5,FALSE,NA,1,0.97,91,249,91,"{er <= 30} & !{nodes <= 3}",686,246,302,0.440233236151603,TRUE,"","NULL","",7.95799999999997
3946,8320897,1,0.5,FALSE,NA,1,0.75,4,33,4,"!{meno} & !{age <= 46}",686,246,297,0.432944606413994,TRUE,"","NULL","",4.61900000000003
3947,8320898,1,0.5,FALSE,NA,1,0.85,17,97,17,"{size <= 20} & !{er <= 3}",686,246,316,0.46064139941691,TRUE,"","NULL","",5.57300000000009
3948,8320899,1,0.5,FALSE,NA,1,0.89,27,157,27,"!{pgr <= 114} & !{age <= 46}",686,246,305,0.444606413994169,TRUE,"","NULL","",4.91300000000001
3949,8320900,1,0.5,FALSE,NA,1,0.9,16,68,16,"!{nodes <= 7} & !{size <= 25}",686,246,300,0.43731778425656,TRUE,"","NULL","",5.39999999999998
3950,8320901,1,0.5,FALSE,NA,1,0.87,2,18,2,"{nodes <= 7} & !{nodes <= 5}",686,246,293,0.427113702623907,TRUE,"","NULL","",4.71299999999997
3951,8320902,1,0.5,FALSE,NA,1,0.96,95,247,95,"{size <= 20} & !{er <= 17}",686,246,285,0.415451895043732,TRUE,"","NULL","",7.23900000000003
3952,8320903,1,0.5,FALSE,NA,1,0.92,11,76,11,"!{size <= 29} & {age <= 46}",686,246,323,0.470845481049563,TRUE,"","NULL","",4.41099999999994
3953,8320904,1,0.5,FALSE,NA,1,0.86,20,64,20,"!{pgr <= 114} & !{age <= 46}",686,246,310,0.451895043731778,TRUE,"","NULL","",6.11200000000008
3954,8320905,1,0.5,FALSE,NA,1,0.77,8,59,8,"!{er <= 70} & !{size <= 29}",686,246,302,0.440233236151603,TRUE,"","NULL","Loglik converged before variable  1 ; coefficient may be infinite.  | Loglik converged before variable  1 ; coefficient may be infinite. ",4.899
3955,8320906,1,0.5,FALSE,NA,1,0.89,24,86,24,"!{pgr <= 26} & {er <= 44}",686,246,306,0.446064139941691,TRUE,"","NULL","",5.48599999999999
3956,8320907,1,0.5,FALSE,NA,1,0.9,16,54,16,"!{pgr <= 184} & !{age <= 46}",686,246,284,0.41399416909621,TRUE,"","NULL","",4.62699999999995
3957,8320908,1,0.5,FALSE,NA,1,0.98,49,174,49,"!{age <= 61} & {nodes <= 5}",686,246,294,0.428571428571429,TRUE,"","NULL","",7.17600000000004
3958,8320909,1,0.5,FALSE,NA,0,NA,0,13,0,"",686,246,291,0.424198250728863,TRUE,"","NULL","",4.01800000000003
3959,8320910,1,0.5,FALSE,NA,1,0.84,3,46,3,"!{grade3} & !{pgr <= 184}",686,246,305,0.444606413994169,TRUE,"","NULL","",4.846
3960,8320911,1,0.5,FALSE,NA,1,0.74,7,47,7,"!{size <= 35} & {nodes <= 7}",686,246,294,0.428571428571429,TRUE,"","NULL","",4.55100000000004
3961,8320912,1,0.5,FALSE,NA,1,0.88,14,82,14,"{nodes <= 1} & !{er <= 3}",686,246,287,0.418367346938776,TRUE,"","NULL","",5.72500000000002
3962,8320913,1,0.5,FALSE,NA,1,0.94,52,195,52,"{age <= 46} & {size <= 25}",686,246,320,0.466472303206997,TRUE,"","NULL","",7
3963,8320914,1,0.5,FALSE,NA,1,0.81,7,75,7,"{er <= 9} & !{size <= 29}",686,246,301,0.438775510204082,TRUE,"","NULL","",4.99700000000007
3964,8320915,1,0.5,FALSE,NA,1,0.87,33,116,33,"!{meno} & !{er <= 30}",686,246,294,0.428571428571429,TRUE,"","NULL","",4.91399999999999
3965,8320916,1,0.5,FALSE,NA,1,0.99,84,196,84,"{size <= 35} & !{er <= 174}",686,246,306,0.446064139941691,TRUE,"","NULL","",7.60799999999995
3966,8320917,1,0.5,FALSE,NA,1,0.84,7,43,7,"!{nodes <= 5} & {er <= 30}",686,246,319,0.465014577259475,TRUE,"","NULL","",4.56799999999998
3967,8320918,1,0.5,FALSE,NA,1,0.71,1,20,1,"{pgr <= 45} & !{er <= 70}",686,246,292,0.425655976676385,TRUE,"","NULL","",4.33600000000001
3968,8320919,1,0.5,FALSE,NA,1,0.94,15,73,15,"{grade3} & {pgr <= 8}",686,246,297,0.432944606413994,TRUE,"","NULL","",4.56799999999998
3969,8320920,1,0.5,FALSE,NA,1,0.9,21,102,21,"{er <= 17} & {nodes <= 5}",686,246,309,0.450437317784257,TRUE,"","NULL","",6.27999999999997
3970,8320921,1,0.5,FALSE,NA,1,0.62,6,39,6,"!{nodes <= 5} & !{size <= 25}",686,246,305,0.444606413994169,TRUE,"","NULL","",4.84300000000007
3971,8320922,1,0.5,FALSE,NA,1,0.89,27,207,27,"{age <= 46} & {er <= 70}",686,246,286,0.416909620991254,TRUE,"","NULL","",6.529
3972,8320923,1,0.5,FALSE,NA,0,NA,0,4,0,"",686,246,315,0.459183673469388,TRUE,"","NULL","",3.60699999999997
3973,8320924,1,0.5,FALSE,NA,1,0.97,48,132,48,"{age <= 61} & {er <= 3}",686,246,288,0.419825072886297,TRUE,"","NULL","",6.40599999999995
3974,8320925,1,0.5,FALSE,NA,0,NA,0,4,0,"",686,246,310,0.451895043731778,TRUE,"","NULL","",4.03999999999996
3975,8320926,1,0.5,FALSE,NA,1,0.62,3,21,3,"!{pgr <= 0} & {pgr <= 8}",686,246,301,0.438775510204082,TRUE,"","NULL","",4.48199999999997
3976,8320927,1,0.5,FALSE,NA,1,0.65,1,25,1,"{grade3} & !{age <= 53}",686,246,301,0.438775510204082,TRUE,"","NULL","",4.75900000000001
3977,8320928,1,0.5,FALSE,NA,1,0.89,41,122,41,"{nodes <= 3} & !{pgr <= 114}",686,246,300,0.43731778425656,TRUE,"","NULL","",6.75099999999998
3978,8320929,1,0.5,FALSE,NA,1,0.87,13,44,13,"!{age <= 61} & {pgr <= 114}",686,246,302,0.440233236151603,TRUE,"","NULL","",4.78099999999995
3979,8320930,1,0.5,FALSE,NA,1,0.81,8,33,8,"!{pgr <= 114} & !{grade3}",686,246,293,0.427113702623907,TRUE,"","NULL","",5.10699999999997
3980,8320931,1,0.5,FALSE,NA,1,0.95,22,104,22,"!{size <= 35} & {nodes <= 5}",686,246,295,0.43002915451895,TRUE,"","NULL","",5.10000000000002
3981,8320932,1,0.5,FALSE,NA,1,0.92,38,141,38,"{nodes <= 1} & {pgr <= 337}",686,246,290,0.422740524781341,TRUE,"","NULL","",7.15200000000004
3982,8320933,1,0.5,FALSE,NA,1,0.92,24,123,24,"{er <= 3} & !{nodes <= 3}",686,246,313,0.456268221574344,TRUE,"","NULL","",5.63
3983,8320934,1,0.5,FALSE,NA,1,0.98,29,86,29,"{grade3} & {size <= 35}",686,246,292,0.425655976676385,TRUE,"","NULL","",5.13499999999999
3984,8320935,1,0.5,FALSE,NA,1,0.56,2,52,2,"!{age <= 61} & {pgr <= 77}",686,246,294,0.428571428571429,TRUE,"","NULL","",4.26200000000006
3985,8320936,1,0.5,FALSE,NA,1,0.78,17,68,17,"{er <= 3} & {nodes <= 7}",686,246,315,0.459183673469388,TRUE,"","NULL","",5.41800000000001
3986,8320937,1,0.5,FALSE,NA,1,0.54,1,12,1,"{size <= 25} & {grade3}",686,246,288,0.419825072886297,TRUE,"","NULL","",4.63900000000001
3987,8320938,1,0.5,FALSE,NA,1,0.89,26,115,26,"{size <= 20} & {nodes <= 5}",686,246,285,0.415451895043732,TRUE,"","NULL","",5.84299999999996
3988,8320939,1,0.5,FALSE,NA,1,0.61,2,39,2,"!{er <= 70} & {pgr <= 77}",686,246,296,0.431486880466472,TRUE,"","NULL","",4.48599999999999
3989,8320940,1,0.5,FALSE,NA,1,0.84,16,94,16,"!{size <= 25} & !{pgr <= 114}",686,246,274,0.399416909620991,TRUE,"","NULL","",5.82400000000007
3990,8320941,1,0.5,FALSE,NA,1,1,67,284,67,"!{age <= 61} & {pgr <= 26}",686,246,304,0.443148688046647,TRUE,"","NULL","",7.89099999999996
3991,8320942,1,0.5,FALSE,NA,1,0.91,8,46,8,"!{er <= 100} & {er <= 174}",686,246,320,0.466472303206997,TRUE,"","NULL","",4.84899999999993
3992,8320943,1,0.5,FALSE,NA,1,0.93,23,94,23,"!{pgr <= 184} & {nodes <= 7}",686,246,301,0.438775510204082,TRUE,"","NULL","",4.32599999999991
3993,8320944,1,0.5,FALSE,NA,1,0.98,27,146,27,"!{er <= 100} & {er <= 174}",686,246,300,0.43731778425656,TRUE,"","NULL","",6.48400000000004
3994,8320945,1,0.5,FALSE,NA,1,0.56,1,12,1,"!{er <= 70} & !{meno}",686,246,280,0.408163265306122,TRUE,"","NULL","",4.23299999999995
3995,8320946,1,0.5,FALSE,NA,1,0.69,6,37,6,"{er <= 17} & !{er <= 3}",686,246,313,0.456268221574344,TRUE,"","NULL","",4.827
3996,8320947,1,0.5,FALSE,NA,1,0.94,15,112,15,"{nodes <= 3} & !{size <= 29}",686,246,305,0.444606413994169,TRUE,"","NULL","",5.36299999999994
3997,8320948,1,0.5,FALSE,NA,1,0.89,4,23,4,"{age <= 61} & {er <= 0}",686,246,306,0.446064139941691,TRUE,"","NULL","",5.09199999999998
3998,8320949,1,0.5,FALSE,NA,1,0.75,3,23,3,"{size <= 20} & {nodes <= 1}",686,246,279,0.406705539358601,TRUE,"","NULL","",4.75
3999,8320950,1,0.5,FALSE,NA,0,NA,0,8,0,"",686,246,299,0.435860058309038,TRUE,"","NULL","",4.279
4000,8320951,1,0.5,FALSE,NA,1,0.98,121,234,121,"{nodes <= 7} & !{pgr <= 184}",686,246,316,0.46064139941691,TRUE,"","NULL","",7.17100000000005
4001,8320952,1,0.5,FALSE,NA,1,0.56,2,21,2,"!{age <= 53} & {age <= 61}",686,246,307,0.447521865889213,TRUE,"","NULL","",4.66999999999996
4002,8320953,1,0.5,FALSE,NA,1,0.89,10,68,10,"!{er <= 174} & {size <= 35}",686,246,306,0.446064139941691,TRUE,"","NULL","",5.09899999999993
4003,8320954,1,0.5,FALSE,NA,1,0.84,4,25,4,"{nodes <= 1} & !{er <= 30}",686,246,294,0.428571428571429,TRUE,"","NULL","",4.60699999999997
4004,8320955,1,0.5,FALSE,NA,1,0.96,25,123,25,"!{age <= 61} & {pgr <= 26}",686,246,298,0.434402332361516,TRUE,"","NULL","",5.90299999999991
4005,8320956,1,0.5,FALSE,NA,1,0.53,2,41,2,"{meno} & {pgr <= 8}",686,246,311,0.4533527696793,TRUE,"","NULL","",5.51299999999992
4006,8320957,1,0.5,FALSE,NA,1,0.96,11,29,11,"{age <= 46} & {pgr <= 16}",686,246,296,0.431486880466472,TRUE,"","NULL","",4.96800000000007
4007,8320958,1,0.5,FALSE,NA,1,0.93,22,82,22,"{er <= 0} & {age <= 61}",686,246,292,0.425655976676385,TRUE,"","NULL","",5.37800000000004
4008,8320959,1,0.5,FALSE,NA,1,0.89,11,42,11,"!{nodes <= 7} & {age <= 61}",686,246,321,0.467930029154519,TRUE,"","NULL","",4.7890000000001
4009,8320960,1,0.5,FALSE,NA,1,0.88,10,76,10,"{nodes <= 5} & {er <= 17}",686,246,298,0.434402332361516,TRUE,"","NULL","",5.65899999999999
4010,8320961,1,0.5,FALSE,NA,1,0.86,7,43,7,"{grade3} & !{meno}",686,246,299,0.435860058309038,TRUE,"","NULL","",4.77199999999993
4011,8320962,1,0.5,FALSE,NA,1,0.95,12,46,12,"!{er <= 70} & !{nodes <= 3}",686,246,269,0.392128279883382,TRUE,"","NULL","",4.46500000000003
4012,8320963,1,0.5,FALSE,NA,1,0.84,12,73,12,"{nodes <= 1} & !{er <= 3}",686,246,341,0.497084548104956,TRUE,"","NULL","",5.25900000000001
4013,8320964,1,0.5,FALSE,NA,1,0.82,33,117,33,"{size <= 25} & !{er <= 70}",686,246,304,0.443148688046647,TRUE,"","NULL","",6.173
4014,8320965,1,0.5,FALSE,NA,1,0.96,89,240,89,"!{nodes <= 5} & !{grade3}",686,246,301,0.438775510204082,TRUE,"","NULL","",7.24900000000002
4015,8320966,1,0.5,FALSE,NA,0,NA,0,4,0,"",686,246,311,0.4533527696793,TRUE,"","NULL","",4.11199999999997
4016,8320967,1,0.5,FALSE,NA,1,0.99,16,45,16,"{er <= 0} & {size <= 35}",686,246,288,0.419825072886297,TRUE,"","NULL","",4.05399999999997
4017,8320968,1,0.5,FALSE,NA,1,0.8,12,79,12,"!{pgr <= 16} & {age <= 46}",686,246,318,0.463556851311953,TRUE,"","NULL","",5.75699999999995
4018,8320969,1,0.5,FALSE,NA,1,0.87,11,56,11,"!{pgr <= 114} & !{size <= 20}",686,246,300,0.43731778425656,TRUE,"","NULL","",5.11099999999999
4019,8320970,1,0.5,FALSE,NA,1,0.82,9,42,9,"!{size <= 35} & !{pgr <= 8}",686,246,301,0.438775510204082,TRUE,"","NULL","",4.99300000000005
4020,8320971,1,0.5,FALSE,NA,1,0.95,17,112,17,"{pgr <= 16} & !{pgr <= 8}",686,246,290,0.422740524781341,TRUE,"","NULL","",5.37200000000007
4021,8320972,1,0.5,FALSE,NA,0,NA,0,11,0,"",686,246,304,0.443148688046647,TRUE,"","NULL","",4.96799999999996
4022,8320973,1,0.5,FALSE,NA,1,0.93,6,47,6,"!{size <= 25} & !{er <= 174}",686,246,289,0.421282798833819,TRUE,"","NULL","",5.11099999999999
4023,8320974,1,0.5,FALSE,NA,1,0.79,4,38,4,"!{meno} & !{er <= 44}",686,246,306,0.446064139941691,TRUE,"","NULL","",4.95699999999999
4024,8320975,1,0.5,FALSE,NA,1,0.72,6,47,6,"{er <= 0}",686,246,293,0.427113702623907,TRUE,"","NULL","",5.07600000000002
4025,8320976,1,0.5,FALSE,NA,1,0.9,26,126,26,"!{pgr <= 114} & !{size <= 25}",686,246,312,0.454810495626822,TRUE,"","NULL","",6.65800000000002
4026,8320977,1,0.5,FALSE,NA,0,NA,0,3,0,"",686,246,323,0.470845481049563,TRUE,"","NULL","",4.476
4027,8320978,1,0.5,FALSE,NA,1,1,57,156,57,"!{pgr <= 184} & {er <= 294}",686,246,300,0.43731778425656,TRUE,"","NULL","",6.49799999999993
4028,8320979,1,0.5,FALSE,NA,1,0.92,10,75,10,"!{grade3} & {er <= 3}",686,246,292,0.425655976676385,TRUE,"","NULL","",4.41800000000001
4029,8320980,1,0.5,FALSE,NA,1,1,203,391,203,"!{grade3} & !{er <= 174}",686,246,270,0.393586005830904,TRUE,"","NULL","",9.65800000000002
4030,8320981,1,0.5,FALSE,NA,1,0.94,20,64,20,"{er <= 0}",686,246,307,0.447521865889213,TRUE,"","NULL","",5.149
4031,8320982,1,0.5,FALSE,NA,1,0.94,29,121,29,"!{size <= 25} & {age <= 46}",686,246,292,0.425655976676385,TRUE,"","NULL","",5.73200000000008
4032,8320983,1,0.5,FALSE,NA,1,1,200,374,200,"!{er <= 174} & !{pgr <= 16}",686,246,277,0.403790087463557,TRUE,"","NULL","",6.14699999999993
4033,8320984,1,0.5,FALSE,NA,1,0.91,58,277,58,"{size <= 35} & {nodes <= 1}",686,246,324,0.472303206997085,TRUE,"","NULL","",8.81299999999999
4034,8320985,1,0.5,FALSE,NA,1,1,20,90,20,"{er <= 30} & !{size <= 35}",686,246,289,0.421282798833819,TRUE,"","NULL","",5.22900000000004
4035,8320986,1,0.5,FALSE,NA,1,0.86,20,85,20,"!{pgr <= 77} & {er <= 174}",686,246,306,0.446064139941691,TRUE,"","NULL","",5.33600000000001
4036,8320987,1,0.5,FALSE,NA,1,0.88,35,203,35,"!{pgr <= 26} & !{nodes <= 3}",686,246,310,0.451895043731778,TRUE,"","NULL","",5.33800000000008
4037,8320988,1,0.5,FALSE,NA,1,0.83,14,77,14,"{size <= 25} & {nodes <= 1}",686,246,291,0.424198250728863,TRUE,"","NULL","",5.60599999999999
4038,8320989,1,0.5,FALSE,NA,0,NA,0,1,0,"",686,246,296,0.431486880466472,TRUE,"","NULL","",4.31899999999996
4039,8320990,1,0.5,FALSE,NA,1,0.72,3,16,3,"!{er <= 9} & {er <= 30}",686,246,304,0.443148688046647,TRUE,"","NULL","",4.74800000000005
4040,8320991,1,0.5,FALSE,NA,1,0.64,2,7,2,"{meno} & !{size <= 35}",686,246,282,0.411078717201166,TRUE,"","NULL","",4.51400000000001
4041,8320992,1,0.5,FALSE,NA,1,0.86,18,62,18,"!{er <= 100} & {er <= 294}",686,246,301,0.438775510204082,TRUE,"","NULL","",5.13300000000004
4042,8320993,1,0.5,FALSE,NA,1,0.63,5,25,5,"{age <= 46} & !{er <= 9}",686,246,298,0.434402332361516,TRUE,"","NULL","",4.58299999999997
4043,8320994,1,0.5,FALSE,NA,1,0.91,22,85,22,"{er <= 30} & !{er <= 17}",686,246,306,0.446064139941691,TRUE,"","NULL","",5.30999999999995
4044,8320995,1,0.5,FALSE,NA,1,0.6,1,20,1,"!{er <= 9} & {er <= 17}",686,246,314,0.457725947521866,TRUE,"","NULL","",4.48299999999995
4045,8320996,1,0.5,FALSE,NA,1,0.99,34,187,34,"!{nodes <= 7} & {er <= 17}",686,246,287,0.418367346938776,TRUE,"","NULL","",7.33900000000006
4046,8320997,1,0.5,FALSE,NA,0,NA,0,13,0,"",686,246,289,0.421282798833819,TRUE,"","NULL","",3.98900000000003
4047,8320998,1,0.5,FALSE,NA,1,0.91,26,120,26,"{size <= 20} & {er <= 30}",686,246,319,0.465014577259475,TRUE,"","NULL","",5.73899999999992
4048,8320999,1,0.5,FALSE,NA,1,0.63,3,20,3,"!{pgr <= 26} & {er <= 44}",686,246,312,0.454810495626822,TRUE,"","NULL","",4.18399999999997
4049,8321000,1,0.5,FALSE,NA,1,0.97,35,132,35,"{nodes <= 3} & !{pgr <= 45}",686,246,303,0.441690962099125,TRUE,"","NULL","",6.32000000000005
4050,8321001,1,0.5,FALSE,NA,1,0.91,17,60,17,"!{nodes <= 3} & !{er <= 100}",686,246,271,0.395043731778426,TRUE,"","NULL","",4.75199999999995
4051,8321002,1,0.5,FALSE,NA,1,0.85,7,46,7,"!{pgr <= 114} & !{size <= 25}",686,246,306,0.446064139941691,TRUE,"","NULL","",4.97099999999989
4052,8321003,1,0.5,FALSE,NA,1,0.92,31,115,31,"!{nodes <= 7} & !{er <= 0}",686,246,296,0.431486880466472,TRUE,"","NULL","",5.17499999999995
4053,8321004,1,0.5,FALSE,NA,1,0.96,37,148,37,"{er <= 44} & {nodes <= 1}",686,246,293,0.427113702623907,TRUE,"","NULL","",6.83400000000006
4054,8321005,1,0.5,FALSE,NA,0,NA,0,6,0,"",686,246,290,0.422740524781341,TRUE,"","NULL","",4.21000000000004
4055,8321006,1,0.5,FALSE,NA,1,0.87,16,91,16,"!{er <= 100} & !{pgr <= 26}",686,246,306,0.446064139941691,TRUE,"","NULL","",5.47499999999991
4056,8321007,1,0.5,FALSE,NA,1,0.94,6,35,6,"!{nodes <= 3} & {size <= 20}",686,246,316,0.46064139941691,TRUE,"","NULL","",4.32100000000003
4057,8321008,1,0.5,FALSE,NA,1,0.98,44,144,44,"!{meno} & !{er <= 44}",686,246,297,0.432944606413994,TRUE,"","NULL","",6.91100000000006
4058,8321009,1,0.5,FALSE,NA,1,0.55,3,50,3,"{er <= 3} & {pgr <= 8}",686,246,288,0.419825072886297,TRUE,"","NULL","",4.82399999999996
4059,8321010,1,0.5,FALSE,NA,1,1,34,97,34,"{pgr <= 0} & {er <= 44}",686,246,294,0.428571428571429,TRUE,"","NULL","",5.20999999999992
4060,8321011,1,0.5,FALSE,NA,1,0.64,1,42,1,"{nodes <= 1} & !{er <= 44}",686,246,310,0.451895043731778,TRUE,"","NULL","",4.29499999999996
4061,8321012,1,0.5,FALSE,NA,1,0.82,5,74,5,"{nodes <= 7} & !{nodes <= 5}",686,246,302,0.440233236151603,TRUE,"","NULL","",5.71100000000001
4062,8321013,1,0.5,FALSE,NA,1,0.57,1,28,1,"!{nodes <= 3} & {nodes <= 5}",686,246,298,0.434402332361516,TRUE,"","NULL","",4.59299999999996
4063,8321014,1,0.5,FALSE,NA,1,0.93,7,45,7,"!{meno} & {size <= 20}",686,246,277,0.403790087463557,TRUE,"","NULL","",4.82400000000007
4064,8321015,1,0.5,FALSE,NA,1,0.67,7,36,7,"{size <= 35} & !{age <= 61}",686,246,296,0.431486880466472,TRUE,"","NULL","",4.39700000000005
4065,8321016,1,0.5,FALSE,NA,1,0.83,17,68,17,"!{nodes <= 3} & {nodes <= 5}",686,246,299,0.435860058309038,TRUE,"","NULL","",5.6629999999999
4066,8321017,1,0.5,FALSE,NA,0,NA,0,6,0,"",686,246,299,0.435860058309038,TRUE,"","NULL","",4.31000000000006
4067,8321018,1,0.5,FALSE,NA,1,0.8,10,69,10,"{er <= 44} & !{er <= 17}",686,246,309,0.450437317784257,TRUE,"","NULL","",5.28800000000001
4068,8321019,1,0.5,FALSE,NA,1,0.84,9,43,9,"{size <= 20} & {nodes <= 3}",686,246,278,0.405247813411079,TRUE,"","NULL","",5.05800000000011
4069,8321020,1,0.5,FALSE,NA,1,0.85,21,88,21,"{size <= 29} & {age <= 46}",686,246,300,0.43731778425656,TRUE,"","NULL","",5.35200000000009
4070,8321021,1,0.5,FALSE,NA,1,0.96,15,66,15,"!{pgr <= 184} & {size <= 35}",686,246,297,0.432944606413994,TRUE,"","NULL","",5.22799999999995
4071,8321022,1,0.5,FALSE,NA,1,0.86,10,62,10,"!{age <= 61} & !{pgr <= 77}",686,246,296,0.431486880466472,TRUE,"","NULL","",5.298
4072,8321023,1,0.5,FALSE,NA,1,0.89,3,37,3,"{er <= 9} & !{er <= 3}",686,246,295,0.43002915451895,TRUE,"","NULL","",4.45600000000002
4073,8321024,1,0.5,FALSE,NA,1,0.85,6,33,6,"!{nodes <= 5} & {er <= 17}",686,246,283,0.412536443148688,TRUE,"","NULL","",4.97699999999998
4074,8321025,1,0.5,FALSE,NA,1,0.82,8,32,8,"!{er <= 0} & {er <= 30}",686,246,295,0.43002915451895,TRUE,"","NULL","",4.90899999999999
4075,8321026,1,0.5,FALSE,NA,1,0.9,36,158,36,"!{size <= 20} & {er <= 44}",686,246,299,0.435860058309038,TRUE,"","NULL","",6.87900000000002
4076,8321027,1,0.5,FALSE,NA,1,0.93,9,49,9,"{er <= 70} & !{er <= 44}",686,246,290,0.422740524781341,TRUE,"","NULL","",4.47199999999998
4077,8321028,1,0.5,FALSE,NA,1,0.99,39,130,39,"{nodes <= 1} & {pgr <= 77}",686,246,292,0.425655976676385,TRUE,"","NULL","",6.59699999999998
4078,8321029,1,0.5,FALSE,NA,1,0.57,1,34,1,"{age <= 46} & {nodes <= 3}",686,246,297,0.432944606413994,TRUE,"","NULL","",4.40100000000007
4079,8321030,1,0.5,FALSE,NA,1,0.55,3,52,3,"!{pgr <= 26} & {pgr <= 77}",686,246,301,0.438775510204082,TRUE,"","NULL","",5.05799999999999
4080,8321031,1,0.5,FALSE,NA,1,0.87,17,79,17,"{nodes <= 3} & {er <= 17}",686,246,301,0.438775510204082,TRUE,"","NULL","",4.82399999999996
4081,8321032,1,0.5,FALSE,NA,1,0.95,24,118,24,"{size <= 20} & {er <= 30}",686,246,319,0.465014577259475,TRUE,"","NULL","",6.51800000000003
4082,8321033,1,0.5,FALSE,NA,1,0.99,103,290,103,"{nodes <= 1} & !{meno}",686,246,318,0.463556851311953,TRUE,"","NULL","",8.02300000000002
4083,8321034,1,0.5,FALSE,NA,1,0.66,10,56,10,"!{er <= 3} & {age <= 46}",686,246,288,0.419825072886297,TRUE,"","NULL","",5.28300000000002
4084,8321035,1,0.5,FALSE,NA,1,0.7,6,32,6,"!{nodes <= 3} & !{er <= 70}",686,246,311,0.4533527696793,TRUE,"","NULL","",3.53099999999995
4085,8321036,1,0.5,FALSE,NA,1,0.63,4,35,4,"!{er <= 100} & !{size <= 25}",686,246,300,0.43731778425656,TRUE,"","NULL","",5.19399999999996
4086,8321037,1,0.5,FALSE,NA,1,0.79,14,74,14,"{age <= 53} & !{pgr <= 114}",686,246,301,0.438775510204082,TRUE,"","NULL","",5.74299999999994
4087,8321038,1,0.5,FALSE,NA,1,0.79,4,40,4,"!{age <= 53} & {er <= 44}",686,246,286,0.416909620991254,TRUE,"","NULL","",4.82799999999997
4088,8321039,1,0.5,FALSE,NA,1,0.92,11,78,11,"{size <= 35} & {grade3}",686,246,323,0.470845481049563,TRUE,"","NULL","",5.08500000000004
4089,8321040,1,0.5,FALSE,NA,1,0.94,19,51,19,"{nodes <= 7} & !{size <= 35}",686,246,307,0.447521865889213,TRUE,"","NULL","",4.98400000000004
4090,8321041,1,0.5,FALSE,NA,1,0.68,1,5,1,"!{pgr <= 77} & {pgr <= 114}",686,246,309,0.450437317784257,TRUE,"","NULL","",4.53499999999997
4091,8321042,1,0.5,FALSE,NA,1,0.94,46,127,46,"!{age <= 61} & {er <= 174}",686,246,299,0.435860058309038,TRUE,"","NULL","",5.803
4092,8321043,1,0.5,FALSE,NA,1,0.87,10,41,10,"!{er <= 100} & !{size <= 29}",686,246,309,0.450437317784257,TRUE,"","NULL","",4.81299999999999
4093,8321044,1,0.5,FALSE,NA,1,0.93,26,174,26,"{age <= 46} & {nodes <= 5}",686,246,289,0.421282798833819,TRUE,"","NULL","",7.36200000000008
4094,8321045,1,0.5,FALSE,NA,1,0.95,69,274,69,"{er <= 17} & !{pgr <= 2}",686,246,303,0.441690962099125,TRUE,"","NULL","",7.05100000000004
4095,8321046,1,0.5,FALSE,NA,1,0.97,2,17,2,"!{pgr <= 77} & {pgr <= 114}",686,246,295,0.43002915451895,TRUE,"","NULL","",4.48199999999997
4096,8321047,1,0.5,FALSE,NA,1,0.86,19,121,19,"{size <= 29} & !{age <= 61}",686,246,302,0.440233236151603,TRUE,"","NULL","",4.38599999999997
4097,8321048,1,0.5,FALSE,NA,1,0.98,41,130,41,"!{pgr <= 114} & {size <= 29}",686,246,301,0.438775510204082,TRUE,"","NULL","",7.10000000000002
4098,8321049,1,0.5,FALSE,NA,1,0.85,14,67,14,"!{pgr <= 77} & {pgr <= 114}",686,246,318,0.463556851311953,TRUE,"","NULL","",4.94799999999998
4099,8321050,1,0.5,FALSE,NA,1,0.96,26,134,26,"{er <= 9} & !{meno}",686,246,300,0.43731778425656,TRUE,"","NULL","",5.89800000000002
4100,8321051,1,0.5,FALSE,NA,1,0.95,68,180,68,"!{pgr <= 77} & !{size <= 29}",686,246,295,0.43002915451895,TRUE,"","NULL","",5.41800000000001
4101,8321052,1,0.5,FALSE,NA,1,0.72,6,28,6,"{nodes <= 1} & !{er <= 30}",686,246,292,0.425655976676385,TRUE,"","NULL","",5.072
4102,8321053,1,0.5,FALSE,NA,1,0.9,41,102,41,"{nodes <= 5} & !{nodes <= 3}",686,246,302,0.440233236151603,TRUE,"","NULL","",5.71299999999997
4103,8321054,1,0.5,FALSE,NA,1,0.92,32,179,32,"{er <= 100} & !{pgr <= 77}",686,246,296,0.431486880466472,TRUE,"","NULL","",6.53999999999996
4104,8321055,1,0.5,FALSE,NA,1,0.94,69,178,69,"!{er <= 174} & !{pgr <= 2}",686,246,307,0.447521865889213,TRUE,"","NULL","",5.75100000000009
4105,8321056,1,0.5,FALSE,NA,1,0.89,17,88,17,"!{size <= 29} & !{er <= 100}",686,246,282,0.411078717201166,TRUE,"","NULL","",5.61299999999994
4106,8321057,1,0.5,FALSE,NA,1,0.75,3,23,3,"{er <= 17} & !{pgr <= 16}",686,246,296,0.431486880466472,TRUE,"","NULL","",4.52999999999997
4107,8321058,1,0.5,FALSE,NA,1,0.55,1,35,1,"{size <= 25} & {er <= 3}",686,246,317,0.462099125364431,TRUE,"","NULL","",5.11899999999991
4108,8321059,1,0.5,FALSE,NA,0,NA,0,5,0,"",686,246,307,0.447521865889213,TRUE,"","NULL","",4.23299999999995
4109,8321060,1,0.5,FALSE,NA,1,0.92,16,60,16,"!{size <= 35} & !{grade3}",686,246,304,0.443148688046647,TRUE,"","NULL","",5.46199999999999
4110,8321061,1,0.5,FALSE,NA,1,0.86,5,29,5,"{er <= 3} & !{age <= 46}",686,246,285,0.415451895043732,TRUE,"","NULL","",5.03500000000008
4111,8321062,1,0.5,FALSE,NA,1,0.73,9,76,9,"!{age <= 53} & {nodes <= 3}",686,246,319,0.465014577259475,TRUE,"","NULL","",5.21600000000001
4112,8321063,1,0.5,FALSE,NA,1,0.79,11,75,11,"{er <= 9} & {age <= 61}",686,246,327,0.47667638483965,TRUE,"","NULL","",5.06700000000001
4113,8321064,1,0.5,FALSE,NA,1,0.67,10,90,10,"{age <= 53} & !{nodes <= 1}",686,246,297,0.432944606413994,TRUE,"","NULL","",6.08100000000002
4114,8321065,1,0.5,FALSE,NA,1,0.79,16,66,16,"{size <= 20} & {meno}",686,246,315,0.459183673469388,TRUE,"","NULL","",5.11599999999999
4115,8321066,1,0.5,FALSE,NA,1,0.9,1,10,1,"{pgr <= 2} & !{er <= 0}",686,246,305,0.444606413994169,TRUE,"","NULL","",4.37800000000004
4116,8321067,1,0.5,FALSE,NA,1,0.99,86,336,86,"!{er <= 9} & {er <= 17}",686,246,301,0.438775510204082,TRUE,"","NULL","",7.17999999999995
4117,8321068,1,0.5,FALSE,NA,1,0.71,6,45,6,"{pgr <= 16} & !{er <= 3}",686,246,320,0.466472303206997,TRUE,"","NULL","",5.3069999999999
4118,8321069,1,0.5,FALSE,NA,1,0.53,1,1,1,"{age <= 46} & !{er <= 17}",686,246,299,0.435860058309038,TRUE,"","NULL","",4.4129999999999
4119,8321070,1,0.5,FALSE,NA,1,0.83,10,85,10,"!{pgr <= 2} & {pgr <= 45}",686,246,303,0.441690962099125,TRUE,"","NULL","",5.24899999999991
4120,8321071,1,0.5,FALSE,NA,1,0.98,57,208,57,"{pgr <= 26} & !{size <= 35}",686,246,312,0.454810495626822,TRUE,"","NULL","",6.21399999999994
4121,8321072,1,0.5,FALSE,NA,1,0.85,20,84,20,"{age <= 46} & {er <= 174}",686,246,317,0.462099125364431,TRUE,"","NULL","",6.08699999999999
4122,8321073,1,0.5,FALSE,NA,1,0.95,22,45,22,"!{size <= 35} & !{age <= 46}",686,246,287,0.418367346938776,TRUE,"","NULL","",4.65100000000007
4123,8321074,1,0.5,FALSE,NA,1,1,67,181,67,"{size <= 20} & {nodes <= 1}",686,246,312,0.454810495626822,TRUE,"","NULL","",6.4430000000001
4124,8321075,1,0.5,FALSE,NA,0,NA,0,9,0,"",686,246,290,0.422740524781341,TRUE,"","NULL","",3.91399999999999
4125,8321076,1,0.5,FALSE,NA,1,0.68,8,40,8,"{size <= 29} & {nodes <= 1}",686,246,297,0.432944606413994,TRUE,"","NULL","",5.00199999999995
4126,8321077,1,0.5,FALSE,NA,1,0.71,3,9,3,"{nodes <= 7} & !{nodes <= 5}",686,246,312,0.454810495626822,TRUE,"","NULL","",4.76900000000001
4127,8321078,1,0.5,FALSE,NA,1,0.71,5,12,5,"!{age <= 61} & {pgr <= 45}",686,246,310,0.451895043731778,TRUE,"","NULL","",4.68700000000001
4128,8321079,1,0.5,FALSE,NA,1,0.62,2,30,2,"{size <= 20} & {pgr <= 26}",686,246,304,0.443148688046647,TRUE,"","NULL","",4.65000000000009
4129,8321080,1,0.5,FALSE,NA,1,0.77,9,46,9,"!{age <= 53} & {er <= 44}",686,246,312,0.454810495626822,TRUE,"","NULL","",5.08800000000008
4130,8321081,1,0.5,FALSE,NA,1,0.61,4,36,4,"{nodes <= 1} & !{pgr <= 0}",686,246,290,0.422740524781341,TRUE,"","NULL","",4.80100000000004
4131,8321082,1,0.5,FALSE,NA,1,0.97,93,259,93,"{er <= 3} & {meno}",686,246,298,0.434402332361516,TRUE,"","NULL","",7.23400000000004
4132,8321083,1,0.5,FALSE,NA,1,0.83,11,52,11,"{size <= 25} & !{nodes <= 3}",686,246,313,0.456268221574344,TRUE,"","NULL","",4.36000000000001
4133,8321084,1,0.5,FALSE,NA,1,0.82,12,61,12,"!{pgr <= 114} & {age <= 53}",686,246,305,0.444606413994169,TRUE,"","NULL","",5.68600000000004
4134,8321085,1,0.5,FALSE,NA,1,0.99,192,367,192,"!{nodes <= 7} & !{er <= 9}",686,246,294,0.428571428571429,TRUE,"","NULL","",9.33199999999999
4135,8321086,1,0.5,FALSE,NA,1,0.69,1,24,1,"!{nodes <= 5} & !{er <= 44}",686,246,282,0.411078717201166,TRUE,"","NULL","",4.63700000000006
4136,8321087,1,0.5,FALSE,NA,1,0.7,5,45,5,"{size <= 35} & !{size <= 29}",686,246,300,0.43731778425656,TRUE,"","NULL","",3.75900000000001
4137,8321088,1,0.5,FALSE,NA,1,0.91,17,88,17,"{age <= 46} & {er <= 17}",686,246,284,0.41399416909621,TRUE,"","NULL","",5.77599999999995
4138,8321089,1,0.5,FALSE,NA,1,0.82,26,238,26,"!{age <= 46} & {size <= 20}",686,246,313,0.456268221574344,TRUE,"","NULL","",7.5379999999999
4139,8321090,1,0.5,FALSE,NA,1,0.92,35,145,35,"{grade3} & {age <= 61}",686,246,287,0.418367346938776,TRUE,"","NULL","",6.072
4140,8321091,1,0.5,FALSE,NA,1,0.73,4,32,4,"{grade3} & {age <= 53}",686,246,310,0.451895043731778,TRUE,"","NULL","",3.58500000000004
4141,8321092,1,0.5,FALSE,NA,1,0.88,32,129,32,"{grade3} & {er <= 17}",686,246,291,0.424198250728863,TRUE,"","NULL","",6.13400000000001
4142,8321093,1,0.5,FALSE,NA,1,0.74,2,21,2,"!{er <= 174} & {pgr <= 184}",686,246,291,0.424198250728863,TRUE,"","NULL","",4.66499999999996
4143,8321094,1,0.5,FALSE,NA,1,0.94,55,190,55,"!{er <= 70} & {pgr <= 114}",686,246,319,0.465014577259475,TRUE,"","NULL","",6.33100000000002
4144,8321095,1,0.5,FALSE,NA,1,0.92,42,187,42,"!{pgr <= 16} & {er <= 17}",686,246,306,0.446064139941691,TRUE,"","NULL","",5.46399999999994
4145,8321096,1,0.5,FALSE,NA,1,0.95,9,47,9,"!{pgr <= 45} & !{age <= 61}",686,246,310,0.451895043731778,TRUE,"","NULL","",5.30200000000002
4146,8321097,1,0.5,FALSE,NA,1,0.96,24,112,24,"!{er <= 44} & {er <= 70}",686,246,298,0.434402332361516,TRUE,"","NULL","",6.24099999999999
4147,8321098,1,0.5,FALSE,NA,1,0.82,9,82,9,"!{size <= 25} & {nodes <= 3}",686,246,293,0.427113702623907,TRUE,"","NULL","",5.11199999999997
4148,8321099,1,0.5,FALSE,NA,1,0.84,17,82,17,"!{pgr <= 45} & {size <= 20}",686,246,291,0.424198250728863,TRUE,"","NULL","",4.73199999999997
4149,8321100,1,0.5,FALSE,NA,1,0.98,113,313,113,"{size <= 29} & !{pgr <= 114}",686,246,326,0.475218658892128,TRUE,"","NULL","",9.06999999999994
4150,8321101,1,0.5,FALSE,NA,1,0.82,3,29,3,"{nodes <= 5} & !{nodes <= 3}",686,246,307,0.447521865889213,TRUE,"","NULL","",4.548
4151,8321102,1,0.5,FALSE,NA,1,0.95,28,70,28,"{pgr <= 0} & !{age <= 46}",686,246,297,0.432944606413994,TRUE,"","NULL","",5.31200000000001
4152,8321103,1,0.5,FALSE,NA,1,0.95,41,113,41,"{size <= 25} & !{pgr <= 77}",686,246,297,0.432944606413994,TRUE,"","NULL","",4.29399999999998
4153,8321104,1,0.5,FALSE,NA,1,0.94,11,52,11,"{grade3} & {meno}",686,246,311,0.4533527696793,TRUE,"","NULL","",4.96699999999998
4154,8321105,1,0.5,FALSE,NA,1,1,178,372,178,"!{meno} & {size <= 29}",686,246,318,0.463556851311953,TRUE,"","NULL","",9.32099999999991
4155,8321106,1,0.5,FALSE,NA,1,0.97,93,287,93,"!{pgr <= 184} & {meno}",686,246,315,0.459183673469388,TRUE,"","NULL","",7.14099999999996
4156,8321107,1,0.5,FALSE,NA,1,0.82,33,179,33,"!{er <= 70} & {age <= 53}",686,246,298,0.434402332361516,TRUE,"","NULL","",4.33800000000008
4157,8321108,1,0.5,FALSE,NA,1,0.85,43,158,43,"!{pgr <= 16} & !{size <= 29}",686,246,319,0.465014577259475,TRUE,"","NULL","",6.77299999999991
4158,8321109,1,0.5,FALSE,NA,1,0.6,2,15,2,"{size <= 20} & !{pgr <= 45}",686,246,309,0.450437317784257,TRUE,"","NULL","",4.39800000000002
4159,8321110,1,0.5,FALSE,NA,1,0.84,1,19,1,"!{pgr <= 16} & {er <= 17}",686,246,300,0.43731778425656,TRUE,"","NULL","",4.74400000000003
4160,8321111,1,0.5,FALSE,NA,1,0.99,37,144,37,"!{age <= 61} & !{size <= 25}",686,246,281,0.409620991253644,TRUE,"","NULL","",5.34100000000001
4161,8321112,1,0.5,FALSE,NA,1,0.82,12,65,12,"!{size <= 25} & {age <= 46}",686,246,292,0.425655976676385,TRUE,"","NULL","",5.26600000000008
4162,8321113,1,0.5,FALSE,NA,1,0.96,55,153,55,"!{size <= 35} & {er <= 100}",686,246,296,0.431486880466472,TRUE,"","NULL","",6.596
4163,8321114,1,0.5,FALSE,NA,1,0.83,9,74,9,"{pgr <= 77} & !{er <= 17}",686,246,307,0.447521865889213,TRUE,"","NULL","",5.15700000000004
4164,8321115,1,0.5,FALSE,NA,1,0.98,19,53,19,"{pgr <= 0} & {size <= 35}",686,246,306,0.446064139941691,TRUE,"","NULL","",4.23800000000006
4165,8321116,1,0.5,FALSE,NA,1,0.89,3,22,3,"{er <= 9} & !{er <= 3}",686,246,304,0.443148688046647,TRUE,"","NULL","",4.93099999999993
4166,8321117,1,0.5,FALSE,NA,1,0.77,6,28,6,"{nodes <= 1} & !{age <= 53}",686,246,296,0.431486880466472,TRUE,"","NULL","",4.68999999999994
4167,8321118,1,0.5,FALSE,NA,1,0.77,7,57,7,"!{nodes <= 3} & !{age <= 53}",686,246,290,0.422740524781341,TRUE,"","NULL","",4.90800000000002
4168,8321119,1,0.5,FALSE,NA,1,0.95,64,198,64,"!{nodes <= 5} & {nodes <= 7}",686,246,315,0.459183673469388,TRUE,"","NULL","",6.38999999999999
4169,8321120,1,0.5,FALSE,NA,1,0.8,12,88,12,"{size <= 25} & {pgr <= 8}",686,246,305,0.444606413994169,TRUE,"","NULL","",5.97000000000003
4170,8321121,1,0.5,FALSE,NA,1,0.78,7,74,7,"!{pgr <= 77} & {nodes <= 3}",686,246,299,0.435860058309038,TRUE,"","NULL","",5.47199999999998
4171,8321122,1,0.5,FALSE,NA,1,1,56,138,56,"!{size <= 35} & !{er <= 30}",686,246,292,0.425655976676385,TRUE,"","NULL","",6.07899999999995
4172,8321123,1,0.5,FALSE,NA,1,0.94,17,85,17,"{size <= 20} & !{pgr <= 45}",686,246,323,0.470845481049563,TRUE,"","NULL","",4.76099999999997
4173,8321124,1,0.5,FALSE,NA,1,0.73,7,44,7,"{age <= 46} & !{er <= 9}",686,246,292,0.425655976676385,TRUE,"","NULL","",5.529
4174,8321125,1,0.5,FALSE,NA,1,0.85,6,81,6,"!{pgr <= 114} & !{age <= 46}",686,246,301,0.438775510204082,TRUE,"","NULL","",5.37
4175,8321126,1,0.5,FALSE,NA,1,0.98,106,466,106,"{nodes <= 5} & {er <= 30}",686,246,319,0.465014577259475,TRUE,"","NULL","",9.65500000000009
4176,8321127,1,0.5,FALSE,NA,1,0.95,19,99,19,"!{pgr <= 16} & {pgr <= 45}",686,246,300,0.43731778425656,TRUE,"","NULL","",3.97299999999996
4177,8321128,1,0.5,FALSE,NA,1,0.57,1,33,1,"!{pgr <= 16} & {pgr <= 26}",686,246,302,0.440233236151603,TRUE,"","NULL","",5.87800000000004
4178,8321129,1,0.5,FALSE,NA,1,0.98,107,223,107,"!{pgr <= 184}",686,246,301,0.438775510204082,TRUE,"","NULL","",7.56600000000003
4179,8321130,1,0.5,FALSE,NA,0,NA,0,15,0,"",686,246,288,0.419825072886297,TRUE,"","NULL","",4.42599999999993
4180,8321131,1,0.5,FALSE,NA,1,0.95,43,162,43,"!{size <= 35} & !{nodes <= 5}",686,246,287,0.418367346938776,TRUE,"","NULL","",5.11500000000001
4181,8321132,1,0.5,FALSE,NA,0,NA,0,21,0,"",686,246,295,0.43002915451895,TRUE,"","NULL","",4.74299999999994
4182,8321133,1,0.5,FALSE,NA,1,0.82,11,36,11,"!{meno} & !{size <= 29}",686,246,320,0.466472303206997,TRUE,"","NULL","",4.90899999999999
4183,8321134,1,0.5,FALSE,NA,1,0.86,9,73,9,"{size <= 29} & !{age <= 61}",686,246,317,0.462099125364431,TRUE,"","NULL","",5.33600000000001
4184,8321135,1,0.5,FALSE,NA,1,0.78,9,42,9,"!{meno} & {size <= 25}",686,246,311,0.4533527696793,TRUE,"","NULL","",4.72299999999996
4185,8321136,1,0.5,FALSE,NA,1,0.9,31,121,31,"{age <= 46} & !{size <= 20}",686,246,296,0.431486880466472,TRUE,"","NULL","",6.22000000000003
4186,8321137,1,0.5,FALSE,NA,1,0.88,3,30,3,"!{pgr <= 45} & !{nodes <= 5}",686,246,294,0.428571428571429,TRUE,"","NULL","",4.29699999999991
4187,8321138,1,0.5,FALSE,NA,1,0.92,16,94,16,"!{pgr <= 45} & {pgr <= 77}",686,246,307,0.447521865889213,TRUE,"","NULL","",5.35000000000002
4188,8321139,1,0.5,FALSE,NA,1,0.54,3,31,3,"{pgr <= 16} & !{er <= 17}",686,246,303,0.441690962099125,TRUE,"","NULL","",4.51099999999997
4189,8321140,1,0.5,FALSE,NA,1,0.97,53,105,53,"{er <= 3} & {pgr <= 2}",686,246,327,0.47667638483965,TRUE,"","NULL","",6.154
4190,8321141,1,0.5,FALSE,NA,1,0.97,24,100,24,"!{er <= 44} & {er <= 70}",686,246,311,0.4533527696793,TRUE,"","NULL","",5.85800000000006
4191,8321142,1,0.5,FALSE,NA,1,0.93,125,363,125,"{size <= 29} & !{age <= 61}",686,246,304,0.443148688046647,TRUE,"","NULL","",8.70100000000002
4192,8321143,1,0.5,FALSE,NA,1,0.81,13,49,13,"!{pgr <= 184}",686,246,305,0.444606413994169,TRUE,"","NULL","",3.53400000000011
4193,8321144,1,0.5,FALSE,NA,1,0.68,1,19,1,"!{size <= 25} & {nodes <= 1}",686,246,328,0.478134110787172,TRUE,"","NULL","",4.98300000000006
4194,8321145,1,0.5,FALSE,NA,1,0.92,30,160,30,"{age <= 46} & !{er <= 9}",686,246,302,0.440233236151603,TRUE,"","NULL","",6.726
4195,8321146,1,0.5,FALSE,NA,1,0.97,28,94,28,"{nodes <= 5} & {er <= 9}",686,246,304,0.443148688046647,TRUE,"","NULL","",5.45999999999992
4196,8321147,1,0.5,FALSE,NA,1,0.93,25,107,25,"!{size <= 25} & {er <= 3}",686,246,324,0.472303206997085,TRUE,"","NULL","",4.89699999999993
4197,8321148,1,0.5,FALSE,NA,1,0.98,54,182,54,"{er <= 9} & !{nodes <= 3}",686,246,295,0.43002915451895,TRUE,"","NULL","",7.34199999999998
4198,8321149,1,0.5,FALSE,NA,1,0.89,22,96,22,"!{pgr <= 8} & !{nodes <= 7}",686,246,292,0.425655976676385,TRUE,"","NULL","",5.61199999999997
4199,8321150,1,0.5,FALSE,NA,1,0.82,9,78,9,"{age <= 46} & !{grade3}",686,246,284,0.41399416909621,TRUE,"","NULL","",5.303
4200,8321151,1,0.5,FALSE,NA,1,0.76,7,98,7,"!{pgr <= 77} & {pgr <= 184}",686,246,308,0.448979591836735,TRUE,"","NULL","",4.52999999999997
4201,8321152,1,0.5,FALSE,NA,1,0.94,59,174,59,"{nodes <= 1} & {er <= 100}",686,246,279,0.406705539358601,TRUE,"","NULL","",7.43700000000001
4202,8321153,1,0.5,FALSE,NA,1,0.93,19,137,19,"{nodes <= 1} & {size <= 20}",686,246,296,0.431486880466472,TRUE,"","NULL","",5.846
4203,8321154,1,0.5,FALSE,NA,1,0.79,11,75,11,"{er <= 30} & {nodes <= 5}",686,246,327,0.47667638483965,TRUE,"","NULL","",5.19100000000003
4204,8321155,1,0.5,FALSE,NA,1,0.55,6,26,6,"{pgr <= 45} & !{pgr <= 16}",686,246,328,0.478134110787172,TRUE,"","NULL","",3.82600000000002
4205,8321156,1,0.5,FALSE,NA,1,0.97,37,158,37,"!{pgr <= 114} & {age <= 61}",686,246,297,0.432944606413994,TRUE,"","NULL","",7.21199999999999
4206,8321157,1,0.5,FALSE,NA,1,0.99,24,116,24,"!{er <= 70} & !{meno}",686,246,306,0.446064139941691,TRUE,"","NULL","",5.73799999999994
4207,8321158,1,0.5,FALSE,NA,1,0.96,2,17,2,"!{size <= 25} & !{er <= 174}",686,246,336,0.489795918367347,TRUE,"","NULL","",4.46699999999998
4208,8321159,1,0.5,FALSE,NA,1,0.95,19,58,19,"!{pgr <= 184} & {er <= 294}",686,246,308,0.448979591836735,TRUE,"","NULL","",4.11400000000003
4209,8321160,1,0.5,FALSE,NA,1,0.99,112,292,112,"{age <= 46} & !{pgr <= 0}",686,246,317,0.462099125364431,TRUE,"","NULL","",8.54899999999998
4210,8321161,1,0.5,FALSE,NA,1,0.55,1,18,1,"!{er <= 100} & !{pgr <= 114}",686,246,322,0.469387755102041,TRUE,"","NULL","",4.49300000000005
4211,8321162,1,0.5,FALSE,NA,1,0.67,3,46,3,"{pgr <= 2} & !{age <= 46}",686,246,301,0.438775510204082,TRUE,"","NULL","",5.20500000000004
4212,8321163,1,0.5,FALSE,NA,1,0.54,2,14,2,"{size <= 25} & !{age <= 61}",686,246,317,0.462099125364431,TRUE,"","NULL","",3.73000000000002
4213,8321164,1,0.5,FALSE,NA,1,0.6,1,25,1,"!{grade3} & !{er <= 174}",686,246,281,0.409620991253644,TRUE,"","NULL","",4.89800000000002
4214,8321165,1,0.5,FALSE,NA,1,0.82,23,114,23,"!{er <= 44} & {er <= 100}",686,246,286,0.416909620991254,TRUE,"","NULL","",6.05899999999997
4215,8321166,1,0.5,FALSE,NA,1,0.94,13,62,13,"!{er <= 9} & {er <= 17}",686,246,308,0.448979591836735,TRUE,"","NULL","",5.21500000000003
4216,8321167,1,0.5,FALSE,NA,1,0.98,19,93,19,"!{pgr <= 114} & {er <= 100}",686,246,294,0.428571428571429,TRUE,"","NULL","",5.23799999999994
4217,8321168,1,0.5,FALSE,NA,1,0.98,62,166,62,"!{pgr <= 184} & {er <= 174}",686,246,304,0.443148688046647,TRUE,"","NULL","",7.32100000000003
4218,8321169,1,0.5,FALSE,NA,1,0.66,3,26,3,"!{er <= 70} & {pgr <= 77}",686,246,289,0.421282798833819,TRUE,"","NULL","",4.447
4219,8321170,1,0.5,FALSE,NA,1,0.94,48,184,48,"!{er <= 17} & {er <= 30}",686,246,310,0.451895043731778,TRUE,"","NULL","",6.63400000000001
4220,8321171,1,0.5,FALSE,NA,1,0.71,9,39,9,"{pgr <= 8} & {meno}",686,246,310,0.451895043731778,TRUE,"","NULL","",3.93900000000008
4221,8321172,1,0.5,FALSE,NA,1,0.98,277,576,277,"!{pgr <= 16} & {nodes <= 1}",686,246,295,0.43002915451895,TRUE,"","NULL","",12.5069999999999
4222,8321173,1,0.5,FALSE,NA,1,0.94,24,111,24,"!{age <= 53} & !{pgr <= 77}",686,246,286,0.416909620991254,TRUE,"","NULL","",5.99599999999998
4223,8321174,1,0.5,FALSE,NA,1,1,22,52,22,"!{nodes <= 7} & {pgr <= 26}",686,246,292,0.425655976676385,TRUE,"","NULL","",3.80799999999999
4224,8321175,1,0.5,FALSE,NA,1,0.88,17,68,17,"!{size <= 35} & !{nodes <= 1}",686,246,296,0.431486880466472,TRUE,"","NULL","",3.29600000000005
4225,8321176,1,0.5,FALSE,NA,1,0.98,5,29,5,"!{age <= 53} & {grade3}",686,246,294,0.428571428571429,TRUE,"","NULL","",4.84900000000005
4226,8321177,1,0.5,FALSE,NA,1,0.98,62,149,62,"{er <= 0}",686,246,303,0.441690962099125,TRUE,"","NULL","",6.53500000000008
4227,8321178,1,0.5,FALSE,NA,1,0.73,2,11,2,"{meno} & {age <= 53}",686,246,293,0.427113702623907,TRUE,"","NULL","",4.44500000000005
4228,8321179,1,0.5,FALSE,NA,1,0.85,19,61,19,"{nodes <= 1} & !{age <= 46}",686,246,299,0.435860058309038,TRUE,"","NULL","",4.92200000000003
4229,8321180,1,0.5,FALSE,NA,1,0.59,4,21,4,"{nodes <= 1} & {er <= 174}",686,246,312,0.454810495626822,TRUE,"","NULL","",5.01999999999998
4230,8321181,1,0.5,FALSE,NA,1,0.87,19,60,19,"{size <= 20} & !{pgr <= 26}",686,246,310,0.451895043731778,TRUE,"","NULL","",5.18999999999994
4231,8321182,1,0.5,FALSE,NA,1,0.88,27,134,27,"{nodes <= 1} & !{pgr <= 16}",686,246,296,0.431486880466472,TRUE,"","NULL","",6.27200000000005
4232,8321183,1,0.5,FALSE,NA,1,0.95,11,36,11,"{size <= 20} & {nodes <= 1}",686,246,305,0.444606413994169,TRUE,"","NULL","",4.48400000000004
4233,8321184,1,0.5,FALSE,NA,1,0.94,25,73,25,"{nodes <= 1} & {er <= 44}",686,246,300,0.43731778425656,TRUE,"","NULL","",6.04899999999998
4234,8321185,1,0.5,FALSE,NA,1,0.96,38,165,38,"{nodes <= 3} & {pgr <= 8}",686,246,307,0.447521865889213,TRUE,"","NULL","",6.12300000000005
4235,8321186,1,0.5,FALSE,NA,1,0.9,28,130,28,"{nodes <= 1} & !{meno}",686,246,309,0.450437317784257,TRUE,"","NULL","",5.54900000000009
4236,8321187,1,0.5,FALSE,NA,0,NA,0,3,0,"",686,246,307,0.447521865889213,TRUE,"","NULL","",3.75199999999995
4237,8321188,1,0.5,FALSE,NA,1,0.93,48,102,48,"!{age <= 61} & !{er <= 3}",686,246,307,0.447521865889213,TRUE,"","NULL","",6.30700000000002
4238,8321189,1,0.5,FALSE,NA,1,0.83,1,1,1,"!{pgr <= 2} & {pgr <= 8}",686,246,302,0.440233236151603,TRUE,"","NULL","",3.81699999999989
4239,8321190,1,0.5,FALSE,NA,1,0.84,24,101,24,"{nodes <= 3} & !{age <= 61}",686,246,325,0.473760932944606,TRUE,"","NULL","",5.74900000000002
4240,8321191,1,0.5,FALSE,NA,1,0.86,8,29,8,"!{pgr <= 184} & !{nodes <= 1}",686,246,286,0.416909620991254,TRUE,"","NULL","",4.57100000000003
4241,8321192,1,0.5,FALSE,NA,1,0.8,2,27,2,"!{pgr <= 184} & !{nodes <= 1}",686,246,278,0.405247813411079,TRUE,"","NULL","",4.72699999999998
4242,8321193,1,0.5,FALSE,NA,1,0.97,54,190,54,"!{age <= 53} & !{er <= 100}",686,246,309,0.450437317784257,TRUE,"","NULL","",6.76799999999992
4243,8321194,1,0.5,FALSE,NA,1,0.85,11,51,11,"!{pgr <= 184}",686,246,300,0.43731778425656,TRUE,"","NULL","",5.36199999999997
4244,8321195,1,0.5,FALSE,NA,1,0.91,21,83,21,"!{pgr <= 77} & {pgr <= 114}",686,246,281,0.409620991253644,TRUE,"","NULL","",4.54600000000005
4245,8321196,1,0.5,FALSE,NA,1,0.62,1,13,1,"!{er <= 3} & {er <= 9}",686,246,315,0.459183673469388,TRUE,"","NULL","",4.98500000000001
4246,8321197,1,0.5,FALSE,NA,1,0.99,208,389,208,"!{er <= 174} & !{pgr <= 8}",686,246,306,0.446064139941691,TRUE,"","NULL","",10.396
4247,8321198,1,0.5,FALSE,NA,1,1,80,166,80,"!{er <= 100} & !{size <= 29}",686,246,295,0.43002915451895,TRUE,"","NULL","",5.9849999999999
4248,8321199,1,0.5,FALSE,NA,1,0.92,36,156,36,"!{pgr <= 77} & !{meno}",686,246,281,0.409620991253644,TRUE,"","NULL","",4.32999999999993
4249,8321200,1,0.5,FALSE,NA,1,0.67,2,16,2,"{pgr <= 2} & !{size <= 25}",686,246,308,0.448979591836735,TRUE,"","NULL","",4.84699999999998
4250,8321201,1,0.5,FALSE,NA,1,0.68,5,38,5,"!{er <= 17} & !{meno}",686,246,306,0.446064139941691,TRUE,"","NULL","",5.0150000000001
4251,8321202,1,0.5,FALSE,NA,1,0.82,11,52,11,"{nodes <= 1} & {age <= 61}",686,246,294,0.428571428571429,TRUE,"","NULL","",4.77800000000002
4252,8321203,1,0.5,FALSE,NA,1,0.89,10,36,10,"!{er <= 9} & {pgr <= 16}",686,246,276,0.402332361516035,TRUE,"","NULL","",4.68899999999996
4253,8321204,1,0.5,FALSE,NA,1,0.88,3,32,3,"!{age <= 46} & !{pgr <= 184}",686,246,311,0.4533527696793,TRUE,"","NULL","",4.84699999999998
4254,8321205,1,0.5,FALSE,NA,1,0.9,11,47,11,"{nodes <= 1} & !{pgr <= 16}",686,246,316,0.46064139941691,TRUE,"","NULL","",5.21699999999998
4255,8321206,1,0.5,FALSE,NA,1,0.66,3,31,3,"{grade3} & {nodes <= 3}",686,246,295,0.43002915451895,TRUE,"","NULL","",4.56200000000001
4256,8321207,1,0.5,FALSE,NA,1,0.99,135,402,135,"{nodes <= 7} & !{pgr <= 184}",686,246,313,0.456268221574344,TRUE,"","NULL","",8.63900000000001
4257,8321208,1,0.5,FALSE,NA,1,0.51,1,18,1,"{age <= 46} & !{pgr <= 45}",686,246,295,0.43002915451895,TRUE,"","NULL","",4.76400000000001
4258,8321209,1,0.5,FALSE,NA,1,0.88,38,147,38,"!{pgr <= 114} & !{er <= 70}",686,246,300,0.43731778425656,TRUE,"","NULL","",6.18200000000002
4259,8321210,1,0.5,FALSE,NA,0,NA,0,2,0,"",686,246,334,0.486880466472303,TRUE,"","NULL","",4.41800000000001
4260,8321211,1,0.5,FALSE,NA,1,0.73,12,86,12,"!{pgr <= 184} & !{er <= 17}",686,246,298,0.434402332361516,TRUE,"","NULL","",5.37199999999996
4261,8321212,1,0.5,FALSE,NA,1,0.88,5,50,5,"!{age <= 61} & !{pgr <= 45}",686,246,307,0.447521865889213,TRUE,"","NULL","",5.08199999999999
4262,8321213,1,0.5,FALSE,NA,1,0.99,85,220,85,"!{pgr <= 2} & {pgr <= 16}",686,246,303,0.441690962099125,TRUE,"","NULL","",7.28099999999995
4263,8321214,1,0.5,FALSE,NA,1,0.89,16,82,16,"{meno} & {age <= 53}",686,246,310,0.451895043731778,TRUE,"","NULL","",5.75900000000001
4264,8321215,1,0.5,FALSE,NA,1,0.71,5,28,5,"!{meno} & !{age <= 46}",686,246,287,0.418367346938776,TRUE,"","NULL","",3.78200000000004
4265,8321216,1,0.5,FALSE,NA,1,0.73,10,44,10,"{pgr <= 2} & !{nodes <= 1}",686,246,291,0.424198250728863,TRUE,"","NULL","",4.88900000000001
4266,8321217,1,0.5,FALSE,NA,1,0.76,9,27,9,"!{pgr <= 184}",686,246,314,0.457725947521866,TRUE,"","NULL","",4.79900000000009
4267,8321218,1,0.5,FALSE,NA,1,0.97,58,158,58,"!{age <= 61} & {size <= 29}",686,246,296,0.431486880466472,TRUE,"","NULL","",6.86900000000003
4268,8321219,1,0.5,FALSE,NA,1,0.89,8,32,8,"{nodes <= 5} & !{nodes <= 3}",686,246,313,0.456268221574344,TRUE,"","NULL","",4.33600000000001
4269,8321220,1,0.5,FALSE,NA,1,0.97,112,330,112,"!{er <= 100} & !{pgr <= 77}",686,246,313,0.456268221574344,TRUE,"","NULL","",8.48099999999999
4270,8321221,1,0.5,FALSE,NA,1,0.84,4,39,4,"{nodes <= 5} & {pgr <= 2}",686,246,319,0.465014577259475,TRUE,"","NULL","",4.59399999999994
4271,8321222,1,0.5,FALSE,NA,1,0.75,4,52,4,"{nodes <= 1} & !{pgr <= 26}",686,246,297,0.432944606413994,TRUE,"","NULL","",4.86199999999997
4272,8321223,1,0.5,FALSE,NA,1,0.83,7,37,7,"{nodes <= 1} & !{pgr <= 8}",686,246,296,0.431486880466472,TRUE,"","NULL","",4.03999999999996
4273,8321224,1,0.5,FALSE,NA,1,0.88,2,26,2,"{nodes <= 5} & !{size <= 35}",686,246,307,0.447521865889213,TRUE,"","NULL","",5.14599999999996
4274,8321225,1,0.5,FALSE,NA,1,0.75,4,41,4,"{er <= 9} & !{age <= 46}",686,246,306,0.446064139941691,TRUE,"","NULL","",4.91099999999994
4275,8321226,1,0.5,FALSE,NA,1,0.92,69,193,69,"{er <= 9} & !{pgr <= 2}",686,246,317,0.462099125364431,TRUE,"","NULL","",7.226
4276,8321227,1,0.5,FALSE,NA,1,0.84,20,99,20,"!{er <= 174} & {pgr <= 337}",686,246,296,0.431486880466472,TRUE,"","NULL","",4.91800000000001
4277,8321228,1,0.5,FALSE,NA,1,0.56,1,34,1,"!{size <= 35} & {er <= 44}",686,246,288,0.419825072886297,TRUE,"","NULL","",4.93500000000006
4278,8321229,1,0.5,FALSE,NA,1,0.86,14,42,14,"!{er <= 70} & !{size <= 29}",686,246,313,0.456268221574344,TRUE,"","NULL","",4.98500000000001
4279,8321230,1,0.5,FALSE,NA,1,0.85,21,73,21,"{pgr <= 2} & !{grade3}",686,246,291,0.424198250728863,TRUE,"","NULL","",5.37700000000007
4280,8321231,1,0.5,FALSE,NA,1,0.86,35,150,35,"{nodes <= 1} & {age <= 53}",686,246,307,0.447521865889213,TRUE,"","NULL","",6.029
4281,8321232,1,0.5,FALSE,NA,1,0.85,1,37,1,"{nodes <= 1} & {pgr <= 16}",686,246,288,0.419825072886297,TRUE,"","NULL","",5.01800000000003
4282,8321233,1,0.5,FALSE,NA,1,0.93,10,32,10,"{nodes <= 3} & !{age <= 61}",686,246,293,0.427113702623907,TRUE,"","NULL","",4.77300000000002
4283,8321234,1,0.5,FALSE,NA,1,0.89,18,83,18,"{age <= 53} & {nodes <= 1}",686,246,303,0.441690962099125,TRUE,"","NULL","",5.18999999999994
4284,8321235,1,0.5,FALSE,NA,1,0.97,27,106,27,"{pgr <= 16} & {age <= 46}",686,246,300,0.43731778425656,TRUE,"","NULL","",5.28399999999999
4285,8321236,1,0.5,FALSE,NA,1,0.85,8,48,8,"!{meno} & !{nodes <= 5}",686,246,285,0.415451895043732,TRUE,"","NULL","",5.02999999999997
4286,8321237,1,0.5,FALSE,NA,1,0.83,9,102,9,"{size <= 25} & !{size <= 20}",686,246,282,0.411078717201166,TRUE,"","NULL","",5.82899999999995
4287,8321238,1,0.5,FALSE,NA,0,NA,0,22,0,"",686,246,290,0.422740524781341,TRUE,"","NULL","",4.40699999999993
4288,8321239,1,0.5,FALSE,NA,1,0.84,13,71,13,"{size <= 29} & {er <= 17}",686,246,308,0.448979591836735,TRUE,"","NULL","",5.15899999999999
4289,8321240,1,0.5,FALSE,NA,1,0.98,65,184,65,"{er <= 9} & {pgr <= 0}",686,246,295,0.43002915451895,TRUE,"","NULL","",7.18299999999999
4290,8321241,1,0.5,FALSE,NA,0,NA,0,37,0,"",686,246,310,0.451895043731778,TRUE,"","NULL","",4.68700000000001
4291,8321242,1,0.5,FALSE,NA,1,0.93,57,176,57,"!{pgr <= 114} & {size <= 35}",686,246,301,0.438775510204082,TRUE,"","NULL","",6.50299999999993
4292,8321243,1,0.5,FALSE,NA,1,0.59,1,9,1,"{nodes <= 1} & !{meno}",686,246,309,0.450437317784257,TRUE,"","NULL","",3.87099999999998
4293,8321244,1,0.5,FALSE,NA,1,0.99,131,321,131,"!{meno} & {grade3}",686,246,304,0.443148688046647,TRUE,"","NULL","",8.55700000000002
4294,8321245,1,0.5,FALSE,NA,1,0.7,8,26,8,"!{er <= 44} & {er <= 174}",686,246,312,0.454810495626822,TRUE,"","NULL","",4.62299999999993
4295,8321246,1,0.5,FALSE,NA,1,0.95,88,346,88,"!{age <= 61} & !{size <= 20}",686,246,302,0.440233236151603,TRUE,"","NULL","",8.05000000000007
4296,8321247,1,0.5,FALSE,NA,1,0.96,120,329,120,"!{nodes <= 1} & {pgr <= 8}",686,246,290,0.422740524781341,TRUE,"","NULL","",5.34199999999998
4297,8321248,1,0.5,FALSE,NA,1,0.91,27,117,27,"!{pgr <= 114} & !{nodes <= 3}",686,246,272,0.396501457725948,TRUE,"","NULL","",6.25
4298,8321249,1,0.5,FALSE,NA,1,0.95,102,351,102,"!{pgr <= 114} & {nodes <= 5}",686,246,314,0.457725947521866,TRUE,"","NULL","",8.5
4299,8321250,1,0.5,FALSE,NA,1,0.88,23,120,23,"{nodes <= 7} & !{age <= 61}",686,246,306,0.446064139941691,TRUE,"","NULL","",5.50999999999999
4300,8321251,1,0.5,FALSE,NA,1,0.93,64,286,64,"!{pgr <= 26} & {er <= 30}",686,246,301,0.438775510204082,TRUE,"","NULL","",5.43999999999994
4301,8321252,1,0.5,FALSE,NA,1,0.99,122,256,122,"!{er <= 174} & !{pgr <= 2}",686,246,302,0.440233236151603,TRUE,"","NULL","",7.9670000000001
4302,8321253,1,0.5,FALSE,NA,1,0.93,27,87,27,"{er <= 70} & !{pgr <= 45}",686,246,301,0.438775510204082,TRUE,"","NULL","",5.38800000000003
4303,8321254,1,0.5,FALSE,NA,1,0.91,16,64,16,"!{pgr <= 114} & {size <= 29}",686,246,299,0.435860058309038,TRUE,"","NULL","",5.32100000000003
4304,8321255,1,0.5,FALSE,NA,1,0.94,11,54,11,"!{pgr <= 77} & !{er <= 174}",686,246,308,0.448979591836735,TRUE,"","NULL","",4.04000000000008
4305,8321256,1,0.5,FALSE,NA,1,0.83,8,34,8,"{nodes <= 3} & !{size <= 25}",686,246,309,0.450437317784257,TRUE,"","NULL","",5.14099999999996
4306,8321257,1,0.5,FALSE,NA,1,0.9,12,33,12,"{grade3} & {er <= 100}",686,246,309,0.450437317784257,TRUE,"","NULL","",4.62199999999996
4307,8321258,1,0.5,FALSE,NA,1,0.86,9,46,9,"{nodes <= 1} & !{pgr <= 77}",686,246,301,0.438775510204082,TRUE,"","NULL","",5.13599999999997
4308,8321259,1,0.5,FALSE,NA,1,0.96,88,268,88,"!{nodes <= 3} & !{er <= 30}",686,246,329,0.479591836734694,TRUE,"","NULL","",6.96600000000001
4309,8321260,1,0.5,FALSE,NA,1,1,122,379,122,"!{pgr <= 114} & !{meno}",686,246,311,0.4533527696793,TRUE,"","NULL","",9.48000000000002
4310,8321261,1,0.5,FALSE,NA,1,0.84,5,45,5,"{nodes <= 1} & {pgr <= 45}",686,246,334,0.486880466472303,TRUE,"","NULL","",4.83999999999992
4311,8321262,1,0.5,FALSE,NA,1,0.62,4,40,4,"!{meno} & {nodes <= 3}",686,246,301,0.438775510204082,TRUE,"","NULL","",4.82499999999993
4312,8321263,1,0.5,FALSE,NA,1,0.55,1,22,1,"!{nodes <= 3} & !{er <= 100}",686,246,291,0.424198250728863,TRUE,"","NULL","",3.53699999999992
4313,8321264,1,0.5,FALSE,NA,1,0.97,63,229,63,"{pgr <= 16} & !{pgr <= 8}",686,246,295,0.43002915451895,TRUE,"","NULL","",7.56799999999998
4314,8321265,1,0.5,FALSE,NA,1,0.75,9,42,9,"!{pgr <= 8} & {size <= 29}",686,246,291,0.424198250728863,TRUE,"","NULL","",4.495
4315,8321266,1,0.5,FALSE,NA,1,0.71,13,89,13,"!{er <= 100} & {size <= 35}",686,246,312,0.454810495626822,TRUE,"","NULL","",5.57099999999991
4316,8321267,1,0.5,FALSE,NA,1,0.81,8,53,8,"!{pgr <= 184} & {er <= 294}",686,246,300,0.43731778425656,TRUE,"","NULL","",4.19599999999991
4317,8321268,1,0.5,FALSE,NA,1,0.88,32,95,32,"{size <= 20} & !{grade3}",686,246,282,0.411078717201166,TRUE,"","NULL","",6.226
4318,8321269,1,0.5,FALSE,NA,1,0.99,50,134,50,"!{pgr <= 45} & !{size <= 29}",686,246,294,0.428571428571429,TRUE,"","NULL","",5.88099999999997
4319,8321270,1,0.5,FALSE,NA,1,0.97,45,153,45,"!{er <= 70} & {pgr <= 77}",686,246,288,0.419825072886297,TRUE,"","NULL","",6.02599999999995
4320,8321271,1,0.5,FALSE,NA,1,0.94,73,341,73,"{age <= 46} & {pgr <= 45}",686,246,316,0.46064139941691,TRUE,"","NULL","",6.78899999999999
4321,8321272,1,0.5,FALSE,NA,1,0.9,15,71,15,"!{pgr <= 114} & {size <= 35}",686,246,297,0.432944606413994,TRUE,"","NULL","",5.74599999999998
4322,8321273,1,0.5,FALSE,NA,1,0.94,18,41,18,"!{age <= 61} & !{nodes <= 1}",686,246,288,0.419825072886297,TRUE,"","NULL","",4.77599999999995
4323,8321274,1,0.5,FALSE,NA,1,0.66,5,41,5,"{size <= 20} & {meno}",686,246,293,0.427113702623907,TRUE,"","NULL","",4.625
4324,8321275,1,0.5,FALSE,NA,1,0.79,6,59,6,"!{size <= 35} & {pgr <= 337}",686,246,327,0.47667638483965,TRUE,"","NULL","",5.01300000000003
4325,8321276,1,0.5,FALSE,NA,1,0.53,2,9,2,"{er <= 30} & !{nodes <= 7}",686,246,301,0.438775510204082,TRUE,"","NULL","",4.803
4326,8321277,1,0.5,FALSE,NA,1,0.81,24,87,24,"!{size <= 35} & !{er <= 0}",686,246,298,0.434402332361516,TRUE,"","NULL","",6.072
4327,8321278,1,0.5,FALSE,NA,1,0.9,8,51,8,"{nodes <= 1} & !{er <= 70}",686,246,303,0.441690962099125,TRUE,"","NULL","",4.93799999999999
4328,8321279,1,0.5,FALSE,NA,1,0.96,16,41,16,"!{er <= 174} & !{size <= 25}",686,246,334,0.486880466472303,TRUE,"","NULL","",4.65800000000002
4329,8321280,1,0.5,FALSE,NA,1,0.6,2,57,2,"!{er <= 174} & {pgr <= 184}",686,246,306,0.446064139941691,TRUE,"","NULL","",6.02800000000002
4330,8321281,1,0.5,FALSE,NA,1,0.94,79,169,79,"!{pgr <= 114} & {er <= 174}",686,246,279,0.406705539358601,TRUE,"","NULL","",6.10000000000002
4331,8321282,1,0.5,FALSE,NA,1,0.61,2,17,2,"{meno} & {er <= 3}",686,246,295,0.43002915451895,TRUE,"","NULL","",4.1640000000001
4332,8321283,1,0.5,FALSE,NA,1,1,114,294,114,"{size <= 25} & !{er <= 174}",686,246,297,0.432944606413994,TRUE,"","NULL","",6.77599999999995
4333,8321284,1,0.5,FALSE,NA,1,0.97,203,496,203,"!{er <= 70} & !{age <= 53}",686,246,314,0.457725947521866,TRUE,"","NULL","",10.8939999999999
4334,8321285,1,0.5,FALSE,NA,1,0.87,9,91,9,"{size <= 20} & !{er <= 30}",686,246,317,0.462099125364431,TRUE,"","NULL","",5.41499999999996
4335,8321286,1,0.5,FALSE,NA,1,0.79,11,79,11,"{grade3} & {age <= 61}",686,246,294,0.428571428571429,TRUE,"","NULL","",4.70699999999999
4336,8321287,1,0.5,FALSE,NA,1,0.75,3,26,3,"{er <= 3} & {nodes <= 5}",686,246,311,0.4533527696793,TRUE,"","NULL","",3.24900000000002
4337,8321288,1,0.5,FALSE,NA,1,0.96,100,247,100,"!{age <= 61} & !{er <= 0}",686,246,303,0.441690962099125,TRUE,"","NULL","",7.99000000000001
4338,8321289,1,0.5,FALSE,NA,0,NA,0,16,0,"",686,246,294,0.428571428571429,TRUE,"","NULL","",4.54100000000005
4339,8321290,1,0.5,FALSE,NA,1,0.96,109,200,109,"{pgr <= 2} & {er <= 44}",686,246,274,0.399416909620991,TRUE,"","NULL","",6.18799999999999
4340,8321291,1,0.5,FALSE,NA,0,NA,0,2,0,"",686,246,298,0.434402332361516,TRUE,"","NULL","",3.49699999999996
4341,8321292,1,0.5,FALSE,NA,1,0.99,186,359,186,"{meno} & !{pgr <= 77}",686,246,316,0.46064139941691,TRUE,"","NULL","",9.45899999999995
4342,8321293,1,0.5,FALSE,NA,1,0.59,3,33,3,"{size <= 35} & !{nodes <= 5}",686,246,298,0.434402332361516,TRUE,"","NULL","",4.76999999999998
4343,8321294,1,0.5,FALSE,NA,1,0.77,17,69,17,"{size <= 29} & !{age <= 61}",686,246,301,0.438775510204082,TRUE,"","NULL","",5.11400000000003
4344,8321295,1,0.5,FALSE,NA,1,0.89,24,109,24,"!{age <= 53} & !{er <= 100}",686,246,306,0.446064139941691,TRUE,"","NULL","",4.32600000000002
4345,8321296,1,0.5,FALSE,NA,1,0.57,4,28,4,"{nodes <= 1} & !{er <= 0}",686,246,318,0.463556851311953,TRUE,"","NULL","",5.01999999999998
4346,8321297,1,0.5,FALSE,NA,1,0.65,2,28,2,"!{nodes <= 3} & {er <= 3}",686,246,315,0.459183673469388,TRUE,"","NULL","",5.00300000000004
4347,8321298,1,0.5,FALSE,NA,1,0.95,38,172,38,"!{age <= 61} & !{er <= 174}",686,246,310,0.451895043731778,TRUE,"","NULL","",6.60500000000002
4348,8321299,1,0.5,FALSE,NA,1,0.81,14,59,14,"{size <= 25} & {er <= 17}",686,246,303,0.441690962099125,TRUE,"","NULL","",4.55799999999999
4349,8321300,1,0.5,FALSE,NA,1,0.94,40,114,40,"!{size <= 25} & !{er <= 17}",686,246,296,0.431486880466472,TRUE,"","NULL","",6.43799999999999
4350,8321301,1,0.5,FALSE,NA,1,0.58,6,39,6,"{size <= 20} & !{er <= 9}",686,246,305,0.444606413994169,TRUE,"","NULL","",4.61000000000001
4351,8321302,1,0.5,FALSE,NA,1,0.85,6,36,6,"{grade3} & !{er <= 3}",686,246,262,0.381924198250729,TRUE,"","NULL","",4.60500000000002
4352,8321303,1,0.5,FALSE,NA,1,0.99,57,227,57,"!{pgr <= 114} & !{size <= 25}",686,246,296,0.431486880466472,TRUE,"","NULL","",6.21899999999994
4353,8321304,1,0.5,FALSE,NA,1,0.94,42,177,42,"{size <= 20} & !{age <= 53}",686,246,301,0.438775510204082,TRUE,"","NULL","",7.18700000000001
4354,8321305,1,0.5,FALSE,NA,1,0.86,5,26,5,"!{nodes <= 5} & !{pgr <= 16}",686,246,294,0.428571428571429,TRUE,"","NULL","",4.14999999999998
4355,8321306,1,0.5,FALSE,NA,1,0.97,20,109,20,"!{pgr <= 8} & {pgr <= 16}",686,246,302,0.440233236151603,TRUE,"","NULL","",5.55799999999999
4356,8321307,1,0.5,FALSE,NA,1,0.66,4,34,4,"!{pgr <= 26} & {nodes <= 1}",686,246,309,0.450437317784257,TRUE,"","NULL","",4.5200000000001
4357,8321308,1,0.5,FALSE,NA,1,0.97,2,17,2,"{nodes <= 5} & !{size <= 35}",686,246,314,0.457725947521866,TRUE,"","NULL","",5.42700000000002
4358,8321309,1,0.5,FALSE,NA,1,0.98,20,102,20,"{size <= 25} & !{pgr <= 114}",686,246,278,0.405247813411079,TRUE,"","NULL","",5.79399999999998
4359,8321310,1,0.5,FALSE,NA,1,0.67,1,20,1,"{age <= 46} & !{er <= 30}",686,246,297,0.432944606413994,TRUE,"","NULL","",4.49700000000007
4360,8321311,1,0.5,FALSE,NA,1,0.9,13,44,13,"!{age <= 61} & !{er <= 44}",686,246,297,0.432944606413994,TRUE,"","NULL","",4.58600000000001
4361,8321312,1,0.5,FALSE,NA,1,0.87,11,82,11,"!{pgr <= 26} & {nodes <= 3}",686,246,305,0.444606413994169,TRUE,"","NULL","",6.24900000000002
4362,8321313,1,0.5,FALSE,NA,1,0.93,16,70,16,"!{er <= 17} & {er <= 44}",686,246,302,0.440233236151603,TRUE,"","NULL","",5.05000000000007
4363,8321314,1,0.5,FALSE,NA,1,0.84,2,24,2,"!{pgr <= 45} & {pgr <= 77}",686,246,299,0.435860058309038,TRUE,"","NULL","",4.70699999999999
4364,8321315,1,0.5,FALSE,NA,1,0.89,25,150,25,"{size <= 29} & {pgr <= 2}",686,246,321,0.467930029154519,TRUE,"","NULL","",5.755
4365,8321316,1,0.5,FALSE,NA,1,0.66,12,71,12,"{nodes <= 1} & {er <= 174}",686,246,300,0.43731778425656,TRUE,"","NULL","",5.58800000000008
4366,8321317,1,0.5,FALSE,NA,1,0.93,50,192,50,"!{size <= 35} & !{er <= 3}",686,246,273,0.397959183673469,TRUE,"","NULL","",6.55799999999999
4367,8321318,1,0.5,FALSE,NA,1,0.98,24,157,24,"!{pgr <= 77} & {pgr <= 184}",686,246,304,0.443148688046647,TRUE,"","NULL","",6.125
4368,8321319,1,0.5,FALSE,NA,1,0.82,5,28,5,"!{age <= 61} & {er <= 44}",686,246,303,0.441690962099125,TRUE,"","NULL","",3.99700000000007
4369,8321320,1,0.5,FALSE,NA,1,0.86,23,90,23,"!{size <= 35} & {er <= 174}",686,246,307,0.447521865889213,TRUE,"","NULL","",6.63400000000001
4370,8321321,1,0.5,FALSE,NA,1,0.91,2,22,2,"!{size <= 35} & !{age <= 53}",686,246,278,0.405247813411079,TRUE,"","NULL","",4.101
4371,8321322,1,0.5,FALSE,NA,1,0.98,10,33,10,"!{age <= 61} & !{er <= 44}",686,246,305,0.444606413994169,TRUE,"","NULL","",5.14699999999993
4372,8321323,1,0.5,FALSE,NA,1,0.88,4,22,4,"!{er <= 44} & {er <= 70}",686,246,303,0.441690962099125,TRUE,"","NULL","",4.447
4373,8321324,1,0.5,FALSE,NA,0,NA,0,6,0,"",686,246,293,0.427113702623907,TRUE,"","NULL","",4.92499999999995
4374,8321325,1,0.5,FALSE,NA,1,0.74,4,37,4,"!{pgr <= 45} & {pgr <= 114}",686,246,311,0.4533527696793,TRUE,"","NULL","",4.87900000000002
4375,8321326,1,0.5,FALSE,NA,1,0.5,1,41,1,"!{er <= 3} & {pgr <= 8}",686,246,292,0.425655976676385,TRUE,"","NULL","",4.82600000000002
4376,8321327,1,0.5,FALSE,NA,1,0.83,13,68,13,"{nodes <= 3} & !{er <= 70}",686,246,323,0.470845481049563,TRUE,"","NULL","",5.28800000000001
4377,8321328,1,0.5,FALSE,NA,1,0.8,12,53,12,"!{nodes <= 3} & !{pgr <= 45}",686,246,294,0.428571428571429,TRUE,"","NULL","",5.34899999999993
4378,8321329,1,0.5,FALSE,NA,1,0.88,17,85,17,"{nodes <= 3} & {pgr <= 16}",686,246,293,0.427113702623907,TRUE,"","NULL","",5.23099999999999
4379,8321330,1,0.5,FALSE,NA,1,0.75,8,28,8,"!{pgr <= 184} & {nodes <= 7}",686,246,305,0.444606413994169,TRUE,"","NULL","",4.55799999999999
4380,8321331,1,0.5,FALSE,NA,1,1,90,323,90,"!{age <= 61} & {er <= 100}",686,246,297,0.432944606413994,TRUE,"","NULL","",7.33399999999995
4381,8321332,1,0.5,FALSE,NA,0,NA,0,4,0,"",686,246,307,0.447521865889213,TRUE,"","NULL","",4.83400000000006
4382,8321333,1,0.5,FALSE,NA,1,0.94,28,134,28,"!{pgr <= 77} & !{meno}",686,246,289,0.421282798833819,TRUE,"","NULL","",6.51800000000003
4383,8321334,1,0.5,FALSE,NA,1,0.97,17,101,17,"{size <= 29} & {age <= 46}",686,246,308,0.448979591836735,TRUE,"","NULL","",5.69399999999996
4384,8321335,1,0.5,FALSE,NA,1,0.92,17,63,17,"!{er <= 70} & {age <= 53}",686,246,300,0.43731778425656,TRUE,"","NULL","",4.51900000000001
4385,8321336,1,0.5,FALSE,NA,1,0.75,5,26,5,"{size <= 20} & !{er <= 17}",686,246,298,0.434402332361516,TRUE,"","NULL","",4.93000000000006
4386,8321337,1,0.5,FALSE,NA,1,0.98,159,379,159,"!{er <= 174} & {size <= 35}",686,246,303,0.441690962099125,TRUE,"","NULL","",9.31200000000001
4387,8321338,1,0.5,FALSE,NA,1,0.76,9,35,9,"{size <= 25} & !{pgr <= 26}",686,246,297,0.432944606413994,TRUE,"","NULL","",4.68399999999997
4388,8321339,1,0.5,FALSE,NA,1,0.92,10,69,10,"{nodes <= 1} & !{er <= 30}",686,246,294,0.428571428571429,TRUE,"","NULL","",4.03899999999999
4389,8321340,1,0.5,FALSE,NA,1,0.81,4,22,4,"!{er <= 70} & {pgr <= 114}",686,246,309,0.450437317784257,TRUE,"","NULL","",5.404
4390,8321341,1,0.5,FALSE,NA,1,0.92,14,57,14,"!{pgr <= 184}",686,246,318,0.463556851311953,TRUE,"","NULL","",5.12599999999998
4391,8321342,1,0.5,FALSE,NA,0,NA,0,28,0,"",686,246,310,0.451895043731778,TRUE,"","NULL","",4.57499999999993
4392,8321343,1,0.5,FALSE,NA,1,0.96,60,162,60,"{nodes <= 1} & {pgr <= 16}",686,246,297,0.432944606413994,TRUE,"","NULL","",6.37099999999998
4393,8321344,1,0.5,FALSE,NA,1,0.97,101,319,101,"!{grade3} & !{nodes <= 5}",686,246,294,0.428571428571429,TRUE,"","NULL","",8.928
4394,8321345,1,0.5,FALSE,NA,1,0.88,46,159,46,"!{pgr <= 77} & {nodes <= 7}",686,246,300,0.43731778425656,TRUE,"","NULL","",6.21699999999998
4395,8321346,1,0.5,FALSE,NA,1,0.7,13,100,13,"!{meno} & !{pgr <= 0}",686,246,319,0.465014577259475,TRUE,"","NULL","",5.48099999999999
4396,8321347,1,0.5,FALSE,NA,1,0.98,51,130,51,"!{nodes <= 7} & {er <= 100}",686,246,293,0.427113702623907,TRUE,"","NULL","",4.154
4397,8321348,1,0.5,FALSE,NA,1,0.9,3,17,3,"!{pgr <= 45} & {pgr <= 77}",686,246,290,0.422740524781341,TRUE,"","NULL","",5.35599999999999
4398,8321349,1,0.5,FALSE,NA,1,0.9,27,98,27,"!{size <= 29} & {er <= 294}",686,246,316,0.46064139941691,TRUE,"","NULL","",5.35699999999997
4399,8321350,1,0.5,FALSE,NA,1,0.98,50,202,50,"{meno} & {er <= 30}",686,246,299,0.435860058309038,TRUE,"","NULL","",6.80799999999999
4400,8321351,1,0.5,FALSE,NA,1,0.99,106,329,106,"!{size <= 25} & {nodes <= 1}",686,246,285,0.415451895043732,TRUE,"","NULL","",6.572
4401,8321352,1,0.5,FALSE,NA,1,0.93,28,104,28,"{er <= 100} & !{age <= 61}",686,246,289,0.421282798833819,TRUE,"","NULL","",6.36500000000001
4402,8321353,1,0.5,FALSE,NA,1,0.62,3,38,3,"!{er <= 44} & !{nodes <= 5}",686,246,295,0.43002915451895,TRUE,"","NULL","",4.67399999999998
4403,8321354,1,0.5,FALSE,NA,1,0.88,14,76,14,"!{meno} & !{er <= 70}",686,246,287,0.418367346938776,TRUE,"","NULL","",5.51300000000003
4404,8321355,1,0.5,FALSE,NA,1,0.92,113,288,113,"{er <= 9} & {age <= 61}",686,246,306,0.446064139941691,TRUE,"","NULL","",6.79000000000008
4405,8321356,1,0.5,FALSE,NA,1,0.92,5,33,5,"!{size <= 29} & !{er <= 100}",686,246,302,0.440233236151603,TRUE,"","NULL","",5.15499999999997
4406,8321357,1,0.5,FALSE,NA,1,0.98,51,208,51,"!{pgr <= 114} & {pgr <= 184}",686,246,299,0.435860058309038,TRUE,"","NULL","",7.43799999999999
4407,8321358,1,0.5,FALSE,NA,1,0.58,1,32,1,"!{pgr <= 77} & {pgr <= 114}",686,246,308,0.448979591836735,TRUE,"","NULL","",4.89600000000007
4408,8321359,1,0.5,FALSE,NA,1,0.97,57,176,57,"{nodes <= 7} & {pgr <= 2}",686,246,313,0.456268221574344,TRUE,"","NULL","",5.61199999999997
4409,8321360,1,0.5,FALSE,NA,1,0.67,3,25,3,"{er <= 44} & !{pgr <= 26}",686,246,292,0.425655976676385,TRUE,"","NULL","",5.18200000000002
4410,8321361,1,0.5,FALSE,NA,1,0.9,54,260,54,"!{size <= 29} & {er <= 30}",686,246,306,0.446064139941691,TRUE,"","NULL","",8.02499999999998
4411,8321362,1,0.5,FALSE,NA,1,0.74,6,65,6,"{nodes <= 3} & !{pgr <= 114}",686,246,294,0.428571428571429,TRUE,"","NULL","",5.27799999999991
4412,8321363,1,0.5,FALSE,NA,1,0.91,30,159,30,"!{size <= 20} & !{pgr <= 184}",686,246,307,0.447521865889213,TRUE,"","NULL","",4.9899999999999
4413,8321364,1,0.5,FALSE,NA,1,0.84,5,39,5,"{er <= 70} & !{pgr <= 77}",686,246,285,0.415451895043732,TRUE,"","NULL","",5.28399999999999
4414,8321365,1,0.5,FALSE,NA,1,0.95,49,171,49,"!{er <= 174} & !{pgr <= 45}",686,246,284,0.41399416909621,TRUE,"","NULL","",6.78200000000004
4415,8321366,1,0.5,FALSE,NA,1,0.99,60,264,60,"{grade3} & !{meno}",686,246,295,0.43002915451895,TRUE,"","NULL","",7.54700000000003
4416,8321367,1,0.5,FALSE,NA,1,0.87,17,94,17,"{size <= 29} & !{meno}",686,246,293,0.427113702623907,TRUE,"","NULL","",4.22199999999998
4417,8321368,1,0.5,FALSE,NA,1,0.85,17,77,17,"!{pgr <= 114} & {er <= 100}",686,246,274,0.399416909620991,TRUE,"","NULL","",5.303
4418,8321369,1,0.5,FALSE,NA,1,0.89,15,86,15,"!{age <= 61} & !{nodes <= 1}",686,246,308,0.448979591836735,TRUE,"","NULL","",5.56399999999996
4419,8321370,1,0.5,FALSE,NA,1,0.58,4,43,4,"!{pgr <= 16} & {er <= 30}",686,246,300,0.43731778425656,TRUE,"","NULL","",4.80599999999993
4420,8321371,1,0.5,FALSE,NA,1,0.99,131,399,131,"!{nodes <= 7} & {pgr <= 77}",686,246,305,0.444606413994169,TRUE,"","NULL","",8.125
4421,8321372,1,0.5,FALSE,NA,1,0.96,45,189,45,"{size <= 20} & !{er <= 30}",686,246,328,0.478134110787172,TRUE,"","NULL","",7.36200000000008
4422,8321373,1,0.5,FALSE,NA,1,0.8,9,29,9,"{size <= 25} & !{er <= 100}",686,246,306,0.446064139941691,TRUE,"","NULL","",4.94000000000005
4423,8321374,1,0.5,FALSE,NA,1,0.95,13,63,13,"!{pgr <= 114} & {meno}",686,246,301,0.438775510204082,TRUE,"","NULL","",4.875
4424,8321375,1,0.5,FALSE,NA,1,0.83,13,48,13,"{age <= 53} & {er <= 9}",686,246,306,0.446064139941691,TRUE,"","NULL","",4.40899999999999
4425,8321376,1,0.5,FALSE,NA,1,0.65,1,21,1,"!{size <= 25} & !{er <= 174}",686,246,327,0.47667638483965,TRUE,"","NULL","",4.81000000000006
4426,8321377,1,0.5,FALSE,NA,1,0.9,1,21,1,"{size <= 20} & !{nodes <= 3}",686,246,298,0.434402332361516,TRUE,"","NULL","",4.48400000000004
4427,8321378,1,0.5,FALSE,NA,1,0.93,77,264,77,"!{nodes <= 7} & {er <= 294}",686,246,288,0.419825072886297,TRUE,"","NULL","",7.21400000000006
4428,8321379,1,0.5,FALSE,NA,1,0.75,11,92,11,"{nodes <= 3} & {size <= 20}",686,246,287,0.418367346938776,TRUE,"","NULL","",5.18299999999999
4429,8321380,1,0.5,FALSE,NA,1,0.9,17,80,17,"{size <= 20} & !{age <= 53}",686,246,298,0.434402332361516,TRUE,"","NULL","",5.86099999999999
4430,8321381,1,0.5,FALSE,NA,1,0.97,15,59,15,"{size <= 20} & !{er <= 44}",686,246,307,0.447521865889213,TRUE,"","NULL","",4.99599999999998
4431,8321382,1,0.5,FALSE,NA,1,0.96,5,26,5,"!{size <= 35} & {meno}",686,246,288,0.419825072886297,TRUE,"","NULL","",4.5630000000001
4432,8321383,1,0.5,FALSE,NA,1,0.7,19,63,19,"!{meno} & {er <= 9}",686,246,286,0.416909620991254,TRUE,"","NULL","",4.84800000000007
4433,8321384,1,0.5,FALSE,NA,1,0.82,4,54,4,"{nodes <= 3} & {er <= 17}",686,246,280,0.408163265306122,TRUE,"","NULL","",5.56099999999992
4434,8321385,1,0.5,FALSE,NA,1,0.81,9,36,9,"!{pgr <= 16} & !{age <= 61}",686,246,291,0.424198250728863,TRUE,"","NULL","",4.40299999999991
4435,8321386,1,0.5,FALSE,NA,1,0.74,8,53,8,"!{size <= 35} & !{nodes <= 1}",686,246,278,0.405247813411079,TRUE,"","NULL","",4.78599999999994
4436,8321387,1,0.5,FALSE,NA,1,0.94,11,61,11,"{er <= 17} & !{er <= 9}",686,246,295,0.43002915451895,TRUE,"","NULL","",4.9319999999999
4437,8321388,1,0.5,FALSE,NA,1,0.98,52,175,52,"{age <= 53} & {nodes <= 1}",686,246,288,0.419825072886297,TRUE,"","NULL","",7.38299999999992
4438,8321389,1,0.5,FALSE,NA,1,0.88,31,165,31,"!{nodes <= 7} & {pgr <= 184}",686,246,303,0.441690962099125,TRUE,"","NULL","",6.38799999999992
4439,8321390,1,0.5,FALSE,NA,1,0.76,7,24,7,"{nodes <= 1} & !{er <= 9}",686,246,278,0.405247813411079,TRUE,"","NULL","",4.82799999999997
4440,8321391,1,0.5,FALSE,NA,1,0.74,1,18,1,"!{er <= 100} & {pgr <= 77}",686,246,310,0.451895043731778,TRUE,"","NULL","",3.702
4441,8321392,1,0.5,FALSE,NA,1,0.97,20,69,20,"!{grade3} & {pgr <= 2}",686,246,298,0.434402332361516,TRUE,"","NULL","",5.88599999999997
4442,8321393,1,0.5,FALSE,NA,1,1,1,33,1,"!{pgr <= 77} & {pgr <= 114}",686,246,322,0.469387755102041,TRUE,"","NULL","",4.49299999999994
4443,8321394,1,0.5,FALSE,NA,1,0.82,4,34,4,"{age <= 46} & {pgr <= 337}",686,246,320,0.466472303206997,TRUE,"","NULL","",4.70900000000006
4444,8321395,1,0.5,FALSE,NA,1,0.96,33,118,33,"!{size <= 29} & {size <= 35}",686,246,316,0.46064139941691,TRUE,"","NULL","",5.49599999999998
4445,8321396,1,0.5,FALSE,NA,1,0.7,12,52,12,"!{grade3} & !{meno}",686,246,302,0.440233236151603,TRUE,"","NULL","",5.15200000000004
4446,8321397,1,0.5,FALSE,NA,1,0.94,113,317,113,"{nodes <= 7} & !{pgr <= 184}",686,246,296,0.431486880466472,TRUE,"","NULL","",8.46800000000007
4447,8321398,1,0.5,FALSE,NA,1,0.93,107,272,107,"!{er <= 70} & {nodes <= 3}",686,246,279,0.406705539358601,TRUE,"","NULL","",7.40700000000004
4448,8321399,1,0.5,FALSE,NA,1,0.81,4,40,4,"{nodes <= 1} & !{pgr <= 45}",686,246,313,0.456268221574344,TRUE,"","NULL","",3.43700000000001
4449,8321400,1,0.5,FALSE,NA,1,0.8,10,58,10,"{nodes <= 3} & !{pgr <= 114}",686,246,328,0.478134110787172,TRUE,"","NULL","",6.39200000000005
4450,8321401,1,0.5,FALSE,NA,1,0.92,24,71,24,"{nodes <= 3} & {age <= 46}",686,246,301,0.438775510204082,TRUE,"","NULL","",4.95500000000004
4451,8321402,1,0.5,FALSE,NA,0,NA,0,23,0,"",686,246,281,0.409620991253644,TRUE,"","NULL","",4.38100000000009
4452,8321403,1,0.5,FALSE,NA,1,0.99,172,424,172,"!{grade3} & {pgr <= 26}",686,246,311,0.4533527696793,TRUE,"","NULL","",8.25699999999995
4453,8321404,1,0.5,FALSE,NA,1,0.96,11,43,11,"{er <= 9} & {grade3}",686,246,307,0.447521865889213,TRUE,"","NULL","",5.08000000000004
4454,8321405,1,0.5,FALSE,NA,1,0.79,11,54,11,"{size <= 20} & {nodes <= 7}",686,246,301,0.438775510204082,TRUE,"","NULL","",4.93299999999999
4455,8321406,1,0.5,FALSE,NA,1,0.66,4,28,4,"!{er <= 0} & {er <= 17}",686,246,306,0.446064139941691,TRUE,"","NULL","",4.69299999999998
4456,8321407,1,0.5,FALSE,NA,1,0.56,1,14,1,"{er <= 9} & !{er <= 3}",686,246,276,0.402332361516035,TRUE,"","NULL","",4.596
4457,8321408,1,0.5,FALSE,NA,1,0.86,19,104,19,"!{size <= 35} & !{age <= 53}",686,246,287,0.418367346938776,TRUE,"","NULL","",6.26599999999996
4458,8321409,1,0.5,FALSE,NA,1,0.98,19,58,19,"{age <= 46} & {pgr <= 26}",686,246,308,0.448979591836735,TRUE,"","NULL","",4.84699999999998
4459,8321410,1,0.5,FALSE,NA,1,0.83,17,42,17,"!{size <= 35} & {pgr <= 77}",686,246,302,0.440233236151603,TRUE,"","NULL","",5.39299999999992
4460,8321411,1,0.5,FALSE,NA,1,0.8,17,88,17,"{age <= 46} & {nodes <= 5}",686,246,327,0.47667638483965,TRUE,"","NULL","",4.91399999999999
4461,8321412,1,0.5,FALSE,NA,1,0.5,1,13,1,"!{pgr <= 45} & {pgr <= 77}",686,246,282,0.411078717201166,TRUE,"","NULL","",4.56299999999999
4462,8321413,1,0.5,FALSE,NA,1,0.95,55,154,55,"{grade3} & {pgr <= 337}",686,246,315,0.459183673469388,TRUE,"","NULL","",6.35199999999998
4463,8321414,1,0.5,FALSE,NA,1,0.9,10,53,10,"{nodes <= 3} & !{pgr <= 77}",686,246,304,0.443148688046647,TRUE,"","NULL","",5.27800000000002
4464,8321415,1,0.5,FALSE,NA,1,0.85,15,97,15,"{pgr <= 26} & !{er <= 30}",686,246,311,0.4533527696793,TRUE,"","NULL","",4.995
4465,8321416,1,0.5,FALSE,NA,1,0.89,8,53,8,"{size <= 35} & !{pgr <= 184}",686,246,317,0.462099125364431,TRUE,"","NULL","",5.20400000000006
4466,8321417,1,0.5,FALSE,NA,1,0.94,57,162,57,"!{pgr <= 184} & {nodes <= 5}",686,246,315,0.459183673469388,TRUE,"","NULL","",6.99700000000007
4467,8321418,1,0.5,FALSE,NA,1,0.97,49,135,49,"{nodes <= 3} & !{size <= 29}",686,246,325,0.473760932944606,TRUE,"","NULL","",6.03499999999997
4468,8321419,1,0.5,FALSE,NA,1,0.77,13,41,13,"{size <= 29} & {er <= 70}",686,246,286,0.416909620991254,TRUE,"","NULL","",4.09199999999998
4469,8321420,1,0.5,FALSE,NA,1,0.69,7,39,7,"{age <= 53} & {meno}",686,246,297,0.432944606413994,TRUE,"","NULL","",4.95100000000002
4470,8321421,1,0.5,FALSE,NA,1,0.82,12,155,12,"{pgr <= 184} & !{er <= 44}",686,246,299,0.435860058309038,TRUE,"","NULL","",6.74400000000003
4471,8321422,1,0.5,FALSE,NA,1,0.97,34,116,34,"!{er <= 30} & {pgr <= 45}",686,246,319,0.465014577259475,TRUE,"","NULL","",5.702
4472,8321423,1,0.5,FALSE,NA,1,0.95,37,128,37,"{nodes <= 1} & {er <= 100}",686,246,308,0.448979591836735,TRUE,"","NULL","",5.06499999999994
4473,8321424,1,0.5,FALSE,NA,1,0.95,17,57,17,"!{er <= 100} & {er <= 174}",686,246,327,0.47667638483965,TRUE,"","NULL","",5.39999999999998
4474,8321425,1,0.5,FALSE,NA,1,0.62,6,61,6,"{grade3} & {er <= 70}",686,246,291,0.424198250728863,TRUE,"","NULL","",5.43500000000006
4475,8321426,1,0.5,FALSE,NA,1,0.94,43,171,43,"!{pgr <= 114} & {er <= 100}",686,246,312,0.454810495626822,TRUE,"","NULL","",6.56000000000006
4476,8321427,1,0.5,FALSE,NA,1,0.93,20,75,20,"{er <= 0}",686,246,317,0.462099125364431,TRUE,"","NULL","",4.68799999999999
4477,8321428,1,0.5,FALSE,NA,1,0.96,66,234,66,"{age <= 46} & {nodes <= 3}",686,246,282,0.411078717201166,TRUE,"","NULL","",7.83499999999992
4478,8321429,1,0.5,FALSE,NA,1,0.61,4,54,4,"!{nodes <= 7} & !{er <= 0}",686,246,305,0.444606413994169,TRUE,"","NULL","",4.65499999999997
4479,8321430,1,0.5,FALSE,NA,1,0.98,58,187,58,"{pgr <= 0} & !{age <= 46}",686,246,297,0.432944606413994,TRUE,"","NULL","",6.19800000000009
4480,8321431,1,0.5,FALSE,NA,1,0.68,2,13,2,"{nodes <= 3} & !{size <= 29}",686,246,301,0.438775510204082,TRUE,"","NULL","",3.52200000000005
4481,8321432,1,0.5,FALSE,NA,1,0.88,37,151,37,"!{meno} & !{pgr <= 16}",686,246,324,0.472303206997085,TRUE,"","NULL","",7.09899999999993
4482,8321433,1,0.5,FALSE,NA,1,0.86,6,30,6,"{grade3} & !{pgr <= 0}",686,246,296,0.431486880466472,TRUE,"","NULL","",4.303
4483,8321434,1,0.5,FALSE,NA,1,0.88,4,40,4,"!{meno} & {size <= 20}",686,246,288,0.419825072886297,TRUE,"","NULL","",5.03500000000008
4484,8321435,1,0.5,FALSE,NA,1,0.8,10,74,10,"!{pgr <= 114} & !{nodes <= 3}",686,246,293,0.427113702623907,TRUE,"","NULL","",4.64099999999996
4485,8321436,1,0.5,FALSE,NA,1,0.98,116,320,116,"{age <= 53} & !{pgr <= 77}",686,246,300,0.43731778425656,TRUE,"","NULL","",8.82100000000003
4486,8321437,1,0.5,FALSE,NA,1,0.98,101,261,101,"{nodes <= 1} & !{er <= 0}",686,246,291,0.424198250728863,TRUE,"","NULL","",7.40199999999993
4487,8321438,1,0.5,FALSE,NA,1,1,96,200,96,"{er <= 3} & {nodes <= 7}",686,246,308,0.448979591836735,TRUE,"","NULL","",5.928
4488,8321439,1,0.5,FALSE,NA,1,0.86,19,94,19,"{er <= 3} & {nodes <= 7}",686,246,303,0.441690962099125,TRUE,"","NULL","",3.87199999999996
4489,8321440,1,0.5,FALSE,NA,1,0.8,14,56,14,"!{pgr <= 26} & !{er <= 174}",686,246,295,0.43002915451895,TRUE,"","NULL","",5.69999999999993
4490,8321441,1,0.5,FALSE,NA,1,0.87,31,99,31,"!{pgr <= 16} & {er <= 30}",686,246,296,0.431486880466472,TRUE,"","NULL","",5.78200000000004
4491,8321442,1,0.5,FALSE,NA,1,0.65,1,19,1,"!{grade3} & {pgr <= 2}",686,246,287,0.418367346938776,TRUE,"","NULL","",4.149
4492,8321443,1,0.5,FALSE,NA,1,0.91,17,66,17,"!{pgr <= 114} & {size <= 25}",686,246,303,0.441690962099125,TRUE,"","NULL","",4.83900000000006
4493,8321444,1,0.5,FALSE,NA,1,0.97,77,204,77,"!{pgr <= 77} & !{er <= 100}",686,246,291,0.424198250728863,TRUE,"","NULL","",7.83600000000001
4494,8321445,1,0.5,FALSE,NA,1,1,90,178,90,"!{pgr <= 114} & {er <= 174}",686,246,283,0.412536443148688,TRUE,"","NULL","",6.49900000000002
4495,8321446,1,0.5,FALSE,NA,1,0.96,213,493,213,"!{grade3} & {nodes <= 1}",686,246,301,0.438775510204082,TRUE,"","NULL","",9.202
4496,8321447,1,0.5,FALSE,NA,1,0.93,52,190,52,"{nodes <= 3} & {grade3}",686,246,283,0.412536443148688,TRUE,"","NULL","",4.18899999999996
4497,8321448,1,0.5,FALSE,NA,1,0.84,20,124,20,"{nodes <= 1} & {er <= 30}",686,246,297,0.432944606413994,TRUE,"","NULL","",6.49199999999996
4498,8321449,1,0.5,FALSE,NA,1,0.93,14,59,14,"{grade3} & !{nodes <= 5}",686,246,306,0.446064139941691,TRUE,"","NULL","",5.274
4499,8321450,1,0.5,FALSE,NA,1,0.88,10,37,10,"!{er <= 100} & !{size <= 20}",686,246,315,0.459183673469388,TRUE,"","NULL","",4.47500000000002
4500,8321451,1,0.5,FALSE,NA,1,0.85,35,119,35,"{er <= 30} & !{er <= 9}",686,246,307,0.447521865889213,TRUE,"","NULL","",5.26499999999999
4501,8321452,1,0.5,FALSE,NA,1,0.72,3,36,3,"!{pgr <= 77} & {er <= 44}",686,246,303,0.441690962099125,TRUE,"","NULL","",5.09199999999998
4502,8321453,1,0.5,FALSE,NA,1,0.5,1,27,1,"{size <= 29} & {grade3}",686,246,292,0.425655976676385,TRUE,"","NULL","",4.93299999999999
4503,8321454,1,0.5,FALSE,NA,1,0.84,9,37,9,"{er <= 17} & {age <= 46}",686,246,301,0.438775510204082,TRUE,"","NULL","",4.61399999999992
4504,8321455,1,0.5,FALSE,NA,1,0.84,16,81,16,"!{pgr <= 77} & {age <= 53}",686,246,302,0.440233236151603,TRUE,"","NULL","",5.25199999999995
4505,8321456,1,0.5,FALSE,NA,1,0.72,16,113,16,"!{er <= 17} & {pgr <= 114}",686,246,324,0.472303206997085,TRUE,"","NULL","",5.95899999999995
4506,8321457,1,0.5,FALSE,NA,1,0.97,23,77,23,"!{nodes <= 5} & !{pgr <= 16}",686,246,288,0.419825072886297,TRUE,"","NULL","",4.93100000000004
4507,8321458,1,0.5,FALSE,NA,1,0.66,1,16,1,"!{size <= 20} & {nodes <= 1}",686,246,299,0.435860058309038,TRUE,"","NULL","",4.44400000000007
4508,8321459,1,0.5,FALSE,NA,1,0.87,8,28,8,"{grade3} & {er <= 9}",686,246,287,0.418367346938776,TRUE,"","NULL","",4.41600000000005
4509,8321460,1,0.5,FALSE,NA,1,0.87,9,70,9,"!{pgr <= 45} & {nodes <= 1}",686,246,298,0.434402332361516,TRUE,"","NULL","",6.56500000000005
4510,8321461,1,0.5,FALSE,NA,1,0.7,4,30,4,"{er <= 174} & !{er <= 70}",686,246,295,0.43002915451895,TRUE,"","NULL","",4.33900000000006
4511,8321462,1,0.5,FALSE,NA,1,0.9,18,82,18,"{age <= 61} & !{pgr <= 114}",686,246,303,0.441690962099125,TRUE,"","NULL","",5.46699999999998
4512,8321463,1,0.5,FALSE,NA,1,0.65,2,9,2,"{size <= 29} & {age <= 46}",686,246,295,0.43002915451895,TRUE,"","NULL","",4.11799999999994
4513,8321464,1,0.5,FALSE,NA,1,0.86,31,105,31,"!{pgr <= 77} & {meno}",686,246,281,0.409620991253644,TRUE,"","NULL","",5.83299999999997
4514,8321465,1,0.5,FALSE,NA,1,0.89,9,35,9,"!{pgr <= 45} & {er <= 44}",686,246,290,0.422740524781341,TRUE,"","NULL","",4.56200000000001
4515,8321466,1,0.5,FALSE,NA,1,0.95,70,258,70,"!{er <= 174}",686,246,297,0.432944606413994,TRUE,"","NULL","Loglik converged before variable  1 ; coefficient may be infinite.  | Loglik converged before variable  1 ; coefficient may be infinite. ",7.50200000000007
4516,8321467,1,0.5,FALSE,NA,0,NA,0,1,0,"",686,246,288,0.419825072886297,TRUE,"","NULL","",3.38700000000006
4517,8321468,1,0.5,FALSE,NA,1,0.92,22,75,22,"!{er <= 9} & {size <= 20}",686,246,302,0.440233236151603,TRUE,"","NULL","",5.69900000000007
4518,8321469,1,0.5,FALSE,NA,1,0.93,23,99,23,"{er <= 3} & {size <= 29}",686,246,306,0.446064139941691,TRUE,"","NULL","",6.01599999999996
4519,8321470,1,0.5,FALSE,NA,1,0.73,3,18,3,"!{pgr <= 114} & !{size <= 25}",686,246,296,0.431486880466472,TRUE,"","NULL","",4.18799999999999
4520,8321471,1,0.5,FALSE,NA,1,0.87,31,136,31,"!{grade3} & !{pgr <= 184}",686,246,306,0.446064139941691,TRUE,"","NULL","",5.60900000000004
4521,8321472,1,0.5,FALSE,NA,1,0.93,39,132,39,"!{pgr <= 114} & !{size <= 20}",686,246,301,0.438775510204082,TRUE,"","NULL","",6.83300000000008
4522,8321473,1,0.5,FALSE,NA,1,0.94,16,86,16,"!{nodes <= 7} & !{er <= 17}",686,246,303,0.441690962099125,TRUE,"","NULL","",5.31799999999998
4523,8321474,1,0.5,FALSE,NA,1,0.91,36,113,36,"!{er <= 44} & !{size <= 29}",686,246,309,0.450437317784257,TRUE,"","NULL","",5.375
4524,8321475,1,0.5,FALSE,NA,1,0.85,20,75,20,"{size <= 20} & !{pgr <= 16}",686,246,289,0.421282798833819,TRUE,"","NULL","",4.36599999999999
4525,8321476,1,0.5,FALSE,NA,1,0.9,14,80,14,"!{age <= 53} & {pgr <= 8}",686,246,308,0.448979591836735,TRUE,"","NULL","",5.60899999999992
4526,8321477,1,0.5,FALSE,NA,1,0.61,1,13,1,"!{age <= 53} & {nodes <= 1}",686,246,317,0.462099125364431,TRUE,"","NULL","",4.51800000000003
4527,8321478,1,0.5,FALSE,NA,1,0.98,33,117,33,"{nodes <= 1} & !{pgr <= 45}",686,246,288,0.419825072886297,TRUE,"","NULL","",5.70800000000008
4528,8321479,1,0.5,FALSE,NA,1,0.97,69,222,69,"!{pgr <= 77} & {pgr <= 114}",686,246,303,0.441690962099125,TRUE,"","NULL","",6.27200000000005
4529,8321480,1,0.5,FALSE,NA,1,0.96,97,304,97,"!{pgr <= 77} & {size <= 20}",686,246,307,0.447521865889213,TRUE,"","NULL","",9.04399999999998
4530,8321481,1,0.5,FALSE,NA,1,0.66,9,60,9,"{size <= 20} & !{grade3}",686,246,289,0.421282798833819,TRUE,"","NULL","",4.91699999999992
4531,8321482,1,0.5,FALSE,NA,1,0.71,5,31,5,"!{grade3} & !{er <= 174}",686,246,287,0.418367346938776,TRUE,"","NULL","",4.55899999999997
4532,8321483,1,0.5,FALSE,NA,1,0.85,3,25,3,"{nodes <= 1} & !{er <= 44}",686,246,314,0.457725947521866,TRUE,"","NULL","",3.71100000000001
4533,8321484,1,0.5,FALSE,NA,1,0.7,15,77,15,"{nodes <= 1} & {er <= 70}",686,246,327,0.47667638483965,TRUE,"","NULL","",5.649
4534,8321485,1,0.5,FALSE,NA,1,0.98,71,197,71,"{size <= 20} & {nodes <= 3}",686,246,304,0.443148688046647,TRUE,"","NULL","",7.05200000000002
4535,8321486,1,0.5,FALSE,NA,1,0.97,41,189,41,"{nodes <= 1} & {pgr <= 45}",686,246,297,0.432944606413994,TRUE,"","NULL","",6.68099999999993
4536,8321487,1,0.5,FALSE,NA,1,0.99,13,73,13,"!{er <= 44} & {er <= 70}",686,246,300,0.43731778425656,TRUE,"","NULL","",3.91599999999994
4537,8321488,1,0.5,FALSE,NA,1,0.85,44,193,44,"!{grade3} & !{pgr <= 184}",686,246,281,0.409620991253644,TRUE,"","NULL","",7.18299999999999
4538,8321489,1,0.5,FALSE,NA,1,0.92,38,147,38,"{size <= 20} & {er <= 70}",686,246,303,0.441690962099125,TRUE,"","NULL","",5.947
4539,8321490,1,0.5,FALSE,NA,0,NA,0,13,0,"",686,246,298,0.434402332361516,TRUE,"","NULL","",4.16699999999992
4540,8321491,1,0.5,FALSE,NA,1,0.87,20,84,20,"{pgr <= 8} & {nodes <= 7}",686,246,297,0.432944606413994,TRUE,"","NULL","",4.524
4541,8321492,1,0.5,FALSE,NA,0,NA,0,6,0,"",686,246,315,0.459183673469388,TRUE,"","NULL","",4.51200000000006
4542,8321493,1,0.5,FALSE,NA,1,0.73,5,43,5,"!{pgr <= 45} & {age <= 53}",686,246,297,0.432944606413994,TRUE,"","NULL","",5.02999999999997
4543,8321494,1,0.5,FALSE,NA,1,1,234,399,234,"!{size <= 35} & !{pgr <= 8}",686,246,314,0.457725947521866,TRUE,"","NULL","",8.85299999999995
4544,8321495,1,0.5,FALSE,NA,1,0.95,211,595,211,"{age <= 46} & {er <= 30}",686,246,319,0.465014577259475,TRUE,"","NULL","",8.11299999999994
4545,8321496,1,0.5,FALSE,NA,1,0.78,3,26,3,"{nodes <= 1} & !{er <= 30}",686,246,301,0.438775510204082,TRUE,"","NULL","",5.12400000000002
4546,8321497,1,0.5,FALSE,NA,1,0.97,40,116,40,"{pgr <= 26} & !{er <= 30}",686,246,292,0.425655976676385,TRUE,"","NULL","",5.59900000000005
4547,8321498,1,0.5,FALSE,NA,1,1,247,432,247,"!{pgr <= 184} & !{size <= 25}",686,246,315,0.459183673469388,TRUE,"","NULL","",9.50099999999998
4548,8321499,1,0.5,FALSE,NA,1,0.81,9,64,9,"!{age <= 61} & {size <= 29}",686,246,285,0.415451895043732,TRUE,"","NULL","",3.9430000000001
4549,8321500,1,0.5,FALSE,NA,1,0.96,7,50,7,"{age <= 46} & !{size <= 25}",686,246,298,0.434402332361516,TRUE,"","NULL","",5.29999999999995
4550,8321501,1,0.5,FALSE,NA,1,0.89,21,96,21,"{size <= 35} & {pgr <= 16}",686,246,291,0.424198250728863,TRUE,"","NULL","",5.48900000000003
4551,8321502,1,0.5,FALSE,NA,1,0.72,15,59,15,"!{pgr <= 45} & {size <= 25}",686,246,288,0.419825072886297,TRUE,"","NULL","",5.22699999999998
4552,8321503,1,0.5,FALSE,NA,1,0.75,14,94,14,"!{size <= 29} & {er <= 30}",686,246,297,0.432944606413994,TRUE,"","NULL","",5.02100000000007
4553,8321504,1,0.5,FALSE,NA,1,0.79,10,38,10,"{nodes <= 3} & !{age <= 61}",686,246,272,0.396501457725948,TRUE,"","NULL","",5.05700000000002
4554,8321505,1,0.5,FALSE,NA,0,NA,0,19,0,"",686,246,293,0.427113702623907,TRUE,"","NULL","",4.67899999999997
4555,8321506,1,0.5,FALSE,NA,1,0.85,16,82,16,"{size <= 35} & {pgr <= 2}",686,246,305,0.444606413994169,TRUE,"","NULL","",5.16800000000001
4556,8321507,1,0.5,FALSE,NA,1,0.94,17,101,17,"!{grade3} & {pgr <= 2}",686,246,303,0.441690962099125,TRUE,"","NULL","",5.30999999999995
4557,8321508,1,0.5,FALSE,NA,1,0.51,1,15,1,"{age <= 46} & {er <= 17}",686,246,293,0.427113702623907,TRUE,"","NULL","",4.88099999999997
4558,8321509,1,0.5,FALSE,NA,1,0.66,1,9,1,"{nodes <= 1} & !{meno}",686,246,323,0.470845481049563,TRUE,"","NULL","",4.58500000000004
4559,8321510,1,0.5,FALSE,NA,1,0.92,42,197,42,"!{pgr <= 77} & !{er <= 100}",686,246,303,0.441690962099125,TRUE,"","NULL","",6.99299999999994
4560,8321511,1,0.5,FALSE,NA,1,0.98,25,162,25,"{age <= 53} & {meno}",686,246,302,0.440233236151603,TRUE,"","NULL","",5.56799999999998
4561,8321512,1,0.5,FALSE,NA,1,0.99,78,193,78,"!{pgr <= 184} & !{age <= 46}",686,246,303,0.441690962099125,TRUE,"","NULL","",7.54999999999995
4562,8321513,1,0.5,FALSE,NA,1,0.91,24,161,24,"{nodes <= 5} & !{er <= 174}",686,246,290,0.422740524781341,TRUE,"","NULL","",6.27100000000007
4563,8321514,1,0.5,FALSE,NA,1,0.86,6,21,6,"!{pgr <= 184} & !{grade3}",686,246,331,0.482507288629738,TRUE,"","NULL","",4.87300000000005
4564,8321515,1,0.5,FALSE,NA,1,0.97,10,37,10,"!{er <= 70} & {er <= 100}",686,246,318,0.463556851311953,TRUE,"","NULL","",3.79500000000007
4565,8321516,1,0.5,FALSE,NA,1,0.99,95,298,95,"{size <= 20} & !{pgr <= 26}",686,246,302,0.440233236151603,TRUE,"","NULL","",8.601
4566,8321517,1,0.5,FALSE,NA,1,0.9,17,50,17,"!{pgr <= 114} & !{size <= 25}",686,246,301,0.438775510204082,TRUE,"","NULL","",4.75300000000004
4567,8321518,1,0.5,FALSE,NA,1,0.77,8,41,8,"!{size <= 25} & {size <= 35}",686,246,309,0.450437317784257,TRUE,"","NULL","",4.96299999999997
4568,8321519,1,0.5,FALSE,NA,1,0.98,40,83,40,"{age <= 46} & !{er <= 9}",686,246,287,0.418367346938776,TRUE,"","NULL","",4.37400000000002
4569,8321520,1,0.5,FALSE,NA,1,0.78,12,99,12,"{nodes <= 1} & {age <= 61}",686,246,297,0.432944606413994,TRUE,"","NULL","",6.21600000000001
4570,8321521,1,0.5,FALSE,NA,0,NA,0,17,0,"",686,246,297,0.432944606413994,TRUE,"","NULL","",4.26699999999994
4571,8321522,1,0.5,FALSE,NA,1,0.9,17,61,17,"{pgr <= 2} & {meno}",686,246,288,0.419825072886297,TRUE,"","NULL","",4.86400000000003
4572,8321523,1,0.5,FALSE,NA,1,0.94,35,122,35,"!{er <= 17} & {pgr <= 45}",686,246,297,0.432944606413994,TRUE,"","NULL","",5.18000000000006
4573,8321524,1,0.5,FALSE,NA,1,0.85,24,90,24,"{size <= 25} & !{pgr <= 114}",686,246,317,0.462099125364431,TRUE,"","NULL","",5.79399999999998
4574,8321525,1,0.5,FALSE,NA,1,0.85,48,200,48,"!{age <= 61}",686,246,297,0.432944606413994,TRUE,"","NULL","",7.05600000000004
4575,8321526,1,0.5,FALSE,NA,1,0.76,2,24,2,"{size <= 20} & {meno}",686,246,310,0.451895043731778,TRUE,"","NULL","",4.77299999999991
4576,8321527,1,0.5,FALSE,NA,1,0.8,14,62,14,"!{nodes <= 5} & !{er <= 3}",686,246,280,0.408163265306122,TRUE,"","NULL","",4.12599999999998
4577,8321528,1,0.5,FALSE,NA,1,0.73,10,83,10,"{nodes <= 3} & !{pgr <= 45}",686,246,281,0.409620991253644,TRUE,"","NULL","",6.06299999999999
4578,8321529,1,0.5,FALSE,NA,1,0.84,9,61,9,"!{meno} & {size <= 25}",686,246,297,0.432944606413994,TRUE,"","NULL","",4.87400000000002
4579,8321530,1,0.5,FALSE,NA,1,0.98,35,94,35,"!{size <= 35} & {er <= 44}",686,246,270,0.393586005830904,TRUE,"","NULL","",5.73000000000002
4580,8321531,1,0.5,FALSE,NA,0,NA,0,2,0,"",686,246,288,0.419825072886297,TRUE,"","NULL","",3.87900000000002
4581,8321532,1,0.5,FALSE,NA,0,NA,0,1,0,"",686,246,302,0.440233236151603,TRUE,"","NULL","",4.58499999999992
4582,8321533,1,0.5,FALSE,NA,1,0.81,13,88,13,"{nodes <= 1} & {meno}",686,246,311,0.4533527696793,TRUE,"","NULL","",5.6339999999999
4583,8321534,1,0.5,FALSE,NA,1,0.96,78,251,78,"!{er <= 100} & {size <= 29}",686,246,298,0.434402332361516,TRUE,"","NULL","Loglik converged before variable  1 ; coefficient may be infinite. ",7.78399999999999
4584,8321535,1,0.5,FALSE,NA,1,0.85,15,83,15,"!{size <= 35} & !{pgr <= 0}",686,246,313,0.456268221574344,TRUE,"","NULL","",4.67499999999995
4585,8321536,1,0.5,FALSE,NA,1,0.83,10,51,10,"{er <= 30} & !{er <= 9}",686,246,325,0.473760932944606,TRUE,"","NULL","",5.33799999999997
4586,8321537,1,0.5,FALSE,NA,1,0.83,12,72,12,"{meno} & !{pgr <= 114}",686,246,293,0.427113702623907,TRUE,"","NULL","",5.43399999999997
4587,8321538,1,0.5,FALSE,NA,1,0.69,2,35,2,"{pgr <= 77} & !{pgr <= 26}",686,246,307,0.447521865889213,TRUE,"","NULL","",4.72500000000002
4588,8321539,1,0.5,FALSE,NA,1,0.88,18,90,18,"!{age <= 61} & !{nodes <= 3}",686,246,291,0.424198250728863,TRUE,"","NULL","Loglik converged before variable  1 ; coefficient may be infinite.  | Loglik converged before variable  1 ; coefficient may be infinite. ",5.13800000000003
4589,8321540,1,0.5,FALSE,NA,1,0.93,26,119,26,"{nodes <= 3} & {age <= 53}",686,246,286,0.416909620991254,TRUE,"","NULL","",6.46100000000001
4590,8321541,1,0.5,FALSE,NA,1,0.96,35,79,35,"!{pgr <= 77} & {er <= 70}",686,246,317,0.462099125364431,TRUE,"","NULL","",5.16399999999999
4591,8321542,1,0.5,FALSE,NA,1,0.89,32,184,32,"!{er <= 44} & {er <= 100}",686,246,282,0.411078717201166,TRUE,"","NULL","",6.19299999999998
4592,8321543,1,0.5,FALSE,NA,1,0.72,1,28,1,"{nodes <= 3} & !{age <= 61}",686,246,294,0.428571428571429,TRUE,"","NULL","",3.72399999999993
4593,8321544,1,0.5,FALSE,NA,1,0.95,39,72,39,"!{er <= 174} & !{pgr <= 16}",686,246,281,0.409620991253644,TRUE,"","NULL","",5.50300000000004
4594,8321545,1,0.5,FALSE,NA,1,0.93,8,55,8,"{size <= 29} & {pgr <= 2}",686,246,319,0.465014577259475,TRUE,"","NULL","",5.13300000000004
4595,8321546,1,0.5,FALSE,NA,1,0.88,18,76,18,"!{er <= 9} & {pgr <= 16}",686,246,298,0.434402332361516,TRUE,"","NULL","",5.42600000000004
4596,8321547,1,0.5,FALSE,NA,1,0.95,9,40,9,"{grade3} & !{nodes <= 3}",686,246,317,0.462099125364431,TRUE,"","NULL","",4.70299999999997
4597,8321548,1,0.5,FALSE,NA,1,0.9,31,99,31,"{size <= 20} & !{age <= 46}",686,246,304,0.443148688046647,TRUE,"","NULL","",6.399
4598,8321549,1,0.5,FALSE,NA,1,0.98,45,150,45,"{age <= 46} & {size <= 25}",686,246,298,0.434402332361516,TRUE,"","NULL","",6.303
4599,8321550,1,0.5,FALSE,NA,1,0.94,34,137,34,"!{nodes <= 3} & !{er <= 100}",686,246,303,0.441690962099125,TRUE,"","NULL","",5.99599999999998
4600,8321551,1,0.5,FALSE,NA,1,0.91,14,102,14,"!{pgr <= 114} & {er <= 174}",686,246,280,0.408163265306122,TRUE,"","NULL","",4.25999999999999
4601,8321552,1,0.5,FALSE,NA,1,0.5,1,12,1,"{age <= 46} & !{nodes <= 3}",686,246,282,0.411078717201166,TRUE,"","NULL","",4.947
4602,8321553,1,0.5,FALSE,NA,1,0.97,135,345,135,"!{age <= 61} & !{grade3}",686,246,312,0.454810495626822,TRUE,"","NULL","",9.04899999999998
4603,8321554,1,0.5,FALSE,NA,1,0.96,20,146,20,"{size <= 35} & {er <= 0}",686,246,302,0.440233236151603,TRUE,"","NULL","",6.33799999999997
4604,8321555,1,0.5,FALSE,NA,1,0.93,17,75,17,"!{er <= 174} & !{pgr <= 2}",686,246,299,0.435860058309038,TRUE,"","NULL","",3.78200000000004
4605,8321556,1,0.5,FALSE,NA,1,0.98,12,67,12,"{size <= 29} & {grade3}",686,246,314,0.457725947521866,TRUE,"","NULL","",5.75799999999992
4606,8321557,1,0.5,FALSE,NA,1,0.71,4,44,4,"{size <= 29} & !{pgr <= 114}",686,246,316,0.46064139941691,TRUE,"","NULL","",5.13099999999997
4607,8321558,1,0.5,FALSE,NA,1,0.84,11,70,11,"{nodes <= 7} & !{er <= 174}",686,246,293,0.427113702623907,TRUE,"","NULL","",5.34199999999998
4608,8321559,1,0.5,FALSE,NA,1,0.84,36,139,36,"{nodes <= 3} & !{pgr <= 45}",686,246,295,0.43002915451895,TRUE,"","NULL","",5.46699999999998
4609,8321560,1,0.5,FALSE,NA,1,0.95,98,284,98,"!{age <= 53} & !{er <= 100}",686,246,308,0.448979591836735,TRUE,"","NULL","",8.529
4610,8321561,1,0.5,FALSE,NA,1,0.87,4,45,4,"!{age <= 61} & {size <= 35}",686,246,308,0.448979591836735,TRUE,"","NULL","",4.94499999999994
4611,8321562,1,0.5,FALSE,NA,1,0.74,2,46,2,"!{size <= 20} & {pgr <= 0}",686,246,293,0.427113702623907,TRUE,"","NULL","",5.14200000000005
4612,8321563,1,0.5,FALSE,NA,1,0.96,95,372,95,"{nodes <= 5} & !{pgr <= 114}",686,246,280,0.408163265306122,TRUE,"","NULL","",6.97400000000005
4613,8321564,1,0.5,FALSE,NA,1,0.87,25,67,25,"{grade3} & {size <= 29}",686,246,316,0.46064139941691,TRUE,"","NULL","",5.65699999999993
4614,8321565,1,0.5,FALSE,NA,1,0.97,43,138,43,"!{pgr <= 184} & {nodes <= 7}",686,246,304,0.443148688046647,TRUE,"","NULL","",5.87599999999998
4615,8321566,1,0.5,FALSE,NA,1,0.85,36,132,36,"{er <= 17} & !{er <= 3}",686,246,305,0.444606413994169,TRUE,"","NULL","",5.96900000000005
4616,8321567,1,0.5,FALSE,NA,1,0.63,8,58,8,"{grade3} & {pgr <= 184}",686,246,294,0.428571428571429,TRUE,"","NULL","",4.41399999999999
4617,8321568,1,0.5,FALSE,NA,1,0.86,3,34,3,"{age <= 46} & !{nodes <= 3}",686,246,307,0.447521865889213,TRUE,"","NULL","",4.923
4618,8321569,1,0.5,FALSE,NA,1,0.85,6,30,6,"!{pgr <= 77} & {size <= 20}",686,246,298,0.434402332361516,TRUE,"","NULL","",4.53399999999999
4619,8321570,1,0.5,FALSE,NA,1,0.93,43,233,43,"!{er <= 44} & {age <= 53}",686,246,306,0.446064139941691,TRUE,"","NULL","",7.04600000000005
4620,8321571,1,0.5,FALSE,NA,1,0.84,19,153,19,"{pgr <= 26} & !{size <= 29}",686,246,304,0.443148688046647,TRUE,"","NULL","Loglik converged before variable  1 ; coefficient may be infinite.  | Loglik converged before variable  1 ; coefficient may be infinite. ",5.46000000000004
4621,8321572,1,0.5,FALSE,NA,1,0.81,23,54,23,"!{size <= 35} & {age <= 61}",686,246,294,0.428571428571429,TRUE,"","NULL","",5.56999999999994
4622,8321573,1,0.5,FALSE,NA,0,NA,0,8,0,"",686,246,309,0.450437317784257,TRUE,"","NULL","",4.28899999999999
4623,8321574,1,0.5,FALSE,NA,1,0.93,12,59,12,"{age <= 46} & {size <= 35}",686,246,278,0.405247813411079,TRUE,"","NULL","",4.76100000000008
4624,8321575,1,0.5,FALSE,NA,1,0.92,5,42,5,"{pgr <= 2} & {meno}",686,246,286,0.416909620991254,TRUE,"","NULL","",4.68500000000006
4625,8321576,1,0.5,FALSE,NA,1,0.87,14,55,14,"{size <= 20} & {er <= 30}",686,246,291,0.424198250728863,TRUE,"","NULL","",5.072
4626,8321577,1,0.5,FALSE,NA,1,0.89,11,71,11,"{nodes <= 1} & !{meno}",686,246,302,0.440233236151603,TRUE,"","NULL","",5.11699999999996
4627,8321578,1,0.5,FALSE,NA,1,0.99,157,395,157,"!{age <= 61} & !{pgr <= 26}",686,246,302,0.440233236151603,TRUE,"","NULL","",9.23199999999997
4628,8321579,1,0.5,FALSE,NA,1,0.97,206,580,206,"{nodes <= 1} & {er <= 44}",686,246,319,0.465014577259475,TRUE,"","NULL","",8.01599999999996
4629,8321580,1,0.5,FALSE,NA,1,0.63,2,45,2,"{size <= 20} & !{pgr <= 77}",686,246,303,0.441690962099125,TRUE,"","NULL","",5.10900000000004
4630,8321581,1,0.5,FALSE,NA,1,0.99,88,271,88,"!{er <= 70} & !{nodes <= 1}",686,246,298,0.434402332361516,TRUE,"","NULL","",8.375
4631,8321582,1,0.5,FALSE,NA,1,0.61,4,27,4,"!{pgr <= 77} & !{age <= 53}",686,246,313,0.456268221574344,TRUE,"","NULL","",4.61799999999994
4632,8321583,1,0.5,FALSE,NA,1,0.59,6,30,6,"{nodes <= 1} & {meno}",686,246,310,0.451895043731778,TRUE,"","NULL","",3.96100000000001
4633,8321584,1,0.5,FALSE,NA,1,0.63,1,14,1,"!{pgr <= 2} & {grade3}",686,246,276,0.402332361516035,TRUE,"","NULL","",4.71000000000004
4634,8321585,1,0.5,FALSE,NA,1,0.88,15,63,15,"!{age <= 61} & !{grade3}",686,246,288,0.419825072886297,TRUE,"","NULL","",4.99300000000005
4635,8321586,1,0.5,FALSE,NA,1,0.69,13,58,13,"{nodes <= 7} & !{er <= 100}",686,246,290,0.422740524781341,TRUE,"","NULL","",4.97900000000004
4636,8321587,1,0.5,FALSE,NA,1,0.76,6,57,6,"{age <= 53} & !{er <= 70}",686,246,302,0.440233236151603,TRUE,"","NULL","",4.91899999999998
4637,8321588,1,0.5,FALSE,NA,1,0.92,43,109,43,"{age <= 46} & !{pgr <= 16}",686,246,285,0.415451895043732,TRUE,"","NULL","",5.899
4638,8321589,1,0.5,FALSE,NA,1,0.76,9,48,9,"!{age <= 61} & {pgr <= 184}",686,246,291,0.424198250728863,TRUE,"","NULL","",5.00300000000004
4639,8321590,1,0.5,FALSE,NA,1,0.83,29,116,29,"!{pgr <= 2} & {size <= 20}",686,246,279,0.406705539358601,TRUE,"","NULL","",5.82000000000005
4640,8321591,1,0.5,FALSE,NA,1,1,37,135,37,"{er <= 3} & {size <= 25}",686,246,309,0.450437317784257,TRUE,"","NULL","",5.56900000000007
4641,8321592,1,0.5,FALSE,NA,1,0.99,19,96,19,"!{age <= 61} & {pgr <= 16}",686,246,298,0.434402332361516,TRUE,"","NULL","",5.83500000000004
4642,8321593,1,0.5,FALSE,NA,1,0.66,1,14,1,"!{pgr <= 8} & {er <= 17}",686,246,291,0.424198250728863,TRUE,"","NULL","",4.27500000000009
4643,8321594,1,0.5,FALSE,NA,1,0.83,8,39,8,"!{nodes <= 5} & {er <= 9}",686,246,321,0.467930029154519,TRUE,"","NULL","",4.83499999999992
4644,8321595,1,0.5,FALSE,NA,1,0.91,24,132,24,"!{nodes <= 3} & !{pgr <= 77}",686,246,299,0.435860058309038,TRUE,"","NULL","",5.71100000000001
4645,8321596,1,0.5,FALSE,NA,1,0.97,44,165,44,"{er <= 70} & !{er <= 30}",686,246,303,0.441690962099125,TRUE,"","NULL","",7.06200000000001
4646,8321597,1,0.5,FALSE,NA,1,0.88,30,176,30,"{nodes <= 3} & !{pgr <= 77}",686,246,285,0.415451895043732,TRUE,"","NULL","",6.38400000000001
4647,8321598,1,0.5,FALSE,NA,1,0.98,72,239,72,"!{size <= 29} & {er <= 17}",686,246,312,0.454810495626822,TRUE,"","NULL","",6.721
4648,8321599,1,0.5,FALSE,NA,1,0.99,70,286,70,"!{age <= 53} & !{nodes <= 5}",686,246,294,0.428571428571429,TRUE,"","NULL","",5.69999999999993
4649,8321600,1,0.5,FALSE,NA,1,0.93,22,107,22,"!{age <= 61} & !{er <= 70}",686,246,288,0.419825072886297,TRUE,"","NULL","",6.33399999999995
4650,8321601,1,0.5,FALSE,NA,1,0.96,4,23,4,"{age <= 46} & {nodes <= 3}",686,246,267,0.389212827988338,TRUE,"","NULL","",4.58399999999995
4651,8321602,1,0.5,FALSE,NA,1,0.99,77,195,77,"!{grade3} & !{size <= 35}",686,246,283,0.412536443148688,TRUE,"","NULL","Loglik converged before variable  1 ; coefficient may be infinite. ",6.71000000000004
4652,8321603,1,0.5,FALSE,NA,1,0.9,36,183,36,"!{pgr <= 114} & !{nodes <= 1}",686,246,299,0.435860058309038,TRUE,"","NULL","",5.45799999999997
4653,8321604,1,0.5,FALSE,NA,1,0.92,20,115,20,"{nodes <= 3} & !{er <= 70}",686,246,309,0.450437317784257,TRUE,"","NULL","",6.13
4654,8321605,1,0.5,FALSE,NA,1,0.92,28,96,28,"{size <= 20} & {pgr <= 45}",686,246,291,0.424198250728863,TRUE,"","NULL","",5.48599999999999
4655,8321606,1,0.5,FALSE,NA,1,0.96,4,16,4,"{size <= 25} & {er <= 3}",686,246,283,0.412536443148688,TRUE,"","NULL","",4.13900000000001
4656,8321607,1,0.5,FALSE,NA,0,NA,0,12,0,"",686,246,310,0.451895043731778,TRUE,"","NULL","",4.56700000000001
4657,8321608,1,0.5,FALSE,NA,1,0.81,18,95,18,"!{size <= 20} & !{er <= 100}",686,246,307,0.447521865889213,TRUE,"","NULL","",5.81899999999996
4658,8321609,1,0.5,FALSE,NA,1,0.72,8,14,8,"{grade3} & !{pgr <= 2}",686,246,305,0.444606413994169,TRUE,"","NULL","",4.60599999999999
4659,8321610,1,0.5,FALSE,NA,1,0.98,13,78,13,"{er <= 3} & {meno}",686,246,308,0.448979591836735,TRUE,"","NULL","",5.21000000000004
4660,8321611,1,0.5,FALSE,NA,1,0.81,5,30,5,"!{er <= 174} & {pgr <= 184}",686,246,302,0.440233236151603,TRUE,"","NULL","",4.66100000000006
4661,8321612,1,0.5,FALSE,NA,1,0.85,22,90,22,"{nodes <= 1} & {er <= 70}",686,246,295,0.43002915451895,TRUE,"","NULL","",5.85399999999993
4662,8321613,1,0.5,FALSE,NA,1,0.67,4,27,4,"!{pgr <= 114} & {age <= 61}",686,246,315,0.459183673469388,TRUE,"","NULL","",4.73099999999999
4663,8321614,1,0.5,FALSE,NA,1,0.94,23,102,23,"!{size <= 25} & !{er <= 100}",686,246,310,0.451895043731778,TRUE,"","NULL","",5.51699999999994
4664,8321615,1,0.5,FALSE,NA,1,0.67,3,26,3,"!{age <= 61} & {er <= 174}",686,246,325,0.473760932944606,TRUE,"","NULL","",4.82999999999993
4665,8321616,1,0.5,FALSE,NA,1,0.7,12,110,12,"!{age <= 53} & {age <= 61}",686,246,295,0.43002915451895,TRUE,"","NULL","",6.54000000000008
4666,8321617,1,0.5,FALSE,NA,1,0.53,2,21,2,"!{er <= 100} & !{age <= 53}",686,246,309,0.450437317784257,TRUE,"","NULL","",4.34699999999998
4667,8321618,1,0.5,FALSE,NA,1,0.93,3,17,3,"{meno} & {age <= 53}",686,246,305,0.444606413994169,TRUE,"","NULL","",4.5139999999999
4668,8321619,1,0.5,FALSE,NA,1,0.91,19,67,19,"{age <= 53} & {er <= 9}",686,246,288,0.419825072886297,TRUE,"","NULL","",4.86099999999999
4669,8321620,1,0.5,FALSE,NA,1,0.97,98,261,98,"{nodes <= 1} & !{pgr <= 26}",686,246,304,0.443148688046647,TRUE,"","NULL","",7.85400000000004
4670,8321621,1,0.5,FALSE,NA,1,0.63,3,21,3,"{nodes <= 1} & !{size <= 20}",686,246,296,0.431486880466472,TRUE,"","NULL","",4.45499999999993
4671,8321622,1,0.5,FALSE,NA,1,0.74,3,32,3,"{nodes <= 1} & {age <= 61}",686,246,313,0.456268221574344,TRUE,"","NULL","",4.505
4672,8321623,1,0.5,FALSE,NA,1,0.86,17,137,17,"{age <= 61} & !{age <= 53}",686,246,304,0.443148688046647,TRUE,"","NULL","",5.19799999999998
4673,8321624,1,0.5,FALSE,NA,1,0.95,71,233,71,"!{er <= 174} & {nodes <= 5}",686,246,277,0.403790087463557,TRUE,"","NULL","",8.101
4674,8321625,1,0.5,FALSE,NA,1,0.87,17,61,17,"!{pgr <= 184} & !{er <= 30}",686,246,296,0.431486880466472,TRUE,"","NULL","",5.33800000000008
4675,8321626,1,0.5,FALSE,NA,1,0.67,1,22,1,"!{er <= 44} & {pgr <= 45}",686,246,301,0.438775510204082,TRUE,"","NULL","",4.39700000000005
4676,8321627,1,0.5,FALSE,NA,1,0.89,1,14,1,"{size <= 20} & !{nodes <= 3}",686,246,307,0.447521865889213,TRUE,"","NULL","",3.78999999999996
4677,8321628,1,0.5,FALSE,NA,1,0.85,18,109,18,"{er <= 30} & !{pgr <= 16}",686,246,303,0.441690962099125,TRUE,"","NULL","",6.31900000000007
4678,8321629,1,0.5,FALSE,NA,1,0.97,8,27,8,"!{nodes <= 3} & {size <= 25}",686,246,305,0.444606413994169,TRUE,"","NULL","",4.35500000000002
4679,8321630,1,0.5,FALSE,NA,1,0.89,72,189,72,"!{pgr <= 77} & {nodes <= 5}",686,246,282,0.411078717201166,TRUE,"","NULL","",6.654
4680,8321631,1,0.5,FALSE,NA,1,0.63,1,17,1,"{age <= 53} & !{nodes <= 7}",686,246,296,0.431486880466472,TRUE,"","NULL","",3.96799999999996
4681,8321632,1,0.5,FALSE,NA,1,0.88,17,110,17,"{age <= 46} & {size <= 35}",686,246,291,0.424198250728863,TRUE,"","NULL","",6.125
4682,8321633,1,0.5,FALSE,NA,1,0.91,14,45,14,"!{size <= 25} & !{er <= 174}",686,246,307,0.447521865889213,TRUE,"","NULL","",4.89199999999994
4683,8321634,1,0.5,FALSE,NA,1,0.95,7,56,7,"!{pgr <= 114} & {size <= 25}",686,246,320,0.466472303206997,TRUE,"","NULL","",4.97800000000007
4684,8321635,1,0.5,FALSE,NA,1,1,181,343,181,"!{size <= 29} & !{pgr <= 77}",686,246,290,0.422740524781341,TRUE,"","NULL","",7.28399999999999
4685,8321636,1,0.5,FALSE,NA,1,0.91,8,48,8,"{nodes <= 1} & !{er <= 44}",686,246,337,0.491253644314869,TRUE,"","NULL","",5.04900000000009
4686,8321637,1,0.5,FALSE,NA,1,0.99,85,192,85,"!{er <= 30} & !{age <= 61}",686,246,307,0.447521865889213,TRUE,"","NULL","",7.13900000000001
4687,8321638,1,0.5,FALSE,NA,1,0.95,36,168,36,"!{age <= 53} & !{size <= 29}",686,246,301,0.438775510204082,TRUE,"","NULL","",6.28100000000006
4688,8321639,1,0.5,FALSE,NA,1,0.98,21,124,21,"{er <= 3} & !{pgr <= 0}",686,246,316,0.46064139941691,TRUE,"","NULL","",4.70900000000006
4689,8321640,1,0.5,FALSE,NA,1,0.93,37,181,37,"!{nodes <= 1} & {pgr <= 8}",686,246,288,0.419825072886297,TRUE,"","NULL","",7.16500000000008
4690,8321641,1,0.5,FALSE,NA,1,0.75,5,28,5,"!{size <= 35} & {nodes <= 7}",686,246,287,0.418367346938776,TRUE,"","NULL","",4.23000000000002
4691,8321642,1,0.5,FALSE,NA,1,0.99,82,183,82,"{er <= 9} & {nodes <= 5}",686,246,278,0.405247813411079,TRUE,"","NULL","",6.78100000000006
4692,8321643,1,0.5,FALSE,NA,1,0.87,26,85,26,"!{pgr <= 114} & {pgr <= 337}",686,246,302,0.440233236151603,TRUE,"","NULL","",4.18700000000001
4693,8321644,1,0.5,FALSE,NA,1,0.9,29,91,29,"{pgr <= 0} & {er <= 30}",686,246,301,0.438775510204082,TRUE,"","NULL","",5.86300000000006
4694,8321645,1,0.5,FALSE,NA,1,0.96,54,252,54,"!{meno} & !{er <= 70}",686,246,309,0.450437317784257,TRUE,"","NULL","",7.64400000000001
4695,8321646,1,0.5,FALSE,NA,1,0.95,24,85,24,"!{nodes <= 7} & !{pgr <= 2}",686,246,309,0.450437317784257,TRUE,"","NULL","",5.12200000000007
4696,8321647,1,0.5,FALSE,NA,1,0.92,29,128,29,"!{pgr <= 184} & !{er <= 17}",686,246,300,0.43731778425656,TRUE,"","NULL","",4.66700000000003
4697,8321648,1,0.5,FALSE,NA,1,0.92,28,100,28,"!{pgr <= 45} & {er <= 44}",686,246,284,0.41399416909621,TRUE,"","NULL","",5.82899999999995
4698,8321649,1,0.5,FALSE,NA,1,0.67,1,22,1,"!{pgr <= 114} & !{size <= 29}",686,246,291,0.424198250728863,TRUE,"","NULL","",4.42699999999991
4699,8321650,1,0.5,FALSE,NA,1,0.56,1,7,1,"{pgr <= 16} & !{age <= 61}",686,246,313,0.456268221574344,TRUE,"","NULL","",4.47900000000004
4700,8321651,1,0.5,FALSE,NA,1,0.8,23,111,23,"{size <= 35} & {pgr <= 16}",686,246,308,0.448979591836735,TRUE,"","NULL","",5.30100000000004
4701,8321652,1,0.5,FALSE,NA,1,0.87,7,43,7,"!{meno} & !{size <= 35}",686,246,304,0.443148688046647,TRUE,"","NULL","",5.53700000000003
4702,8321653,1,0.5,FALSE,NA,1,0.97,48,246,48,"!{nodes <= 7} & !{pgr <= 16}",686,246,290,0.422740524781341,TRUE,"","NULL","",7.4910000000001
4703,8321654,1,0.5,FALSE,NA,1,0.87,8,58,8,"!{er <= 100} & {size <= 29}",686,246,309,0.450437317784257,TRUE,"","NULL","",5.12099999999998
4704,8321655,1,0.5,FALSE,NA,1,0.9,17,72,17,"{size <= 25} & !{age <= 53}",686,246,284,0.41399416909621,TRUE,"","NULL","",4.18399999999997
4705,8321656,1,0.5,FALSE,NA,1,0.99,162,456,162,"{er <= 30} & !{er <= 17}",686,246,324,0.472303206997085,TRUE,"","NULL","",10.312
4706,8321657,1,0.5,FALSE,NA,1,0.81,25,129,25,"{age <= 46} & {nodes <= 7}",686,246,290,0.422740524781341,TRUE,"","NULL","",5.53300000000002
4707,8321658,1,0.5,FALSE,NA,1,0.95,44,238,44,"!{pgr <= 184} & !{nodes <= 1}",686,246,311,0.4533527696793,TRUE,"","NULL","",6.428
4708,8321659,1,0.5,FALSE,NA,1,0.91,37,141,37,"{nodes <= 1} & {age <= 53}",686,246,316,0.46064139941691,TRUE,"","NULL","",4.08600000000001
4709,8321660,1,0.5,FALSE,NA,1,0.84,14,55,14,"!{nodes <= 1} & !{pgr <= 184}",686,246,300,0.43731778425656,TRUE,"","NULL","",5.54199999999992
4710,8321661,1,0.5,FALSE,NA,0,NA,0,21,0,"",686,246,317,0.462099125364431,TRUE,"","NULL","",4.98300000000006
4711,8321662,1,0.5,FALSE,NA,1,0.99,69,191,69,"!{pgr <= 184} & !{grade3}",686,246,270,0.393586005830904,TRUE,"","NULL","",6.73099999999999
4712,8321663,1,0.5,FALSE,NA,1,0.9,84,260,84,"!{er <= 30} & !{size <= 29}",686,246,318,0.463556851311953,TRUE,"","NULL","",6.36500000000001
4713,8321664,1,0.5,FALSE,NA,1,0.84,6,75,6,"{nodes <= 7} & {er <= 9}",686,246,310,0.451895043731778,TRUE,"","NULL","",5.59699999999998
4714,8321665,1,0.5,FALSE,NA,1,0.86,13,131,13,"{size <= 20} & {age <= 61}",686,246,305,0.444606413994169,TRUE,"","NULL","Loglik converged before variable  1 ; coefficient may be infinite.  | Loglik converged before variable  1 ; coefficient may be infinite. ",6.03999999999996
4715,8321666,1,0.5,FALSE,NA,1,0.89,7,21,7,"!{size <= 35} & !{er <= 30}",686,246,296,0.431486880466472,TRUE,"","NULL","",4.447
4716,8321667,1,0.5,FALSE,NA,1,0.65,6,53,6,"{nodes <= 1} & {size <= 25}",686,246,313,0.456268221574344,TRUE,"","NULL","",4.72799999999995
4717,8321668,1,0.5,FALSE,NA,1,0.78,9,39,9,"{nodes <= 1} & {er <= 70}",686,246,289,0.421282798833819,TRUE,"","NULL","",5.2589999999999
4718,8321669,1,0.5,FALSE,NA,1,0.87,44,141,44,"!{age <= 61} & !{pgr <= 16}",686,246,304,0.443148688046647,TRUE,"","NULL","",6.24199999999996
4719,8321670,1,0.5,FALSE,NA,1,0.96,22,65,22,"{pgr <= 2} & !{size <= 25}",686,246,296,0.431486880466472,TRUE,"","NULL","",4.90099999999995
4720,8321671,1,0.5,FALSE,NA,1,0.91,45,203,45,"{age <= 46} & {er <= 44}",686,246,289,0.421282798833819,TRUE,"","NULL","Loglik converged before variable  1 ; coefficient may be infinite.  | Loglik converged before variable  1 ; coefficient may be infinite. ",5.98500000000001
4721,8321672,1,0.5,FALSE,NA,1,0.96,4,33,4,"{pgr <= 16} & !{pgr <= 8}",686,246,309,0.450437317784257,TRUE,"","NULL","",5.20100000000002
4722,8321673,1,0.5,FALSE,NA,1,0.97,39,122,39,"!{pgr <= 184} & {er <= 294}",686,246,293,0.427113702623907,TRUE,"","NULL","",6.16099999999994
4723,8321674,1,0.5,FALSE,NA,1,0.85,12,128,12,"{size <= 25} & !{er <= 100}",686,246,321,0.467930029154519,TRUE,"","NULL","",5.94499999999994
4724,8321675,1,0.5,FALSE,NA,1,0.8,5,47,5,"!{meno} & {pgr <= 8}",686,246,305,0.444606413994169,TRUE,"","NULL","",4.31699999999989
4725,8321676,1,0.5,FALSE,NA,1,0.99,170,502,170,"{size <= 20} & {er <= 44}",686,246,315,0.459183673469388,TRUE,"","NULL","",11.2470000000001
4726,8321677,1,0.5,FALSE,NA,1,0.83,12,77,12,"{nodes <= 7} & {grade3}",686,246,315,0.459183673469388,TRUE,"","NULL","",5.37900000000002
4727,8321678,1,0.5,FALSE,NA,1,0.57,1,21,1,"!{size <= 25} & {nodes <= 1}",686,246,310,0.451895043731778,TRUE,"","NULL","",4.3119999999999
4728,8321679,1,0.5,FALSE,NA,1,0.96,24,82,24,"!{er <= 174} & !{age <= 46}",686,246,285,0.415451895043732,TRUE,"","NULL","",3.64300000000003
4729,8321680,1,0.5,FALSE,NA,1,0.92,60,197,60,"{pgr <= 16} & !{age <= 53}",686,246,297,0.432944606413994,TRUE,"","NULL","",7.28800000000001
4730,8321681,1,0.5,FALSE,NA,0,NA,0,22,0,"",686,246,327,0.47667638483965,TRUE,"","NULL","",4.42699999999991
4731,8321682,1,0.5,FALSE,NA,1,0.86,7,41,7,"{grade3} & !{er <= 9}",686,246,299,0.435860058309038,TRUE,"","NULL","",5.01099999999997
4732,8321683,1,0.5,FALSE,NA,1,0.86,12,36,12,"{er <= 100} & !{age <= 61}",686,246,305,0.444606413994169,TRUE,"","NULL","",4.17099999999994
4733,8321684,1,0.5,FALSE,NA,0,NA,0,13,0,"",686,246,307,0.447521865889213,TRUE,"","NULL","",4.71500000000003
4734,8321685,1,0.5,FALSE,NA,1,0.9,12,52,12,"!{age <= 61} & {er <= 70}",686,246,305,0.444606413994169,TRUE,"","NULL","",4.85800000000006
4735,8321686,1,0.5,FALSE,NA,1,0.96,70,190,70,"{size <= 20} & !{er <= 30}",686,246,331,0.482507288629738,TRUE,"","NULL","",7.01999999999998
4736,8321687,1,0.5,FALSE,NA,1,0.88,4,25,4,"{er <= 100} & !{er <= 70}",686,246,280,0.408163265306122,TRUE,"","NULL","",4.02499999999998
4737,8321688,1,0.5,FALSE,NA,1,0.81,6,21,6,"!{pgr <= 184} & {er <= 294}",686,246,304,0.443148688046647,TRUE,"","NULL","",4.72400000000005
4738,8321689,1,0.5,FALSE,NA,0,NA,0,17,0,"",686,246,293,0.427113702623907,TRUE,"","NULL","",4.553
4739,8321690,1,0.5,FALSE,NA,0,NA,0,1,0,"",686,246,306,0.446064139941691,TRUE,"","NULL","",4.279
4740,8321691,1,0.5,FALSE,NA,1,0.96,17,50,17,"{age <= 53} & !{er <= 70}",686,246,313,0.456268221574344,TRUE,"","NULL","",4.94400000000007
4741,8321692,1,0.5,FALSE,NA,1,0.95,49,136,49,"!{er <= 174} & !{age <= 46}",686,246,316,0.46064139941691,TRUE,"","NULL","",6.95399999999995
4742,8321693,1,0.5,FALSE,NA,1,0.98,110,331,110,"!{er <= 30} & {age <= 46}",686,246,290,0.422740524781341,TRUE,"","NULL","",8.45899999999995
4743,8321694,1,0.5,FALSE,NA,1,0.73,5,61,5,"{size <= 20} & {age <= 53}",686,246,316,0.46064139941691,TRUE,"","NULL","",5.06500000000005
4744,8321695,1,0.5,FALSE,NA,1,0.96,46,168,46,"{er <= 9} & !{er <= 3}",686,246,292,0.425655976676385,TRUE,"","NULL","",4.67200000000003
4745,8321696,1,0.5,FALSE,NA,1,0.65,4,28,4,"!{nodes <= 7} & {meno}",686,246,299,0.435860058309038,TRUE,"","NULL","",4.99800000000005
4746,8321697,1,0.5,FALSE,NA,1,0.93,15,52,15,"{grade3} & {nodes <= 7}",686,246,314,0.457725947521866,TRUE,"","NULL","",5.29700000000003
4747,8321698,1,0.5,FALSE,NA,1,0.91,42,148,42,"!{pgr <= 114} & {age <= 61}",686,246,287,0.418367346938776,TRUE,"","NULL","",6.15700000000004
4748,8321699,1,0.5,FALSE,NA,1,0.55,3,20,3,"{pgr <= 8} & {age <= 53}",686,246,291,0.424198250728863,TRUE,"","NULL","",4.28700000000003
4749,8321700,1,0.5,FALSE,NA,1,0.92,22,96,22,"{age <= 53} & {meno}",686,246,318,0.463556851311953,TRUE,"","NULL","",6.49199999999996
4750,8321701,1,0.5,FALSE,NA,1,0.83,13,81,13,"{size <= 20} & {er <= 44}",686,246,299,0.435860058309038,TRUE,"","NULL","",4.95999999999992
4751,8321702,1,0.5,FALSE,NA,1,0.82,26,90,26,"{grade3} & {age <= 61}",686,246,307,0.447521865889213,TRUE,"","NULL","",5.11799999999994
4752,8321703,1,0.5,FALSE,NA,1,0.77,2,27,2,"!{nodes <= 1} & !{pgr <= 184}",686,246,296,0.431486880466472,TRUE,"","NULL","",4.43999999999994
4753,8321704,1,0.5,FALSE,NA,1,0.85,9,88,9,"{size <= 25} & {age <= 46}",686,246,297,0.432944606413994,TRUE,"","NULL","",6.19399999999996
4754,8321705,1,0.5,FALSE,NA,1,0.96,92,301,92,"!{er <= 70} & {size <= 29}",686,246,278,0.405247813411079,TRUE,"","NULL","",8.24300000000005
4755,8321706,1,0.5,FALSE,NA,1,0.72,5,14,5,"!{size <= 25} & {nodes <= 3}",686,246,309,0.450437317784257,TRUE,"","NULL","",4.84000000000003
4756,8321707,1,0.5,FALSE,NA,1,0.73,7,39,7,"!{size <= 20} & !{pgr <= 45}",686,246,301,0.438775510204082,TRUE,"","NULL","",3.67500000000007
4757,8321708,1,0.5,FALSE,NA,1,0.89,19,48,19,"{grade3} & !{size <= 20}",686,246,309,0.450437317784257,TRUE,"","NULL","",5.53600000000006
4758,8321709,1,0.5,FALSE,NA,1,0.99,181,434,181,"{er <= 44} & !{pgr <= 77}",686,246,309,0.450437317784257,TRUE,"","NULL","",10.029
4759,8321710,1,0.5,FALSE,NA,1,0.86,15,40,15,"{pgr <= 45} & !{nodes <= 7}",686,246,297,0.432944606413994,TRUE,"","NULL","",4.67100000000005
4760,8321711,1,0.5,FALSE,NA,1,0.98,97,273,97,"!{er <= 100} & {size <= 29}",686,246,301,0.438775510204082,TRUE,"","NULL","",5.63599999999997
4761,8321712,1,0.5,FALSE,NA,1,0.86,13,70,13,"{er <= 3} & {pgr <= 0}",686,246,295,0.43002915451895,TRUE,"","NULL","",5.31799999999998
4762,8321713,1,0.5,FALSE,NA,1,0.86,8,40,8,"!{pgr <= 184} & !{age <= 46}",686,246,314,0.457725947521866,TRUE,"","NULL","",4.87699999999995
4763,8321714,1,0.5,FALSE,NA,1,0.92,19,115,19,"{er <= 100} & !{er <= 44}",686,246,287,0.418367346938776,TRUE,"","NULL","",5.28899999999999
4764,8321715,1,0.5,FALSE,NA,1,0.57,3,23,3,"!{meno} & !{age <= 46}",686,246,296,0.431486880466472,TRUE,"","NULL","",4.41300000000001
4765,8321716,1,0.5,FALSE,NA,1,0.98,33,136,33,"!{er <= 100} & {er <= 174}",686,246,309,0.450437317784257,TRUE,"","NULL","",6.97899999999993
4766,8321717,1,0.5,FALSE,NA,1,0.89,10,58,10,"!{pgr <= 114} & {size <= 29}",686,246,289,0.421282798833819,TRUE,"","NULL","",5.05700000000002
4767,8321718,1,0.5,FALSE,NA,1,0.67,2,30,2,"!{size <= 35} & {er <= 70}",686,246,296,0.431486880466472,TRUE,"","NULL","",4.46900000000005
4768,8321719,1,0.5,FALSE,NA,1,0.95,32,92,32,"{size <= 20} & {er <= 30}",686,246,299,0.435860058309038,TRUE,"","NULL","",5.14300000000003
4769,8321720,1,0.5,FALSE,NA,1,0.82,21,75,21,"{size <= 20} & {nodes <= 7}",686,246,291,0.424198250728863,TRUE,"","NULL","",5.2170000000001
4770,8321721,1,0.5,FALSE,NA,1,0.63,3,24,3,"{er <= 3} & {size <= 29}",686,246,292,0.425655976676385,TRUE,"","NULL","",4.49199999999996
4771,8321722,1,0.5,FALSE,NA,1,0.97,128,351,128,"!{age <= 61} & !{pgr <= 16}",686,246,324,0.472303206997085,TRUE,"","NULL","",8.87199999999996
4772,8321723,1,0.5,FALSE,NA,1,1,45,118,45,"{grade3} & {er <= 3}",686,246,320,0.466472303206997,TRUE,"","NULL","",4.78899999999999
4773,8321724,1,0.5,FALSE,NA,1,0.85,20,88,20,"{pgr <= 45} & !{er <= 30}",686,246,322,0.469387755102041,TRUE,"","NULL","",5.85000000000002
4774,8321725,1,0.5,FALSE,NA,1,0.92,113,401,113,"!{nodes <= 3} & !{er <= 70}",686,246,299,0.435860058309038,TRUE,"","NULL","",9.51400000000001
4775,8321726,1,0.5,FALSE,NA,1,0.99,147,310,147,"!{nodes <= 5} & {pgr <= 114}",686,246,296,0.431486880466472,TRUE,"","NULL","",7.51099999999997
4776,8321727,1,0.5,FALSE,NA,1,0.74,10,57,10,"!{nodes <= 5} & {er <= 17}",686,246,297,0.432944606413994,TRUE,"","NULL","",3.41700000000003
4777,8321728,1,0.5,FALSE,NA,1,0.93,12,79,12,"!{age <= 53} & {size <= 20}",686,246,308,0.448979591836735,TRUE,"","NULL","",5.66100000000006
4778,8321729,1,0.5,FALSE,NA,1,0.79,23,119,23,"{pgr <= 26} & !{nodes <= 3}",686,246,294,0.428571428571429,TRUE,"","NULL","",6.27600000000007
4779,8321730,1,0.5,FALSE,NA,1,0.84,10,65,10,"!{age <= 53} & {er <= 17}",686,246,277,0.403790087463557,TRUE,"","NULL","",4.56899999999996
4780,8321731,1,0.5,FALSE,NA,1,0.73,13,55,13,"!{size <= 25} & !{pgr <= 8}",686,246,288,0.419825072886297,TRUE,"","NULL","",4.54200000000003
4781,8321732,1,0.5,FALSE,NA,1,0.77,12,33,12,"!{age <= 61} & !{er <= 9}",686,246,311,0.4533527696793,TRUE,"","NULL","",4.98299999999995
4782,8321733,1,0.5,FALSE,NA,1,0.91,18,114,18,"!{nodes <= 3} & !{pgr <= 114}",686,246,318,0.463556851311953,TRUE,"","NULL","",6.08000000000004
4783,8321734,1,0.5,FALSE,NA,1,0.87,15,52,15,"!{pgr <= 45} & !{size <= 29}",686,246,288,0.419825072886297,TRUE,"","NULL","",4.76800000000003
4784,8321735,1,0.5,FALSE,NA,1,0.77,7,38,7,"!{pgr <= 184} & !{age <= 46}",686,246,299,0.435860058309038,TRUE,"","NULL","",4.49000000000001
4785,8321736,1,0.5,FALSE,NA,1,0.94,63,240,63,"!{meno} & !{er <= 44}",686,246,289,0.421282798833819,TRUE,"","NULL","",7.779
4786,8321737,1,0.5,FALSE,NA,1,0.75,3,19,3,"!{size <= 25} & !{er <= 100}",686,246,310,0.451895043731778,TRUE,"","NULL","",4.86300000000006
4787,8321738,1,0.5,FALSE,NA,1,0.95,90,339,90,"{nodes <= 1} & !{grade3}",686,246,294,0.428571428571429,TRUE,"","NULL","",7.78899999999999
4788,8321739,1,0.5,FALSE,NA,1,0.78,7,44,7,"{nodes <= 3} & {er <= 30}",686,246,310,0.451895043731778,TRUE,"","NULL","",3.81799999999998
4789,8321740,1,0.5,FALSE,NA,1,0.76,12,37,12,"{er <= 44} & !{pgr <= 26}",686,246,306,0.446064139941691,TRUE,"","NULL","",5.25099999999998
4790,8321741,1,0.5,FALSE,NA,1,0.95,20,107,20,"{size <= 20} & !{nodes <= 3}",686,246,313,0.456268221574344,TRUE,"","NULL","",6.03300000000002
4791,8321742,1,0.5,FALSE,NA,1,0.97,61,199,61,"{nodes <= 5} & {er <= 3}",686,246,302,0.440233236151603,TRUE,"","NULL","",7.17399999999998
4792,8321743,1,0.5,FALSE,NA,1,0.81,17,67,17,"!{grade3} & !{age <= 61}",686,246,292,0.425655976676385,TRUE,"","NULL","",4.12800000000004
4793,8321744,1,0.5,FALSE,NA,0,NA,0,1,0,"",686,246,294,0.428571428571429,TRUE,"","NULL","",4.38199999999995
4794,8321745,1,0.5,FALSE,NA,1,0.79,11,65,11,"{size <= 29} & !{er <= 70}",686,246,319,0.465014577259475,TRUE,"","NULL","",5.54099999999994
4795,8321746,1,0.5,FALSE,NA,1,0.88,31,151,31,"!{er <= 174} & !{pgr <= 26}",686,246,307,0.447521865889213,TRUE,"","NULL","",6.12399999999991
4796,8321747,1,0.5,FALSE,NA,1,0.53,1,13,1,"!{age <= 53} & {nodes <= 1}",686,246,291,0.424198250728863,TRUE,"","NULL","",4.37
4797,8321748,1,0.5,FALSE,NA,1,0.65,1,7,1,"!{er <= 9} & {er <= 17}",686,246,304,0.443148688046647,TRUE,"","NULL","",4.72400000000005
4798,8321749,1,0.5,FALSE,NA,1,0.73,10,56,10,"{nodes <= 1} & {er <= 44}",686,246,296,0.431486880466472,TRUE,"","NULL","",5.30000000000007
4799,8321750,1,0.5,FALSE,NA,1,0.94,35,136,35,"!{age <= 61} & !{er <= 3}",686,246,321,0.467930029154519,TRUE,"","NULL","",5.98599999999999
4800,8321751,1,0.5,FALSE,NA,1,0.93,57,202,57,"!{pgr <= 184} & !{grade3}",686,246,290,0.422740524781341,TRUE,"","NULL","",6.15700000000004
4801,8321752,1,0.5,FALSE,NA,1,0.57,1,31,1,"!{size <= 25} & !{age <= 61}",686,246,303,0.441690962099125,TRUE,"","NULL","",4.94400000000007
4802,8321753,1,0.5,FALSE,NA,1,0.59,5,38,5,"{nodes <= 3} & {pgr <= 26}",686,246,311,0.4533527696793,TRUE,"","NULL","",5.154
4803,8321754,1,0.5,FALSE,NA,1,0.81,5,14,5,"{pgr <= 8} & !{pgr <= 0}",686,246,302,0.440233236151603,TRUE,"","NULL","",4.37900000000002
4804,8321755,1,0.5,FALSE,NA,1,0.96,61,159,61,"!{pgr <= 114} & {size <= 25}",686,246,316,0.46064139941691,TRUE,"","NULL","",6.33699999999999
4805,8321756,1,0.5,FALSE,NA,1,0.8,11,78,11,"{grade3} & !{size <= 25}",686,246,295,0.43002915451895,TRUE,"","NULL","",5.798
4806,8321757,1,0.5,FALSE,NA,1,0.89,25,107,25,"!{size <= 35} & !{er <= 3}",686,246,293,0.427113702623907,TRUE,"","NULL","",5.95299999999997
4807,8321758,1,0.5,FALSE,NA,1,0.74,5,54,5,"!{er <= 44} & {size <= 20}",686,246,293,0.427113702623907,TRUE,"","NULL","",5.29699999999991
4808,8321759,1,0.5,FALSE,NA,1,0.91,81,299,81,"{er <= 17} & !{er <= 3}",686,246,309,0.450437317784257,TRUE,"","NULL","",6.404
4809,8321760,1,0.5,FALSE,NA,1,0.79,4,22,4,"{grade3} & !{pgr <= 8}",686,246,287,0.418367346938776,TRUE,"","NULL","",5.14100000000008
4810,8321761,1,0.5,FALSE,NA,1,0.88,24,114,24,"!{er <= 3} & {grade3}",686,246,276,0.402332361516035,TRUE,"","NULL","",5.57799999999997
4811,8321762,1,0.5,FALSE,NA,1,0.93,22,84,22,"{pgr <= 16} & {nodes <= 3}",686,246,331,0.482507288629738,TRUE,"","NULL","",5.45900000000006
4812,8321763,1,0.5,FALSE,NA,1,0.77,24,88,24,"{age <= 53} & !{er <= 44}",686,246,293,0.427113702623907,TRUE,"","NULL","",4.61299999999994
4813,8321764,1,0.5,FALSE,NA,1,0.81,27,118,27,"!{grade3} & !{er <= 100}",686,246,317,0.462099125364431,TRUE,"","NULL","",6.77299999999991
4814,8321765,1,0.5,FALSE,NA,1,0.98,74,238,74,"!{size <= 35} & {nodes <= 5}",686,246,320,0.466472303206997,TRUE,"","NULL","",6.92999999999995
4815,8321766,1,0.5,FALSE,NA,1,0.73,9,58,9,"!{size <= 20} & {nodes <= 1}",686,246,315,0.459183673469388,TRUE,"","NULL","",4.96599999999989
4816,8321767,1,0.5,FALSE,NA,1,0.96,27,103,27,"{age <= 61} & !{er <= 100}",686,246,311,0.4533527696793,TRUE,"","NULL","",4.55499999999995
4817,8321768,1,0.5,FALSE,NA,1,0.88,39,125,39,"!{size <= 29} & !{pgr <= 8}",686,246,320,0.466472303206997,TRUE,"","NULL","",6.03899999999999
4818,8321769,1,0.5,FALSE,NA,1,0.91,18,62,18,"{pgr <= 2} & !{size <= 20}",686,246,308,0.448979591836735,TRUE,"","NULL","",5.23500000000001
4819,8321770,1,0.5,FALSE,NA,1,0.64,1,13,1,"!{grade3} & {er <= 3}",686,246,297,0.432944606413994,TRUE,"","NULL","",4.20699999999999
4820,8321771,1,0.5,FALSE,NA,1,0.81,5,34,5,"!{pgr <= 184} & {size <= 35}",686,246,328,0.478134110787172,TRUE,"","NULL","",4.96199999999999
4821,8321772,1,0.5,FALSE,NA,1,0.83,16,112,16,"{size <= 25} & !{pgr <= 8}",686,246,323,0.470845481049563,TRUE,"","NULL","",6.69899999999996
4822,8321773,1,0.5,FALSE,NA,1,0.99,124,333,124,"!{nodes <= 5} & {size <= 29}",686,246,302,0.440233236151603,TRUE,"","NULL","",8.42399999999998
4823,8321774,1,0.5,FALSE,NA,1,0.79,23,94,23,"!{pgr <= 77} & {size <= 35}",686,246,288,0.419825072886297,TRUE,"","NULL","",5.48200000000008
4824,8321775,1,0.5,FALSE,NA,1,0.96,27,102,27,"{size <= 20} & !{pgr <= 77}",686,246,285,0.415451895043732,TRUE,"","NULL","",4.005
4825,8321776,1,0.5,FALSE,NA,1,0.63,1,2,1,"!{size <= 29} & !{pgr <= 77}",686,246,288,0.419825072886297,TRUE,"","NULL","",4.67399999999998
4826,8321777,1,0.5,FALSE,NA,0,NA,0,3,0,"",686,246,295,0.43002915451895,TRUE,"","NULL","",4.27199999999993
4827,8321778,1,0.5,FALSE,NA,1,0.93,11,111,11,"{age <= 53} & {pgr <= 2}",686,246,299,0.435860058309038,TRUE,"","NULL","",5.68500000000006
4828,8321779,1,0.5,FALSE,NA,1,0.83,21,151,21,"!{meno} & !{nodes <= 3}",686,246,285,0.415451895043732,TRUE,"","NULL","",5.904
4829,8321780,1,0.5,FALSE,NA,1,0.89,23,114,23,"!{nodes <= 1} & {er <= 9}",686,246,298,0.434402332361516,TRUE,"","NULL","",6.04099999999994
4830,8321781,1,0.5,FALSE,NA,1,0.86,13,73,13,"{size <= 25} & !{er <= 44}",686,246,291,0.424198250728863,TRUE,"","NULL","",5.12700000000007
4831,8321782,1,0.5,FALSE,NA,1,0.87,67,264,67,"!{pgr <= 16} & {size <= 20}",686,246,289,0.421282798833819,TRUE,"","NULL","",7.73599999999999
4832,8321783,1,0.5,FALSE,NA,1,0.94,78,235,78,"!{pgr <= 114} & !{er <= 44}",686,246,304,0.443148688046647,TRUE,"","NULL","",5.43899999999996
4833,8321784,1,0.5,FALSE,NA,1,1,169,382,169,"!{er <= 70} & {age <= 53}",686,246,293,0.427113702623907,TRUE,"","NULL","",9.505
4834,8321785,1,0.5,FALSE,NA,1,0.86,16,92,16,"{size <= 29} & {er <= 9}",686,246,298,0.434402332361516,TRUE,"","NULL","",5.21300000000008
4835,8321786,1,0.5,FALSE,NA,1,0.66,3,17,3,"!{meno} & !{age <= 46}",686,246,310,0.451895043731778,TRUE,"","NULL","",4.67700000000002
4836,8321787,1,0.5,FALSE,NA,1,0.91,11,50,11,"!{meno} & !{er <= 44}",686,246,297,0.432944606413994,TRUE,"","NULL","",3.74300000000005
4837,8321788,1,0.5,FALSE,NA,0,NA,0,3,0,"",686,246,291,0.424198250728863,TRUE,"","NULL","",4.23400000000004
4838,8321789,1,0.5,FALSE,NA,1,0.95,16,56,16,"!{er <= 70} & {age <= 53}",686,246,295,0.43002915451895,TRUE,"","NULL","",4.74800000000005
4839,8321790,1,0.5,FALSE,NA,1,0.67,1,36,1,"{er <= 44} & !{age <= 61}",686,246,299,0.435860058309038,TRUE,"","NULL","",4.76300000000003
4840,8321791,1,0.5,FALSE,NA,1,0.99,111,204,111,"!{pgr <= 45} & {size <= 20}",686,246,312,0.454810495626822,TRUE,"","NULL","",6.55200000000002
4841,8321792,1,0.5,FALSE,NA,1,0.8,6,69,6,"!{age <= 46} & {pgr <= 8}",686,246,308,0.448979591836735,TRUE,"","NULL","",5.83000000000004
4842,8321793,1,0.5,FALSE,NA,1,0.77,3,42,3,"{nodes <= 3} & !{pgr <= 114}",686,246,303,0.441690962099125,TRUE,"","NULL","",5.29100000000005
4843,8321794,1,0.5,FALSE,NA,1,0.82,5,25,5,"{age <= 53} & {meno}",686,246,284,0.41399416909621,TRUE,"","NULL","",4.5
4844,8321795,1,0.5,FALSE,NA,1,0.95,24,159,24,"!{meno} & !{er <= 70}",686,246,298,0.434402332361516,TRUE,"","NULL","",5.82499999999993
4845,8321796,1,0.5,FALSE,NA,1,0.95,22,64,22,"{size <= 20} & !{pgr <= 8}",686,246,303,0.441690962099125,TRUE,"","NULL","",5.37399999999991
4846,8321797,1,0.5,FALSE,NA,1,0.98,25,63,25,"!{grade3} & !{size <= 35}",686,246,306,0.446064139941691,TRUE,"","NULL","",5.38099999999997
4847,8321798,1,0.5,FALSE,NA,1,0.83,1,18,1,"!{age <= 61} & !{pgr <= 77}",686,246,309,0.450437317784257,TRUE,"","NULL","",4.495
4848,8321799,1,0.5,FALSE,NA,1,0.94,76,219,76,"!{er <= 174} & !{grade3}",686,246,303,0.441690962099125,TRUE,"","NULL","",6.49400000000003
4849,8321800,1,0.5,FALSE,NA,1,0.55,1,29,1,"!{er <= 3} & {er <= 9}",686,246,281,0.409620991253644,TRUE,"","NULL","",4.66099999999994
4850,8321801,1,0.5,FALSE,NA,1,0.95,27,80,27,"!{er <= 294}",686,246,291,0.424198250728863,TRUE,"","NULL","",5.23599999999999
4851,8321802,1,0.5,FALSE,NA,1,0.92,30,118,30,"{age <= 53} & !{er <= 44}",686,246,289,0.421282798833819,TRUE,"","NULL","",5.97200000000009
4852,8321803,1,0.5,FALSE,NA,1,0.91,20,86,20,"{nodes <= 1} & !{meno}",686,246,292,0.425655976676385,TRUE,"","NULL","",5.26999999999998
4853,8321804,1,0.5,FALSE,NA,1,1,81,164,81,"!{size <= 25} & !{er <= 100}",686,246,295,0.43002915451895,TRUE,"","NULL","",7.48400000000004
4854,8321805,1,0.5,FALSE,NA,1,0.96,30,91,30,"!{pgr <= 184} & {age <= 61}",686,246,299,0.435860058309038,TRUE,"","NULL","",5.553
4855,8321806,1,0.5,FALSE,NA,1,0.99,176,441,176,"{er <= 17} & !{pgr <= 16}",686,246,291,0.424198250728863,TRUE,"","NULL","",9.06899999999996
4856,8321807,1,0.5,FALSE,NA,1,0.92,10,49,10,"!{pgr <= 77} & {nodes <= 1}",686,246,290,0.422740524781341,TRUE,"","NULL","",3.36200000000008
4857,8321808,1,0.5,FALSE,NA,1,0.72,2,25,2,"!{age <= 61} & {nodes <= 3}",686,246,309,0.450437317784257,TRUE,"","NULL","",4.85199999999998
4858,8321809,1,0.5,FALSE,NA,1,0.59,1,21,1,"{nodes <= 1} & !{age <= 53}",686,246,304,0.443148688046647,TRUE,"","NULL","",4.77700000000004
4859,8321810,1,0.5,FALSE,NA,1,0.91,50,172,50,"!{pgr <= 45} & !{age <= 53}",686,246,314,0.457725947521866,TRUE,"","NULL","",6.79200000000003
4860,8321811,1,0.5,FALSE,NA,1,0.81,4,46,4,"!{nodes <= 3} & {age <= 53}",686,246,291,0.424198250728863,TRUE,"","NULL","",4.23099999999999
4861,8321812,1,0.5,FALSE,NA,1,0.87,17,63,17,"{age <= 46} & {size <= 29}",686,246,297,0.432944606413994,TRUE,"","NULL","",5.24699999999996
4862,8321813,1,0.5,FALSE,NA,0,NA,0,3,0,"",686,246,297,0.432944606413994,TRUE,"","NULL","",4.255
4863,8321814,1,0.5,FALSE,NA,1,0.84,3,15,3,"!{grade3} & {er <= 9}",686,246,290,0.422740524781341,TRUE,"","NULL","",4.31899999999996
4864,8321815,1,0.5,FALSE,NA,1,0.98,26,85,26,"{grade3} & {size <= 25}",686,246,293,0.427113702623907,TRUE,"","NULL","",5.06399999999996
4865,8321816,1,0.5,FALSE,NA,1,0.92,44,155,44,"{nodes <= 1} & {age <= 53}",686,246,306,0.446064139941691,TRUE,"","NULL","",6.77499999999998
4866,8321817,1,0.5,FALSE,NA,0,NA,0,6,0,"",686,246,304,0.443148688046647,TRUE,"","NULL","",4.25099999999998
4867,8321818,1,0.5,FALSE,NA,1,0.93,102,306,102,"!{size <= 29} & {er <= 30}",686,246,302,0.440233236151603,TRUE,"","NULL","",8.10199999999998
4868,8321819,1,0.5,FALSE,NA,1,0.88,38,139,38,"!{er <= 3} & !{pgr <= 184}",686,246,293,0.427113702623907,TRUE,"","NULL","",4.55099999999993
4869,8321820,1,0.5,FALSE,NA,1,0.62,6,15,6,"!{pgr <= 45} & {age <= 53}",686,246,292,0.425655976676385,TRUE,"","NULL","",4.54700000000003
4870,8321821,1,0.5,FALSE,NA,1,0.93,23,80,23,"!{er <= 17} & {pgr <= 16}",686,246,316,0.46064139941691,TRUE,"","NULL","",5.38
4871,8321822,1,0.5,FALSE,NA,1,0.7,4,27,4,"!{pgr <= 184} & !{age <= 46}",686,246,306,0.446064139941691,TRUE,"","NULL","",4.69500000000005
4872,8321823,1,0.5,FALSE,NA,1,0.99,54,149,54,"!{size <= 35} & !{er <= 30}",686,246,296,0.431486880466472,TRUE,"","NULL","",5.81499999999994
4873,8321824,1,0.5,FALSE,NA,1,0.82,8,58,8,"!{pgr <= 114} & !{er <= 174}",686,246,307,0.447521865889213,TRUE,"","NULL","",5.52999999999997
4874,8321825,1,0.5,FALSE,NA,1,0.55,1,13,1,"!{pgr <= 184} & !{er <= 100}",686,246,286,0.416909620991254,TRUE,"","NULL","",4.803
4875,8321826,1,0.5,FALSE,NA,1,0.98,81,414,81,"{er <= 174} & !{er <= 70}",686,246,294,0.428571428571429,TRUE,"","NULL","",9.34000000000003
4876,8321827,1,0.5,FALSE,NA,1,0.97,112,258,112,"!{er <= 174} & {nodes <= 5}",686,246,301,0.438775510204082,TRUE,"","NULL","",5.46399999999994
4877,8321828,1,0.5,FALSE,NA,1,0.92,5,33,5,"!{size <= 25} & !{age <= 61}",686,246,302,0.440233236151603,TRUE,"","NULL","",5.07900000000006
4878,8321829,1,0.5,FALSE,NA,1,0.96,16,73,16,"{size <= 29} & !{size <= 20}",686,246,296,0.431486880466472,TRUE,"","NULL","",5.5
4879,8321830,1,0.5,FALSE,NA,1,0.98,49,202,49,"{pgr <= 26} & !{er <= 44}",686,246,309,0.450437317784257,TRUE,"","NULL","",6.93200000000002
4880,8321831,1,0.5,FALSE,NA,1,0.96,70,214,70,"!{er <= 100} & {size <= 29}",686,246,304,0.443148688046647,TRUE,"","NULL","",6.02499999999998
4881,8321832,1,0.5,FALSE,NA,1,0.88,5,54,5,"!{age <= 61} & !{er <= 100}",686,246,308,0.448979591836735,TRUE,"","NULL","",5.43799999999999
4882,8321833,1,0.5,FALSE,NA,1,0.73,5,31,5,"!{age <= 61} & {pgr <= 26}",686,246,287,0.418367346938776,TRUE,"","NULL","",4.82000000000005
4883,8321834,1,0.5,FALSE,NA,1,0.89,14,79,14,"!{er <= 100} & !{nodes <= 1}",686,246,288,0.419825072886297,TRUE,"","NULL","",5.08699999999999
4884,8321835,1,0.5,FALSE,NA,1,0.99,29,97,29,"!{size <= 25} & !{pgr <= 114}",686,246,297,0.432944606413994,TRUE,"","NULL","",5.21500000000003
4885,8321836,1,0.5,FALSE,NA,1,0.96,82,197,82,"{nodes <= 1} & !{age <= 46}",686,246,306,0.446064139941691,TRUE,"","NULL","",7.30100000000004
4886,8321837,1,0.5,FALSE,NA,1,1,128,242,128,"!{pgr <= 45} & {age <= 53}",686,246,297,0.432944606413994,TRUE,"","NULL","",7.15600000000006
4887,8321838,1,0.5,FALSE,NA,1,0.77,21,117,21,"{pgr <= 2} & {er <= 70}",686,246,295,0.43002915451895,TRUE,"","NULL","",5.53100000000006
4888,8321839,1,0.5,FALSE,NA,1,0.94,45,159,45,"{er <= 9} & !{er <= 0}",686,246,280,0.408163265306122,TRUE,"","NULL","",4.40300000000002
4889,8321840,1,0.5,FALSE,NA,1,0.96,64,257,64,"!{pgr <= 16} & {er <= 30}",686,246,302,0.440233236151603,TRUE,"","NULL","",7.98199999999997
4890,8321841,1,0.5,FALSE,NA,1,0.88,2,29,2,"{age <= 46} & !{er <= 30}",686,246,285,0.415451895043732,TRUE,"","NULL","",4.33400000000006
4891,8321842,1,0.5,FALSE,NA,1,0.77,1,4,1,"{pgr <= 77} & !{er <= 100}",686,246,307,0.447521865889213,TRUE,"","NULL","",4.26700000000005
4892,8321843,1,0.5,FALSE,NA,1,0.83,12,59,12,"!{grade3} & {er <= 9}",686,246,293,0.427113702623907,TRUE,"","NULL","",4.23700000000008
4893,8321844,1,0.5,FALSE,NA,1,0.77,13,51,13,"!{er <= 174} & !{grade3}",686,246,267,0.389212827988338,TRUE,"","NULL","",5.62900000000002
4894,8321845,1,0.5,FALSE,NA,1,0.96,28,84,28,"!{er <= 30} & {er <= 70}",686,246,303,0.441690962099125,TRUE,"","NULL","",5.57399999999996
4895,8321846,1,0.5,FALSE,NA,1,0.97,69,274,69,"!{er <= 3} & {er <= 30}",686,246,309,0.450437317784257,TRUE,"","NULL","",8.05899999999997
4896,8321847,1,0.5,FALSE,NA,1,0.89,18,81,18,"!{age <= 53} & {er <= 44}",686,246,298,0.434402332361516,TRUE,"","NULL","",3.91399999999999
4897,8321848,1,0.5,FALSE,NA,1,0.8,12,99,12,"{age <= 46} & !{nodes <= 1}",686,246,300,0.43731778425656,TRUE,"","NULL","",6.38099999999997
4898,8321849,1,0.5,FALSE,NA,1,0.91,16,50,16,"{er <= 0}",686,246,304,0.443148688046647,TRUE,"","NULL","",4.65300000000002
4899,8321850,1,0.5,FALSE,NA,1,0.76,3,61,3,"{size <= 20} & {age <= 53}",686,246,293,0.427113702623907,TRUE,"","NULL","",5.02499999999998
4900,8321851,1,0.5,FALSE,NA,1,0.63,1,23,1,"!{age <= 61} & {pgr <= 16}",686,246,286,0.416909620991254,TRUE,"","NULL","",4.20000000000005
4901,8321852,1,0.5,FALSE,NA,1,0.7,4,26,4,"{meno} & {age <= 53}",686,246,288,0.419825072886297,TRUE,"","NULL","",4.74300000000005
4902,8321853,1,0.5,FALSE,NA,1,0.96,7,40,7,"!{pgr <= 45} & {er <= 30}",686,246,302,0.440233236151603,TRUE,"","NULL","",4.85199999999998
4903,8321854,1,0.5,FALSE,NA,1,0.88,5,40,5,"!{age <= 53} & {pgr <= 8}",686,246,308,0.448979591836735,TRUE,"","NULL","",4.92399999999998
4904,8321855,1,0.5,FALSE,NA,1,0.93,30,107,30,"{nodes <= 1} & {er <= 174}",686,246,293,0.427113702623907,TRUE,"","NULL","",5.34300000000007
4905,8321856,1,0.5,FALSE,NA,1,0.98,94,220,94,"!{pgr <= 26} & !{er <= 174}",686,246,300,0.43731778425656,TRUE,"","NULL","",7.63800000000003
4906,8321857,1,0.5,FALSE,NA,1,0.94,11,34,11,"!{age <= 61} & {er <= 44}",686,246,299,0.435860058309038,TRUE,"","NULL","",4.74199999999996
4907,8321858,1,0.5,FALSE,NA,1,0.91,16,52,16,"!{pgr <= 114} & {size <= 25}",686,246,294,0.428571428571429,TRUE,"","NULL","",4.82399999999996
4908,8321859,1,0.5,FALSE,NA,1,0.91,13,52,13,"!{size <= 35} & !{age <= 46}",686,246,313,0.456268221574344,TRUE,"","NULL","",4.07499999999993
4909,8321860,1,0.5,FALSE,NA,1,0.6,2,10,2,"{er <= 30} & !{pgr <= 26}",686,246,302,0.440233236151603,TRUE,"","NULL","",5.06200000000001
4910,8321861,1,0.5,FALSE,NA,1,0.98,44,137,44,"!{pgr <= 184} & !{er <= 30}",686,246,317,0.462099125364431,TRUE,"","NULL","",6.33100000000002
4911,8321862,1,0.5,FALSE,NA,0,NA,0,12,0,"",686,246,315,0.459183673469388,TRUE,"","NULL","",4.48199999999997
4912,8321863,1,0.5,FALSE,NA,1,0.83,8,62,8,"!{er <= 174} & !{nodes <= 1}",686,246,309,0.450437317784257,TRUE,"","NULL","",4.53800000000001
4913,8321864,1,0.5,FALSE,NA,1,0.72,8,67,8,"{age <= 46} & {er <= 44}",686,246,300,0.43731778425656,TRUE,"","NULL","",5.42999999999995
4914,8321865,1,0.5,FALSE,NA,1,0.74,2,25,2,"!{nodes <= 7} & !{er <= 17}",686,246,299,0.435860058309038,TRUE,"","NULL","",4.66599999999994
4915,8321866,1,0.5,FALSE,NA,1,0.95,21,74,21,"{er <= 3} & {pgr <= 2}",686,246,301,0.438775510204082,TRUE,"","NULL","",5.45699999999999
4916,8321867,1,0.5,FALSE,NA,1,0.53,1,13,1,"{nodes <= 1} & {er <= 17}",686,246,315,0.459183673469388,TRUE,"","NULL","",4.44799999999998
4917,8321868,1,0.5,FALSE,NA,1,0.68,6,73,6,"!{pgr <= 77} & !{size <= 20}",686,246,307,0.447521865889213,TRUE,"","NULL","",5.73599999999999
4918,8321869,1,0.5,FALSE,NA,1,0.52,2,11,2,"{age <= 46} & !{size <= 20}",686,246,298,0.434402332361516,TRUE,"","NULL","",4.53999999999996
4919,8321870,1,0.5,FALSE,NA,1,0.98,42,166,42,"{nodes <= 3} & {pgr <= 8}",686,246,301,0.438775510204082,TRUE,"","NULL","",6.69599999999991
4920,8321871,1,0.5,FALSE,NA,1,0.77,8,49,8,"!{nodes <= 7} & !{size <= 20}",686,246,306,0.446064139941691,TRUE,"","NULL","",4.21600000000001
4921,8321872,1,0.5,FALSE,NA,1,0.75,7,46,7,"!{er <= 44} & {er <= 100}",686,246,288,0.419825072886297,TRUE,"","NULL","",5.41599999999994
4922,8321873,1,0.5,FALSE,NA,1,0.94,23,78,23,"{nodes <= 3} & !{er <= 100}",686,246,295,0.43002915451895,TRUE,"","NULL","",5.10699999999997
4923,8321874,1,0.5,FALSE,NA,1,0.94,56,142,56,"{nodes <= 1} & {size <= 29}",686,246,277,0.403790087463557,TRUE,"","NULL","",5.8649999999999
4924,8321875,1,0.5,FALSE,NA,1,0.82,10,57,10,"!{er <= 70} & !{age <= 61}",686,246,295,0.43002915451895,TRUE,"","NULL","",4.68600000000004
4925,8321876,1,0.5,FALSE,NA,1,0.89,35,165,35,"{size <= 20} & {pgr <= 77}",686,246,295,0.43002915451895,TRUE,"","NULL","",7.07500000000005
4926,8321877,1,0.5,FALSE,NA,1,0.57,4,36,4,"!{age <= 46} & {nodes <= 1}",686,246,306,0.446064139941691,TRUE,"","NULL","",4.56799999999998
4927,8321878,1,0.5,FALSE,NA,1,0.76,7,57,7,"{er <= 44} & !{er <= 17}",686,246,306,0.446064139941691,TRUE,"","NULL","",4.80799999999999
4928,8321879,1,0.5,FALSE,NA,1,0.75,6,49,6,"!{age <= 61} & {size <= 35}",686,246,300,0.43731778425656,TRUE,"","NULL","",4.49400000000003
4929,8321880,1,0.5,FALSE,NA,1,1,108,335,108,"{pgr <= 0} & {age <= 61}",686,246,287,0.418367346938776,TRUE,"","NULL","",8.84699999999998
4930,8321881,1,0.5,FALSE,NA,1,0.95,47,169,47,"!{size <= 25} & !{pgr <= 16}",686,246,304,0.443148688046647,TRUE,"","NULL","",6.4670000000001
4931,8321882,1,0.5,FALSE,NA,1,0.68,1,60,1,"!{grade3} & {nodes <= 1}",686,246,307,0.447521865889213,TRUE,"","NULL","",4.86099999999999
4932,8321883,1,0.5,FALSE,NA,1,1,131,323,131,"{size <= 20} & !{nodes <= 1}",686,246,297,0.432944606413994,TRUE,"","NULL","",5.60200000000009
4933,8321884,1,0.5,FALSE,NA,1,0.95,20,125,20,"!{pgr <= 184} & !{age <= 46}",686,246,305,0.444606413994169,TRUE,"","NULL","",6.88699999999994
4934,8321885,1,0.5,FALSE,NA,1,0.96,61,167,61,"!{pgr <= 114} & {age <= 53}",686,246,312,0.454810495626822,TRUE,"","NULL","",6.30599999999993
4935,8321886,1,0.5,FALSE,NA,1,0.93,14,52,14,"{pgr <= 2} & !{nodes <= 1}",686,246,282,0.411078717201166,TRUE,"","NULL","",4.721
4936,8321887,1,0.5,FALSE,NA,1,0.72,5,15,5,"{size <= 29} & {er <= 9}",686,246,304,0.443148688046647,TRUE,"","NULL","",3.64100000000008
4937,8321888,1,0.5,FALSE,NA,0,NA,0,25,0,"",686,246,314,0.457725947521866,TRUE,"","NULL","",4.93200000000002
4938,8321889,1,0.5,FALSE,NA,1,0.97,53,158,53,"!{pgr <= 8} & {pgr <= 16}",686,246,322,0.469387755102041,TRUE,"","NULL","",6.971
4939,8321890,1,0.5,FALSE,NA,1,0.76,7,53,7,"!{age <= 53} & {size <= 20}",686,246,302,0.440233236151603,TRUE,"","NULL","",4.952
4940,8321891,1,0.5,FALSE,NA,1,0.78,3,22,3,"!{pgr <= 114} & !{size <= 25}",686,246,300,0.43731778425656,TRUE,"","NULL","",4.07900000000006
4941,8321892,1,0.5,FALSE,NA,1,0.83,12,69,12,"!{pgr <= 114} & {nodes <= 5}",686,246,292,0.425655976676385,TRUE,"","NULL","",5.7650000000001
4942,8321893,1,0.5,FALSE,NA,1,0.9,30,109,30,"!{pgr <= 114} & {meno}",686,246,277,0.403790087463557,TRUE,"","NULL","",5.90600000000006
4943,8321894,1,0.5,FALSE,NA,1,0.6,5,33,5,"{size <= 20} & {pgr <= 114}",686,246,275,0.400874635568513,TRUE,"","NULL","",4.19000000000005
4944,8321895,1,0.5,FALSE,NA,1,0.56,1,27,1,"{nodes <= 1} & !{er <= 30}",686,246,296,0.431486880466472,TRUE,"","NULL","",4.28700000000003
4945,8321896,1,0.5,FALSE,NA,1,0.96,55,158,55,"{nodes <= 1} & !{pgr <= 8}",686,246,292,0.425655976676385,TRUE,"","NULL","",7.11299999999994
4946,8321897,1,0.5,FALSE,NA,1,0.95,60,205,60,"!{pgr <= 77} & {age <= 53}",686,246,292,0.425655976676385,TRUE,"","NULL","",7.03499999999997
4947,8321898,1,0.5,FALSE,NA,1,0.98,90,238,90,"!{size <= 29} & !{er <= 100}",686,246,327,0.47667638483965,TRUE,"","NULL","",7.00099999999998
4948,8321899,1,0.5,FALSE,NA,1,0.91,37,125,37,"!{pgr <= 184} & !{er <= 30}",686,246,285,0.415451895043732,TRUE,"","NULL","",4.23699999999997
4949,8321900,1,0.5,FALSE,NA,1,0.9,23,108,23,"!{meno} & {pgr <= 26}",686,246,291,0.424198250728863,TRUE,"","NULL","",6.10199999999998
4950,8321901,1,0.5,FALSE,NA,1,0.7,1,8,1,"{er <= 70} & !{er <= 44}",686,246,320,0.466472303206997,TRUE,"","NULL","",4.14999999999998
4951,8321902,1,0.5,FALSE,NA,1,0.83,7,26,7,"!{meno} & {size <= 20}",686,246,309,0.450437317784257,TRUE,"","NULL","",4.46799999999996
4952,8321903,1,0.5,FALSE,NA,1,0.96,11,52,11,"{pgr <= 0} & !{nodes <= 1}",686,246,307,0.447521865889213,TRUE,"","NULL","",5.23699999999997
4953,8321904,1,0.5,FALSE,NA,1,0.98,83,188,83,"{nodes <= 5} & {er <= 9}",686,246,310,0.451895043731778,TRUE,"","NULL","",7.37900000000002
4954,8321905,1,0.5,FALSE,NA,1,0.98,43,128,43,"!{pgr <= 184} & !{grade3}",686,246,309,0.450437317784257,TRUE,"","NULL","",5.78300000000002
4955,8321906,1,0.5,FALSE,NA,1,0.69,6,22,6,"!{pgr <= 77} & {size <= 25}",686,246,305,0.444606413994169,TRUE,"","NULL","",4.44799999999998
4956,8321907,1,0.5,FALSE,NA,0,NA,0,28,0,"",686,246,306,0.446064139941691,TRUE,"","NULL","",3.87900000000002
4957,8321908,1,0.5,FALSE,NA,1,0.92,8,54,8,"!{er <= 30} & {size <= 20}",686,246,307,0.447521865889213,TRUE,"","NULL","",5.62
4958,8321909,1,0.5,FALSE,NA,1,0.98,161,382,161,"!{pgr <= 184} & !{er <= 17}",686,246,286,0.416909620991254,TRUE,"","NULL","",9.255
4959,8321910,1,0.5,FALSE,NA,1,0.79,7,50,7,"!{pgr <= 45} & !{size <= 35}",686,246,310,0.451895043731778,TRUE,"","NULL","",5.03099999999995
4960,8321911,1,0.5,FALSE,NA,0,NA,0,9,0,"",686,246,283,0.412536443148688,TRUE,"","NULL","",3.45499999999993
4961,8321912,1,0.5,FALSE,NA,1,0.98,132,272,132,"{size <= 20} & !{nodes <= 1}",686,246,270,0.393586005830904,TRUE,"","NULL","",8.02600000000007
4962,8321913,1,0.5,FALSE,NA,1,0.95,14,77,14,"{age <= 53} & !{er <= 70}",686,246,309,0.450437317784257,TRUE,"","NULL","",5.25999999999999
4963,8321914,1,0.5,FALSE,NA,1,0.99,15,61,15,"!{age <= 61} & !{er <= 44}",686,246,297,0.432944606413994,TRUE,"","NULL","",5.06100000000004
4964,8321915,1,0.5,FALSE,NA,1,0.6,5,22,5,"!{size <= 25} & !{age <= 53}",686,246,312,0.454810495626822,TRUE,"","NULL","",3.851
4965,8321916,1,0.5,FALSE,NA,1,0.92,14,85,14,"!{age <= 53} & !{pgr <= 114}",686,246,320,0.466472303206997,TRUE,"","NULL","",6.15300000000002
4966,8321917,1,0.5,FALSE,NA,1,0.86,4,31,4,"!{er <= 30} & {size <= 20}",686,246,312,0.454810495626822,TRUE,"","NULL","",4.77300000000002
4967,8321918,1,0.5,FALSE,NA,0,NA,0,2,0,"",686,246,295,0.43002915451895,TRUE,"","NULL","",4.31500000000005
4968,8321919,1,0.5,FALSE,NA,1,0.99,32,90,32,"{er <= 100} & !{pgr <= 114}",686,246,289,0.421282798833819,TRUE,"","NULL","",5.31500000000005
4969,8321920,1,0.5,FALSE,NA,1,0.98,23,120,23,"{nodes <= 7} & !{nodes <= 5}",686,246,308,0.448979591836735,TRUE,"","NULL","",6.79399999999998
4970,8321921,1,0.5,FALSE,NA,1,0.71,3,22,3,"{er <= 3} & !{age <= 46}",686,246,306,0.446064139941691,TRUE,"","NULL","",4.38200000000006
4971,8321922,1,0.5,FALSE,NA,1,0.98,35,151,35,"!{size <= 29} & !{pgr <= 77}",686,246,305,0.444606413994169,TRUE,"","NULL","",6.40300000000002
4972,8321923,1,0.5,FALSE,NA,1,0.85,15,84,15,"{age <= 46} & {nodes <= 3}",686,246,290,0.422740524781341,TRUE,"","NULL","",4.322
4973,8321924,1,0.5,FALSE,NA,1,0.55,1,23,1,"{nodes <= 3} & {pgr <= 8}",686,246,295,0.43002915451895,TRUE,"","NULL","",4.68600000000004
4974,8321925,1,0.5,FALSE,NA,1,0.87,5,30,5,"!{pgr <= 2} & {er <= 17}",686,246,295,0.43002915451895,TRUE,"","NULL","",4.63600000000008
4975,8321926,1,0.5,FALSE,NA,1,0.96,44,126,44,"!{pgr <= 184}",686,246,314,0.457725947521866,TRUE,"","NULL","",5.76700000000005
4976,8321927,1,0.5,FALSE,NA,1,0.9,12,95,12,"{size <= 25} & !{pgr <= 16}",686,246,284,0.41399416909621,TRUE,"","NULL","",5.26800000000003
4977,8321928,1,0.5,FALSE,NA,1,0.91,55,261,55,"{nodes <= 3} & !{er <= 9}",686,246,291,0.424198250728863,TRUE,"","NULL","",8.18399999999997
4978,8321929,1,0.5,FALSE,NA,1,0.87,5,23,5,"!{er <= 44} & !{nodes <= 5}",686,246,315,0.459183673469388,TRUE,"","NULL","",4.76799999999992
4979,8321930,1,0.5,FALSE,NA,1,0.8,10,97,10,"!{er <= 0} & {grade3}",686,246,320,0.466472303206997,TRUE,"","NULL","",5.55599999999993
4980,8321931,1,0.5,FALSE,NA,1,0.84,10,69,10,"!{pgr <= 114} & {nodes <= 5}",686,246,294,0.428571428571429,TRUE,"","NULL","",4.09399999999994
4981,8321932,1,0.5,FALSE,NA,1,0.76,8,47,8,"!{size <= 35} & !{nodes <= 1}",686,246,296,0.431486880466472,TRUE,"","NULL","",5.476
4982,8321933,1,0.5,FALSE,NA,1,0.82,5,30,5,"{nodes <= 1} & {meno}",686,246,289,0.421282798833819,TRUE,"","NULL","",4.87599999999998
4983,8321934,1,0.5,FALSE,NA,1,0.95,11,50,11,"{size <= 20} & {pgr <= 26}",686,246,297,0.432944606413994,TRUE,"","NULL","",5.02800000000002
4984,8321935,1,0.5,FALSE,NA,1,0.73,1,32,1,"!{pgr <= 184} & !{size <= 20}",686,246,296,0.431486880466472,TRUE,"","NULL","",4.52199999999993
4985,8321936,1,0.5,FALSE,NA,1,0.67,3,76,3,"!{age <= 53} & !{size <= 29}",686,246,305,0.444606413994169,TRUE,"","NULL","",6.05400000000009
4986,8321937,1,0.5,FALSE,NA,1,0.82,7,38,7,"!{age <= 61} & !{er <= 30}",686,246,326,0.475218658892128,TRUE,"","NULL","",5.03899999999999
4987,8321938,1,0.5,FALSE,NA,1,0.63,4,19,4,"{nodes <= 1} & !{er <= 30}",686,246,306,0.446064139941691,TRUE,"","NULL","",4.87
4988,8321939,1,0.5,FALSE,NA,1,0.79,6,66,6,"!{pgr <= 8} & {age <= 46}",686,246,306,0.446064139941691,TRUE,"","NULL","",4.68299999999999
4989,8321940,1,0.5,FALSE,NA,1,0.9,18,77,18,"!{age <= 53} & {er <= 44}",686,246,317,0.462099125364431,TRUE,"","NULL","",5.59000000000003
4990,8321941,1,0.5,FALSE,NA,1,0.99,16,55,16,"!{er <= 44} & {pgr <= 45}",686,246,276,0.402332361516035,TRUE,"","NULL","",4.995
4991,8321942,1,0.5,FALSE,NA,1,0.63,3,12,3,"!{pgr <= 45} & {size <= 25}",686,246,308,0.448979591836735,TRUE,"","NULL","",4.90099999999995
4992,8321943,1,0.5,FALSE,NA,1,0.69,4,33,4,"{nodes <= 3} & {er <= 9}",686,246,302,0.440233236151603,TRUE,"","NULL","",4.56600000000003
4993,8321944,1,0.5,FALSE,NA,1,0.68,5,53,5,"!{er <= 30} & {pgr <= 26}",686,246,297,0.432944606413994,TRUE,"","NULL","",3.72199999999998
4994,8321945,1,0.5,FALSE,NA,1,1,36,69,36,"{size <= 20} & !{nodes <= 3}",686,246,303,0.441690962099125,TRUE,"","NULL","",3.79099999999994
4995,8321946,1,0.5,FALSE,NA,1,0.92,32,132,32,"{nodes <= 3} & !{age <= 53}",686,246,297,0.432944606413994,TRUE,"","NULL","",4.22400000000005
4996,8321947,1,0.5,FALSE,NA,0,NA,0,5,0,"",686,246,290,0.422740524781341,TRUE,"","NULL","",3.18799999999999
4997,8321948,1,0.5,FALSE,NA,1,0.89,17,69,17,"!{size <= 35} & {er <= 100}",686,246,301,0.438775510204082,TRUE,"","NULL","",3.60199999999998
4998,8321949,1,0.5,FALSE,NA,1,0.67,2,24,2,"{age <= 53} & !{er <= 70}",686,246,305,0.444606413994169,TRUE,"","NULL","",3.62199999999996
4999,8321950,1,0.5,FALSE,NA,1,0.89,54,194,54,"!{pgr <= 114} & {age <= 61}",686,246,269,0.392128279883382,TRUE,"","NULL","",4.51099999999997
5000,8321951,1,0.5,FALSE,NA,1,0.89,16,72,16,"{nodes <= 1} & {er <= 100}",686,246,319,0.465014577259475,TRUE,"","NULL","",3.88700000000006
