"sim","seed","cell","pstar","errored","error_msg","declared","max_pcons","n_rows_out_sg","n_candidates_total","n_passed","sg.def","n","n_treated","events","event_rate","settings_ok","settings_bad","effect_measure","warnings","seconds"
1,8316952,2,0.5,FALSE,NA,1,0.96,46,167,46,"!{er <= 3} & {er <= 17}",686,246,292,0.425655976676385,TRUE,"","NULL","",7.895
2,8316953,2,0.5,FALSE,NA,1,0.92,32,146,32,"!{pgr <= 2} & {er <= 17}",686,246,285,0.415451895043732,TRUE,"","NULL","",6.444
3,8316954,2,0.5,FALSE,NA,1,0.78,9,58,9,"{size <= 20} & !{er <= 3}",686,246,290,0.422740524781341,TRUE,"","NULL","",4.737
4,8316955,2,0.5,FALSE,NA,1,0.95,111,409,111,"!{meno} & {nodes <= 5}",686,246,300,0.43731778425656,TRUE,"","NULL","",7.277
5,8316956,2,0.5,FALSE,NA,1,0.77,12,82,12,"!{er <= 44} & {age <= 53}",686,246,308,0.448979591836735,TRUE,"","NULL","",6.141
6,8316957,2,0.5,FALSE,NA,1,0.97,70,253,70,"!{nodes <= 5} & {er <= 174}",686,246,318,0.463556851311953,TRUE,"","NULL","",7.881
7,8316958,2,0.5,FALSE,NA,1,0.96,101,269,101,"{grade3} & {pgr <= 26}",686,246,304,0.443148688046647,TRUE,"","NULL","",7.239
8,8316959,2,0.5,FALSE,NA,1,0.98,56,200,56,"{nodes <= 1} & {er <= 30}",686,246,321,0.467930029154519,TRUE,"","NULL","",4.862
9,8316960,2,0.5,FALSE,NA,1,0.83,14,56,14,"!{pgr <= 114} & {age <= 61}",686,246,286,0.416909620991254,TRUE,"","NULL","",5.698
10,8316961,2,0.5,FALSE,NA,1,1,164,375,164,"{age <= 53} & !{nodes <= 7}",686,246,292,0.425655976676385,TRUE,"","NULL","",9.871
11,8316962,2,0.5,FALSE,NA,1,0.97,44,137,44,"{size <= 20} & {age <= 53}",686,246,297,0.432944606413994,TRUE,"","NULL","",6.077
12,8316963,2,0.5,FALSE,NA,1,0.69,13,88,13,"{grade3} & {pgr <= 77}",686,246,302,0.440233236151603,TRUE,"","NULL","",3.831
13,8316964,2,0.5,FALSE,NA,1,0.9,30,68,30,"!{er <= 174} & {size <= 35}",686,246,302,0.440233236151603,TRUE,"","NULL","",5.884
14,8316965,2,0.5,FALSE,NA,1,0.99,21,141,21,"!{age <= 61} & {nodes <= 5}",686,246,295,0.43002915451895,TRUE,"","NULL","",6.541
15,8316966,2,0.5,FALSE,NA,1,0.96,45,192,45,"{age <= 46} & {pgr <= 45}",686,246,285,0.415451895043732,TRUE,"","NULL","",6.655
16,8316967,2,0.5,FALSE,NA,1,0.97,60,162,60,"{nodes <= 1} & !{size <= 20}",686,246,322,0.469387755102041,TRUE,"","NULL","",5.105
17,8316968,2,0.5,FALSE,NA,1,0.74,6,32,6,"!{nodes <= 7} & !{pgr <= 2}",686,246,304,0.443148688046647,TRUE,"","NULL","",5.529
18,8316969,2,0.5,FALSE,NA,1,0.9,56,182,56,"{size <= 29} & !{er <= 70}",686,246,283,0.412536443148688,TRUE,"","NULL","",6.99
19,8316970,2,0.5,FALSE,NA,1,0.9,18,75,18,"!{pgr <= 184}",686,246,273,0.397959183673469,TRUE,"","NULL","",5.608
20,8316971,2,0.5,FALSE,NA,1,0.96,34,82,34,"{pgr <= 2} & {age <= 61}",686,246,279,0.406705539358601,TRUE,"","NULL","",4.535
21,8316972,2,0.5,FALSE,NA,1,0.95,41,202,41,"!{age <= 61} & !{pgr <= 26}",686,246,301,0.438775510204082,TRUE,"","NULL","",8.284
22,8316973,2,0.5,FALSE,NA,1,0.88,17,52,17,"!{nodes <= 5} & {nodes <= 7}",686,246,313,0.456268221574344,TRUE,"","NULL","",5.1
23,8316974,2,0.5,FALSE,NA,1,0.96,87,210,87,"!{size <= 29} & {size <= 35}",686,246,310,0.451895043731778,TRUE,"","NULL","",7.034
24,8316975,2,0.5,FALSE,NA,1,0.99,190,451,190,"{er <= 0}",686,246,310,0.451895043731778,TRUE,"","NULL","",6.951
25,8316976,2,0.5,FALSE,NA,1,0.85,8,25,8,"{age <= 53} & {meno}",686,246,295,0.43002915451895,TRUE,"","NULL","",5.26
26,8316977,2,0.5,FALSE,NA,1,0.72,6,62,6,"{nodes <= 1} & !{er <= 0}",686,246,298,0.434402332361516,TRUE,"","NULL","",5.441
27,8316978,2,0.5,FALSE,NA,1,0.92,21,81,21,"{size <= 29} & {pgr <= 8}",686,246,285,0.415451895043732,TRUE,"","NULL","",5.283
28,8316979,2,0.5,FALSE,NA,1,0.99,78,283,78,"{grade3} & {er <= 17}",686,246,307,0.447521865889213,TRUE,"","NULL","Loglik converged before variable  1 ; coefficient may be infinite. ",7.177
29,8316980,2,0.5,FALSE,NA,1,0.73,8,77,8,"!{pgr <= 77} & !{size <= 20}",686,246,288,0.419825072886297,TRUE,"","NULL","",6.231
30,8316981,2,0.5,FALSE,NA,1,0.94,17,108,17,"!{meno} & !{pgr <= 77}",686,246,313,0.456268221574344,TRUE,"","NULL","",5.925
31,8316982,2,0.5,FALSE,NA,1,0.69,5,29,5,"{er <= 17} & !{size <= 25}",686,246,294,0.428571428571429,TRUE,"","NULL","",4.681
32,8316983,2,0.5,FALSE,NA,1,0.71,7,62,7,"{nodes <= 1} & !{grade3}",686,246,322,0.469387755102041,TRUE,"","NULL","",4.903
33,8316984,2,0.5,FALSE,NA,1,0.94,23,83,23,"!{er <= 3} & {age <= 46}",686,246,313,0.456268221574344,TRUE,"","NULL","",6.697
34,8316985,2,0.5,FALSE,NA,1,0.79,6,71,6,"{pgr <= 16} & !{er <= 3}",686,246,315,0.459183673469388,TRUE,"","NULL","",5.215
35,8316986,2,0.5,FALSE,NA,1,0.73,4,18,4,"{nodes <= 5} & {er <= 17}",686,246,299,0.435860058309038,TRUE,"","NULL","",4.675
36,8316987,2,0.5,FALSE,NA,1,0.65,6,33,6,"!{er <= 30} & {er <= 100}",686,246,302,0.440233236151603,TRUE,"","NULL","",4.781
37,8316988,2,0.5,FALSE,NA,1,0.96,65,218,65,"!{er <= 44} & {er <= 70}",686,246,299,0.435860058309038,TRUE,"","NULL","",8.774
38,8316989,2,0.5,FALSE,NA,1,0.8,3,11,3,"!{pgr <= 77} & {er <= 44}",686,246,293,0.427113702623907,TRUE,"","NULL","",4.445
39,8316990,2,0.5,FALSE,NA,1,0.63,10,123,10,"!{age <= 46} & !{er <= 174}",686,246,326,0.475218658892128,TRUE,"","NULL","",6.075
40,8316991,2,0.5,FALSE,NA,1,0.6,1,8,1,"!{er <= 9} & {er <= 44}",686,246,303,0.441690962099125,TRUE,"","NULL","",3.654
41,8316992,2,0.5,FALSE,NA,1,0.62,1,16,1,"!{pgr <= 45} & {er <= 44}",686,246,295,0.43002915451895,TRUE,"","NULL","",5.551
42,8316993,2,0.5,FALSE,NA,1,0.72,1,12,1,"{size <= 25} & {grade3}",686,246,294,0.428571428571429,TRUE,"","NULL","",4.573
43,8316994,2,0.5,FALSE,NA,1,0.84,7,30,7,"{age <= 53} & !{age <= 46}",686,246,306,0.446064139941691,TRUE,"","NULL","",4.697
44,8316995,2,0.5,FALSE,NA,1,0.78,5,21,5,"!{er <= 17} & {er <= 44}",686,246,297,0.432944606413994,TRUE,"","NULL","",4.399
45,8316996,2,0.5,FALSE,NA,1,0.98,84,188,84,"{nodes <= 3} & !{er <= 100}",686,246,293,0.427113702623907,TRUE,"","NULL","",8.229
46,8316997,2,0.5,FALSE,NA,1,0.95,106,352,106,"{pgr <= 114} & {age <= 53}",686,246,307,0.447521865889213,TRUE,"","NULL","",8.752
47,8316998,2,0.5,FALSE,NA,1,0.57,4,23,4,"!{nodes <= 3} & {nodes <= 5}",686,246,305,0.444606413994169,TRUE,"","NULL","",4.452
48,8316999,2,0.5,FALSE,NA,1,0.82,13,46,13,"{grade3} & {pgr <= 26}",686,246,324,0.472303206997085,TRUE,"","NULL","",3.615
49,8317000,2,0.5,FALSE,NA,1,0.89,25,98,25,"{size <= 35} & {age <= 46}",686,246,268,0.39067055393586,TRUE,"","NULL","",6.286
50,8317001,2,0.5,FALSE,NA,1,0.83,15,70,15,"{meno} & !{er <= 174}",686,246,288,0.419825072886297,TRUE,"","NULL","Loglik converged before variable  1 ; coefficient may be infinite. ",5.18
51,8317002,2,0.5,FALSE,NA,1,0.94,11,55,11,"{age <= 46} & {nodes <= 7}",686,246,313,0.456268221574344,TRUE,"","NULL","",5.247
52,8317003,2,0.5,FALSE,NA,1,0.86,8,50,8,"{nodes <= 1} & {pgr <= 16}",686,246,298,0.434402332361516,TRUE,"","NULL","",4.818
53,8317004,2,0.5,FALSE,NA,1,0.98,176,346,176,"!{pgr <= 184} & !{er <= 17}",686,246,295,0.43002915451895,TRUE,"","NULL","",9.486
54,8317005,2,0.5,FALSE,NA,1,0.69,6,55,6,"!{size <= 25} & {er <= 17}",686,246,307,0.447521865889213,TRUE,"","NULL","",5.185
55,8317006,2,0.5,FALSE,NA,1,0.8,4,13,4,"{er <= 44} & !{er <= 17}",686,246,296,0.431486880466472,TRUE,"","NULL","",4.447
56,8317007,2,0.5,FALSE,NA,1,0.72,3,19,3,"!{pgr <= 2} & {er <= 17}",686,246,290,0.422740524781341,TRUE,"","NULL","",3.732
57,8317008,2,0.5,FALSE,NA,1,0.92,9,70,9,"{er <= 17} & !{er <= 9}",686,246,303,0.441690962099125,TRUE,"","NULL","",5.993
58,8317009,2,0.5,FALSE,NA,1,0.99,121,319,121,"{size <= 25} & {pgr <= 8}",686,246,266,0.387755102040816,TRUE,"","NULL","",8.958
59,8317010,2,0.5,FALSE,NA,1,0.96,106,345,106,"!{age <= 53} & !{pgr <= 26}",686,246,304,0.443148688046647,TRUE,"","NULL","",7.8
60,8317011,2,0.5,FALSE,NA,1,1,26,83,26,"!{meno} & {pgr <= 45}",686,246,321,0.467930029154519,TRUE,"","NULL","",3.806
61,8317012,2,0.5,FALSE,NA,1,0.6,3,21,3,"!{nodes <= 7} & !{er <= 30}",686,246,307,0.447521865889213,TRUE,"","NULL","",5.514
62,8317013,2,0.5,FALSE,NA,1,0.93,31,88,31,"!{er <= 70} & !{size <= 25}",686,246,277,0.403790087463557,TRUE,"","NULL","",5.592
63,8317014,2,0.5,FALSE,NA,1,0.86,6,40,6,"{age <= 46} & !{size <= 20}",686,246,298,0.434402332361516,TRUE,"","NULL","",5.145
64,8317015,2,0.5,FALSE,NA,1,0.76,4,49,4,"!{er <= 17} & !{size <= 35}",686,246,292,0.425655976676385,TRUE,"","NULL","",4.735
65,8317016,2,0.5,FALSE,NA,1,0.96,78,203,78,"!{age <= 61} & !{pgr <= 26}",686,246,285,0.415451895043732,TRUE,"","NULL","",8.53
66,8317017,2,0.5,FALSE,NA,1,0.81,16,69,16,"!{er <= 100} & {size <= 29}",686,246,297,0.432944606413994,TRUE,"","NULL","",5.388
67,8317018,2,0.5,FALSE,NA,1,0.88,25,91,25,"!{er <= 44} & {er <= 100}",686,246,306,0.446064139941691,TRUE,"","NULL","",5.551
68,8317019,2,0.5,FALSE,NA,1,0.99,5,42,5,"!{pgr <= 45} & {pgr <= 77}",686,246,321,0.467930029154519,TRUE,"","NULL","",4.084
69,8317020,2,0.5,FALSE,NA,1,0.97,17,83,17,"{grade3} & !{er <= 9}",686,246,322,0.469387755102041,TRUE,"","NULL","",6.479
70,8317021,2,0.5,FALSE,NA,1,0.96,30,119,30,"!{pgr <= 77} & {er <= 100}",686,246,295,0.43002915451895,TRUE,"","NULL","",5.794
71,8317022,2,0.5,FALSE,NA,1,0.68,6,45,6,"!{nodes <= 5} & {er <= 44}",686,246,310,0.451895043731778,TRUE,"","NULL","",4.811
72,8317023,2,0.5,FALSE,NA,1,0.95,8,46,8,"{size <= 29} & {age <= 46}",686,246,305,0.444606413994169,TRUE,"","NULL","",4.625
73,8317024,2,0.5,FALSE,NA,1,0.83,16,79,16,"{nodes <= 7} & !{pgr <= 114}",686,246,297,0.432944606413994,TRUE,"","NULL","",6.518
74,8317025,2,0.5,FALSE,NA,1,0.95,36,143,36,"!{pgr <= 2} & {pgr <= 8}",686,246,329,0.479591836734694,TRUE,"","NULL","",6.391
75,8317026,2,0.5,FALSE,NA,0,NA,0,5,0,"",686,246,296,0.431486880466472,TRUE,"","NULL","",4.749
76,8317027,2,0.5,FALSE,NA,1,0.52,1,14,1,"{pgr <= 2} & {age <= 53}",686,246,270,0.393586005830904,TRUE,"","NULL","",4.055
77,8317028,2,0.5,FALSE,NA,1,0.77,3,18,3,"!{size <= 35} & {er <= 44}",686,246,305,0.444606413994169,TRUE,"","NULL","",5.595
78,8317029,2,0.5,FALSE,NA,1,0.98,60,197,60,"{age <= 61} & {er <= 0}",686,246,308,0.448979591836735,TRUE,"","NULL","",7.297
79,8317030,2,0.5,FALSE,NA,1,0.98,193,800,193,"{age <= 53} & !{er <= 44}",686,246,298,0.434402332361516,TRUE,"","NULL","",12.905
80,8317031,2,0.5,FALSE,NA,0,NA,0,2,0,"",686,246,297,0.432944606413994,TRUE,"","NULL","",2.541
81,8317032,2,0.5,FALSE,NA,1,0.78,3,33,3,"{size <= 29} & {pgr <= 16}",686,246,315,0.459183673469388,TRUE,"","NULL","",5.992
82,8317033,2,0.5,FALSE,NA,1,0.76,4,27,4,"!{pgr <= 45} & !{nodes <= 5}",686,246,294,0.428571428571429,TRUE,"","NULL","",4.742
83,8317034,2,0.5,FALSE,NA,1,0.68,2,41,2,"!{grade3} & !{er <= 174}",686,246,307,0.447521865889213,TRUE,"","NULL","",5.055
84,8317035,2,0.5,FALSE,NA,1,0.66,5,35,5,"!{pgr <= 114} & {pgr <= 337}",686,246,298,0.434402332361516,TRUE,"","NULL","",4.919
85,8317036,2,0.5,FALSE,NA,1,0.68,7,43,7,"!{er <= 30} & {er <= 70}",686,246,290,0.422740524781341,TRUE,"","NULL","",5.659
86,8317037,2,0.5,FALSE,NA,1,0.74,9,79,9,"{age <= 46} & !{grade3}",686,246,307,0.447521865889213,TRUE,"","NULL","",5.753
87,8317038,2,0.5,FALSE,NA,1,0.87,9,45,9,"{nodes <= 5} & {er <= 9}",686,246,285,0.415451895043732,TRUE,"","NULL","",5.02
88,8317039,2,0.5,FALSE,NA,0,NA,0,15,0,"",686,246,289,0.421282798833819,TRUE,"","NULL","",4.632
89,8317040,2,0.5,FALSE,NA,1,0.99,39,119,39,"{age <= 46} & {size <= 25}",686,246,305,0.444606413994169,TRUE,"","NULL","",7.447
90,8317041,2,0.5,FALSE,NA,1,0.95,68,233,68,"{pgr <= 8} & !{er <= 3}",686,246,279,0.406705539358601,TRUE,"","NULL","",7.45
91,8317042,2,0.5,FALSE,NA,1,0.59,1,8,1,"!{er <= 70} & {er <= 174}",686,246,292,0.425655976676385,TRUE,"","NULL","",4.761
92,8317043,2,0.5,FALSE,NA,1,1,45,129,45,"{age <= 46} & {nodes <= 5}",686,246,308,0.448979591836735,TRUE,"","NULL","",4.529
93,8317044,2,0.5,FALSE,NA,1,0.99,20,81,20,"!{er <= 44} & {er <= 70}",686,246,318,0.463556851311953,TRUE,"","NULL","",7.043
94,8317045,2,0.5,FALSE,NA,1,0.71,6,53,6,"!{pgr <= 77} & {age <= 61}",686,246,299,0.435860058309038,TRUE,"","NULL","",5.046
95,8317046,2,0.5,FALSE,NA,1,0.92,13,71,13,"{age <= 53} & {grade3}",686,246,305,0.444606413994169,TRUE,"","NULL","",5.466
96,8317047,2,0.5,FALSE,NA,1,0.94,37,127,37,"!{pgr <= 77} & {er <= 100}",686,246,302,0.440233236151603,TRUE,"","NULL","",5.193
97,8317048,2,0.5,FALSE,NA,0,NA,0,19,0,"",686,246,286,0.416909620991254,TRUE,"","NULL","",5.752
98,8317049,2,0.5,FALSE,NA,1,0.87,3,40,3,"!{grade3} & {pgr <= 2}",686,246,304,0.443148688046647,TRUE,"","NULL","",4.923
99,8317050,2,0.5,FALSE,NA,1,0.85,20,105,20,"!{er <= 174} & !{pgr <= 45}",686,246,299,0.435860058309038,TRUE,"","NULL","",5.807
100,8317051,2,0.5,FALSE,NA,1,0.79,1,28,1,"{er <= 30} & !{er <= 17}",686,246,317,0.462099125364431,TRUE,"","NULL","",4.728
101,8317052,2,0.5,FALSE,NA,1,0.77,8,67,8,"!{age <= 61} & !{nodes <= 1}",686,246,303,0.441690962099125,TRUE,"","NULL","",6.113
102,8317053,2,0.5,FALSE,NA,1,0.72,6,50,6,"!{er <= 70} & {pgr <= 114}",686,246,272,0.396501457725948,TRUE,"","NULL","",4.906
103,8317054,2,0.5,FALSE,NA,1,0.84,26,137,26,"{nodes <= 1} & !{er <= 44}",686,246,304,0.443148688046647,TRUE,"","NULL","",6.554
104,8317055,2,0.5,FALSE,NA,0,NA,0,12,0,"",686,246,294,0.428571428571429,TRUE,"","NULL","",3.873
105,8317056,2,0.5,FALSE,NA,1,0.74,6,93,6,"{size <= 20} & {er <= 70}",686,246,303,0.441690962099125,TRUE,"","NULL","",6.915
106,8317057,2,0.5,FALSE,NA,1,0.9,6,57,6,"{pgr <= 0} & {size <= 35}",686,246,293,0.427113702623907,TRUE,"","NULL","",4.86
107,8317058,2,0.5,FALSE,NA,1,0.8,4,19,4,"{nodes <= 7} & !{nodes <= 5}",686,246,314,0.457725947521866,TRUE,"","NULL","",4.465
108,8317059,2,0.5,FALSE,NA,1,0.93,16,55,16,"!{pgr <= 77} & {er <= 70}",686,246,319,0.465014577259475,TRUE,"","NULL","",5.012
109,8317060,2,0.5,FALSE,NA,1,0.8,1,12,1,"{er <= 44} & !{pgr <= 77}",686,246,291,0.424198250728863,TRUE,"","NULL","",5.386
110,8317061,2,0.5,FALSE,NA,1,0.96,27,117,27,"{grade3} & {er <= 9}",686,246,311,0.4533527696793,TRUE,"","NULL","",6.107
111,8317062,2,0.5,FALSE,NA,1,0.75,16,66,16,"{age <= 46} & {er <= 174}",686,246,299,0.435860058309038,TRUE,"","NULL","",5.069
112,8317063,2,0.5,FALSE,NA,1,0.97,49,136,49,"!{pgr <= 77} & {meno}",686,246,292,0.425655976676385,TRUE,"","NULL","",5.682
113,8317064,2,0.5,FALSE,NA,1,0.79,37,149,37,"{nodes <= 7} & !{pgr <= 114}",686,246,288,0.419825072886297,TRUE,"","NULL","",7.56
114,8317065,2,0.5,FALSE,NA,1,0.91,29,96,29,"{pgr <= 2} & {size <= 35}",686,246,314,0.457725947521866,TRUE,"","NULL","",5.922
115,8317066,2,0.5,FALSE,NA,1,0.67,3,16,3,"!{nodes <= 7} & {er <= 30}",686,246,324,0.472303206997085,TRUE,"","NULL","",4.321
116,8317067,2,0.5,FALSE,NA,1,0.62,2,17,2,"!{meno} & {pgr <= 16}",686,246,297,0.432944606413994,TRUE,"","NULL","",4.343
117,8317068,2,0.5,FALSE,NA,1,0.93,42,117,42,"!{er <= 70} & {pgr <= 184}",686,246,298,0.434402332361516,TRUE,"","NULL","",7.306
118,8317069,2,0.5,FALSE,NA,1,0.72,16,76,16,"{meno} & !{pgr <= 45}",686,246,292,0.425655976676385,TRUE,"","NULL","",5.131
119,8317070,2,0.5,FALSE,NA,1,0.95,9,67,9,"!{meno} & {pgr <= 16}",686,246,308,0.448979591836735,TRUE,"","NULL","",5.394
120,8317071,2,0.5,FALSE,NA,0,NA,0,3,0,"",686,246,290,0.422740524781341,TRUE,"","NULL","",3.739
121,8317072,2,0.5,FALSE,NA,1,0.74,22,85,22,"{nodes <= 3} & !{pgr <= 45}",686,246,308,0.448979591836735,TRUE,"","NULL","",7.054
122,8317073,2,0.5,FALSE,NA,1,0.58,1,19,1,"!{er <= 30} & {er <= 70}",686,246,296,0.431486880466472,TRUE,"","NULL","",4.349
123,8317074,2,0.5,FALSE,NA,1,0.96,5,29,5,"!{pgr <= 77} & {pgr <= 114}",686,246,300,0.43731778425656,TRUE,"","NULL","",5.07
124,8317075,2,0.5,FALSE,NA,1,0.66,3,34,3,"!{pgr <= 114} & !{size <= 25}",686,246,296,0.431486880466472,TRUE,"","NULL","",4.437
125,8317076,2,0.5,FALSE,NA,1,0.92,13,65,13,"{size <= 35} & {pgr <= 0}",686,246,306,0.446064139941691,TRUE,"","NULL","",6.615
126,8317077,2,0.5,FALSE,NA,1,0.96,45,117,45,"{age <= 53} & {er <= 17}",686,246,301,0.438775510204082,TRUE,"","NULL","",6.14
127,8317078,2,0.5,FALSE,NA,0,NA,0,1,0,"",686,246,305,0.444606413994169,TRUE,"","NULL","",4.307
128,8317079,2,0.5,FALSE,NA,1,0.93,19,85,19,"{pgr <= 8} & !{nodes <= 3}",686,246,313,0.456268221574344,TRUE,"","NULL","",5.054
129,8317080,2,0.5,FALSE,NA,1,0.8,11,94,11,"!{size <= 25} & {er <= 70}",686,246,307,0.447521865889213,TRUE,"","NULL","",6.896
130,8317081,2,0.5,FALSE,NA,1,0.85,11,69,11,"{age <= 46} & !{er <= 3}",686,246,308,0.448979591836735,TRUE,"","NULL","",5.473
131,8317082,2,0.5,FALSE,NA,0,NA,0,6,0,"",686,246,302,0.440233236151603,TRUE,"","NULL","",4.49
132,8317083,2,0.5,FALSE,NA,1,0.79,10,43,10,"{size <= 20} & {er <= 44}",686,246,286,0.416909620991254,TRUE,"","NULL","",4.657
133,8317084,2,0.5,FALSE,NA,1,0.72,5,24,5,"{nodes <= 3} & !{pgr <= 45}",686,246,304,0.443148688046647,TRUE,"","NULL","",5.577
134,8317085,2,0.5,FALSE,NA,1,0.91,21,126,21,"{nodes <= 1} & {er <= 17}",686,246,299,0.435860058309038,TRUE,"","NULL","",6.35
135,8317086,2,0.5,FALSE,NA,1,0.82,9,67,9,"{age <= 53} & {er <= 17}",686,246,298,0.434402332361516,TRUE,"","NULL","",5.665
136,8317087,2,0.5,FALSE,NA,1,0.96,103,463,103,"!{er <= 44} & !{meno}",686,246,298,0.434402332361516,TRUE,"","NULL","",8.155
137,8317088,2,0.5,FALSE,NA,1,0.7,7,36,7,"{age <= 61} & !{nodes <= 5}",686,246,295,0.43002915451895,TRUE,"","NULL","",5.657
138,8317089,2,0.5,FALSE,NA,1,0.99,211,387,211,"{pgr <= 77} & {er <= 0}",686,246,312,0.454810495626822,TRUE,"","NULL","",9.471
139,8317090,2,0.5,FALSE,NA,1,0.78,8,57,8,"!{nodes <= 1} & {size <= 25}",686,246,300,0.43731778425656,TRUE,"","NULL","",4.966
140,8317091,2,0.5,FALSE,NA,1,0.95,3,60,3,"{er <= 100} & !{er <= 70}",686,246,302,0.440233236151603,TRUE,"","NULL","",3.799
141,8317092,2,0.5,FALSE,NA,1,0.91,27,109,27,"!{pgr <= 184} & {nodes <= 7}",686,246,297,0.432944606413994,TRUE,"","NULL","",6.732
142,8317093,2,0.5,FALSE,NA,1,0.85,10,50,10,"!{er <= 9} & {pgr <= 16}",686,246,292,0.425655976676385,TRUE,"","NULL","",4.865
143,8317094,2,0.5,FALSE,NA,1,0.78,12,49,12,"{er <= 17} & {grade3}",686,246,325,0.473760932944606,TRUE,"","NULL","",4.997
144,8317095,2,0.5,FALSE,NA,0,NA,0,13,0,"",686,246,295,0.43002915451895,TRUE,"","NULL","",4.453
145,8317096,2,0.5,FALSE,NA,1,0.94,10,50,10,"!{pgr <= 8} & {pgr <= 16}",686,246,283,0.412536443148688,TRUE,"","NULL","",5.615
146,8317097,2,0.5,FALSE,NA,1,0.96,44,189,44,"{age <= 53} & {er <= 3}",686,246,304,0.443148688046647,TRUE,"","NULL","",6.818
147,8317098,2,0.5,FALSE,NA,1,0.95,10,45,10,"{er <= 17} & !{er <= 9}",686,246,294,0.428571428571429,TRUE,"","NULL","",5.351
148,8317099,2,0.5,FALSE,NA,1,0.82,4,33,4,"!{er <= 17} & {er <= 30}",686,246,302,0.440233236151603,TRUE,"","NULL","",4.18
149,8317100,2,0.5,FALSE,NA,1,0.87,14,52,14,"!{pgr <= 184} & {meno}",686,246,306,0.446064139941691,TRUE,"","NULL","",6.123
150,8317101,2,0.5,FALSE,NA,1,0.74,5,39,5,"!{meno} & {pgr <= 16}",686,246,329,0.479591836734694,TRUE,"","NULL","",5.142
151,8317102,2,0.5,FALSE,NA,1,0.96,73,249,73,"{size <= 35} & !{pgr <= 114}",686,246,328,0.478134110787172,TRUE,"","NULL","",8.129
152,8317103,2,0.5,FALSE,NA,1,0.93,59,196,59,"{pgr <= 2} & {er <= 17}",686,246,308,0.448979591836735,TRUE,"","NULL","",5.233
153,8317104,2,0.5,FALSE,NA,1,0.83,7,77,7,"{nodes <= 3} & !{er <= 100}",686,246,289,0.421282798833819,TRUE,"","NULL","",6.846
154,8317105,2,0.5,FALSE,NA,1,0.94,17,57,17,"{nodes <= 7} & !{pgr <= 184}",686,246,304,0.443148688046647,TRUE,"","NULL","",5.181
155,8317106,2,0.5,FALSE,NA,1,0.86,5,75,5,"{er <= 17} & !{er <= 9}",686,246,306,0.446064139941691,TRUE,"","NULL","",5.691
156,8317107,2,0.5,FALSE,NA,1,0.96,5,28,5,"!{er <= 9} & {er <= 17}",686,246,304,0.443148688046647,TRUE,"","NULL","",4.221
157,8317108,2,0.5,FALSE,NA,1,0.91,39,185,39,"{nodes <= 5} & !{er <= 100}",686,246,306,0.446064139941691,TRUE,"","NULL","",8.064
158,8317109,2,0.5,FALSE,NA,0,NA,0,3,0,"",686,246,285,0.415451895043732,TRUE,"","NULL","",3.915
159,8317110,2,0.5,FALSE,NA,1,0.88,6,39,6,"{er <= 17} & !{er <= 9}",686,246,288,0.419825072886297,TRUE,"","NULL","",4.848
160,8317111,2,0.5,FALSE,NA,1,0.68,7,82,7,"{size <= 25} & !{er <= 44}",686,246,306,0.446064139941691,TRUE,"","NULL","",4.974
161,8317112,2,0.5,FALSE,NA,1,0.95,35,123,35,"{er <= 30} & !{meno}",686,246,314,0.457725947521866,TRUE,"","NULL","",7.207
162,8317113,2,0.5,FALSE,NA,1,0.87,29,125,29,"!{pgr <= 77} & {er <= 70}",686,246,294,0.428571428571429,TRUE,"","NULL","",6.368
163,8317114,2,0.5,FALSE,NA,1,0.91,20,92,20,"{er <= 70} & !{er <= 30}",686,246,305,0.444606413994169,TRUE,"","NULL","",5.614
164,8317115,2,0.5,FALSE,NA,1,0.93,23,87,23,"{pgr <= 26} & !{er <= 17}",686,246,316,0.46064139941691,TRUE,"","NULL","",4.425
165,8317116,2,0.5,FALSE,NA,1,0.89,15,105,15,"{nodes <= 3} & !{pgr <= 114}",686,246,287,0.418367346938776,TRUE,"","NULL","",6.922
166,8317117,2,0.5,FALSE,NA,1,0.9,11,37,11,"{age <= 53} & !{pgr <= 77}",686,246,312,0.454810495626822,TRUE,"","NULL","",5.133
167,8317118,2,0.5,FALSE,NA,0,NA,0,1,0,"",686,246,318,0.463556851311953,TRUE,"","NULL","",4.179
168,8317119,2,0.5,FALSE,NA,1,0.98,26,160,26,"!{size <= 20} & !{pgr <= 184}",686,246,314,0.457725947521866,TRUE,"","NULL","",6.047
169,8317120,2,0.5,FALSE,NA,1,0.59,2,17,2,"!{age <= 61} & {nodes <= 5}",686,246,287,0.418367346938776,TRUE,"","NULL","",5.288
170,8317121,2,0.5,FALSE,NA,1,0.81,5,29,5,"!{er <= 9} & {er <= 30}",686,246,304,0.443148688046647,TRUE,"","NULL","",5.095
171,8317122,2,0.5,FALSE,NA,1,0.95,62,186,62,"{pgr <= 16} & {age <= 53}",686,246,302,0.440233236151603,TRUE,"","NULL","",7.34
172,8317123,2,0.5,FALSE,NA,1,0.95,66,210,66,"!{pgr <= 8} & !{age <= 61}",686,246,288,0.419825072886297,TRUE,"","NULL","",5.629
173,8317124,2,0.5,FALSE,NA,1,0.89,37,233,37,"!{pgr <= 77} & {age <= 53}",686,246,296,0.431486880466472,TRUE,"","NULL","",8.796
174,8317125,2,0.5,FALSE,NA,1,0.78,4,21,4,"{size <= 20} & !{er <= 44}",686,246,301,0.438775510204082,TRUE,"","NULL","",4.724
175,8317126,2,0.5,FALSE,NA,1,0.71,2,27,2,"!{nodes <= 5} & !{meno}",686,246,308,0.448979591836735,TRUE,"","NULL","",4.809
176,8317127,2,0.5,FALSE,NA,1,0.94,43,168,43,"!{er <= 17} & {er <= 100}",686,246,288,0.419825072886297,TRUE,"","NULL","Loglik converged before variable  1 ; coefficient may be infinite.  | Loglik converged before variable  1 ; coefficient may be infinite. ",5.133
177,8317128,2,0.5,FALSE,NA,1,0.72,3,21,3,"{size <= 25} & !{er <= 44}",686,246,298,0.434402332361516,TRUE,"","NULL","",5.201
178,8317129,2,0.5,FALSE,NA,1,0.72,5,43,5,"{grade3} & {er <= 17}",686,246,310,0.451895043731778,TRUE,"","NULL","",5.109
179,8317130,2,0.5,FALSE,NA,1,0.56,2,25,2,"{age <= 46} & !{er <= 9}",686,246,319,0.465014577259475,TRUE,"","NULL","",4.883
180,8317131,2,0.5,FALSE,NA,1,0.91,7,29,7,"{size <= 20} & !{pgr <= 77}",686,246,319,0.465014577259475,TRUE,"","NULL","",4.848
181,8317132,2,0.5,FALSE,NA,1,0.92,13,61,13,"!{meno} & {pgr <= 16}",686,246,291,0.424198250728863,TRUE,"","NULL","",5.908
182,8317133,2,0.5,FALSE,NA,1,0.91,43,122,43,"!{er <= 70} & !{pgr <= 77}",686,246,304,0.443148688046647,TRUE,"","NULL","",6.185
183,8317134,2,0.5,FALSE,NA,1,0.85,18,55,18,"{grade3} & {pgr <= 16}",686,246,302,0.440233236151603,TRUE,"","NULL","",5.171
184,8317135,2,0.5,FALSE,NA,1,0.91,19,98,19,"{size <= 20} & !{er <= 9}",686,246,306,0.446064139941691,TRUE,"","NULL","",4.935
185,8317136,2,0.5,FALSE,NA,1,0.94,22,104,22,"!{size <= 35} & {age <= 53}",686,246,299,0.435860058309038,TRUE,"","NULL","",7.208
186,8317137,2,0.5,FALSE,NA,1,0.87,25,131,25,"{size <= 20} & {age <= 61}",686,246,298,0.434402332361516,TRUE,"","NULL","",6.108
187,8317138,2,0.5,FALSE,NA,1,0.99,25,102,25,"{pgr <= 16} & {age <= 46}",686,246,316,0.46064139941691,TRUE,"","NULL","",5.819
188,8317139,2,0.5,FALSE,NA,1,0.72,1,11,1,"{er <= 70} & !{er <= 44}",686,246,302,0.440233236151603,TRUE,"","NULL","",3.533
189,8317140,2,0.5,FALSE,NA,1,0.8,4,20,4,"{nodes <= 1} & {pgr <= 16}",686,246,274,0.399416909620991,TRUE,"","NULL","",5.299
190,8317141,2,0.5,FALSE,NA,1,0.97,13,70,13,"!{meno} & {pgr <= 8}",686,246,297,0.432944606413994,TRUE,"","NULL","",5.508
191,8317142,2,0.5,FALSE,NA,1,0.85,6,39,6,"{pgr <= 2} & {meno}",686,246,292,0.425655976676385,TRUE,"","NULL","",5.042
192,8317143,2,0.5,FALSE,NA,0,NA,0,3,0,"",686,246,293,0.427113702623907,TRUE,"","NULL","",4.245
193,8317144,2,0.5,FALSE,NA,1,0.97,24,54,24,"!{pgr <= 114} & !{meno}",686,246,299,0.435860058309038,TRUE,"","NULL","",5.201
194,8317145,2,0.5,FALSE,NA,1,1,59,209,59,"!{size <= 25} & {age <= 46}",686,246,287,0.418367346938776,TRUE,"","NULL","",7.539
195,8317146,2,0.5,FALSE,NA,1,0.74,2,26,2,"{nodes <= 7} & !{er <= 174}",686,246,296,0.431486880466472,TRUE,"","NULL","",4.34699999999999
196,8317147,2,0.5,FALSE,NA,1,0.92,101,280,101,"!{meno} & !{pgr <= 45}",686,246,305,0.444606413994169,TRUE,"","NULL","",6.587
197,8317148,2,0.5,FALSE,NA,1,0.72,3,33,3,"!{age <= 61} & {size <= 25}",686,246,299,0.435860058309038,TRUE,"","NULL","",5.026
198,8317149,2,0.5,FALSE,NA,1,0.71,7,57,7,"!{age <= 53} & {er <= 44}",686,246,309,0.450437317784257,TRUE,"","NULL","",5.17899999999999
199,8317150,2,0.5,FALSE,NA,1,0.67,2,12,2,"!{size <= 29} & {er <= 30}",686,246,304,0.443148688046647,TRUE,"","NULL","",4.38
200,8317151,2,0.5,FALSE,NA,1,0.86,14,68,14,"{nodes <= 3} & !{pgr <= 77}",686,246,295,0.43002915451895,TRUE,"","NULL","",5.056
201,8317152,2,0.5,FALSE,NA,1,0.86,32,95,32,"{age <= 46} & !{nodes <= 1}",686,246,305,0.444606413994169,TRUE,"","NULL","",6.035
202,8317153,2,0.5,FALSE,NA,1,0.91,44,133,44,"!{age <= 53} & !{er <= 100}",686,246,288,0.419825072886297,TRUE,"","NULL","",6.122
203,8317154,2,0.5,FALSE,NA,1,0.91,13,66,13,"!{er <= 44} & {size <= 20}",686,246,310,0.451895043731778,TRUE,"","NULL","",5.125
204,8317155,2,0.5,FALSE,NA,1,0.98,82,252,82,"{pgr <= 26} & !{pgr <= 16}",686,246,282,0.411078717201166,TRUE,"","NULL","",6.134
205,8317156,2,0.5,FALSE,NA,1,0.97,119,357,119,"{age <= 53} & {er <= 44}",686,246,302,0.440233236151603,TRUE,"","NULL","",8.873
206,8317157,2,0.5,FALSE,NA,1,0.7,3,30,3,"!{pgr <= 114} & !{er <= 100}",686,246,319,0.465014577259475,TRUE,"","NULL","",4.788
207,8317158,2,0.5,FALSE,NA,1,0.96,65,184,65,"{age <= 53} & {pgr <= 114}",686,246,315,0.459183673469388,TRUE,"","NULL","",6.206
208,8317159,2,0.5,FALSE,NA,1,0.99,139,284,139,"{size <= 35} & {age <= 46}",686,246,315,0.459183673469388,TRUE,"","NULL","",5.606
209,8317160,2,0.5,FALSE,NA,1,0.77,10,58,10,"{nodes <= 1} & {pgr <= 45}",686,246,306,0.446064139941691,TRUE,"","NULL","",5.485
210,8317161,2,0.5,FALSE,NA,1,0.65,6,33,6,"!{age <= 61} & {size <= 25}",686,246,297,0.432944606413994,TRUE,"","NULL","",4.664
211,8317162,2,0.5,FALSE,NA,1,0.88,10,63,10,"!{size <= 35} & !{pgr <= 45}",686,246,315,0.459183673469388,TRUE,"","NULL","",5.603
212,8317163,2,0.5,FALSE,NA,1,0.9,18,96,18,"!{size <= 29} & !{pgr <= 77}",686,246,321,0.467930029154519,TRUE,"","NULL","",5.387
213,8317164,2,0.5,FALSE,NA,0,NA,0,17,0,"",686,246,313,0.456268221574344,TRUE,"","NULL","",4.853
214,8317165,2,0.5,FALSE,NA,1,0.55,2,16,2,"{pgr <= 184} & !{er <= 174}",686,246,293,0.427113702623907,TRUE,"","NULL","",4.66999999999999
215,8317166,2,0.5,FALSE,NA,1,0.95,28,189,28,"{er <= 174} & !{er <= 70}",686,246,292,0.425655976676385,TRUE,"","NULL","",6.896
216,8317167,2,0.5,FALSE,NA,1,0.97,83,224,83,"{size <= 29} & {grade3}",686,246,298,0.434402332361516,TRUE,"","NULL","",6.304
217,8317168,2,0.5,FALSE,NA,1,0.94,47,159,47,"{nodes <= 5} & {pgr <= 26}",686,246,319,0.465014577259475,TRUE,"","NULL","",7.355
218,8317169,2,0.5,FALSE,NA,1,0.84,3,28,3,"!{pgr <= 45} & {pgr <= 77}",686,246,305,0.444606413994169,TRUE,"","NULL","",4.593
219,8317170,2,0.5,FALSE,NA,0,NA,0,11,0,"",686,246,271,0.395043731778426,TRUE,"","NULL","",4.268
220,8317171,2,0.5,FALSE,NA,1,0.98,36,133,36,"!{er <= 17} & {er <= 44}",686,246,304,0.443148688046647,TRUE,"","NULL","",5.452
221,8317172,2,0.5,FALSE,NA,1,0.98,91,234,91,"{age <= 46} & {pgr <= 77}",686,246,325,0.473760932944606,TRUE,"","NULL","",7.75
222,8317173,2,0.5,FALSE,NA,1,0.93,8,44,8,"!{er <= 9} & {pgr <= 16}",686,246,316,0.46064139941691,TRUE,"","NULL","",4.559
223,8317174,2,0.5,FALSE,NA,1,0.93,15,58,15,"!{er <= 174} & {nodes <= 3}",686,246,306,0.446064139941691,TRUE,"","NULL","",5.004
224,8317175,2,0.5,FALSE,NA,1,0.91,32,146,32,"!{grade3} & !{pgr <= 184}",686,246,314,0.457725947521866,TRUE,"","NULL","Loglik converged before variable  1 ; coefficient may be infinite.  | Loglik converged before variable  1 ; coefficient may be infinite. ",5.332
225,8317176,2,0.5,FALSE,NA,1,0.62,5,34,5,"{er <= 44} & !{er <= 9}",686,246,316,0.46064139941691,TRUE,"","NULL","",5.074
226,8317177,2,0.5,FALSE,NA,1,0.98,327,652,327,"{size <= 20} & {er <= 294}",686,246,300,0.43731778425656,TRUE,"","NULL","",13.185
227,8317178,2,0.5,FALSE,NA,1,0.76,3,18,3,"{nodes <= 7} & !{size <= 35}",686,246,305,0.444606413994169,TRUE,"","NULL","",3.944
228,8317179,2,0.5,FALSE,NA,1,0.7,6,21,6,"!{meno} & {pgr <= 26}",686,246,293,0.427113702623907,TRUE,"","NULL","",3.061
229,8317180,2,0.5,FALSE,NA,1,0.99,24,85,24,"{age <= 53} & !{er <= 44}",686,246,283,0.412536443148688,TRUE,"","NULL","",5.571
230,8317181,2,0.5,FALSE,NA,1,0.99,181,301,181,"{er <= 17} & !{size <= 29}",686,246,307,0.447521865889213,TRUE,"","NULL","",8.48999999999999
231,8317182,2,0.5,FALSE,NA,1,0.89,39,151,39,"!{pgr <= 114} & !{er <= 70}",686,246,295,0.43002915451895,TRUE,"","NULL","",6.206
232,8317183,2,0.5,FALSE,NA,1,0.91,5,17,5,"{nodes <= 1} & !{pgr <= 26}",686,246,282,0.411078717201166,TRUE,"","NULL","",3.229
233,8317184,2,0.5,FALSE,NA,1,0.78,8,32,8,"!{age <= 61} & {nodes <= 5}",686,246,315,0.459183673469388,TRUE,"","NULL","",5.496
234,8317185,2,0.5,FALSE,NA,1,0.91,39,111,39,"!{size <= 25} & {er <= 17}",686,246,305,0.444606413994169,TRUE,"","NULL","",5.867
235,8317186,2,0.5,FALSE,NA,1,1,29,72,29,"{pgr <= 0} & {age <= 61}",686,246,295,0.43002915451895,TRUE,"","NULL","",4.735
236,8317187,2,0.5,FALSE,NA,1,0.98,71,171,71,"!{grade3} & !{er <= 174}",686,246,292,0.425655976676385,TRUE,"","NULL","",5.787
237,8317188,2,0.5,FALSE,NA,1,0.96,27,83,27,"!{pgr <= 45} & {er <= 30}",686,246,302,0.440233236151603,TRUE,"","NULL","",5.645
238,8317189,2,0.5,FALSE,NA,1,0.76,11,52,11,"!{nodes <= 5} & !{size <= 25}",686,246,301,0.438775510204082,TRUE,"","NULL","",5.39
239,8317190,2,0.5,FALSE,NA,1,0.98,37,125,37,"{grade3} & {er <= 9}",686,246,297,0.432944606413994,TRUE,"","NULL","",5.973
240,8317191,2,0.5,FALSE,NA,1,0.97,21,108,21,"{pgr <= 26} & !{pgr <= 8}",686,246,304,0.443148688046647,TRUE,"","NULL","",4.937
241,8317192,2,0.5,FALSE,NA,1,0.97,18,65,18,"{nodes <= 1} & {er <= 30}",686,246,315,0.459183673469388,TRUE,"","NULL","",5.59
242,8317193,2,0.5,FALSE,NA,1,0.98,50,122,50,"!{er <= 9} & {er <= 17}",686,246,280,0.408163265306122,TRUE,"","NULL","",5.613
243,8317194,2,0.5,FALSE,NA,1,0.98,21,70,21,"{age <= 46} & {nodes <= 3}",686,246,318,0.463556851311953,TRUE,"","NULL","",5.245
244,8317195,2,0.5,FALSE,NA,1,0.85,14,136,14,"!{grade3} & {age <= 46}",686,246,282,0.411078717201166,TRUE,"","NULL","",5.431
245,8317196,2,0.5,FALSE,NA,1,0.95,116,542,116,"!{er <= 30} & {er <= 100}",686,246,286,0.416909620991254,TRUE,"","NULL","",12.255
246,8317197,2,0.5,FALSE,NA,1,0.96,59,204,59,"!{meno} & !{age <= 46}",686,246,301,0.438775510204082,TRUE,"","NULL","",6.997
247,8317198,2,0.5,FALSE,NA,1,0.92,3,18,3,"!{pgr <= 45} & {pgr <= 114}",686,246,289,0.421282798833819,TRUE,"","NULL","",3.686
248,8317199,2,0.5,FALSE,NA,1,0.81,28,129,28,"!{size <= 20} & {er <= 44}",686,246,318,0.463556851311953,TRUE,"","NULL","",3.713
249,8317200,2,0.5,FALSE,NA,1,0.64,3,58,3,"{age <= 61} & {er <= 9}",686,246,286,0.416909620991254,TRUE,"","NULL","",5.696
250,8317201,2,0.5,FALSE,NA,1,0.68,4,42,4,"{age <= 46} & !{pgr <= 16}",686,246,286,0.416909620991254,TRUE,"","NULL","",4.736
251,8317202,2,0.5,FALSE,NA,1,0.89,6,92,6,"!{er <= 9} & {er <= 17}",686,246,296,0.431486880466472,TRUE,"","NULL","",5.381
252,8317203,2,0.5,FALSE,NA,1,0.97,51,162,51,"{age <= 46} & {size <= 29}",686,246,304,0.443148688046647,TRUE,"","NULL","",5.858
253,8317204,2,0.5,FALSE,NA,1,0.83,18,81,18,"!{er <= 100} & {er <= 294}",686,246,302,0.440233236151603,TRUE,"","NULL","",5.806
254,8317205,2,0.5,FALSE,NA,1,0.96,3,11,3,"{grade3} & !{nodes <= 5}",686,246,304,0.443148688046647,TRUE,"","NULL","",4.601
255,8317206,2,0.5,FALSE,NA,1,0.87,32,155,32,"!{er <= 30} & {pgr <= 114}",686,246,293,0.427113702623907,TRUE,"","NULL","",6.235
256,8317207,2,0.5,FALSE,NA,1,0.98,146,352,146,"{size <= 25} & {er <= 70}",686,246,296,0.431486880466472,TRUE,"","NULL","",7.414
257,8317208,2,0.5,FALSE,NA,1,0.95,26,42,26,"{age <= 46} & !{pgr <= 0}",686,246,314,0.457725947521866,TRUE,"","NULL","",5.163
258,8317209,2,0.5,FALSE,NA,1,0.97,62,177,62,"{size <= 25} & !{age <= 61}",686,246,291,0.424198250728863,TRUE,"","NULL","",6.956
259,8317210,2,0.5,FALSE,NA,1,0.57,2,26,2,"!{age <= 61} & !{er <= 44}",686,246,283,0.412536443148688,TRUE,"","NULL","",4.82400000000001
260,8317211,2,0.5,FALSE,NA,1,0.93,20,78,20,"!{er <= 174} & {size <= 35}",686,246,297,0.432944606413994,TRUE,"","NULL","",4.607
261,8317212,2,0.5,FALSE,NA,1,0.82,20,78,20,"{er <= 9} & {age <= 53}",686,246,282,0.411078717201166,TRUE,"","NULL","",5.405
262,8317213,2,0.5,FALSE,NA,1,0.86,7,25,7,"{nodes <= 7} & !{nodes <= 5}",686,246,287,0.418367346938776,TRUE,"","NULL","",4.57
263,8317214,2,0.5,FALSE,NA,1,1,93,240,93,"{nodes <= 1} & {age <= 53}",686,246,312,0.454810495626822,TRUE,"","NULL","",7.305
264,8317215,2,0.5,FALSE,NA,1,0.62,3,43,3,"{nodes <= 3} & {er <= 17}",686,246,297,0.432944606413994,TRUE,"","NULL","",4.21400000000001
265,8317216,2,0.5,FALSE,NA,1,0.89,36,174,36,"{age <= 53} & {er <= 17}",686,246,289,0.421282798833819,TRUE,"","NULL","",7.107
266,8317217,2,0.5,FALSE,NA,1,0.94,48,112,48,"!{grade3} & !{er <= 174}",686,246,308,0.448979591836735,TRUE,"","NULL","",5.576
267,8317218,2,0.5,FALSE,NA,1,0.54,1,9,1,"{nodes <= 1} & !{size <= 25}",686,246,303,0.441690962099125,TRUE,"","NULL","",4.59699999999999
268,8317219,2,0.5,FALSE,NA,1,0.86,11,68,11,"{er <= 0} & !{size <= 20}",686,246,312,0.454810495626822,TRUE,"","NULL","",4.5
269,8317220,2,0.5,FALSE,NA,0,NA,0,3,0,"",686,246,283,0.412536443148688,TRUE,"","NULL","",4.561
270,8317221,2,0.5,FALSE,NA,1,0.96,33,157,33,"{age <= 46} & !{nodes <= 1}",686,246,293,0.427113702623907,TRUE,"","NULL","",6.221
271,8317222,2,0.5,FALSE,NA,0,NA,0,7,0,"",686,246,288,0.419825072886297,TRUE,"","NULL","",4.517
272,8317223,2,0.5,FALSE,NA,1,0.73,2,40,2,"{nodes <= 1} & !{pgr <= 45}",686,246,288,0.419825072886297,TRUE,"","NULL","",4.469
273,8317224,2,0.5,FALSE,NA,1,0.82,8,42,8,"{grade3} & {size <= 25}",686,246,320,0.466472303206997,TRUE,"","NULL","",5.092
274,8317225,2,0.5,FALSE,NA,1,0.84,13,67,13,"{nodes <= 7} & !{pgr <= 114}",686,246,278,0.405247813411079,TRUE,"","NULL","",4.95999999999999
275,8317226,2,0.5,FALSE,NA,1,0.77,18,93,18,"{er <= 17} & !{size <= 20}",686,246,306,0.446064139941691,TRUE,"","NULL","",5.634
276,8317227,2,0.5,FALSE,NA,1,0.87,16,82,16,"{age <= 53} & {er <= 3}",686,246,300,0.43731778425656,TRUE,"","NULL","",5.356
277,8317228,2,0.5,FALSE,NA,0,NA,0,6,0,"",686,246,308,0.448979591836735,TRUE,"","NULL","",4.744
278,8317229,2,0.5,FALSE,NA,1,0.92,26,119,26,"{nodes <= 7} & !{size <= 29}",686,246,305,0.444606413994169,TRUE,"","NULL","",6.083
279,8317230,2,0.5,FALSE,NA,1,0.83,11,72,11,"{nodes <= 3} & !{er <= 70}",686,246,299,0.435860058309038,TRUE,"","NULL","",5.068
280,8317231,2,0.5,FALSE,NA,1,0.94,10,42,10,"{nodes <= 1} & {er <= 70}",686,246,314,0.457725947521866,TRUE,"","NULL","",4.98999999999999
281,8317232,2,0.5,FALSE,NA,1,0.7,6,75,6,"!{pgr <= 114} & {nodes <= 7}",686,246,310,0.451895043731778,TRUE,"","NULL","",5.822
282,8317233,2,0.5,FALSE,NA,1,0.97,35,85,35,"{size <= 20} & {nodes <= 3}",686,246,301,0.438775510204082,TRUE,"","NULL","",5.687
283,8317234,2,0.5,FALSE,NA,1,0.95,21,98,21,"!{pgr <= 77} & {pgr <= 114}",686,246,280,0.408163265306122,TRUE,"","NULL","Loglik converged before variable  1 ; coefficient may be infinite. ",5.593
284,8317235,2,0.5,FALSE,NA,1,0.9,14,38,14,"!{pgr <= 184} & {age <= 61}",686,246,306,0.446064139941691,TRUE,"","NULL","",4.341
285,8317236,2,0.5,FALSE,NA,1,0.92,3,34,3,"!{pgr <= 16} & {pgr <= 26}",686,246,311,0.4533527696793,TRUE,"","NULL","",5.1
286,8317237,2,0.5,FALSE,NA,1,0.89,66,259,66,"!{pgr <= 184}",686,246,286,0.416909620991254,TRUE,"","NULL","",7.94
287,8317238,2,0.5,FALSE,NA,1,0.67,5,63,5,"{size <= 20} & !{pgr <= 8}",686,246,315,0.459183673469388,TRUE,"","NULL","",5.268
288,8317239,2,0.5,FALSE,NA,1,0.64,1,18,1,"{er <= 70} & !{er <= 44}",686,246,299,0.435860058309038,TRUE,"","NULL","",3.834
289,8317240,2,0.5,FALSE,NA,1,0.81,9,41,9,"{size <= 29} & !{pgr <= 77}",686,246,293,0.427113702623907,TRUE,"","NULL","",5.397
290,8317241,2,0.5,FALSE,NA,1,0.93,61,204,61,"!{pgr <= 45} & {meno}",686,246,300,0.43731778425656,TRUE,"","NULL","",7.049
291,8317242,2,0.5,FALSE,NA,1,0.81,8,74,8,"{age <= 46} & !{nodes <= 1}",686,246,302,0.440233236151603,TRUE,"","NULL","",5.244
292,8317243,2,0.5,FALSE,NA,1,0.96,35,104,35,"{size <= 20} & !{er <= 9}",686,246,315,0.459183673469388,TRUE,"","NULL","",4.729
293,8317244,2,0.5,FALSE,NA,1,0.98,31,112,31,"{age <= 46} & {pgr <= 26}",686,246,298,0.434402332361516,TRUE,"","NULL","",6.473
294,8317245,2,0.5,FALSE,NA,1,0.76,4,28,4,"!{pgr <= 114} & !{size <= 29}",686,246,302,0.440233236151603,TRUE,"","NULL","",4.628
295,8317246,2,0.5,FALSE,NA,1,0.86,14,51,14,"{grade3} & {pgr <= 16}",686,246,310,0.451895043731778,TRUE,"","NULL","",4.89700000000001
296,8317247,2,0.5,FALSE,NA,1,0.95,57,162,57,"{grade3} & {pgr <= 337}",686,246,302,0.440233236151603,TRUE,"","NULL","",5.88999999999999
297,8317248,2,0.5,FALSE,NA,1,0.86,9,113,9,"{age <= 61} & !{er <= 100}",686,246,280,0.408163265306122,TRUE,"","NULL","",6.182
298,8317249,2,0.5,FALSE,NA,1,0.87,16,63,16,"{age <= 46} & !{pgr <= 0}",686,246,292,0.425655976676385,TRUE,"","NULL","",4.651
299,8317250,2,0.5,FALSE,NA,1,0.87,16,70,16,"!{pgr <= 114} & !{nodes <= 1}",686,246,297,0.432944606413994,TRUE,"","NULL","",5.016
300,8317251,2,0.5,FALSE,NA,1,0.67,4,61,4,"!{size <= 25} & {er <= 17}",686,246,299,0.435860058309038,TRUE,"","NULL","",4.754
301,8317252,2,0.5,FALSE,NA,1,0.69,7,49,7,"!{pgr <= 114} & {nodes <= 5}",686,246,305,0.444606413994169,TRUE,"","NULL","",5.379
302,8317253,2,0.5,FALSE,NA,0,NA,0,9,0,"",686,246,304,0.443148688046647,TRUE,"","NULL","",4.36300000000001
303,8317254,2,0.5,FALSE,NA,1,0.58,3,8,3,"{pgr <= 16} & !{pgr <= 8}",686,246,301,0.438775510204082,TRUE,"","NULL","",4.645
304,8317255,2,0.5,FALSE,NA,1,0.94,109,425,109,"{nodes <= 3} & !{age <= 61}",686,246,295,0.43002915451895,TRUE,"","NULL","Loglik converged before variable  1 ; coefficient may be infinite. ",8.265
305,8317256,2,0.5,FALSE,NA,1,0.94,19,100,19,"{nodes <= 3} & !{pgr <= 114}",686,246,309,0.450437317784257,TRUE,"","NULL","",6.057
306,8317257,2,0.5,FALSE,NA,1,0.91,10,58,10,"{er <= 17} & !{pgr <= 16}",686,246,306,0.446064139941691,TRUE,"","NULL","",5.035
307,8317258,2,0.5,FALSE,NA,1,0.94,44,216,44,"{pgr <= 0}",686,246,329,0.479591836734694,TRUE,"","NULL","",7.58600000000001
308,8317259,2,0.5,FALSE,NA,1,0.77,6,50,6,"!{size <= 25} & {age <= 46}",686,246,299,0.435860058309038,TRUE,"","NULL","",4.058
309,8317260,2,0.5,FALSE,NA,1,0.99,55,163,55,"{age <= 46} & {er <= 174}",686,246,303,0.441690962099125,TRUE,"","NULL","",7
310,8317261,2,0.5,FALSE,NA,1,0.93,34,264,34,"!{er <= 9} & {er <= 17}",686,246,305,0.444606413994169,TRUE,"","NULL","",7.891
311,8317262,2,0.5,FALSE,NA,1,0.74,3,46,3,"!{pgr <= 184} & !{nodes <= 1}",686,246,311,0.4533527696793,TRUE,"","NULL","",4.806
312,8317263,2,0.5,FALSE,NA,0,NA,0,19,0,"",686,246,302,0.440233236151603,TRUE,"","NULL","",3.383
313,8317264,2,0.5,FALSE,NA,1,0.95,25,115,25,"{age <= 46} & !{pgr <= 8}",686,246,303,0.441690962099125,TRUE,"","NULL","",6.489
314,8317265,2,0.5,FALSE,NA,1,0.89,13,71,13,"{er <= 70} & !{er <= 30}",686,246,293,0.427113702623907,TRUE,"","NULL","",4.95
315,8317266,2,0.5,FALSE,NA,1,0.82,24,124,24,"{er <= 17} & {size <= 35}",686,246,304,0.443148688046647,TRUE,"","NULL","",5.806
316,8317267,2,0.5,FALSE,NA,1,0.96,29,74,29,"{grade3} & {pgr <= 337}",686,246,320,0.466472303206997,TRUE,"","NULL","",4.715
317,8317268,2,0.5,FALSE,NA,1,0.68,7,101,7,"!{nodes <= 1} & {nodes <= 3}",686,246,299,0.435860058309038,TRUE,"","NULL","",6.192
318,8317269,2,0.5,FALSE,NA,1,0.9,9,26,9,"{er <= 17} & !{er <= 9}",686,246,302,0.440233236151603,TRUE,"","NULL","",4.373
319,8317270,2,0.5,FALSE,NA,1,0.98,11,89,11,"{er <= 9} & !{er <= 3}",686,246,299,0.435860058309038,TRUE,"","NULL","",5.984
320,8317271,2,0.5,FALSE,NA,1,0.83,9,38,9,"{age <= 53} & !{nodes <= 5}",686,246,298,0.434402332361516,TRUE,"","NULL","",4.58
321,8317272,2,0.5,FALSE,NA,1,0.84,6,33,6,"!{age <= 61} & {er <= 70}",686,246,296,0.431486880466472,TRUE,"","NULL","",5.016
322,8317273,2,0.5,FALSE,NA,0,NA,0,19,0,"",686,246,299,0.435860058309038,TRUE,"","NULL","",4.773
323,8317274,2,0.5,FALSE,NA,1,0.55,2,21,2,"!{pgr <= 184} & !{age <= 46}",686,246,299,0.435860058309038,TRUE,"","NULL","",4.945
324,8317275,2,0.5,FALSE,NA,1,0.9,30,169,30,"{pgr <= 77} & !{er <= 70}",686,246,298,0.434402332361516,TRUE,"","NULL","",6.2
325,8317276,2,0.5,FALSE,NA,1,0.81,6,29,6,"{size <= 29} & !{age <= 61}",686,246,321,0.467930029154519,TRUE,"","NULL","",5.139
326,8317277,2,0.5,FALSE,NA,1,0.67,3,52,3,"!{er <= 100} & {nodes <= 3}",686,246,307,0.447521865889213,TRUE,"","NULL","",5.225
327,8317278,2,0.5,FALSE,NA,1,0.98,59,178,59,"{er <= 0} & {pgr <= 8}",686,246,309,0.450437317784257,TRUE,"","NULL","",7.269
328,8317279,2,0.5,FALSE,NA,1,0.99,61,221,61,"!{er <= 70} & {pgr <= 45}",686,246,310,0.451895043731778,TRUE,"","NULL","",5.882
329,8317280,2,0.5,FALSE,NA,1,0.91,5,30,5,"!{er <= 30} & {pgr <= 26}",686,246,315,0.459183673469388,TRUE,"","NULL","",4.873
330,8317281,2,0.5,FALSE,NA,1,0.93,29,117,29,"{size <= 25} & !{er <= 70}",686,246,292,0.425655976676385,TRUE,"","NULL","",5.985
331,8317282,2,0.5,FALSE,NA,1,0.81,6,57,6,"!{pgr <= 77} & {size <= 25}",686,246,286,0.416909620991254,TRUE,"","NULL","",4.934
332,8317283,2,0.5,FALSE,NA,1,0.78,11,92,11,"{size <= 20} & {er <= 70}",686,246,306,0.446064139941691,TRUE,"","NULL","",5.148
333,8317284,2,0.5,FALSE,NA,1,0.92,33,145,33,"{pgr <= 45} & !{er <= 44}",686,246,322,0.469387755102041,TRUE,"","NULL","",6.833
334,8317285,2,0.5,FALSE,NA,1,0.89,61,233,61,"{size <= 25} & {pgr <= 8}",686,246,290,0.422740524781341,TRUE,"","NULL","",6.681
335,8317286,2,0.5,FALSE,NA,1,0.97,43,213,43,"!{meno} & !{size <= 29}",686,246,299,0.435860058309038,TRUE,"","NULL","",6.685
336,8317287,2,0.5,FALSE,NA,1,0.93,58,242,58,"!{nodes <= 5} & !{meno}",686,246,313,0.456268221574344,TRUE,"","NULL","",5.157
337,8317288,2,0.5,FALSE,NA,1,0.93,19,65,19,"!{meno} & {er <= 30}",686,246,291,0.424198250728863,TRUE,"","NULL","",5.355
338,8317289,2,0.5,FALSE,NA,1,0.88,38,216,38,"{size <= 35} & {age <= 46}",686,246,309,0.450437317784257,TRUE,"","NULL","",7.029
339,8317290,2,0.5,FALSE,NA,1,0.95,43,118,43,"{age <= 46} & !{pgr <= 0}",686,246,310,0.451895043731778,TRUE,"","NULL","",5.825
340,8317291,2,0.5,FALSE,NA,1,0.95,76,251,76,"{er <= 9} & {nodes <= 3}",686,246,319,0.465014577259475,TRUE,"","NULL","",5.78100000000001
341,8317292,2,0.5,FALSE,NA,1,0.92,14,49,14,"!{pgr <= 184} & {nodes <= 7}",686,246,298,0.434402332361516,TRUE,"","NULL","",5.22
342,8317293,2,0.5,FALSE,NA,1,0.68,12,85,12,"!{nodes <= 5} & {er <= 174}",686,246,325,0.473760932944606,TRUE,"","NULL","",5.818
343,8317294,2,0.5,FALSE,NA,1,0.86,8,40,8,"{nodes <= 1} & {pgr <= 26}",686,246,299,0.435860058309038,TRUE,"","NULL","",4.941
344,8317295,2,0.5,FALSE,NA,1,0.86,15,71,15,"{meno} & !{er <= 174}",686,246,283,0.412536443148688,TRUE,"","NULL","",4.961
345,8317296,2,0.5,FALSE,NA,1,0.94,19,55,19,"!{size <= 35} & !{er <= 17}",686,246,292,0.425655976676385,TRUE,"","NULL","",5.618
346,8317297,2,0.5,FALSE,NA,1,0.66,1,13,1,"{nodes <= 3} & {pgr <= 16}",686,246,296,0.431486880466472,TRUE,"","NULL","",4.478
347,8317298,2,0.5,FALSE,NA,1,0.8,8,81,8,"!{pgr <= 77} & !{age <= 46}",686,246,296,0.431486880466472,TRUE,"","NULL","",5.468
348,8317299,2,0.5,FALSE,NA,1,0.9,45,152,45,"!{meno} & {er <= 30}",686,246,283,0.412536443148688,TRUE,"","NULL","",6.112
349,8317300,2,0.5,FALSE,NA,1,0.96,98,276,98,"{age <= 46} & {er <= 174}",686,246,315,0.459183673469388,TRUE,"","NULL","",8.243
350,8317301,2,0.5,FALSE,NA,1,0.95,19,87,19,"{grade3} & {pgr <= 8}",686,246,303,0.441690962099125,TRUE,"","NULL","",5.018
351,8317302,2,0.5,FALSE,NA,1,0.92,7,29,7,"{pgr <= 26} & !{size <= 35}",686,246,303,0.441690962099125,TRUE,"","NULL","",4.66399999999999
352,8317303,2,0.5,FALSE,NA,1,0.99,41,133,41,"!{nodes <= 5} & {nodes <= 7}",686,246,338,0.492711370262391,TRUE,"","NULL","",4.886
353,8317304,2,0.5,FALSE,NA,0,NA,0,20,0,"",686,246,294,0.428571428571429,TRUE,"","NULL","",4.834
354,8317305,2,0.5,FALSE,NA,1,0.97,103,285,103,"!{size <= 35} & !{grade3}",686,246,300,0.43731778425656,TRUE,"","NULL","",8.255
355,8317306,2,0.5,FALSE,NA,1,0.99,34,97,34,"!{nodes <= 3} & {er <= 9}",686,246,288,0.419825072886297,TRUE,"","NULL","",5.598
356,8317307,2,0.5,FALSE,NA,1,0.82,20,164,20,"{pgr <= 2} & !{size <= 20}",686,246,302,0.440233236151603,TRUE,"","NULL","",5.044
357,8317308,2,0.5,FALSE,NA,0,NA,0,20,0,"",686,246,312,0.454810495626822,TRUE,"","NULL","",4.655
358,8317309,2,0.5,FALSE,NA,1,0.61,4,16,4,"{age <= 53} & !{nodes <= 5}",686,246,314,0.457725947521866,TRUE,"","NULL","",4.693
359,8317310,2,0.5,FALSE,NA,1,0.62,1,18,1,"{nodes <= 1} & !{pgr <= 77}",686,246,298,0.434402332361516,TRUE,"","NULL","",4.697
360,8317311,2,0.5,FALSE,NA,1,0.73,1,23,1,"!{er <= 9} & {er <= 17}",686,246,300,0.43731778425656,TRUE,"","NULL","",4.592
361,8317312,2,0.5,FALSE,NA,1,0.92,50,154,50,"!{pgr <= 77} & !{er <= 44}",686,246,288,0.419825072886297,TRUE,"","NULL","",6.997
362,8317313,2,0.5,FALSE,NA,1,0.66,1,39,1,"!{grade3} & {er <= 3}",686,246,308,0.448979591836735,TRUE,"","NULL","",4.972
363,8317314,2,0.5,FALSE,NA,0,NA,0,11,0,"",686,246,308,0.448979591836735,TRUE,"","NULL","",4.559
364,8317315,2,0.5,FALSE,NA,1,0.75,6,41,6,"{er <= 9} & {age <= 53}",686,246,296,0.431486880466472,TRUE,"","NULL","",4.669
365,8317316,2,0.5,FALSE,NA,1,0.9,13,71,13,"!{pgr <= 26} & {nodes <= 1}",686,246,272,0.396501457725948,TRUE,"","NULL","",5.753
366,8317317,2,0.5,FALSE,NA,1,0.77,16,68,16,"!{age <= 61} & !{er <= 3}",686,246,286,0.416909620991254,TRUE,"","NULL","",5.389
367,8317318,2,0.5,FALSE,NA,1,0.87,22,109,22,"!{er <= 174} & {size <= 35}",686,246,330,0.481049562682216,TRUE,"","NULL","",5.947
368,8317319,2,0.5,FALSE,NA,1,0.89,11,48,11,"{age <= 53} & !{size <= 35}",686,246,318,0.463556851311953,TRUE,"","NULL","",4.335
369,8317320,2,0.5,FALSE,NA,1,0.91,23,131,23,"{er <= 9} & !{size <= 20}",686,246,305,0.444606413994169,TRUE,"","NULL","",6.461
370,8317321,2,0.5,FALSE,NA,1,0.75,8,70,8,"{size <= 35} & !{nodes <= 7}",686,246,298,0.434402332361516,TRUE,"","NULL","",4.936
371,8317322,2,0.5,FALSE,NA,1,1,51,194,51,"{er <= 17} & !{er <= 9}",686,246,309,0.450437317784257,TRUE,"","NULL","",6.894
372,8317323,2,0.5,FALSE,NA,1,0.92,12,67,12,"{nodes <= 7} & {age <= 46}",686,246,273,0.397959183673469,TRUE,"","NULL","",4.145
373,8317324,2,0.5,FALSE,NA,1,0.94,44,310,44,"{size <= 29} & {age <= 53}",686,246,293,0.427113702623907,TRUE,"","NULL","",8.884
374,8317325,2,0.5,FALSE,NA,1,0.93,42,96,42,"!{size <= 35} & {er <= 174}",686,246,303,0.441690962099125,TRUE,"","NULL","",5.692
375,8317326,2,0.5,FALSE,NA,1,0.85,14,88,14,"!{pgr <= 77} & {er <= 100}",686,246,306,0.446064139941691,TRUE,"","NULL","",5.612
376,8317327,2,0.5,FALSE,NA,1,0.98,200,464,200,"{pgr <= 45} & {age <= 53}",686,246,304,0.443148688046647,TRUE,"","NULL","",6.70200000000001
377,8317328,2,0.5,FALSE,NA,1,0.96,27,114,27,"{er <= 17} & !{er <= 9}",686,246,298,0.434402332361516,TRUE,"","NULL","",6.334
378,8317329,2,0.5,FALSE,NA,0,NA,0,8,0,"",686,246,299,0.435860058309038,TRUE,"","NULL","",4.144
379,8317330,2,0.5,FALSE,NA,1,0.91,14,55,14,"{size <= 29} & {pgr <= 16}",686,246,287,0.418367346938776,TRUE,"","NULL","",4.989
380,8317331,2,0.5,FALSE,NA,1,0.83,15,134,15,"!{pgr <= 26} & {size <= 20}",686,246,289,0.421282798833819,TRUE,"","NULL","",5.677
381,8317332,2,0.5,FALSE,NA,1,0.88,13,62,13,"{age <= 53} & {grade3}",686,246,318,0.463556851311953,TRUE,"","NULL","",5.613
382,8317333,2,0.5,FALSE,NA,1,0.76,6,77,6,"!{grade3} & {pgr <= 26}",686,246,307,0.447521865889213,TRUE,"","NULL","",5.276
383,8317334,2,0.5,FALSE,NA,1,0.76,17,133,17,"!{pgr <= 114} & !{er <= 44}",686,246,312,0.454810495626822,TRUE,"","NULL","",6.338
384,8317335,2,0.5,FALSE,NA,0,NA,0,6,0,"",686,246,296,0.431486880466472,TRUE,"","NULL","",4.117
385,8317336,2,0.5,FALSE,NA,1,0.81,15,57,15,"!{er <= 9} & {er <= 44}",686,246,284,0.41399416909621,TRUE,"","NULL","",5.325
386,8317337,2,0.5,FALSE,NA,0,NA,0,18,0,"",686,246,293,0.427113702623907,TRUE,"","NULL","",4.62599999999999
387,8317338,2,0.5,FALSE,NA,1,0.92,6,59,6,"!{er <= 9} & {er <= 17}",686,246,296,0.431486880466472,TRUE,"","NULL","",5.24799999999999
388,8317339,2,0.5,FALSE,NA,1,0.98,13,53,13,"!{age <= 46} & {pgr <= 0}",686,246,314,0.457725947521866,TRUE,"","NULL","",4.819
389,8317340,2,0.5,FALSE,NA,0,NA,0,12,0,"",686,246,311,0.4533527696793,TRUE,"","NULL","",4.827
390,8317341,2,0.5,FALSE,NA,1,0.8,16,91,16,"{size <= 20} & {er <= 70}",686,246,279,0.406705539358601,TRUE,"","NULL","",5.244
391,8317342,2,0.5,FALSE,NA,1,0.95,20,76,20,"!{size <= 25} & {er <= 17}",686,246,322,0.469387755102041,TRUE,"","NULL","",5.461
392,8317343,2,0.5,FALSE,NA,1,0.97,38,99,38,"{nodes <= 1} & !{pgr <= 0}",686,246,309,0.450437317784257,TRUE,"","NULL","",5.099
393,8317344,2,0.5,FALSE,NA,1,0.9,10,62,10,"!{meno} & !{age <= 46}",686,246,299,0.435860058309038,TRUE,"","NULL","",5.80499999999999
394,8317345,2,0.5,FALSE,NA,1,0.6,2,24,2,"!{size <= 35} & {pgr <= 114}",686,246,290,0.422740524781341,TRUE,"","NULL","",4.70700000000001
395,8317346,2,0.5,FALSE,NA,1,0.62,7,31,7,"{size <= 20} & {er <= 44}",686,246,313,0.456268221574344,TRUE,"","NULL","",4.608
396,8317347,2,0.5,FALSE,NA,1,0.86,20,69,20,"!{size <= 29} & {er <= 30}",686,246,295,0.43002915451895,TRUE,"","NULL","",4.892
397,8317348,2,0.5,FALSE,NA,1,0.72,2,34,2,"{er <= 30} & !{size <= 35}",686,246,309,0.450437317784257,TRUE,"","NULL","",5.072
398,8317349,2,0.5,FALSE,NA,1,0.96,52,120,52,"{age <= 46} & {er <= 70}",686,246,308,0.448979591836735,TRUE,"","NULL","",6.041
399,8317350,2,0.5,FALSE,NA,1,0.96,36,156,36,"!{er <= 9} & {er <= 17}",686,246,296,0.431486880466472,TRUE,"","NULL","",6.301
400,8317351,2,0.5,FALSE,NA,1,0.92,4,17,4,"!{pgr <= 45} & {pgr <= 77}",686,246,290,0.422740524781341,TRUE,"","NULL","",3.85299999999999
401,8317352,2,0.5,FALSE,NA,1,0.89,10,70,10,"!{pgr <= 77} & {pgr <= 184}",686,246,283,0.412536443148688,TRUE,"","NULL","Loglik converged before variable  1 ; coefficient may be infinite.  | Loglik converged before variable  1 ; coefficient may be infinite. ",5.682
402,8317353,2,0.5,FALSE,NA,1,0.91,21,90,21,"{age <= 53} & {pgr <= 114}",686,246,305,0.444606413994169,TRUE,"","NULL","",5.434
403,8317354,2,0.5,FALSE,NA,1,0.85,8,36,8,"!{meno} & {pgr <= 114}",686,246,274,0.399416909620991,TRUE,"","NULL","",4.59100000000001
404,8317355,2,0.5,FALSE,NA,1,0.94,21,115,21,"{er <= 70} & !{pgr <= 114}",686,246,316,0.46064139941691,TRUE,"","NULL","",5.54000000000001
405,8317356,2,0.5,FALSE,NA,1,0.97,73,270,73,"{size <= 20} & {er <= 30}",686,246,312,0.454810495626822,TRUE,"","NULL","",8.469
406,8317357,2,0.5,FALSE,NA,1,0.94,118,339,118,"!{pgr <= 45} & {nodes <= 1}",686,246,290,0.422740524781341,TRUE,"","NULL","",8.634
407,8317358,2,0.5,FALSE,NA,0,NA,0,4,0,"",686,246,295,0.43002915451895,TRUE,"","NULL","",3.89699999999999
408,8317359,2,0.5,FALSE,NA,1,0.93,46,136,46,"!{size <= 20} & {size <= 25}",686,246,293,0.427113702623907,TRUE,"","NULL","",4.095
409,8317360,2,0.5,FALSE,NA,0,NA,0,8,0,"",686,246,320,0.466472303206997,TRUE,"","NULL","",4.86300000000001
410,8317361,2,0.5,FALSE,NA,1,0.97,25,94,25,"{grade3} & {pgr <= 16}",686,246,318,0.463556851311953,TRUE,"","NULL","",5.47
411,8317362,2,0.5,FALSE,NA,1,0.77,18,82,18,"!{age <= 61} & !{pgr <= 2}",686,246,291,0.424198250728863,TRUE,"","NULL","",5.57599999999999
412,8317363,2,0.5,FALSE,NA,1,0.56,7,63,7,"{nodes <= 5} & !{er <= 100}",686,246,290,0.422740524781341,TRUE,"","NULL","",4.76000000000001
413,8317364,2,0.5,FALSE,NA,0,NA,0,5,0,"",686,246,286,0.416909620991254,TRUE,"","NULL","",4.299
414,8317365,2,0.5,FALSE,NA,1,0.87,23,128,23,"!{pgr <= 114} & {pgr <= 337}",686,246,308,0.448979591836735,TRUE,"","NULL","",5.62199999999999
415,8317366,2,0.5,FALSE,NA,1,0.83,12,52,12,"{age <= 53} & !{nodes <= 5}",686,246,310,0.451895043731778,TRUE,"","NULL","",5.018
416,8317367,2,0.5,FALSE,NA,1,0.87,37,133,37,"!{meno} & {size <= 25}",686,246,306,0.446064139941691,TRUE,"","NULL","",5.57499999999999
417,8317368,2,0.5,FALSE,NA,1,0.71,11,78,11,"!{er <= 174} & !{age <= 46}",686,246,286,0.416909620991254,TRUE,"","NULL","",5.84800000000001
418,8317369,2,0.5,FALSE,NA,1,0.66,1,3,1,"{er <= 17} & !{er <= 9}",686,246,304,0.443148688046647,TRUE,"","NULL","",4.464
419,8317370,2,0.5,FALSE,NA,0,NA,0,12,0,"",686,246,283,0.412536443148688,TRUE,"","NULL","",4.461
420,8317371,2,0.5,FALSE,NA,1,0.99,136,334,136,"!{meno} & {pgr <= 16}",686,246,330,0.481049562682216,TRUE,"","NULL","",7.756
421,8317372,2,0.5,FALSE,NA,1,0.9,21,82,21,"!{size <= 35} & {age <= 61}",686,246,295,0.43002915451895,TRUE,"","NULL","",6.038
422,8317373,2,0.5,FALSE,NA,1,0.88,14,57,14,"!{pgr <= 114} & {size <= 25}",686,246,314,0.457725947521866,TRUE,"","NULL","",5.35899999999999
423,8317374,2,0.5,FALSE,NA,1,0.74,2,20,2,"{size <= 29} & !{nodes <= 5}",686,246,290,0.422740524781341,TRUE,"","NULL","",4.69800000000001
424,8317375,2,0.5,FALSE,NA,1,0.66,2,25,2,"!{nodes <= 1} & !{er <= 174}",686,246,317,0.462099125364431,TRUE,"","NULL","",4.36499999999999
425,8317376,2,0.5,FALSE,NA,1,0.92,38,90,38,"!{size <= 25} & {er <= 30}",686,246,321,0.467930029154519,TRUE,"","NULL","Loglik converged before variable  1 ; coefficient may be infinite.  | Loglik converged before variable  1 ; coefficient may be infinite.  | Loglik converged before variable  1 ; coefficient may be infinite. ",6.099
426,8317377,2,0.5,FALSE,NA,1,0.61,1,12,1,"!{age <= 46} & {pgr <= 0}",686,246,313,0.456268221574344,TRUE,"","NULL","",4.18799999999999
427,8317378,2,0.5,FALSE,NA,1,0.94,92,338,92,"{pgr <= 16} & {age <= 53}",686,246,304,0.443148688046647,TRUE,"","NULL","",8.51900000000001
428,8317379,2,0.5,FALSE,NA,1,0.79,5,27,5,"!{pgr <= 77} & !{er <= 44}",686,246,299,0.435860058309038,TRUE,"","NULL","",3.75700000000001
429,8317380,2,0.5,FALSE,NA,1,0.75,5,73,5,"{age <= 46} & {size <= 29}",686,246,307,0.447521865889213,TRUE,"","NULL","",5.721
430,8317381,2,0.5,FALSE,NA,1,0.81,21,111,21,"{age <= 46} & {nodes <= 5}",686,246,292,0.425655976676385,TRUE,"","NULL","",5.78100000000001
431,8317382,2,0.5,FALSE,NA,1,0.67,1,7,1,"{pgr <= 77} & !{pgr <= 45}",686,246,306,0.446064139941691,TRUE,"","NULL","",4.256
432,8317383,2,0.5,FALSE,NA,1,0.81,7,30,7,"!{er <= 100} & {nodes <= 3}",686,246,306,0.446064139941691,TRUE,"","NULL","",4.337
433,8317384,2,0.5,FALSE,NA,1,0.97,20,66,20,"{er <= 3} & {nodes <= 5}",686,246,295,0.43002915451895,TRUE,"","NULL","",5.20800000000001
434,8317385,2,0.5,FALSE,NA,1,0.92,24,98,24,"!{grade3} & {pgr <= 8}",686,246,317,0.462099125364431,TRUE,"","NULL","",5.43799999999999
435,8317386,2,0.5,FALSE,NA,1,0.92,8,67,8,"{nodes <= 1} & {pgr <= 26}",686,246,289,0.421282798833819,TRUE,"","NULL","",5.517
436,8317387,2,0.5,FALSE,NA,0,NA,0,5,0,"",686,246,336,0.489795918367347,TRUE,"","NULL","",3.97199999999999
437,8317388,2,0.5,FALSE,NA,1,1,290,698,290,"{size <= 29} & {age <= 46}",686,246,308,0.448979591836735,TRUE,"","NULL","",14.111
438,8317389,2,0.5,FALSE,NA,1,0.98,22,102,22,"{er <= 44} & !{pgr <= 77}",686,246,321,0.467930029154519,TRUE,"","NULL","",5.77200000000001
439,8317390,2,0.5,FALSE,NA,0,NA,0,4,0,"",686,246,288,0.419825072886297,TRUE,"","NULL","",3.08800000000001
440,8317391,2,0.5,FALSE,NA,1,0.94,83,266,83,"!{size <= 25} & {er <= 30}",686,246,291,0.424198250728863,TRUE,"","NULL","",4.502
441,8317392,2,0.5,FALSE,NA,1,0.95,59,179,59,"{size <= 20} & {er <= 44}",686,246,309,0.450437317784257,TRUE,"","NULL","",7.57000000000001
442,8317393,2,0.5,FALSE,NA,1,0.83,6,50,6,"{size <= 20} & !{meno}",686,246,315,0.459183673469388,TRUE,"","NULL","",5.39099999999999
443,8317394,2,0.5,FALSE,NA,1,0.98,10,77,10,"{er <= 70} & !{er <= 44}",686,246,289,0.421282798833819,TRUE,"","NULL","",4.92399999999999
444,8317395,2,0.5,FALSE,NA,1,0.92,15,65,15,"!{pgr <= 77} & {nodes <= 1}",686,246,303,0.441690962099125,TRUE,"","NULL","",4.13200000000001
445,8317396,2,0.5,FALSE,NA,1,0.75,3,19,3,"{nodes <= 3} & !{pgr <= 114}",686,246,303,0.441690962099125,TRUE,"","NULL","",4.90000000000001
446,8317397,2,0.5,FALSE,NA,1,0.92,59,168,59,"{size <= 29} & {age <= 46}",686,246,314,0.457725947521866,TRUE,"","NULL","",6.76300000000001
447,8317398,2,0.5,FALSE,NA,1,0.95,28,95,28,"!{size <= 35} & {pgr <= 184}",686,246,287,0.418367346938776,TRUE,"","NULL","",5.65300000000001
448,8317399,2,0.5,FALSE,NA,1,0.62,2,20,2,"{pgr <= 2} & {age <= 61}",686,246,289,0.421282798833819,TRUE,"","NULL","",3.773
449,8317400,2,0.5,FALSE,NA,1,0.95,46,193,46,"{er <= 30} & !{er <= 9}",686,246,286,0.416909620991254,TRUE,"","NULL","",7.524
450,8317401,2,0.5,FALSE,NA,1,0.97,28,96,28,"!{er <= 17} & {age <= 46}",686,246,303,0.441690962099125,TRUE,"","NULL","",5.893
451,8317402,2,0.5,FALSE,NA,1,0.67,3,43,3,"{age <= 46} & {size <= 29}",686,246,289,0.421282798833819,TRUE,"","NULL","",4.89099999999999
452,8317403,2,0.5,FALSE,NA,1,0.91,35,129,35,"{age <= 46} & {size <= 35}",686,246,288,0.419825072886297,TRUE,"","NULL","Loglik converged before variable  1 ; coefficient may be infinite. ",4.56699999999999
453,8317404,2,0.5,FALSE,NA,1,0.88,9,56,9,"{nodes <= 1} & {er <= 44}",686,246,286,0.416909620991254,TRUE,"","NULL","",5.00299999999999
454,8317405,2,0.5,FALSE,NA,1,0.88,13,55,13,"!{pgr <= 45} & !{er <= 174}",686,246,301,0.438775510204082,TRUE,"","NULL","",4.80600000000001
455,8317406,2,0.5,FALSE,NA,1,0.93,23,116,23,"{nodes <= 5} & !{size <= 35}",686,246,305,0.444606413994169,TRUE,"","NULL","",5.774
456,8317407,2,0.5,FALSE,NA,1,0.75,3,27,3,"{nodes <= 7} & !{size <= 35}",686,246,264,0.384839650145773,TRUE,"","NULL","",4.386
457,8317408,2,0.5,FALSE,NA,1,0.79,13,75,13,"!{grade3} & {er <= 17}",686,246,275,0.400874635568513,TRUE,"","NULL","",5.642
458,8317409,2,0.5,FALSE,NA,1,0.87,32,126,32,"{pgr <= 2} & {er <= 30}",686,246,324,0.472303206997085,TRUE,"","NULL","",6.182
459,8317410,2,0.5,FALSE,NA,1,0.81,3,15,3,"!{er <= 9} & {grade3}",686,246,277,0.403790087463557,TRUE,"","NULL","",4.629
460,8317411,2,0.5,FALSE,NA,1,0.59,1,19,1,"!{er <= 17} & {er <= 44}",686,246,288,0.419825072886297,TRUE,"","NULL","",3.98399999999999
461,8317412,2,0.5,FALSE,NA,0,NA,0,6,0,"",686,246,309,0.450437317784257,TRUE,"","NULL","",4.76199999999999
462,8317413,2,0.5,FALSE,NA,1,0.77,31,214,31,"!{pgr <= 77} & {er <= 174}",686,246,296,0.431486880466472,TRUE,"","NULL","",7.761
463,8317414,2,0.5,FALSE,NA,1,0.84,34,205,34,"!{pgr <= 77} & !{nodes <= 1}",686,246,292,0.425655976676385,TRUE,"","NULL","",6.629
464,8317415,2,0.5,FALSE,NA,1,0.95,42,104,42,"{size <= 20} & !{pgr <= 26}",686,246,288,0.419825072886297,TRUE,"","NULL","",4.102
465,8317416,2,0.5,FALSE,NA,1,0.93,33,92,33,"{nodes <= 7} & !{er <= 174}",686,246,314,0.457725947521866,TRUE,"","NULL","",6.21299999999999
466,8317417,2,0.5,FALSE,NA,1,0.88,7,53,7,"!{er <= 100} & !{grade3}",686,246,311,0.4533527696793,TRUE,"","NULL","",5.011
467,8317418,2,0.5,FALSE,NA,1,0.73,1,17,1,"!{er <= 9} & {er <= 17}",686,246,301,0.438775510204082,TRUE,"","NULL","",4.485
468,8317419,2,0.5,FALSE,NA,0,NA,0,11,0,"",686,246,290,0.422740524781341,TRUE,"","NULL","",4.33500000000001
469,8317420,2,0.5,FALSE,NA,1,0.73,4,52,4,"!{size <= 29} & {age <= 53}",686,246,285,0.415451895043732,TRUE,"","NULL","",5.17599999999999
470,8317421,2,0.5,FALSE,NA,1,0.94,8,73,8,"{age <= 53} & {meno}",686,246,313,0.456268221574344,TRUE,"","NULL","",5.413
471,8317422,2,0.5,FALSE,NA,1,0.92,4,19,4,"{er <= 100} & !{er <= 70}",686,246,305,0.444606413994169,TRUE,"","NULL","",4.84999999999999
472,8317423,2,0.5,FALSE,NA,1,0.74,3,13,3,"!{pgr <= 16} & {pgr <= 45}",686,246,276,0.402332361516035,TRUE,"","NULL","",4.155
473,8317424,2,0.5,FALSE,NA,1,0.85,18,96,18,"{nodes <= 1} & !{grade3}",686,246,308,0.448979591836735,TRUE,"","NULL","",6.263
474,8317425,2,0.5,FALSE,NA,1,0.84,8,41,8,"{nodes <= 7} & {grade3}",686,246,297,0.432944606413994,TRUE,"","NULL","",4.69500000000001
475,8317426,2,0.5,FALSE,NA,0,NA,0,18,0,"",686,246,285,0.415451895043732,TRUE,"","NULL","",4.36
476,8317427,2,0.5,FALSE,NA,1,0.8,12,61,12,"{grade3} & {er <= 44}",686,246,319,0.465014577259475,TRUE,"","NULL","",4.93700000000001
477,8317428,2,0.5,FALSE,NA,1,0.85,5,44,5,"!{age <= 61} & {nodes <= 5}",686,246,288,0.419825072886297,TRUE,"","NULL","",4.93299999999999
478,8317429,2,0.5,FALSE,NA,0,NA,0,8,0,"",686,246,306,0.446064139941691,TRUE,"","NULL","",4.47499999999999
479,8317430,2,0.5,FALSE,NA,1,0.89,26,92,26,"!{pgr <= 184} & !{nodes <= 1}",686,246,268,0.39067055393586,TRUE,"","NULL","",5.508
480,8317431,2,0.5,FALSE,NA,1,0.6,6,50,6,"{age <= 53} & {pgr <= 16}",686,246,286,0.416909620991254,TRUE,"","NULL","",4.93499999999999
481,8317432,2,0.5,FALSE,NA,1,0.76,5,26,5,"!{age <= 61} & !{pgr <= 16}",686,246,275,0.400874635568513,TRUE,"","NULL","",5.079
482,8317433,2,0.5,FALSE,NA,1,0.93,80,398,80,"!{size <= 25} & !{nodes <= 5}",686,246,321,0.467930029154519,TRUE,"","NULL","Loglik converged before variable  1 ; coefficient may be infinite. ",9.465
483,8317434,2,0.5,FALSE,NA,1,0.89,48,123,48,"{size <= 29} & !{nodes <= 5}",686,246,300,0.43731778425656,TRUE,"","NULL","",5.794
484,8317435,2,0.5,FALSE,NA,1,0.63,3,26,3,"{age <= 46} & {pgr <= 45}",686,246,310,0.451895043731778,TRUE,"","NULL","",3.39
485,8317436,2,0.5,FALSE,NA,1,0.96,70,177,70,"{pgr <= 2} & !{age <= 46}",686,246,283,0.412536443148688,TRUE,"","NULL","",7.074
486,8317437,2,0.5,FALSE,NA,1,0.73,4,21,4,"!{pgr <= 184} & !{nodes <= 1}",686,246,326,0.475218658892128,TRUE,"","NULL","",4.319
487,8317438,2,0.5,FALSE,NA,1,0.65,2,29,2,"!{pgr <= 26} & !{er <= 174}",686,246,273,0.397959183673469,TRUE,"","NULL","",4.50500000000001
488,8317439,2,0.5,FALSE,NA,1,0.86,13,83,13,"{age <= 46} & !{er <= 0}",686,246,272,0.396501457725948,TRUE,"","NULL","",4.77199999999999
489,8317440,2,0.5,FALSE,NA,1,0.66,9,57,9,"{nodes <= 3} & !{age <= 53}",686,246,322,0.469387755102041,TRUE,"","NULL","",5.367
490,8317441,2,0.5,FALSE,NA,1,0.81,9,42,9,"!{meno} & !{nodes <= 3}",686,246,320,0.466472303206997,TRUE,"","NULL","",4.736
491,8317442,2,0.5,FALSE,NA,1,0.83,11,69,11,"!{pgr <= 77} & {er <= 44}",686,246,311,0.4533527696793,TRUE,"","NULL","",5.32600000000001
492,8317443,2,0.5,FALSE,NA,1,0.83,7,32,7,"{age <= 53} & !{nodes <= 5}",686,246,295,0.43002915451895,TRUE,"","NULL","",4.636
493,8317444,2,0.5,FALSE,NA,1,0.84,13,77,13,"{er <= 3} & !{size <= 20}",686,246,312,0.454810495626822,TRUE,"","NULL","",5.714
494,8317445,2,0.5,FALSE,NA,1,0.72,2,82,2,"!{pgr <= 77} & !{meno}",686,246,318,0.463556851311953,TRUE,"","NULL","",5.643
495,8317446,2,0.5,FALSE,NA,1,0.97,16,73,16,"!{er <= 174} & !{grade3}",686,246,312,0.454810495626822,TRUE,"","NULL","",5.09299999999999
496,8317447,2,0.5,FALSE,NA,1,0.81,3,47,3,"{age <= 53} & {pgr <= 16}",686,246,283,0.412536443148688,TRUE,"","NULL","",4.06100000000001
497,8317448,2,0.5,FALSE,NA,1,0.84,13,75,13,"!{pgr <= 77} & {pgr <= 184}",686,246,316,0.46064139941691,TRUE,"","NULL","",5.906
498,8317449,2,0.5,FALSE,NA,1,0.69,1,19,1,"{age <= 53} & {pgr <= 2}",686,246,281,0.409620991253644,TRUE,"","NULL","",4.331
499,8317450,2,0.5,FALSE,NA,1,0.56,1,23,1,"{nodes <= 5} & {age <= 46}",686,246,284,0.41399416909621,TRUE,"","NULL","",4.73299999999999
500,8317451,2,0.5,FALSE,NA,1,0.87,4,33,4,"{nodes <= 3} & !{er <= 174}",686,246,281,0.409620991253644,TRUE,"","NULL","",4.75800000000001
501,8317452,2,0.5,FALSE,NA,0,NA,0,9,0,"",686,246,311,0.4533527696793,TRUE,"","NULL","",4.78999999999999
502,8317453,2,0.5,FALSE,NA,1,0.96,143,427,143,"!{meno} & {pgr <= 45}",686,246,305,0.444606413994169,TRUE,"","NULL","",9.874
503,8317454,2,0.5,FALSE,NA,1,0.75,3,31,3,"{age <= 61} & !{er <= 70}",686,246,309,0.450437317784257,TRUE,"","NULL","",4.83500000000001
504,8317455,2,0.5,FALSE,NA,1,0.99,35,121,35,"{er <= 0} & {age <= 61}",686,246,306,0.446064139941691,TRUE,"","NULL","",4.416
505,8317456,2,0.5,FALSE,NA,1,0.77,18,54,18,"!{pgr <= 45} & {er <= 100}",686,246,311,0.4533527696793,TRUE,"","NULL","",5.17100000000001
506,8317457,2,0.5,FALSE,NA,1,0.94,35,159,35,"{grade3} & {age <= 53}",686,246,288,0.419825072886297,TRUE,"","NULL","",7.199
507,8317458,2,0.5,FALSE,NA,1,0.79,10,44,10,"!{size <= 25} & {er <= 17}",686,246,300,0.43731778425656,TRUE,"","NULL","",4.54599999999999
508,8317459,2,0.5,FALSE,NA,1,0.85,4,23,4,"{pgr <= 0} & {age <= 61}",686,246,323,0.470845481049563,TRUE,"","NULL","",3.904
509,8317460,2,0.5,FALSE,NA,1,0.84,25,81,25,"{size <= 25} & !{pgr <= 26}",686,246,289,0.421282798833819,TRUE,"","NULL","",6.093
510,8317461,2,0.5,FALSE,NA,1,0.92,18,102,18,"{age <= 53} & !{age <= 46}",686,246,321,0.467930029154519,TRUE,"","NULL","",5.61800000000001
511,8317462,2,0.5,FALSE,NA,1,0.99,86,224,86,"!{grade3} & {er <= 3}",686,246,303,0.441690962099125,TRUE,"","NULL","",7.375
512,8317463,2,0.5,FALSE,NA,1,0.93,12,55,12,"!{er <= 9} & {er <= 17}",686,246,312,0.454810495626822,TRUE,"","NULL","",3.91699999999999
513,8317464,2,0.5,FALSE,NA,1,0.94,74,206,74,"{size <= 35} & {pgr <= 2}",686,246,304,0.443148688046647,TRUE,"","NULL","",7.76199999999999
514,8317465,2,0.5,FALSE,NA,0,NA,0,1,0,"",686,246,281,0.409620991253644,TRUE,"","NULL","",4.34700000000001
515,8317466,2,0.5,FALSE,NA,1,0.71,2,21,2,"!{size <= 20} & {er <= 3}",686,246,286,0.416909620991254,TRUE,"","NULL","",4.66199999999999
516,8317467,2,0.5,FALSE,NA,1,0.98,17,55,17,"!{size <= 35} & !{pgr <= 26}",686,246,312,0.454810495626822,TRUE,"","NULL","",4.51700000000001
517,8317468,2,0.5,FALSE,NA,1,0.93,19,105,19,"!{size <= 29} & !{nodes <= 3}",686,246,305,0.444606413994169,TRUE,"","NULL","",6.23699999999999
518,8317469,2,0.5,FALSE,NA,1,0.9,3,9,3,"!{er <= 17} & {er <= 30}",686,246,297,0.432944606413994,TRUE,"","NULL","",4.41500000000001
519,8317470,2,0.5,FALSE,NA,1,0.91,39,293,39,"!{pgr <= 77} & {pgr <= 184}",686,246,294,0.428571428571429,TRUE,"","NULL","",8.179
520,8317471,2,0.5,FALSE,NA,1,0.88,34,210,34,"{nodes <= 7} & !{size <= 35}",686,246,307,0.447521865889213,TRUE,"","NULL","",5.372
521,8317472,2,0.5,FALSE,NA,1,0.98,151,381,151,"!{pgr <= 45} & {pgr <= 77}",686,246,274,0.399416909620991,TRUE,"","NULL","",9.27399999999999
522,8317473,2,0.5,FALSE,NA,1,0.98,48,182,48,"!{pgr <= 114} & !{er <= 44}",686,246,308,0.448979591836735,TRUE,"","NULL","",7.07599999999999
523,8317474,2,0.5,FALSE,NA,1,0.82,2,14,2,"{er <= 9} & {grade3}",686,246,299,0.435860058309038,TRUE,"","NULL","",4.078
524,8317475,2,0.5,FALSE,NA,1,0.99,56,181,56,"!{pgr <= 77} & {er <= 44}",686,246,299,0.435860058309038,TRUE,"","NULL","",4.459
525,8317476,2,0.5,FALSE,NA,1,0.96,41,193,41,"{pgr <= 16} & !{age <= 61}",686,246,292,0.425655976676385,TRUE,"","NULL","",7.23199999999999
526,8317477,2,0.5,FALSE,NA,1,0.97,63,203,63,"!{meno} & !{pgr <= 45}",686,246,302,0.440233236151603,TRUE,"","NULL","",6.554
527,8317478,2,0.5,FALSE,NA,1,0.62,1,61,1,"{nodes <= 3} & {er <= 9}",686,246,279,0.406705539358601,TRUE,"","NULL","",4.807
528,8317479,2,0.5,FALSE,NA,1,0.83,7,40,7,"{grade3} & {pgr <= 16}",686,246,290,0.422740524781341,TRUE,"","NULL","",3.77500000000001
529,8317480,2,0.5,FALSE,NA,1,0.98,32,191,32,"!{nodes <= 7} & {age <= 53}",686,246,293,0.427113702623907,TRUE,"","NULL","",7.45100000000001
530,8317481,2,0.5,FALSE,NA,1,0.96,19,89,19,"!{pgr <= 114} & {er <= 100}",686,246,322,0.469387755102041,TRUE,"","NULL","",5.502
531,8317482,2,0.5,FALSE,NA,1,0.91,9,62,9,"!{size <= 35} & {er <= 44}",686,246,286,0.416909620991254,TRUE,"","NULL","",4.726
532,8317483,2,0.5,FALSE,NA,1,0.73,6,31,6,"!{pgr <= 77} & {er <= 174}",686,246,310,0.451895043731778,TRUE,"","NULL","",3.821
533,8317484,2,0.5,FALSE,NA,1,0.97,28,62,28,"{age <= 53} & !{er <= 30}",686,246,292,0.425655976676385,TRUE,"","NULL","",5.492
534,8317485,2,0.5,FALSE,NA,1,0.7,4,70,4,"!{grade3} & {pgr <= 16}",686,246,326,0.475218658892128,TRUE,"","NULL","",5.575
535,8317486,2,0.5,FALSE,NA,1,0.83,8,55,8,"{nodes <= 3} & {pgr <= 8}",686,246,313,0.456268221574344,TRUE,"","NULL","",5.276
536,8317487,2,0.5,FALSE,NA,1,0.75,8,26,8,"!{size <= 35} & {pgr <= 114}",686,246,303,0.441690962099125,TRUE,"","NULL","",4.101
537,8317488,2,0.5,FALSE,NA,1,0.88,32,117,32,"{size <= 20} & !{grade3}",686,246,328,0.478134110787172,TRUE,"","NULL","",6.69900000000001
538,8317489,2,0.5,FALSE,NA,1,0.81,15,50,15,"{nodes <= 1} & {er <= 174}",686,246,309,0.450437317784257,TRUE,"","NULL","",4.923
539,8317490,2,0.5,FALSE,NA,1,0.87,44,151,44,"{er <= 30} & !{size <= 25}",686,246,292,0.425655976676385,TRUE,"","NULL","",6.40600000000001
540,8317491,2,0.5,FALSE,NA,1,0.96,39,153,39,"{grade3} & {er <= 17}",686,246,281,0.409620991253644,TRUE,"","NULL","",4.80800000000001
541,8317492,2,0.5,FALSE,NA,1,0.7,1,26,1,"!{er <= 100} & {pgr <= 77}",686,246,308,0.448979591836735,TRUE,"","NULL","",4.837
542,8317493,2,0.5,FALSE,NA,1,0.83,2,14,2,"{er <= 70} & !{er <= 44}",686,246,307,0.447521865889213,TRUE,"","NULL","",4.512
543,8317494,2,0.5,FALSE,NA,1,0.58,1,15,1,"!{nodes <= 5} & {nodes <= 7}",686,246,294,0.428571428571429,TRUE,"","NULL","",4.70699999999999
544,8317495,2,0.5,FALSE,NA,1,0.64,1,23,1,"{size <= 35} & {er <= 0}",686,246,307,0.447521865889213,TRUE,"","NULL","",4.378
545,8317496,2,0.5,FALSE,NA,1,0.78,2,10,2,"!{pgr <= 77} & {pgr <= 114}",686,246,312,0.454810495626822,TRUE,"","NULL","",4.824
546,8317497,2,0.5,FALSE,NA,1,0.94,36,147,36,"!{er <= 30} & {er <= 100}",686,246,305,0.444606413994169,TRUE,"","NULL","",6.685
547,8317498,2,0.5,FALSE,NA,1,0.76,3,30,3,"{size <= 20} & !{pgr <= 26}",686,246,283,0.412536443148688,TRUE,"","NULL","",4.529
548,8317499,2,0.5,FALSE,NA,1,0.69,2,19,2,"{pgr <= 26} & {age <= 46}",686,246,312,0.454810495626822,TRUE,"","NULL","",4.28099999999999
549,8317500,2,0.5,FALSE,NA,1,0.82,8,49,8,"{er <= 44} & !{pgr <= 45}",686,246,307,0.447521865889213,TRUE,"","NULL","",5.153
550,8317501,2,0.5,FALSE,NA,1,0.91,6,50,6,"!{er <= 9} & {er <= 17}",686,246,312,0.454810495626822,TRUE,"","NULL","",5.28699999999999
551,8317502,2,0.5,FALSE,NA,1,0.97,51,122,51,"{pgr <= 0} & {er <= 9}",686,246,308,0.448979591836735,TRUE,"","NULL","",5.801
552,8317503,2,0.5,FALSE,NA,1,0.62,2,41,2,"{nodes <= 1} & {pgr <= 77}",686,246,305,0.444606413994169,TRUE,"","NULL","",4.34699999999999
553,8317504,2,0.5,FALSE,NA,1,0.86,18,101,18,"{size <= 20} & !{pgr <= 45}",686,246,283,0.412536443148688,TRUE,"","NULL","",6.229
554,8317505,2,0.5,FALSE,NA,0,NA,0,4,0,"",686,246,293,0.427113702623907,TRUE,"","NULL","",4.28100000000001
555,8317506,2,0.5,FALSE,NA,1,0.88,7,85,7,"{grade3} & {pgr <= 45}",686,246,330,0.481049562682216,TRUE,"","NULL","",5.67999999999999
556,8317507,2,0.5,FALSE,NA,1,0.64,1,17,1,"{nodes <= 1} & !{pgr <= 26}",686,246,284,0.41399416909621,TRUE,"","NULL","",4.107
557,8317508,2,0.5,FALSE,NA,0,NA,0,8,0,"",686,246,321,0.467930029154519,TRUE,"","NULL","",4.742
558,8317509,2,0.5,FALSE,NA,1,0.74,6,59,6,"{grade3} & {pgr <= 16}",686,246,313,0.456268221574344,TRUE,"","NULL","",5.36799999999999
559,8317510,2,0.5,FALSE,NA,1,0.82,1,2,1,"!{er <= 9} & {er <= 17}",686,246,304,0.443148688046647,TRUE,"","NULL","",4.184
560,8317511,2,0.5,FALSE,NA,1,0.75,5,27,5,"!{pgr <= 77} & {age <= 53}",686,246,297,0.432944606413994,TRUE,"","NULL","",4.79599999999999
561,8317512,2,0.5,FALSE,NA,1,0.98,30,119,30,"!{pgr <= 77} & {er <= 100}",686,246,293,0.427113702623907,TRUE,"","NULL","",6.56700000000001
562,8317513,2,0.5,FALSE,NA,1,1,18,60,18,"{pgr <= 8} & !{pgr <= 2}",686,246,298,0.434402332361516,TRUE,"","NULL","",4.75700000000001
563,8317514,2,0.5,FALSE,NA,1,0.99,165,465,165,"!{pgr <= 77} & {er <= 174}",686,246,289,0.421282798833819,TRUE,"","NULL","",9.636
564,8317515,2,0.5,FALSE,NA,1,0.96,51,140,51,"{age <= 46} & !{er <= 9}",686,246,308,0.448979591836735,TRUE,"","NULL","",4.07899999999999
565,8317516,2,0.5,FALSE,NA,1,0.98,22,109,22,"{er <= 70} & !{er <= 44}",686,246,276,0.402332361516035,TRUE,"","NULL","",6.06700000000001
566,8317517,2,0.5,FALSE,NA,0,NA,0,25,0,"",686,246,318,0.463556851311953,TRUE,"","NULL","",4.815
567,8317518,2,0.5,FALSE,NA,1,0.89,48,222,48,"{age <= 53} & {pgr <= 16}",686,246,306,0.446064139941691,TRUE,"","NULL","",7.389
568,8317519,2,0.5,FALSE,NA,1,0.91,11,41,11,"{er <= 0} & {pgr <= 8}",686,246,296,0.431486880466472,TRUE,"","NULL","",3.82400000000001
569,8317520,2,0.5,FALSE,NA,1,0.99,55,186,55,"{age <= 46} & !{size <= 20}",686,246,302,0.440233236151603,TRUE,"","NULL","",7.197
570,8317521,2,0.5,FALSE,NA,1,0.57,2,22,2,"{size <= 29} & {er <= 3}",686,246,300,0.43731778425656,TRUE,"","NULL","",4.87700000000001
571,8317522,2,0.5,FALSE,NA,1,0.63,1,31,1,"!{er <= 3} & {er <= 9}",686,246,308,0.448979591836735,TRUE,"","NULL","",4.703
572,8317523,2,0.5,FALSE,NA,1,0.83,27,190,27,"{age <= 53} & {er <= 17}",686,246,325,0.473760932944606,TRUE,"","NULL","",5.563
573,8317524,2,0.5,FALSE,NA,1,0.91,35,81,35,"{age <= 53} & !{size <= 29}",686,246,299,0.435860058309038,TRUE,"","NULL","",5.92700000000001
574,8317525,2,0.5,FALSE,NA,1,0.71,3,24,3,"!{er <= 17} & {er <= 44}",686,246,310,0.451895043731778,TRUE,"","NULL","",4.455
575,8317526,2,0.5,FALSE,NA,0,NA,0,NA,NA,"",686,246,312,0.454810495626822,TRUE,"","NULL","",4.518
576,8317527,2,0.5,FALSE,NA,1,0.72,18,123,18,"{pgr <= 26} & !{nodes <= 3}",686,246,292,0.425655976676385,TRUE,"","NULL","",5.44499999999999
577,8317528,2,0.5,FALSE,NA,1,0.81,7,49,7,"!{nodes <= 5} & {age <= 53}",686,246,294,0.428571428571429,TRUE,"","NULL","",5.33799999999999
578,8317529,2,0.5,FALSE,NA,1,0.99,202,391,202,"{er <= 30} & !{size <= 29}",686,246,287,0.418367346938776,TRUE,"","NULL","",9.503
579,8317530,2,0.5,FALSE,NA,1,0.99,71,231,71,"{nodes <= 1} & !{size <= 25}",686,246,288,0.419825072886297,TRUE,"","NULL","",6.64
580,8317531,2,0.5,FALSE,NA,0,NA,0,8,0,"",686,246,308,0.448979591836735,TRUE,"","NULL","",3.32599999999999
581,8317532,2,0.5,FALSE,NA,1,0.61,2,17,2,"!{pgr <= 45} & !{size <= 35}",686,246,294,0.428571428571429,TRUE,"","NULL","",4.765
582,8317533,2,0.5,FALSE,NA,1,0.96,40,155,40,"{age <= 46} & {nodes <= 7}",686,246,307,0.447521865889213,TRUE,"","NULL","",6.517
583,8317534,2,0.5,FALSE,NA,1,0.99,100,205,100,"!{er <= 70} & {age <= 61}",686,246,290,0.422740524781341,TRUE,"","NULL","",6.56100000000001
584,8317535,2,0.5,FALSE,NA,1,0.98,209,491,209,"!{er <= 44} & {age <= 61}",686,246,297,0.432944606413994,TRUE,"","NULL","",7.73299999999999
585,8317536,2,0.5,FALSE,NA,1,0.85,45,363,45,"!{meno} & {nodes <= 3}",686,246,307,0.447521865889213,TRUE,"","NULL","",9.271
586,8317537,2,0.5,FALSE,NA,1,0.92,44,167,44,"!{er <= 70} & {er <= 100}",686,246,279,0.406705539358601,TRUE,"","NULL","",6.51799999999999
587,8317538,2,0.5,FALSE,NA,1,0.93,39,127,39,"{nodes <= 1} & !{pgr <= 26}",686,246,300,0.43731778425656,TRUE,"","NULL","",5.447
588,8317539,2,0.5,FALSE,NA,0,NA,0,4,0,"",686,246,294,0.428571428571429,TRUE,"","NULL","",3.02799999999999
589,8317540,2,0.5,FALSE,NA,1,1,75,230,75,"{pgr <= 0} & {nodes <= 7}",686,246,301,0.438775510204082,TRUE,"","NULL","",7.779
590,8317541,2,0.5,FALSE,NA,1,0.87,20,145,20,"!{age <= 53} & {nodes <= 5}",686,246,268,0.39067055393586,TRUE,"","NULL","",5.64699999999999
591,8317542,2,0.5,FALSE,NA,1,0.99,92,256,92,"!{meno} & {age <= 46}",686,246,307,0.447521865889213,TRUE,"","NULL","",7.029
592,8317543,2,0.5,FALSE,NA,1,0.79,14,65,14,"!{meno} & !{pgr <= 77}",686,246,300,0.43731778425656,TRUE,"","NULL","",3.62
593,8317544,2,0.5,FALSE,NA,1,0.9,21,70,21,"!{pgr <= 184} & !{grade3}",686,246,307,0.447521865889213,TRUE,"","NULL","",5.822
594,8317545,2,0.5,FALSE,NA,1,0.86,11,34,11,"!{pgr <= 184} & {nodes <= 7}",686,246,300,0.43731778425656,TRUE,"","NULL","",4.523
595,8317546,2,0.5,FALSE,NA,1,0.88,7,48,7,"{nodes <= 3} & !{nodes <= 1}",686,246,275,0.400874635568513,TRUE,"","NULL","",4.78399999999999
596,8317547,2,0.5,FALSE,NA,1,0.53,1,10,1,"{er <= 3} & {size <= 25}",686,246,304,0.443148688046647,TRUE,"","NULL","",4.59099999999999
597,8317548,2,0.5,FALSE,NA,1,0.72,1,16,1,"{pgr <= 16} & !{pgr <= 8}",686,246,325,0.473760932944606,TRUE,"","NULL","",4.82299999999999
598,8317549,2,0.5,FALSE,NA,1,0.97,45,133,45,"{nodes <= 1} & !{pgr <= 45}",686,246,286,0.416909620991254,TRUE,"","NULL","",6.08
599,8317550,2,0.5,FALSE,NA,1,0.78,3,28,3,"{size <= 29} & {pgr <= 2}",686,246,302,0.440233236151603,TRUE,"","NULL","",5.066
600,8317551,2,0.5,FALSE,NA,1,0.94,17,65,17,"{er <= 0} & {pgr <= 26}",686,246,287,0.418367346938776,TRUE,"","NULL","",4.95700000000001
601,8317552,2,0.5,FALSE,NA,1,0.97,33,153,33,"!{pgr <= 77} & {nodes <= 3}",686,246,307,0.447521865889213,TRUE,"","NULL","Loglik converged before variable  1 ; coefficient may be infinite.  | Loglik converged before variable  1 ; coefficient may be infinite. ",6.985
602,8317553,2,0.5,FALSE,NA,1,0.76,4,30,4,"{nodes <= 1} & !{age <= 53}",686,246,278,0.405247813411079,TRUE,"","NULL","",4.351
603,8317554,2,0.5,FALSE,NA,1,0.98,144,297,144,"{er <= 0}",686,246,321,0.467930029154519,TRUE,"","NULL","",7.998
604,8317555,2,0.5,FALSE,NA,1,0.84,5,48,5,"!{meno} & {er <= 30}",686,246,284,0.41399416909621,TRUE,"","NULL","Loglik converged before variable  1 ; coefficient may be infinite.  | Loglik converged before variable  1 ; coefficient may be infinite. ",3.744
605,8317556,2,0.5,FALSE,NA,1,0.97,206,401,206,"{size <= 29} & {age <= 46}",686,246,292,0.425655976676385,TRUE,"","NULL","",9.392
606,8317557,2,0.5,FALSE,NA,1,0.91,23,118,23,"{pgr <= 2} & {nodes <= 7}",686,246,307,0.447521865889213,TRUE,"","NULL","",5.824
607,8317558,2,0.5,FALSE,NA,1,0.95,9,65,9,"!{er <= 9} & {er <= 17}",686,246,332,0.483965014577259,TRUE,"","NULL","",5.078
608,8317559,2,0.5,FALSE,NA,1,0.98,58,190,58,"{grade3} & {nodes <= 3}",686,246,285,0.415451895043732,TRUE,"","NULL","",4.70700000000001
609,8317560,2,0.5,FALSE,NA,1,0.88,31,116,31,"!{pgr <= 77} & {nodes <= 3}",686,246,302,0.440233236151603,TRUE,"","NULL","",6.34999999999999
610,8317561,2,0.5,FALSE,NA,1,0.99,3,17,3,"!{er <= 9} & {er <= 17}",686,246,299,0.435860058309038,TRUE,"","NULL","",4.51900000000001
611,8317562,2,0.5,FALSE,NA,1,0.72,3,27,3,"{size <= 25} & {er <= 9}",686,246,301,0.438775510204082,TRUE,"","NULL","",4.77800000000001
612,8317563,2,0.5,FALSE,NA,1,0.89,52,182,52,"!{pgr <= 184}",686,246,284,0.41399416909621,TRUE,"","NULL","Loglik converged before variable  1 ; coefficient may be infinite.  | Loglik converged before variable  1 ; coefficient may be infinite. ",6.28800000000001
613,8317564,2,0.5,FALSE,NA,1,0.6,1,17,1,"{age <= 53} & !{nodes <= 7}",686,246,282,0.411078717201166,TRUE,"","NULL","",4.605
614,8317565,2,0.5,FALSE,NA,1,0.65,4,29,4,"!{age <= 46} & !{pgr <= 114}",686,246,308,0.448979591836735,TRUE,"","NULL","",5.20400000000001
615,8317566,2,0.5,FALSE,NA,1,0.81,21,180,21,"!{age <= 61} & !{pgr <= 16}",686,246,302,0.440233236151603,TRUE,"","NULL","",6.703
616,8317567,2,0.5,FALSE,NA,1,0.74,2,27,2,"{nodes <= 3} & !{er <= 100}",686,246,300,0.43731778425656,TRUE,"","NULL","",4.449
617,8317568,2,0.5,FALSE,NA,1,0.64,2,22,2,"!{meno} & !{nodes <= 5}",686,246,294,0.428571428571429,TRUE,"","NULL","",4.949
618,8317569,2,0.5,FALSE,NA,1,0.87,7,64,7,"!{pgr <= 8} & {pgr <= 26}",686,246,306,0.446064139941691,TRUE,"","NULL","",5.249
619,8317570,2,0.5,FALSE,NA,1,0.93,40,153,40,"{age <= 53} & {pgr <= 26}",686,246,292,0.425655976676385,TRUE,"","NULL","",5.985
620,8317571,2,0.5,FALSE,NA,0,NA,0,7,0,"",686,246,300,0.43731778425656,TRUE,"","NULL","",4.38200000000001
621,8317572,2,0.5,FALSE,NA,1,0.88,6,49,6,"{size <= 25} & !{size <= 20}",686,246,308,0.448979591836735,TRUE,"","NULL","",5.304
622,8317573,2,0.5,FALSE,NA,1,0.97,93,201,93,"{nodes <= 1} & !{size <= 20}",686,246,302,0.440233236151603,TRUE,"","NULL","",6.864
623,8317574,2,0.5,FALSE,NA,1,0.85,10,42,10,"{age <= 46} & !{nodes <= 3}",686,246,287,0.418367346938776,TRUE,"","NULL","Loglik converged before variable  1 ; coefficient may be infinite. ",4.297
624,8317575,2,0.5,FALSE,NA,1,0.88,4,31,4,"{pgr <= 114} & !{pgr <= 77}",686,246,320,0.466472303206997,TRUE,"","NULL","",4.42999999999999
625,8317576,2,0.5,FALSE,NA,1,0.8,4,19,4,"{er <= 0} & {age <= 61}",686,246,303,0.441690962099125,TRUE,"","NULL","",4.96900000000001
626,8317577,2,0.5,FALSE,NA,1,0.74,18,80,18,"{age <= 53} & {pgr <= 77}",686,246,314,0.457725947521866,TRUE,"","NULL","",5.128
627,8317578,2,0.5,FALSE,NA,1,0.96,48,188,48,"!{age <= 61} & !{pgr <= 26}",686,246,303,0.441690962099125,TRUE,"","NULL","",6.681
628,8317579,2,0.5,FALSE,NA,0,NA,0,10,0,"",686,246,298,0.434402332361516,TRUE,"","NULL","",3.956
629,8317580,2,0.5,FALSE,NA,1,0.94,36,149,36,"!{pgr <= 184}",686,246,289,0.421282798833819,TRUE,"","NULL","",6.959
630,8317581,2,0.5,FALSE,NA,1,0.7,6,35,6,"!{pgr <= 184} & !{er <= 44}",686,246,310,0.451895043731778,TRUE,"","NULL","",4.976
631,8317582,2,0.5,FALSE,NA,1,0.61,5,55,5,"{nodes <= 3} & !{er <= 44}",686,246,306,0.446064139941691,TRUE,"","NULL","",5.15300000000001
632,8317583,2,0.5,FALSE,NA,0,NA,0,8,0,"",686,246,312,0.454810495626822,TRUE,"","NULL","",4.03699999999999
633,8317584,2,0.5,FALSE,NA,1,0.73,4,44,4,"{meno} & {age <= 53}",686,246,309,0.450437317784257,TRUE,"","NULL","",5.486
634,8317585,2,0.5,FALSE,NA,1,0.98,30,102,30,"{nodes <= 1} & {age <= 53}",686,246,304,0.443148688046647,TRUE,"","NULL","",5.62
635,8317586,2,0.5,FALSE,NA,1,0.88,20,67,20,"{nodes <= 1} & {size <= 35}",686,246,287,0.418367346938776,TRUE,"","NULL","",5.164
636,8317587,2,0.5,FALSE,NA,1,0.99,163,399,163,"{er <= 100} & {age <= 46}",686,246,309,0.450437317784257,TRUE,"","NULL","",7.998
637,8317588,2,0.5,FALSE,NA,1,0.69,2,29,2,"!{age <= 61} & {size <= 25}",686,246,288,0.419825072886297,TRUE,"","NULL","",4.946
638,8317589,2,0.5,FALSE,NA,1,1,138,348,138,"!{size <= 29} & {size <= 35}",686,246,310,0.451895043731778,TRUE,"","NULL","",9.07000000000001
639,8317590,2,0.5,FALSE,NA,1,0.62,4,31,4,"{size <= 29} & {age <= 46}",686,246,302,0.440233236151603,TRUE,"","NULL","",5.002
640,8317591,2,0.5,FALSE,NA,1,0.79,13,65,13,"{size <= 20} & {er <= 294}",686,246,301,0.438775510204082,TRUE,"","NULL","",4.02800000000001
641,8317592,2,0.5,FALSE,NA,1,0.85,32,198,32,"{nodes <= 1} & !{pgr <= 45}",686,246,306,0.446064139941691,TRUE,"","NULL","",7.69499999999999
642,8317593,2,0.5,FALSE,NA,1,0.87,11,68,11,"{size <= 20} & {er <= 70}",686,246,292,0.425655976676385,TRUE,"","NULL","",5.44199999999999
643,8317594,2,0.5,FALSE,NA,1,0.85,16,73,16,"{age <= 46} & !{pgr <= 0}",686,246,301,0.438775510204082,TRUE,"","NULL","",5.212
644,8317595,2,0.5,FALSE,NA,1,0.66,8,39,8,"{size <= 35} & {age <= 46}",686,246,296,0.431486880466472,TRUE,"","NULL","",3.806
645,8317596,2,0.5,FALSE,NA,0,NA,0,39,0,"",686,246,318,0.463556851311953,TRUE,"","NULL","",4.91600000000001
646,8317597,2,0.5,FALSE,NA,1,0.72,7,74,7,"{size <= 29} & {age <= 53}",686,246,282,0.411078717201166,TRUE,"","NULL","",5.17100000000001
647,8317598,2,0.5,FALSE,NA,1,0.99,23,71,23,"{nodes <= 1} & {er <= 17}",686,246,313,0.456268221574344,TRUE,"","NULL","",5.303
648,8317599,2,0.5,FALSE,NA,1,0.8,9,43,9,"{pgr <= 26} & !{er <= 30}",686,246,284,0.41399416909621,TRUE,"","NULL","",4.60599999999999
649,8317600,2,0.5,FALSE,NA,1,0.99,24,107,24,"!{meno} & {size <= 20}",686,246,299,0.435860058309038,TRUE,"","NULL","",6.173
650,8317601,2,0.5,FALSE,NA,1,0.86,9,61,9,"{size <= 25} & !{pgr <= 114}",686,246,304,0.443148688046647,TRUE,"","NULL","",5.005
651,8317602,2,0.5,FALSE,NA,1,0.63,3,18,3,"{age <= 53} & {meno}",686,246,287,0.418367346938776,TRUE,"","NULL","",4.426
652,8317603,2,0.5,FALSE,NA,1,0.87,22,67,22,"!{er <= 174} & {size <= 35}",686,246,293,0.427113702623907,TRUE,"","NULL","",4.77300000000001
653,8317604,2,0.5,FALSE,NA,1,0.6,2,52,2,"{nodes <= 7} & {age <= 46}",686,246,293,0.427113702623907,TRUE,"","NULL","",5.48099999999999
654,8317605,2,0.5,FALSE,NA,1,0.95,46,177,46,"{nodes <= 1} & {pgr <= 45}",686,246,298,0.434402332361516,TRUE,"","NULL","",6.879
655,8317606,2,0.5,FALSE,NA,1,0.72,2,24,2,"{pgr <= 16} & !{er <= 17}",686,246,313,0.456268221574344,TRUE,"","NULL","",4.434
656,8317607,2,0.5,FALSE,NA,1,0.63,2,21,2,"!{er <= 17} & {er <= 30}",686,246,309,0.450437317784257,TRUE,"","NULL","",4.39500000000001
657,8317608,2,0.5,FALSE,NA,1,0.88,29,79,29,"{age <= 46} & !{pgr <= 0}",686,246,300,0.43731778425656,TRUE,"","NULL","",6.09700000000001
658,8317609,2,0.5,FALSE,NA,1,0.79,7,23,7,"{pgr <= 0} & {er <= 30}",686,246,310,0.451895043731778,TRUE,"","NULL","",4.63
659,8317610,2,0.5,FALSE,NA,1,0.94,49,145,49,"!{er <= 100} & !{pgr <= 114}",686,246,303,0.441690962099125,TRUE,"","NULL","",5.92
660,8317611,2,0.5,FALSE,NA,1,0.94,42,102,42,"{er <= 100} & !{er <= 30}",686,246,301,0.438775510204082,TRUE,"","NULL","",5.12899999999999
661,8317612,2,0.5,FALSE,NA,1,0.81,10,73,10,"!{pgr <= 77} & {pgr <= 184}",686,246,295,0.43002915451895,TRUE,"","NULL","",5.896
662,8317613,2,0.5,FALSE,NA,1,0.73,8,36,8,"{grade3} & {pgr <= 45}",686,246,289,0.421282798833819,TRUE,"","NULL","Loglik converged before variable  1 ; coefficient may be infinite.  | Loglik converged before variable  1 ; coefficient may be infinite. ",4.65599999999999
663,8317614,2,0.5,FALSE,NA,1,0.94,43,213,43,"!{nodes <= 1} & !{pgr <= 77}",686,246,327,0.47667638483965,TRUE,"","NULL","",7.31399999999999
664,8317615,2,0.5,FALSE,NA,1,0.97,41,98,41,"!{age <= 61} & !{grade3}",686,246,287,0.418367346938776,TRUE,"","NULL","",4.70599999999999
665,8317616,2,0.5,FALSE,NA,1,0.83,8,57,8,"!{pgr <= 45} & {er <= 30}",686,246,275,0.400874635568513,TRUE,"","NULL","",5.333
666,8317617,2,0.5,FALSE,NA,1,0.81,4,32,4,"{nodes <= 3} & !{nodes <= 1}",686,246,306,0.446064139941691,TRUE,"","NULL","",4.60900000000001
667,8317618,2,0.5,FALSE,NA,1,0.71,9,50,9,"{nodes <= 1} & !{pgr <= 45}",686,246,305,0.444606413994169,TRUE,"","NULL","",5.002
668,8317619,2,0.5,FALSE,NA,1,0.78,15,74,15,"{size <= 20} & !{age <= 46}",686,246,296,0.431486880466472,TRUE,"","NULL","",5.123
669,8317620,2,0.5,FALSE,NA,1,0.89,13,61,13,"!{er <= 17} & {pgr <= 16}",686,246,315,0.459183673469388,TRUE,"","NULL","",5.443
670,8317621,2,0.5,FALSE,NA,1,0.57,1,5,1,"!{size <= 29} & {er <= 9}",686,246,279,0.406705539358601,TRUE,"","NULL","",4.358
671,8317622,2,0.5,FALSE,NA,1,0.94,11,59,11,"!{er <= 70} & {er <= 100}",686,246,306,0.446064139941691,TRUE,"","NULL","",5.08
672,8317623,2,0.5,FALSE,NA,1,0.97,64,189,64,"{size <= 29} & !{er <= 70}",686,246,314,0.457725947521866,TRUE,"","NULL","",6.664
673,8317624,2,0.5,FALSE,NA,1,0.96,26,125,26,"!{nodes <= 5} & {pgr <= 16}",686,246,318,0.463556851311953,TRUE,"","NULL","",6.777
674,8317625,2,0.5,FALSE,NA,1,0.78,6,39,6,"!{er <= 100} & {size <= 25}",686,246,306,0.446064139941691,TRUE,"","NULL","",4.678
675,8317626,2,0.5,FALSE,NA,1,0.98,34,128,34,"{er <= 100} & !{er <= 70}",686,246,274,0.399416909620991,TRUE,"","NULL","",5.688
676,8317627,2,0.5,FALSE,NA,1,0.93,8,46,8,"{size <= 25} & !{er <= 100}",686,246,293,0.427113702623907,TRUE,"","NULL","",4.20599999999999
677,8317628,2,0.5,FALSE,NA,1,0.74,2,14,2,"!{pgr <= 26} & !{size <= 35}",686,246,286,0.416909620991254,TRUE,"","NULL","",4.711
678,8317629,2,0.5,FALSE,NA,1,0.95,12,81,12,"!{pgr <= 77} & {nodes <= 1}",686,246,320,0.466472303206997,TRUE,"","NULL","",5.27200000000001
679,8317630,2,0.5,FALSE,NA,1,0.93,27,72,27,"{size <= 20} & !{grade3}",686,246,300,0.43731778425656,TRUE,"","NULL","",5.008
680,8317631,2,0.5,FALSE,NA,1,0.66,2,9,2,"!{pgr <= 184} & !{er <= 17}",686,246,312,0.454810495626822,TRUE,"","NULL","",4.545
681,8317632,2,0.5,FALSE,NA,1,0.55,3,64,3,"{age <= 53} & !{age <= 46}",686,246,305,0.444606413994169,TRUE,"","NULL","",5.834
682,8317633,2,0.5,FALSE,NA,1,0.86,32,179,32,"!{pgr <= 184} & {er <= 294}",686,246,303,0.441690962099125,TRUE,"","NULL","",6.444
683,8317634,2,0.5,FALSE,NA,1,0.64,2,24,2,"{nodes <= 5} & {age <= 46}",686,246,303,0.441690962099125,TRUE,"","NULL","",4.53100000000001
684,8317635,2,0.5,FALSE,NA,1,1,94,225,94,"{pgr <= 0} & {age <= 61}",686,246,305,0.444606413994169,TRUE,"","NULL","",6.00699999999999
685,8317636,2,0.5,FALSE,NA,0,NA,0,4,0,"",686,246,299,0.435860058309038,TRUE,"","NULL","",4.55
686,8317637,2,0.5,FALSE,NA,1,0.86,6,45,6,"!{er <= 70} & !{nodes <= 3}",686,246,295,0.43002915451895,TRUE,"","NULL","",5.01300000000001
687,8317638,2,0.5,FALSE,NA,1,0.68,7,53,7,"!{pgr <= 114} & {nodes <= 7}",686,246,293,0.427113702623907,TRUE,"","NULL","",4.73700000000001
688,8317639,2,0.5,FALSE,NA,1,0.88,40,182,40,"{er <= 30} & !{nodes <= 3}",686,246,309,0.450437317784257,TRUE,"","NULL","",6.01600000000001
689,8317640,2,0.5,FALSE,NA,1,0.95,12,59,12,"{er <= 70} & !{pgr <= 77}",686,246,302,0.440233236151603,TRUE,"","NULL","",5.166
690,8317641,2,0.5,FALSE,NA,1,0.85,14,92,14,"!{nodes <= 5} & !{size <= 35}",686,246,314,0.457725947521866,TRUE,"","NULL","",5.95
691,8317642,2,0.5,FALSE,NA,1,0.81,9,131,9,"{age <= 53} & !{er <= 44}",686,246,300,0.43731778425656,TRUE,"","NULL","",5.899
692,8317643,2,0.5,FALSE,NA,1,0.9,37,136,37,"{er <= 30} & {nodes <= 3}",686,246,324,0.472303206997085,TRUE,"","NULL","",5.24900000000001
693,8317644,2,0.5,FALSE,NA,1,0.77,8,41,8,"!{grade3} & {age <= 46}",686,246,304,0.443148688046647,TRUE,"","NULL","",5.43899999999999
694,8317645,2,0.5,FALSE,NA,1,0.68,6,54,6,"{age <= 46} & {pgr <= 77}",686,246,314,0.457725947521866,TRUE,"","NULL","Loglik converged before variable  1 ; coefficient may be infinite. ",5.14100000000001
695,8317646,2,0.5,FALSE,NA,1,0.96,30,123,30,"!{meno} & !{er <= 44}",686,246,307,0.447521865889213,TRUE,"","NULL","",6.33199999999999
696,8317647,2,0.5,FALSE,NA,1,0.98,43,203,43,"{size <= 20} & {nodes <= 1}",686,246,295,0.43002915451895,TRUE,"","NULL","",5.878
697,8317648,2,0.5,FALSE,NA,1,0.97,122,336,122,"!{grade3} & {pgr <= 2}",686,246,295,0.43002915451895,TRUE,"","NULL","",9.069
698,8317649,2,0.5,FALSE,NA,1,0.52,1,9,1,"!{pgr <= 114} & !{nodes <= 1}",686,246,294,0.428571428571429,TRUE,"","NULL","",4.58800000000001
699,8317650,2,0.5,FALSE,NA,1,0.98,154,399,154,"!{pgr <= 77} & !{size <= 25}",686,246,311,0.4533527696793,TRUE,"","NULL","Loglik converged before variable  1 ; coefficient may be infinite. ",8.40600000000001
700,8317651,2,0.5,FALSE,NA,1,0.54,1,4,1,"{nodes <= 7} & !{nodes <= 5}",686,246,291,0.424198250728863,TRUE,"","NULL","",2.822
701,8317652,2,0.5,FALSE,NA,1,0.97,62,219,62,"{size <= 29} & {age <= 46}",686,246,330,0.481049562682216,TRUE,"","NULL","",7.75099999999999
702,8317653,2,0.5,FALSE,NA,1,0.8,14,34,14,"{age <= 46}",686,246,300,0.43731778425656,TRUE,"","NULL","",4.87100000000001
703,8317654,2,0.5,FALSE,NA,0,NA,0,10,0,"",686,246,294,0.428571428571429,TRUE,"","NULL","",4.553
704,8317655,2,0.5,FALSE,NA,1,0.99,117,238,117,"!{er <= 44} & !{pgr <= 114}",686,246,290,0.422740524781341,TRUE,"","NULL","",5.989
705,8317656,2,0.5,FALSE,NA,1,0.93,37,164,37,"{nodes <= 7} & !{age <= 61}",686,246,304,0.443148688046647,TRUE,"","NULL","",7.194
706,8317657,2,0.5,FALSE,NA,1,0.64,4,41,4,"{nodes <= 1} & {pgr <= 77}",686,246,308,0.448979591836735,TRUE,"","NULL","",4.899
707,8317658,2,0.5,FALSE,NA,1,0.86,8,104,8,"!{er <= 9} & {er <= 30}",686,246,321,0.467930029154519,TRUE,"","NULL","",6.27500000000001
708,8317659,2,0.5,FALSE,NA,1,0.9,9,52,9,"{size <= 29} & !{pgr <= 114}",686,246,295,0.43002915451895,TRUE,"","NULL","",4.215
709,8317660,2,0.5,FALSE,NA,1,0.97,20,85,20,"{nodes <= 1} & !{size <= 20}",686,246,318,0.463556851311953,TRUE,"","NULL","",6.334
710,8317661,2,0.5,FALSE,NA,1,0.97,56,157,56,"!{er <= 100} & {size <= 25}",686,246,292,0.425655976676385,TRUE,"","NULL","",6.27000000000001
711,8317662,2,0.5,FALSE,NA,1,0.67,2,35,2,"!{age <= 53} & {er <= 17}",686,246,301,0.438775510204082,TRUE,"","NULL","",4.84099999999999
712,8317663,2,0.5,FALSE,NA,1,0.95,61,224,61,"!{er <= 9} & {pgr <= 26}",686,246,304,0.443148688046647,TRUE,"","NULL","",5.96799999999999
713,8317664,2,0.5,FALSE,NA,1,0.79,25,119,25,"!{pgr <= 77} & {size <= 29}",686,246,314,0.457725947521866,TRUE,"","NULL","",6.74499999999999
714,8317665,2,0.5,FALSE,NA,1,0.74,9,55,9,"!{er <= 44} & {er <= 100}",686,246,298,0.434402332361516,TRUE,"","NULL","",4.70400000000001
715,8317666,2,0.5,FALSE,NA,1,0.81,11,75,11,"!{er <= 44} & !{pgr <= 114}",686,246,286,0.416909620991254,TRUE,"","NULL","",4.946
716,8317667,2,0.5,FALSE,NA,1,0.6,4,32,4,"!{er <= 174} & !{age <= 46}",686,246,292,0.425655976676385,TRUE,"","NULL","",4.39
717,8317668,2,0.5,FALSE,NA,1,0.65,3,29,3,"{nodes <= 7} & !{size <= 35}",686,246,329,0.479591836734694,TRUE,"","NULL","",4.979
718,8317669,2,0.5,FALSE,NA,1,0.94,44,115,44,"!{meno} & {size <= 35}",686,246,291,0.424198250728863,TRUE,"","NULL","Loglik converged before variable  1 ; coefficient may be infinite. ",5.706
719,8317670,2,0.5,FALSE,NA,1,0.99,27,120,27,"{nodes <= 3} & {size <= 20}",686,246,310,0.451895043731778,TRUE,"","NULL","",5.68000000000001
720,8317671,2,0.5,FALSE,NA,1,0.76,24,125,24,"!{pgr <= 26} & {size <= 25}",686,246,296,0.431486880466472,TRUE,"","NULL","",5.27500000000001
721,8317672,2,0.5,FALSE,NA,1,0.99,41,162,41,"{nodes <= 1} & {pgr <= 77}",686,246,299,0.435860058309038,TRUE,"","NULL","",6.84999999999999
722,8317673,2,0.5,FALSE,NA,1,0.5,1,25,1,"{nodes <= 5} & !{er <= 174}",686,246,304,0.443148688046647,TRUE,"","NULL","",4.498
723,8317674,2,0.5,FALSE,NA,1,0.65,10,86,10,"!{pgr <= 114} & !{size <= 20}",686,246,295,0.43002915451895,TRUE,"","NULL","",5.29900000000001
724,8317675,2,0.5,FALSE,NA,0,NA,0,7,0,"",686,246,301,0.438775510204082,TRUE,"","NULL","",4.035
725,8317676,2,0.5,FALSE,NA,1,0.69,4,51,4,"{er <= 100} & !{er <= 44}",686,246,307,0.447521865889213,TRUE,"","NULL","",5.444
726,8317677,2,0.5,FALSE,NA,1,0.82,25,190,25,"!{er <= 70} & !{pgr <= 16}",686,246,310,0.451895043731778,TRUE,"","NULL","",6.88800000000001
727,8317678,2,0.5,FALSE,NA,1,0.62,2,31,2,"{nodes <= 3} & !{er <= 100}",686,246,314,0.457725947521866,TRUE,"","NULL","",4.648
728,8317679,2,0.5,FALSE,NA,1,0.91,20,87,20,"{age <= 53} & {pgr <= 16}",686,246,293,0.427113702623907,TRUE,"","NULL","",4.917
729,8317680,2,0.5,FALSE,NA,1,0.72,2,8,2,"{age <= 53} & {meno}",686,246,315,0.459183673469388,TRUE,"","NULL","",4.795
730,8317681,2,0.5,FALSE,NA,1,0.94,19,66,19,"{nodes <= 1} & {meno}",686,246,293,0.427113702623907,TRUE,"","NULL","",5.306
731,8317682,2,0.5,FALSE,NA,1,0.78,9,91,9,"!{pgr <= 77} & {pgr <= 184}",686,246,310,0.451895043731778,TRUE,"","NULL","",6.006
732,8317683,2,0.5,FALSE,NA,1,0.91,13,44,13,"!{pgr <= 184} & {er <= 294}",686,246,301,0.438775510204082,TRUE,"","NULL","",4.53700000000001
733,8317684,2,0.5,FALSE,NA,1,0.95,25,114,25,"!{age <= 46} & {pgr <= 0}",686,246,301,0.438775510204082,TRUE,"","NULL","",5.59699999999999
734,8317685,2,0.5,FALSE,NA,1,0.92,9,56,9,"!{meno} & !{er <= 44}",686,246,297,0.432944606413994,TRUE,"","NULL","",5.047
735,8317686,2,0.5,FALSE,NA,1,0.94,30,109,30,"{age <= 53} & {size <= 20}",686,246,298,0.434402332361516,TRUE,"","NULL","",5.419
736,8317687,2,0.5,FALSE,NA,1,0.92,71,241,71,"!{meno} & !{er <= 44}",686,246,303,0.441690962099125,TRUE,"","NULL","",6.675
737,8317688,2,0.5,FALSE,NA,1,0.77,9,53,9,"!{size <= 20} & {er <= 44}",686,246,285,0.415451895043732,TRUE,"","NULL","",5.76899999999999
738,8317689,2,0.5,FALSE,NA,1,0.9,7,23,7,"!{size <= 35} & !{pgr <= 45}",686,246,298,0.434402332361516,TRUE,"","NULL","",4.455
739,8317690,2,0.5,FALSE,NA,1,0.74,6,58,6,"!{pgr <= 2} & {age <= 46}",686,246,291,0.424198250728863,TRUE,"","NULL","",5.121
740,8317691,2,0.5,FALSE,NA,1,0.99,81,290,81,"{pgr <= 0} & {age <= 61}",686,246,299,0.435860058309038,TRUE,"","NULL","",6.92599999999999
741,8317692,2,0.5,FALSE,NA,1,0.87,9,53,9,"{nodes <= 3} & !{nodes <= 1}",686,246,276,0.402332361516035,TRUE,"","NULL","",5.261
742,8317693,2,0.5,FALSE,NA,1,0.97,16,106,16,"{age <= 46} & {er <= 17}",686,246,295,0.43002915451895,TRUE,"","NULL","",5.866
743,8317694,2,0.5,FALSE,NA,1,0.71,9,79,9,"{nodes <= 7} & !{pgr <= 114}",686,246,285,0.415451895043732,TRUE,"","NULL","",5.044
744,8317695,2,0.5,FALSE,NA,1,0.95,106,263,106,"{age <= 46} & {size <= 35}",686,246,282,0.411078717201166,TRUE,"","NULL","",6.444
745,8317696,2,0.5,FALSE,NA,1,0.95,30,81,30,"!{pgr <= 184} & !{grade3}",686,246,299,0.435860058309038,TRUE,"","NULL","",5.97200000000001
746,8317697,2,0.5,FALSE,NA,1,0.56,2,19,2,"{age <= 53} & !{er <= 17}",686,246,282,0.411078717201166,TRUE,"","NULL","",4.527
747,8317698,2,0.5,FALSE,NA,1,0.82,24,148,24,"!{pgr <= 114} & {pgr <= 337}",686,246,302,0.440233236151603,TRUE,"","NULL","",6.258
748,8317699,2,0.5,FALSE,NA,1,0.75,5,39,5,"!{er <= 30} & {pgr <= 26}",686,246,306,0.446064139941691,TRUE,"","NULL","",4.441
749,8317700,2,0.5,FALSE,NA,1,0.95,87,313,87,"!{er <= 100} & !{pgr <= 16}",686,246,300,0.43731778425656,TRUE,"","NULL","Loglik converged before variable  1 ; coefficient may be infinite.  | Loglik converged before variable  1 ; coefficient may be infinite. ",9.02499999999999
750,8317701,2,0.5,FALSE,NA,1,0.75,2,30,2,"!{pgr <= 77} & !{age <= 53}",686,246,298,0.434402332361516,TRUE,"","NULL","",4.72500000000001
751,8317702,2,0.5,FALSE,NA,1,0.89,47,143,47,"{age <= 53} & {nodes <= 3}",686,246,292,0.425655976676385,TRUE,"","NULL","",5.98099999999999
752,8317703,2,0.5,FALSE,NA,1,0.83,3,28,3,"!{age <= 61} & !{size <= 25}",686,246,319,0.465014577259475,TRUE,"","NULL","",3.652
753,8317704,2,0.5,FALSE,NA,1,0.75,3,21,3,"{pgr <= 2} & {age <= 53}",686,246,301,0.438775510204082,TRUE,"","NULL","",5.041
754,8317705,2,0.5,FALSE,NA,1,0.65,3,12,3,"{size <= 20} & {pgr <= 26}",686,246,295,0.43002915451895,TRUE,"","NULL","",4.378
755,8317706,2,0.5,FALSE,NA,1,0.98,7,26,7,"!{pgr <= 114} & {size <= 25}",686,246,280,0.408163265306122,TRUE,"","NULL","",4.48700000000001
756,8317707,2,0.5,FALSE,NA,1,0.89,21,114,21,"{age <= 61} & !{size <= 35}",686,246,322,0.469387755102041,TRUE,"","NULL","",5.42100000000001
757,8317708,2,0.5,FALSE,NA,1,0.91,59,235,59,"{size <= 25} & !{nodes <= 3}",686,246,284,0.41399416909621,TRUE,"","NULL","",7.685
758,8317709,2,0.5,FALSE,NA,1,0.68,7,49,7,"!{pgr <= 114} & {age <= 61}",686,246,299,0.435860058309038,TRUE,"","NULL","",5.193
759,8317710,2,0.5,FALSE,NA,1,0.98,69,190,69,"!{nodes <= 3} & {er <= 3}",686,246,316,0.46064139941691,TRUE,"","NULL","",6.449
760,8317711,2,0.5,FALSE,NA,1,0.62,3,32,3,"{grade3} & {age <= 61}",686,246,287,0.418367346938776,TRUE,"","NULL","",3.637
761,8317712,2,0.5,FALSE,NA,1,0.89,9,71,9,"!{meno} & !{size <= 25}",686,246,299,0.435860058309038,TRUE,"","NULL","",5.587
762,8317713,2,0.5,FALSE,NA,1,0.9,55,149,55,"{size <= 20} & !{grade3}",686,246,325,0.473760932944606,TRUE,"","NULL","",6.465
763,8317714,2,0.5,FALSE,NA,1,1,253,674,253,"{size <= 20} & !{meno}",686,246,316,0.46064139941691,TRUE,"","NULL","",11.282
764,8317715,2,0.5,FALSE,NA,1,0.98,30,131,30,"{er <= 17} & !{er <= 3}",686,246,294,0.428571428571429,TRUE,"","NULL","",3.58
765,8317716,2,0.5,FALSE,NA,1,0.92,31,198,31,"{nodes <= 1} & {er <= 30}",686,246,291,0.424198250728863,TRUE,"","NULL","",7.495
766,8317717,2,0.5,FALSE,NA,1,1,53,159,53,"!{pgr <= 184} & !{nodes <= 1}",686,246,290,0.422740524781341,TRUE,"","NULL","",6.012
767,8317718,2,0.5,FALSE,NA,1,0.77,2,35,2,"{size <= 25} & !{er <= 70}",686,246,295,0.43002915451895,TRUE,"","NULL","",4.696
768,8317719,2,0.5,FALSE,NA,1,0.98,57,188,57,"!{pgr <= 114} & {age <= 53}",686,246,320,0.466472303206997,TRUE,"","NULL","",5.44999999999999
769,8317720,2,0.5,FALSE,NA,1,0.63,1,18,1,"!{pgr <= 184} & {meno}",686,246,320,0.466472303206997,TRUE,"","NULL","",5.125
770,8317721,2,0.5,FALSE,NA,1,0.93,89,292,89,"!{grade3} & {pgr <= 8}",686,246,315,0.459183673469388,TRUE,"","NULL","",8.205
771,8317722,2,0.5,FALSE,NA,1,0.91,18,98,18,"{nodes <= 1} & {meno}",686,246,300,0.43731778425656,TRUE,"","NULL","",5.572
772,8317723,2,0.5,FALSE,NA,1,0.74,2,25,2,"{er <= 70} & !{er <= 44}",686,246,283,0.412536443148688,TRUE,"","NULL","",3.86500000000001
773,8317724,2,0.5,FALSE,NA,1,0.98,57,151,57,"{pgr <= 2} & !{age <= 46}",686,246,298,0.434402332361516,TRUE,"","NULL","",6.515
774,8317725,2,0.5,FALSE,NA,1,1,97,217,97,"!{size <= 25} & !{er <= 70}",686,246,328,0.478134110787172,TRUE,"","NULL","",6.84999999999998
775,8317726,2,0.5,FALSE,NA,1,0.76,3,34,3,"{nodes <= 3} & {size <= 20}",686,246,282,0.411078717201166,TRUE,"","NULL","",4.429
776,8317727,2,0.5,FALSE,NA,1,0.89,14,100,14,"!{meno} & {pgr <= 16}",686,246,320,0.466472303206997,TRUE,"","NULL","",4.95299999999997
777,8317728,2,0.5,FALSE,NA,1,0.81,8,51,8,"{nodes <= 5} & !{age <= 61}",686,246,313,0.456268221574344,TRUE,"","NULL","",5.17
778,8317729,2,0.5,FALSE,NA,1,0.67,3,18,3,"{grade3} & {size <= 29}",686,246,299,0.435860058309038,TRUE,"","NULL","",4.416
779,8317730,2,0.5,FALSE,NA,1,0.94,18,74,18,"!{er <= 9} & {er <= 17}",686,246,290,0.422740524781341,TRUE,"","NULL","",5.346
780,8317731,2,0.5,FALSE,NA,1,0.64,3,55,3,"!{size <= 20} & !{er <= 174}",686,246,317,0.462099125364431,TRUE,"","NULL","",4.929
781,8317732,2,0.5,FALSE,NA,1,0.97,38,147,38,"{nodes <= 1} & {er <= 17}",686,246,284,0.41399416909621,TRUE,"","NULL","",6.95
782,8317733,2,0.5,FALSE,NA,1,0.97,80,240,80,"{nodes <= 3} & {size <= 20}",686,246,329,0.479591836734694,TRUE,"","NULL","",6.96200000000002
783,8317734,2,0.5,FALSE,NA,1,0.95,35,90,35,"{age <= 46} & !{meno}",686,246,309,0.450437317784257,TRUE,"","NULL","",5.482
784,8317735,2,0.5,FALSE,NA,1,0.97,50,170,50,"!{pgr <= 45} & !{er <= 174}",686,246,308,0.448979591836735,TRUE,"","NULL","",4.697
785,8317736,2,0.5,FALSE,NA,1,0.73,4,36,4,"!{size <= 20} & !{pgr <= 114}",686,246,313,0.456268221574344,TRUE,"","NULL","",5.78299999999999
786,8317737,2,0.5,FALSE,NA,1,0.67,4,22,4,"{pgr <= 16} & !{pgr <= 2}",686,246,316,0.46064139941691,TRUE,"","NULL","",4.62
787,8317738,2,0.5,FALSE,NA,1,0.97,36,92,36,"!{size <= 35} & {er <= 30}",686,246,288,0.419825072886297,TRUE,"","NULL","",5.398
788,8317739,2,0.5,FALSE,NA,1,0.97,29,130,29,"!{age <= 61} & {nodes <= 3}",686,246,323,0.470845481049563,TRUE,"","NULL","",5.68899999999999
789,8317740,2,0.5,FALSE,NA,1,0.99,65,162,65,"{size <= 25} & !{er <= 70}",686,246,285,0.415451895043732,TRUE,"","NULL","",6.809
790,8317741,2,0.5,FALSE,NA,1,0.99,216,530,216,"{age <= 53} & {meno}",686,246,311,0.4533527696793,TRUE,"","NULL","",10.704
791,8317742,2,0.5,FALSE,NA,1,0.98,74,249,74,"{nodes <= 1} & {er <= 44}",686,246,305,0.444606413994169,TRUE,"","NULL","",6.58199999999999
792,8317743,2,0.5,FALSE,NA,1,0.9,29,87,29,"!{meno} & !{size <= 25}",686,246,307,0.447521865889213,TRUE,"","NULL","",3.34400000000002
793,8317744,2,0.5,FALSE,NA,1,1,145,387,145,"!{size <= 25} & !{pgr <= 45}",686,246,296,0.431486880466472,TRUE,"","NULL","",9.53100000000001
794,8317745,2,0.5,FALSE,NA,1,0.92,73,330,73,"!{meno} & !{er <= 30}",686,246,303,0.441690962099125,TRUE,"","NULL","",8.79000000000001
795,8317746,2,0.5,FALSE,NA,1,0.85,3,25,3,"{pgr <= 2} & !{size <= 25}",686,246,291,0.424198250728863,TRUE,"","NULL","",3.68699999999998
796,8317747,2,0.5,FALSE,NA,1,0.85,8,52,8,"{pgr <= 2} & !{er <= 0}",686,246,292,0.425655976676385,TRUE,"","NULL","",3.31900000000002
797,8317748,2,0.5,FALSE,NA,1,0.77,4,23,4,"!{pgr <= 45} & {er <= 70}",686,246,282,0.411078717201166,TRUE,"","NULL","",4.54900000000001
798,8317749,2,0.5,FALSE,NA,1,0.92,32,110,32,"{size <= 35} & !{er <= 174}",686,246,300,0.43731778425656,TRUE,"","NULL","",5.494
799,8317750,2,0.5,FALSE,NA,1,0.86,37,121,37,"!{pgr <= 77} & {age <= 53}",686,246,304,0.443148688046647,TRUE,"","NULL","",5.869
800,8317751,2,0.5,FALSE,NA,0,NA,0,2,0,"",686,246,287,0.418367346938776,TRUE,"","NULL","",4.15000000000001
801,8317752,2,0.5,FALSE,NA,1,0.78,17,107,17,"!{age <= 53} & !{pgr <= 26}",686,246,302,0.440233236151603,TRUE,"","NULL","",6.053
802,8317753,2,0.5,FALSE,NA,1,1,92,233,92,"!{age <= 61} & {size <= 35}",686,246,286,0.416909620991254,TRUE,"","NULL","",7.31099999999999
803,8317754,2,0.5,FALSE,NA,1,0.87,17,91,17,"{er <= 17} & !{size <= 25}",686,246,306,0.446064139941691,TRUE,"","NULL","",5.315
804,8317755,2,0.5,FALSE,NA,1,0.83,33,164,33,"!{meno} & {pgr <= 45}",686,246,292,0.425655976676385,TRUE,"","NULL","",5.12799999999999
805,8317756,2,0.5,FALSE,NA,0,NA,0,35,0,"",686,246,297,0.432944606413994,TRUE,"","NULL","",4.95
806,8317757,2,0.5,FALSE,NA,1,0.87,26,84,26,"{grade3} & {pgr <= 26}",686,246,305,0.444606413994169,TRUE,"","NULL","",5.929
807,8317758,2,0.5,FALSE,NA,1,0.93,7,62,7,"{age <= 53} & !{nodes <= 7}",686,246,310,0.451895043731778,TRUE,"","NULL","",5.04599999999999
808,8317759,2,0.5,FALSE,NA,1,0.62,2,10,2,"{grade3} & {pgr <= 16}",686,246,297,0.432944606413994,TRUE,"","NULL","",4.18700000000001
809,8317760,2,0.5,FALSE,NA,1,0.65,3,34,3,"{age <= 53} & !{nodes <= 5}",686,246,289,0.421282798833819,TRUE,"","NULL","",5.199
810,8317761,2,0.5,FALSE,NA,1,0.9,11,55,11,"!{meno} & {er <= 9}",686,246,296,0.431486880466472,TRUE,"","NULL","",5.042
811,8317762,2,0.5,FALSE,NA,1,0.89,13,73,13,"{size <= 25} & !{er <= 70}",686,246,310,0.451895043731778,TRUE,"","NULL","",4.961
812,8317763,2,0.5,FALSE,NA,1,0.71,9,65,9,"!{pgr <= 77} & !{nodes <= 1}",686,246,321,0.467930029154519,TRUE,"","NULL","",5.12099999999998
813,8317764,2,0.5,FALSE,NA,1,0.53,1,13,1,"!{size <= 35} & !{pgr <= 45}",686,246,294,0.428571428571429,TRUE,"","NULL","",4.73399999999999
814,8317765,2,0.5,FALSE,NA,1,0.8,5,30,5,"!{pgr <= 45} & {er <= 30}",686,246,289,0.421282798833819,TRUE,"","NULL","",4.614
815,8317766,2,0.5,FALSE,NA,1,0.68,2,23,2,"{grade3} & {pgr <= 8}",686,246,302,0.440233236151603,TRUE,"","NULL","",4.44000000000001
816,8317767,2,0.5,FALSE,NA,1,0.83,17,105,17,"!{er <= 70} & !{size <= 29}",686,246,302,0.440233236151603,TRUE,"","NULL","",5.571
817,8317768,2,0.5,FALSE,NA,1,0.86,25,146,25,"!{er <= 9} & {er <= 30}",686,246,294,0.428571428571429,TRUE,"","NULL","",6.43599999999999
818,8317769,2,0.5,FALSE,NA,1,0.76,10,53,10,"!{pgr <= 184} & {er <= 294}",686,246,284,0.41399416909621,TRUE,"","NULL","",4.88900000000001
819,8317770,2,0.5,FALSE,NA,1,1,161,495,161,"{size <= 35} & {er <= 0}",686,246,309,0.450437317784257,TRUE,"","NULL","",9.84599999999999
820,8317771,2,0.5,FALSE,NA,0,NA,0,27,0,"",686,246,319,0.465014577259475,TRUE,"","NULL","",3.417
821,8317772,2,0.5,FALSE,NA,1,0.94,19,113,19,"{age <= 46} & !{pgr <= 8}",686,246,310,0.451895043731778,TRUE,"","NULL","",6.60000000000001
822,8317773,2,0.5,FALSE,NA,1,0.87,2,35,2,"{pgr <= 114} & !{pgr <= 77}",686,246,315,0.459183673469388,TRUE,"","NULL","",4.82900000000001
823,8317774,2,0.5,FALSE,NA,1,0.99,25,112,25,"{er <= 174} & !{er <= 70}",686,246,300,0.43731778425656,TRUE,"","NULL","",5.82199999999999
824,8317775,2,0.5,FALSE,NA,1,0.7,5,46,5,"{nodes <= 7} & !{meno}",686,246,283,0.412536443148688,TRUE,"","NULL","",4.28999999999999
825,8317776,2,0.5,FALSE,NA,0,NA,0,7,0,"",686,246,313,0.456268221574344,TRUE,"","NULL","",4.658
826,8317777,2,0.5,FALSE,NA,1,0.87,9,44,9,"!{meno} & {pgr <= 26}",686,246,312,0.454810495626822,TRUE,"","NULL","",4.85299999999999
827,8317778,2,0.5,FALSE,NA,1,0.94,11,63,11,"!{er <= 100} & {age <= 61}",686,246,289,0.421282798833819,TRUE,"","NULL","",5.09599999999999
828,8317779,2,0.5,FALSE,NA,1,0.62,2,32,2,"!{pgr <= 2} & {age <= 46}",686,246,291,0.424198250728863,TRUE,"","NULL","",4.63499999999999
829,8317780,2,0.5,FALSE,NA,1,0.95,19,128,19,"{size <= 29} & {age <= 46}",686,246,294,0.428571428571429,TRUE,"","NULL","",6.29000000000001
830,8317781,2,0.5,FALSE,NA,0,NA,0,NA,NA,"",686,246,287,0.418367346938776,TRUE,"","NULL","",4.051
831,8317782,2,0.5,FALSE,NA,1,0.67,4,18,4,"!{meno} & {pgr <= 26}",686,246,307,0.447521865889213,TRUE,"","NULL","",4.65000000000001
832,8317783,2,0.5,FALSE,NA,1,0.87,8,74,8,"!{er <= 174} & !{pgr <= 45}",686,246,306,0.446064139941691,TRUE,"","NULL","",5.12599999999998
833,8317784,2,0.5,FALSE,NA,1,0.98,57,294,57,"!{age <= 61} & !{grade3}",686,246,303,0.441690962099125,TRUE,"","NULL","",8.801
834,8317785,2,0.5,FALSE,NA,1,0.91,44,161,44,"!{nodes <= 5} & !{size <= 25}",686,246,276,0.402332361516035,TRUE,"","NULL","",6.09699999999999
835,8317786,2,0.5,FALSE,NA,1,0.72,5,38,5,"{size <= 35} & {age <= 46}",686,246,313,0.456268221574344,TRUE,"","NULL","",4.76999999999998
836,8317787,2,0.5,FALSE,NA,1,0.94,15,80,15,"!{pgr <= 77} & {er <= 100}",686,246,314,0.457725947521866,TRUE,"","NULL","",4.09100000000001
837,8317788,2,0.5,FALSE,NA,1,0.73,2,22,2,"!{er <= 17} & {pgr <= 26}",686,246,288,0.419825072886297,TRUE,"","NULL","",4.517
838,8317789,2,0.5,FALSE,NA,1,0.94,13,125,13,"!{er <= 70} & {er <= 100}",686,246,298,0.434402332361516,TRUE,"","NULL","",5.88799999999999
839,8317790,2,0.5,FALSE,NA,1,0.89,10,54,10,"{nodes <= 1} & {pgr <= 77}",686,246,305,0.444606413994169,TRUE,"","NULL","",4.61700000000002
840,8317791,2,0.5,FALSE,NA,1,0.82,13,56,13,"{size <= 35} & {pgr <= 8}",686,246,299,0.435860058309038,TRUE,"","NULL","",4.83000000000001
841,8317792,2,0.5,FALSE,NA,1,0.97,45,250,45,"{age <= 53} & {pgr <= 16}",686,246,314,0.457725947521866,TRUE,"","NULL","",8.164
842,8317793,2,0.5,FALSE,NA,1,0.85,8,93,8,"{age <= 46} & !{er <= 9}",686,246,319,0.465014577259475,TRUE,"","NULL","",5.307
843,8317794,2,0.5,FALSE,NA,1,0.92,53,266,53,"!{pgr <= 114} & {pgr <= 184}",686,246,296,0.431486880466472,TRUE,"","NULL","",7.31899999999999
844,8317795,2,0.5,FALSE,NA,1,0.94,41,152,41,"{nodes <= 1} & !{pgr <= 0}",686,246,285,0.415451895043732,TRUE,"","NULL","",4.50199999999998
845,8317796,2,0.5,FALSE,NA,1,0.95,88,247,88,"{age <= 61} & !{nodes <= 5}",686,246,308,0.448979591836735,TRUE,"","NULL","",8.265
846,8317797,2,0.5,FALSE,NA,1,0.97,46,181,46,"!{grade3} & {age <= 46}",686,246,322,0.469387755102041,TRUE,"","NULL","",6.74499999999999
847,8317798,2,0.5,FALSE,NA,1,0.96,22,117,22,"!{pgr <= 114} & {nodes <= 3}",686,246,317,0.462099125364431,TRUE,"","NULL","",5.69
848,8317799,2,0.5,FALSE,NA,1,0.85,19,74,19,"!{grade3} & {size <= 20}",686,246,316,0.46064139941691,TRUE,"","NULL","",3.85999999999999
849,8317800,2,0.5,FALSE,NA,1,0.91,57,208,57,"!{er <= 100} & {size <= 29}",686,246,308,0.448979591836735,TRUE,"","NULL","",7.758
850,8317801,2,0.5,FALSE,NA,0,NA,0,8,0,"",686,246,307,0.447521865889213,TRUE,"","NULL","",4.28500000000001
851,8317802,2,0.5,FALSE,NA,1,0.89,15,62,15,"!{pgr <= 114} & {nodes <= 5}",686,246,297,0.432944606413994,TRUE,"","NULL","",4.91200000000001
852,8317803,2,0.5,FALSE,NA,1,0.92,94,223,94,"!{er <= 30} & {pgr <= 26}",686,246,278,0.405247813411079,TRUE,"","NULL","",6.02900000000002
853,8317804,2,0.5,FALSE,NA,1,0.93,35,106,35,"!{pgr <= 45} & !{nodes <= 1}",686,246,297,0.432944606413994,TRUE,"","NULL","",6.17099999999999
854,8317805,2,0.5,FALSE,NA,1,0.91,47,192,47,"{size <= 25} & !{pgr <= 26}",686,246,288,0.419825072886297,TRUE,"","NULL","",6.70100000000001
855,8317806,2,0.5,FALSE,NA,1,0.85,40,336,40,"!{age <= 61} & !{pgr <= 26}",686,246,306,0.446064139941691,TRUE,"","NULL","",8.15400000000001
856,8317807,2,0.5,FALSE,NA,1,0.7,1,14,1,"!{nodes <= 1} & !{er <= 174}",686,246,290,0.422740524781341,TRUE,"","NULL","",3.29000000000002
857,8317808,2,0.5,FALSE,NA,1,0.76,8,74,8,"{nodes <= 7} & {size <= 20}",686,246,298,0.434402332361516,TRUE,"","NULL","",5.69799999999999
858,8317809,2,0.5,FALSE,NA,1,0.86,22,119,22,"!{size <= 29} & {er <= 30}",686,246,287,0.418367346938776,TRUE,"","NULL","",6.006
859,8317810,2,0.5,FALSE,NA,1,0.97,50,200,50,"{er <= 17} & {nodes <= 5}",686,246,301,0.438775510204082,TRUE,"","NULL","",6.71300000000001
860,8317811,2,0.5,FALSE,NA,1,0.82,35,219,35,"{size <= 29} & !{grade3}",686,246,290,0.422740524781341,TRUE,"","NULL","",5.774
861,8317812,2,0.5,FALSE,NA,1,0.87,26,109,26,"!{meno} & !{er <= 0}",686,246,307,0.447521865889213,TRUE,"","NULL","",6.31099999999999
862,8317813,2,0.5,FALSE,NA,1,0.98,16,149,16,"!{pgr <= 114} & {pgr <= 184}",686,246,309,0.450437317784257,TRUE,"","NULL","",6.34999999999999
863,8317814,2,0.5,FALSE,NA,1,0.57,1,7,1,"{size <= 29} & !{pgr <= 114}",686,246,289,0.421282798833819,TRUE,"","NULL","",4.15900000000001
864,8317815,2,0.5,FALSE,NA,1,1,545,1026,545,"{size <= 29} & {age <= 46}",686,246,313,0.456268221574344,TRUE,"","NULL","",12.595
865,8317816,2,0.5,FALSE,NA,1,1,138,349,138,"{grade3} & {pgr <= 16}",686,246,282,0.411078717201166,TRUE,"","NULL","",9.447
866,8317817,2,0.5,FALSE,NA,1,0.68,4,67,4,"!{size <= 25} & !{nodes <= 5}",686,246,287,0.418367346938776,TRUE,"","NULL","",4.81600000000002
867,8317818,2,0.5,FALSE,NA,1,0.94,9,46,9,"!{pgr <= 77} & {er <= 44}",686,246,293,0.427113702623907,TRUE,"","NULL","",4.607
868,8317819,2,0.5,FALSE,NA,1,0.83,7,35,7,"{size <= 20} & {pgr <= 26}",686,246,290,0.422740524781341,TRUE,"","NULL","",3.916
869,8317820,2,0.5,FALSE,NA,1,0.84,8,41,8,"{age <= 46} & !{pgr <= 16}",686,246,298,0.434402332361516,TRUE,"","NULL","",5.02900000000001
870,8317821,2,0.5,FALSE,NA,1,0.8,11,59,11,"!{age <= 53} & {er <= 30}",686,246,300,0.43731778425656,TRUE,"","NULL","",4.904
871,8317822,2,0.5,FALSE,NA,1,0.78,6,62,6,"{grade3} & {age <= 53}",686,246,292,0.425655976676385,TRUE,"","NULL","",5.185
872,8317823,2,0.5,FALSE,NA,1,0.74,6,56,6,"{age <= 53} & !{nodes <= 5}",686,246,314,0.457725947521866,TRUE,"","NULL","",4.84900000000002
873,8317824,2,0.5,FALSE,NA,1,0.83,17,116,17,"!{nodes <= 1} & {age <= 46}",686,246,320,0.466472303206997,TRUE,"","NULL","",6.32199999999999
874,8317825,2,0.5,FALSE,NA,1,0.86,15,74,15,"!{size <= 20} & !{er <= 174}",686,246,300,0.43731778425656,TRUE,"","NULL","",5.378
875,8317826,2,0.5,FALSE,NA,1,0.8,14,110,14,"!{age <= 53} & !{pgr <= 45}",686,246,304,0.443148688046647,TRUE,"","NULL","",5.29999999999998
876,8317827,2,0.5,FALSE,NA,1,0.9,28,129,28,"{nodes <= 3} & !{age <= 61}",686,246,294,0.428571428571429,TRUE,"","NULL","",5.01900000000001
877,8317828,2,0.5,FALSE,NA,1,0.93,91,339,91,"!{er <= 44} & {er <= 100}",686,246,283,0.412536443148688,TRUE,"","NULL","",8.964
878,8317829,2,0.5,FALSE,NA,1,0.82,2,17,2,"!{size <= 25} & {er <= 17}",686,246,286,0.416909620991254,TRUE,"","NULL","",4.247
879,8317830,2,0.5,FALSE,NA,1,0.99,81,207,81,"{er <= 30} & !{pgr <= 26}",686,246,296,0.431486880466472,TRUE,"","NULL","Loglik converged before variable  1 ; coefficient may be infinite.  | Loglik converged before variable  1 ; coefficient may be infinite. ",6.75200000000001
880,8317831,2,0.5,FALSE,NA,0,NA,0,4,0,"",686,246,299,0.435860058309038,TRUE,"","NULL","",3.14100000000002
881,8317832,2,0.5,FALSE,NA,1,0.94,74,297,74,"!{pgr <= 114} & {nodes <= 3}",686,246,292,0.425655976676385,TRUE,"","NULL","Loglik converged before variable  1 ; coefficient may be infinite. ",8.712
882,8317833,2,0.5,FALSE,NA,1,0.91,16,81,16,"{er <= 17} & !{pgr <= 8}",686,246,303,0.441690962099125,TRUE,"","NULL","",5.318
883,8317834,2,0.5,FALSE,NA,1,0.66,1,19,1,"{nodes <= 1} & !{er <= 44}",686,246,296,0.431486880466472,TRUE,"","NULL","",4.465
884,8317835,2,0.5,FALSE,NA,1,0.83,18,88,18,"{er <= 3} & {size <= 29}",686,246,297,0.432944606413994,TRUE,"","NULL","",4.62200000000001
885,8317836,2,0.5,FALSE,NA,1,0.92,22,79,22,"{age <= 53} & {grade3}",686,246,313,0.456268221574344,TRUE,"","NULL","",6.495
886,8317837,2,0.5,FALSE,NA,1,0.67,10,113,10,"!{grade3} & !{age <= 53}",686,246,298,0.434402332361516,TRUE,"","NULL","",5.46900000000001
887,8317838,2,0.5,FALSE,NA,1,0.85,11,90,11,"!{age <= 61} & !{pgr <= 8}",686,246,301,0.438775510204082,TRUE,"","NULL","",5.455
888,8317839,2,0.5,FALSE,NA,1,0.89,17,70,17,"{nodes <= 1} & {er <= 44}",686,246,288,0.419825072886297,TRUE,"","NULL","",4.82999999999998
889,8317840,2,0.5,FALSE,NA,1,0.77,9,75,9,"{size <= 29} & {age <= 46}",686,246,313,0.456268221574344,TRUE,"","NULL","",6.11499999999999
890,8317841,2,0.5,FALSE,NA,0,NA,0,12,0,"",686,246,289,0.421282798833819,TRUE,"","NULL","",4.113
891,8317842,2,0.5,FALSE,NA,1,0.94,15,118,15,"{age <= 53} & !{nodes <= 7}",686,246,293,0.427113702623907,TRUE,"","NULL","",5.76100000000001
892,8317843,2,0.5,FALSE,NA,1,0.67,10,60,10,"{nodes <= 5} & {age <= 46}",686,246,288,0.419825072886297,TRUE,"","NULL","",4.821
893,8317844,2,0.5,FALSE,NA,1,0.59,1,9,1,"{age <= 53} & {meno}",686,246,306,0.446064139941691,TRUE,"","NULL","",4.98099999999999
894,8317845,2,0.5,FALSE,NA,1,0.62,2,23,2,"{age <= 53} & !{er <= 70}",686,246,288,0.419825072886297,TRUE,"","NULL","",4.459
895,8317846,2,0.5,FALSE,NA,1,0.99,129,535,129,"{nodes <= 1} & {er <= 17}",686,246,283,0.412536443148688,TRUE,"","NULL","",11.181
896,8317847,2,0.5,FALSE,NA,1,0.88,12,70,12,"{age <= 46} & {size <= 35}",686,246,294,0.428571428571429,TRUE,"","NULL","",3.94500000000002
897,8317848,2,0.5,FALSE,NA,0,NA,0,3,0,"",686,246,291,0.424198250728863,TRUE,"","NULL","",4.52099999999999
898,8317849,2,0.5,FALSE,NA,1,0.93,24,125,24,"!{er <= 174} & {size <= 35}",686,246,310,0.451895043731778,TRUE,"","NULL","",6.25700000000001
899,8317850,2,0.5,FALSE,NA,1,0.99,151,456,151,"!{pgr <= 77} & !{meno}",686,246,307,0.447521865889213,TRUE,"","NULL","",9.87000000000002
900,8317851,2,0.5,FALSE,NA,1,0.75,4,41,4,"!{pgr <= 184} & !{grade3}",686,246,293,0.427113702623907,TRUE,"","NULL","",3.922
901,8317852,2,0.5,FALSE,NA,1,0.88,17,75,17,"!{er <= 44} & {age <= 53}",686,246,295,0.43002915451895,TRUE,"","NULL","",6.05
902,8317853,2,0.5,FALSE,NA,1,0.84,17,95,17,"!{meno} & {pgr <= 45}",686,246,309,0.450437317784257,TRUE,"","NULL","",5.83199999999999
903,8317854,2,0.5,FALSE,NA,1,0.97,27,89,27,"!{pgr <= 45} & {er <= 44}",686,246,297,0.432944606413994,TRUE,"","NULL","",5.40300000000001
904,8317855,2,0.5,FALSE,NA,1,0.7,3,33,3,"{er <= 0} & {age <= 61}",686,246,323,0.470845481049563,TRUE,"","NULL","",4.268
905,8317856,2,0.5,FALSE,NA,1,0.72,6,31,6,"{age <= 46} & {er <= 174}",686,246,295,0.43002915451895,TRUE,"","NULL","",4.937
906,8317857,2,0.5,FALSE,NA,1,0.98,10,41,10,"{size <= 35} & {pgr <= 0}",686,246,304,0.443148688046647,TRUE,"","NULL","",4.78700000000001
907,8317858,2,0.5,FALSE,NA,1,0.96,139,353,139,"!{pgr <= 114} & !{er <= 44}",686,246,281,0.409620991253644,TRUE,"","NULL","",8.459
908,8317859,2,0.5,FALSE,NA,1,0.97,26,112,26,"{er <= 44} & !{pgr <= 26}",686,246,309,0.450437317784257,TRUE,"","NULL","",4.625
909,8317860,2,0.5,FALSE,NA,1,0.9,5,42,5,"!{size <= 35} & !{pgr <= 26}",686,246,288,0.419825072886297,TRUE,"","NULL","",5.37700000000001
910,8317861,2,0.5,FALSE,NA,1,0.95,33,131,33,"!{er <= 100} & !{size <= 20}",686,246,309,0.450437317784257,TRUE,"","NULL","",5.872
911,8317862,2,0.5,FALSE,NA,1,0.61,2,12,2,"{nodes <= 3} & {er <= 9}",686,246,309,0.450437317784257,TRUE,"","NULL","",4.14099999999999
912,8317863,2,0.5,FALSE,NA,1,0.71,8,43,8,"!{er <= 70} & !{pgr <= 45}",686,246,296,0.431486880466472,TRUE,"","NULL","",4.53
913,8317864,2,0.5,FALSE,NA,1,0.9,8,53,8,"!{er <= 9} & {er <= 17}",686,246,307,0.447521865889213,TRUE,"","NULL","",5.155
914,8317865,2,0.5,FALSE,NA,1,0.75,14,76,14,"{nodes <= 3} & {er <= 17}",686,246,296,0.431486880466472,TRUE,"","NULL","",5.36
915,8317866,2,0.5,FALSE,NA,1,0.84,13,65,13,"{nodes <= 1} & {pgr <= 77}",686,246,312,0.454810495626822,TRUE,"","NULL","",5.11000000000001
916,8317867,2,0.5,FALSE,NA,1,0.96,15,114,15,"{pgr <= 114} & !{pgr <= 45}",686,246,317,0.462099125364431,TRUE,"","NULL","",5.17099999999999
917,8317868,2,0.5,FALSE,NA,1,0.93,30,122,30,"!{size <= 25} & {er <= 17}",686,246,296,0.431486880466472,TRUE,"","NULL","",6.27799999999999
918,8317869,2,0.5,FALSE,NA,1,0.97,74,215,74,"{grade3} & {er <= 17}",686,246,295,0.43002915451895,TRUE,"","NULL","",6.74300000000001
919,8317870,2,0.5,FALSE,NA,1,0.56,2,21,2,"{nodes <= 1} & {er <= 17}",686,246,277,0.403790087463557,TRUE,"","NULL","",4.227
920,8317871,2,0.5,FALSE,NA,1,0.77,10,75,10,"!{age <= 61} & !{pgr <= 16}",686,246,289,0.421282798833819,TRUE,"","NULL","",4.69
921,8317872,2,0.5,FALSE,NA,1,0.86,11,87,11,"!{er <= 174} & !{size <= 20}",686,246,304,0.443148688046647,TRUE,"","NULL","",5.875
922,8317873,2,0.5,FALSE,NA,1,0.73,4,34,4,"!{pgr <= 26} & {pgr <= 77}",686,246,292,0.425655976676385,TRUE,"","NULL","",5.02199999999999
923,8317874,2,0.5,FALSE,NA,1,0.67,2,38,2,"!{er <= 9} & {age <= 46}",686,246,286,0.416909620991254,TRUE,"","NULL","",4.85899999999999
924,8317875,2,0.5,FALSE,NA,1,0.55,1,20,1,"{nodes <= 5} & !{nodes <= 3}",686,246,279,0.406705539358601,TRUE,"","NULL","",4.20400000000001
925,8317876,2,0.5,FALSE,NA,1,0.99,14,79,14,"{age <= 53} & {meno}",686,246,290,0.422740524781341,TRUE,"","NULL","",5.53200000000001
926,8317877,2,0.5,FALSE,NA,1,0.94,13,100,13,"{pgr <= 26} & !{er <= 9}",686,246,305,0.444606413994169,TRUE,"","NULL","",5.28399999999999
927,8317878,2,0.5,FALSE,NA,1,0.93,5,35,5,"{grade3} & {size <= 25}",686,246,297,0.432944606413994,TRUE,"","NULL","",4.89799999999998
928,8317879,2,0.5,FALSE,NA,1,0.9,25,133,25,"{age <= 53} & {grade3}",686,246,304,0.443148688046647,TRUE,"","NULL","",5.375
929,8317880,2,0.5,FALSE,NA,1,0.68,11,103,11,"!{meno} & {pgr <= 77}",686,246,299,0.435860058309038,TRUE,"","NULL","",5.92
930,8317881,2,0.5,FALSE,NA,1,0.98,53,137,53,"!{meno} & {size <= 20}",686,246,311,0.4533527696793,TRUE,"","NULL","",5.979
931,8317882,2,0.5,FALSE,NA,1,0.8,14,66,14,"{size <= 29} & !{er <= 30}",686,246,295,0.43002915451895,TRUE,"","NULL","",5.23099999999999
932,8317883,2,0.5,FALSE,NA,1,0.98,36,147,36,"{nodes <= 1} & {er <= 17}",686,246,312,0.454810495626822,TRUE,"","NULL","",5.309
933,8317884,2,0.5,FALSE,NA,1,1,115,308,115,"{grade3} & {pgr <= 45}",686,246,297,0.432944606413994,TRUE,"","NULL","",8.31700000000001
934,8317885,2,0.5,FALSE,NA,1,0.92,56,169,56,"!{pgr <= 77} & {size <= 25}",686,246,308,0.448979591836735,TRUE,"","NULL","",6.434
935,8317886,2,0.5,FALSE,NA,1,0.76,3,52,3,"{er <= 100} & !{er <= 44}",686,246,296,0.431486880466472,TRUE,"","NULL","",4.727
936,8317887,2,0.5,FALSE,NA,1,0.99,271,638,271,"{age <= 53} & {nodes <= 1}",686,246,286,0.416909620991254,TRUE,"","NULL","",8.37300000000002
937,8317888,2,0.5,FALSE,NA,0,NA,0,8,0,"",686,246,321,0.467930029154519,TRUE,"","NULL","",4.84699999999999
938,8317889,2,0.5,FALSE,NA,1,0.7,6,39,6,"!{grade3} & {nodes <= 1}",686,246,309,0.450437317784257,TRUE,"","NULL","",4.938
939,8317890,2,0.5,FALSE,NA,1,0.97,11,50,11,"{pgr <= 184} & !{pgr <= 114}",686,246,305,0.444606413994169,TRUE,"","NULL","",5.14200000000001
940,8317891,2,0.5,FALSE,NA,1,0.95,63,246,63,"{size <= 29} & !{meno}",686,246,311,0.4533527696793,TRUE,"","NULL","",6.94400000000002
941,8317892,2,0.5,FALSE,NA,1,0.71,5,46,5,"!{pgr <= 26} & {size <= 20}",686,246,310,0.451895043731778,TRUE,"","NULL","",5.36999999999999
942,8317893,2,0.5,FALSE,NA,1,0.89,28,127,28,"!{age <= 46} & !{pgr <= 77}",686,246,295,0.43002915451895,TRUE,"","NULL","",6.017
943,8317894,2,0.5,FALSE,NA,0,NA,0,11,0,"",686,246,307,0.447521865889213,TRUE,"","NULL","",4.562
944,8317895,2,0.5,FALSE,NA,1,0.95,60,185,60,"{age <= 53} & !{pgr <= 45}",686,246,301,0.438775510204082,TRUE,"","NULL","",6.096
945,8317896,2,0.5,FALSE,NA,1,0.82,7,43,7,"{size <= 20} & !{pgr <= 26}",686,246,283,0.412536443148688,TRUE,"","NULL","",4.97499999999999
946,8317897,2,0.5,FALSE,NA,1,1,216,349,216,"{pgr <= 16} & !{meno}",686,246,284,0.41399416909621,TRUE,"","NULL","Loglik converged before variable  1 ; coefficient may be infinite.  | Loglik converged before variable  1 ; coefficient may be infinite. ",8.712
947,8317898,2,0.5,FALSE,NA,1,0.78,11,48,11,"!{size <= 35} & {pgr <= 337}",686,246,295,0.43002915451895,TRUE,"","NULL","",4.73899999999998
948,8317899,2,0.5,FALSE,NA,1,0.88,2,27,2,"{size <= 29} & !{nodes <= 5}",686,246,283,0.412536443148688,TRUE,"","NULL","",3.79999999999998
949,8317900,2,0.5,FALSE,NA,1,0.75,2,24,2,"!{er <= 174} & !{pgr <= 26}",686,246,315,0.459183673469388,TRUE,"","NULL","",5.32599999999999
950,8317901,2,0.5,FALSE,NA,0,NA,0,5,0,"",686,246,283,0.412536443148688,TRUE,"","NULL","",4.355
951,8317902,2,0.5,FALSE,NA,1,0.62,3,33,3,"{nodes <= 1} & {er <= 30}",686,246,293,0.427113702623907,TRUE,"","NULL","",4.804
952,8317903,2,0.5,FALSE,NA,1,0.96,34,111,34,"{nodes <= 1} & {pgr <= 16}",686,246,294,0.428571428571429,TRUE,"","NULL","",5.60899999999998
953,8317904,2,0.5,FALSE,NA,1,0.85,28,174,28,"!{er <= 9} & {er <= 44}",686,246,302,0.440233236151603,TRUE,"","NULL","Loglik converged before variable  1 ; coefficient may be infinite. ",7.095
954,8317905,2,0.5,FALSE,NA,1,0.69,7,61,7,"!{age <= 46} & {size <= 20}",686,246,312,0.454810495626822,TRUE,"","NULL","",5.071
955,8317906,2,0.5,FALSE,NA,1,0.92,29,111,29,"{size <= 25} & !{pgr <= 77}",686,246,288,0.419825072886297,TRUE,"","NULL","",5.44
956,8317907,2,0.5,FALSE,NA,1,0.83,8,37,8,"!{nodes <= 7} & {er <= 174}",686,246,295,0.43002915451895,TRUE,"","NULL","",3.94799999999998
957,8317908,2,0.5,FALSE,NA,1,0.67,2,24,2,"!{pgr <= 16} & {size <= 20}",686,246,294,0.428571428571429,TRUE,"","NULL","",4.69
958,8317909,2,0.5,FALSE,NA,1,0.84,6,59,6,"{age <= 46} & !{size <= 20}",686,246,305,0.444606413994169,TRUE,"","NULL","",5.21899999999999
959,8317910,2,0.5,FALSE,NA,1,0.89,55,198,55,"{size <= 20} & {pgr <= 337}",686,246,301,0.438775510204082,TRUE,"","NULL","",6.89900000000002
960,8317911,2,0.5,FALSE,NA,1,0.84,14,117,14,"!{pgr <= 77} & !{nodes <= 3}",686,246,320,0.466472303206997,TRUE,"","NULL","",5.126
961,8317912,2,0.5,FALSE,NA,0,NA,0,18,0,"",686,246,291,0.424198250728863,TRUE,"","NULL","",4.76399999999998
962,8317913,2,0.5,FALSE,NA,1,0.76,12,86,12,"{age <= 53} & {er <= 17}",686,246,303,0.441690962099125,TRUE,"","NULL","",5.56700000000001
963,8317914,2,0.5,FALSE,NA,0,NA,0,11,0,"",686,246,296,0.431486880466472,TRUE,"","NULL","",4.43700000000001
964,8317915,2,0.5,FALSE,NA,1,0.93,20,86,20,"!{pgr <= 26} & !{er <= 174}",686,246,324,0.472303206997085,TRUE,"","NULL","",5.42200000000003
965,8317916,2,0.5,FALSE,NA,1,0.97,38,160,38,"!{er <= 9} & {er <= 17}",686,246,301,0.438775510204082,TRUE,"","NULL","",6.78800000000001
966,8317917,2,0.5,FALSE,NA,1,0.89,35,186,35,"{age <= 53} & {pgr <= 26}",686,246,306,0.446064139941691,TRUE,"","NULL","",6.38800000000001
967,8317918,2,0.5,FALSE,NA,1,0.83,8,57,8,"{er <= 70} & !{pgr <= 77}",686,246,294,0.428571428571429,TRUE,"","NULL","",5.125
968,8317919,2,0.5,FALSE,NA,1,0.89,8,58,8,"!{er <= 70} & {er <= 100}",686,246,293,0.427113702623907,TRUE,"","NULL","",3.88800000000001
969,8317920,2,0.5,FALSE,NA,1,0.99,301,722,301,"{size <= 20} & !{age <= 46}",686,246,301,0.438775510204082,TRUE,"","NULL","",13.863
970,8317921,2,0.5,FALSE,NA,1,0.85,16,103,16,"!{pgr <= 77} & {er <= 294}",686,246,309,0.450437317784257,TRUE,"","NULL","",5.44799999999998
971,8317922,2,0.5,FALSE,NA,1,0.93,80,201,80,"{nodes <= 1} & !{pgr <= 0}",686,246,307,0.447521865889213,TRUE,"","NULL","",4.91900000000001
972,8317923,2,0.5,FALSE,NA,1,0.99,71,173,71,"{size <= 25} & {age <= 46}",686,246,304,0.443148688046647,TRUE,"","NULL","",4.07499999999999
973,8317924,2,0.5,FALSE,NA,1,0.81,7,46,7,"{nodes <= 1} & {er <= 174}",686,246,313,0.456268221574344,TRUE,"","NULL","",5.00999999999999
974,8317925,2,0.5,FALSE,NA,1,0.93,27,91,27,"{age <= 53} & !{size <= 29}",686,246,294,0.428571428571429,TRUE,"","NULL","",5.75
975,8317926,2,0.5,FALSE,NA,1,0.98,86,263,86,"!{er <= 174} & {nodes <= 5}",686,246,314,0.457725947521866,TRUE,"","NULL","",7.34700000000001
976,8317927,2,0.5,FALSE,NA,1,0.84,18,65,18,"!{er <= 174} & !{pgr <= 2}",686,246,299,0.435860058309038,TRUE,"","NULL","",4.10999999999999
977,8317928,2,0.5,FALSE,NA,1,0.87,42,150,42,"!{pgr <= 16} & !{meno}",686,246,290,0.422740524781341,TRUE,"","NULL","Loglik converged before variable  1 ; coefficient may be infinite.  | Loglik converged before variable  1 ; coefficient may be infinite. ",7.291
978,8317929,2,0.5,FALSE,NA,1,0.95,20,80,20,"{size <= 20} & !{pgr <= 45}",686,246,285,0.415451895043732,TRUE,"","NULL","",4.84100000000001
979,8317930,2,0.5,FALSE,NA,1,0.99,34,88,34,"{pgr <= 16} & !{er <= 9}",686,246,300,0.43731778425656,TRUE,"","NULL","",5.31900000000002
980,8317931,2,0.5,FALSE,NA,1,0.98,24,113,24,"{age <= 53} & {meno}",686,246,307,0.447521865889213,TRUE,"","NULL","",5.083
981,8317932,2,0.5,FALSE,NA,0,NA,0,21,0,"",686,246,299,0.435860058309038,TRUE,"","NULL","",5.303
982,8317933,2,0.5,FALSE,NA,1,0.75,7,69,7,"{nodes <= 1} & {pgr <= 184}",686,246,292,0.425655976676385,TRUE,"","NULL","",5.315
983,8317934,2,0.5,FALSE,NA,1,0.79,12,69,12,"!{er <= 3} & !{size <= 35}",686,246,290,0.422740524781341,TRUE,"","NULL","",5.31100000000001
984,8317935,2,0.5,FALSE,NA,1,0.99,124,392,124,"{size <= 20} & !{pgr <= 26}",686,246,294,0.428571428571429,TRUE,"","NULL","",7.74300000000002
985,8317936,2,0.5,FALSE,NA,1,0.83,5,36,5,"!{pgr <= 77} & {pgr <= 114}",686,246,283,0.412536443148688,TRUE,"","NULL","",5.09900000000002
986,8317937,2,0.5,FALSE,NA,1,0.96,41,118,41,"{pgr <= 0}",686,246,302,0.440233236151603,TRUE,"","NULL","",5.964
987,8317938,2,0.5,FALSE,NA,1,0.96,35,178,35,"{age <= 53} & {meno}",686,246,299,0.435860058309038,TRUE,"","NULL","",6.47399999999999
988,8317939,2,0.5,FALSE,NA,1,0.99,50,125,50,"!{nodes <= 5} & !{pgr <= 16}",686,246,311,0.4533527696793,TRUE,"","NULL","",5.095
989,8317940,2,0.5,FALSE,NA,1,0.99,19,70,19,"{age <= 46} & !{size <= 25}",686,246,299,0.435860058309038,TRUE,"","NULL","",5.375
990,8317941,2,0.5,FALSE,NA,1,0.91,59,256,59,"{size <= 20} & !{pgr <= 45}",686,246,309,0.450437317784257,TRUE,"","NULL","",7.45699999999999
991,8317942,2,0.5,FALSE,NA,1,0.87,14,40,14,"{nodes <= 1} & {er <= 30}",686,246,285,0.415451895043732,TRUE,"","NULL","",4.65299999999999
992,8317943,2,0.5,FALSE,NA,1,0.85,18,77,18,"{nodes <= 1} & !{er <= 30}",686,246,298,0.434402332361516,TRUE,"","NULL","",4.51300000000001
993,8317944,2,0.5,FALSE,NA,1,0.92,6,25,6,"{grade3} & {nodes <= 3}",686,246,283,0.412536443148688,TRUE,"","NULL","",5.28
994,8317945,2,0.5,FALSE,NA,1,0.86,39,181,39,"!{grade3} & !{er <= 30}",686,246,311,0.4533527696793,TRUE,"","NULL","",6.75899999999999
995,8317946,2,0.5,FALSE,NA,1,0.95,10,62,10,"!{er <= 44} & {age <= 53}",686,246,309,0.450437317784257,TRUE,"","NULL","",4.90199999999999
996,8317947,2,0.5,FALSE,NA,1,0.85,17,98,17,"!{pgr <= 8} & {er <= 17}",686,246,303,0.441690962099125,TRUE,"","NULL","",4.898
997,8317948,2,0.5,FALSE,NA,1,0.96,86,229,86,"!{nodes <= 5} & {age <= 53}",686,246,278,0.405247813411079,TRUE,"","NULL","",8.00200000000001
998,8317949,2,0.5,FALSE,NA,1,0.72,19,101,19,"!{meno} & !{er <= 9}",686,246,316,0.46064139941691,TRUE,"","NULL","",5.89599999999999
999,8317950,2,0.5,FALSE,NA,1,0.83,9,57,9,"!{age <= 61} & {size <= 25}",686,246,310,0.451895043731778,TRUE,"","NULL","",4.88800000000001
1000,8317951,2,0.5,FALSE,NA,1,0.99,27,116,27,"!{er <= 70} & {er <= 100}",686,246,316,0.46064139941691,TRUE,"","NULL","",4.45600000000002
1001,8317952,2,0.5,FALSE,NA,1,0.84,12,73,12,"{size <= 29} & {age <= 53}",686,246,300,0.43731778425656,TRUE,"","NULL","",5.768
1002,8317953,2,0.5,FALSE,NA,1,0.95,80,266,80,"{age <= 53} & !{size <= 25}",686,246,306,0.446064139941691,TRUE,"","NULL","",7.52000000000001
1003,8317954,2,0.5,FALSE,NA,1,0.97,24,66,24,"{size <= 35} & {pgr <= 0}",686,246,277,0.403790087463557,TRUE,"","NULL","",5.029
1004,8317955,2,0.5,FALSE,NA,1,0.88,15,55,15,"{er <= 30} & !{pgr <= 26}",686,246,305,0.444606413994169,TRUE,"","NULL","",4.01999999999998
1005,8317956,2,0.5,FALSE,NA,1,0.86,8,25,8,"{grade3} & {pgr <= 16}",686,246,315,0.459183673469388,TRUE,"","NULL","",5.47899999999998
1006,8317957,2,0.5,FALSE,NA,1,0.9,83,274,83,"!{size <= 20} & !{pgr <= 114}",686,246,308,0.448979591836735,TRUE,"","NULL","",7.86499999999998
1007,8317958,2,0.5,FALSE,NA,1,0.95,115,277,115,"!{pgr <= 114} & !{er <= 70}",686,246,292,0.425655976676385,TRUE,"","NULL","",7.33699999999999
1008,8317959,2,0.5,FALSE,NA,1,0.61,1,7,1,"{age <= 53} & {meno}",686,246,298,0.434402332361516,TRUE,"","NULL","",3.34
1009,8317960,2,0.5,FALSE,NA,1,0.96,14,73,14,"!{er <= 3} & {er <= 17}",686,246,308,0.448979591836735,TRUE,"","NULL","",5.45599999999999
1010,8317961,2,0.5,FALSE,NA,1,0.92,38,151,38,"{age <= 46} & {pgr <= 114}",686,246,290,0.422740524781341,TRUE,"","NULL","",6.18600000000001
1011,8317962,2,0.5,FALSE,NA,1,0.91,3,42,3,"!{er <= 44} & {er <= 70}",686,246,297,0.432944606413994,TRUE,"","NULL","",4.73400000000001
1012,8317963,2,0.5,FALSE,NA,1,0.78,5,70,5,"!{meno} & {pgr <= 16}",686,246,292,0.425655976676385,TRUE,"","NULL","",4.76499999999999
1013,8317964,2,0.5,FALSE,NA,1,0.97,80,208,80,"{nodes <= 5} & !{er <= 174}",686,246,306,0.446064139941691,TRUE,"","NULL","",7.68900000000002
1014,8317965,2,0.5,FALSE,NA,1,0.86,7,49,7,"{pgr <= 26} & !{pgr <= 8}",686,246,293,0.427113702623907,TRUE,"","NULL","",5.13400000000001
1015,8317966,2,0.5,FALSE,NA,1,0.98,42,118,42,"!{pgr <= 184} & {nodes <= 7}",686,246,288,0.419825072886297,TRUE,"","NULL","",6.00800000000001
1016,8317967,2,0.5,FALSE,NA,1,1,47,131,47,"!{pgr <= 77} & {pgr <= 114}",686,246,304,0.443148688046647,TRUE,"","NULL","",4.46299999999999
1017,8317968,2,0.5,FALSE,NA,0,NA,0,4,0,"",686,246,296,0.431486880466472,TRUE,"","NULL","",4.55800000000002
1018,8317969,2,0.5,FALSE,NA,1,0.61,1,10,1,"!{pgr <= 26} & {er <= 30}",686,246,308,0.448979591836735,TRUE,"","NULL","",4.47200000000001
1019,8317970,2,0.5,FALSE,NA,1,0.84,9,53,9,"!{pgr <= 45} & !{er <= 174}",686,246,283,0.412536443148688,TRUE,"","NULL","",5.00399999999999
1020,8317971,2,0.5,FALSE,NA,1,0.63,2,34,2,"{age <= 53} & {er <= 3}",686,246,325,0.473760932944606,TRUE,"","NULL","",4.86799999999999
1021,8317972,2,0.5,FALSE,NA,1,0.92,26,118,26,"!{pgr <= 45} & !{size <= 29}",686,246,303,0.441690962099125,TRUE,"","NULL","",6.261
1022,8317973,2,0.5,FALSE,NA,1,0.85,12,59,12,"{nodes <= 5} & !{pgr <= 184}",686,246,300,0.43731778425656,TRUE,"","NULL","",4.78099999999998
1023,8317974,2,0.5,FALSE,NA,1,0.88,12,125,12,"{size <= 29} & {age <= 46}",686,246,297,0.432944606413994,TRUE,"","NULL","",6.08599999999998
1024,8317975,2,0.5,FALSE,NA,1,0.88,2,54,2,"{age <= 53} & {grade3}",686,246,277,0.403790087463557,TRUE,"","NULL","",4.37200000000001
1025,8317976,2,0.5,FALSE,NA,1,0.93,15,92,15,"!{pgr <= 45} & !{nodes <= 5}",686,246,304,0.443148688046647,TRUE,"","NULL","",6.65799999999999
1026,8317977,2,0.5,FALSE,NA,1,0.93,32,99,32,"!{grade3} & {age <= 46}",686,246,307,0.447521865889213,TRUE,"","NULL","",5.38200000000001
1027,8317978,2,0.5,FALSE,NA,1,0.92,22,105,22,"!{er <= 44} & {er <= 100}",686,246,316,0.46064139941691,TRUE,"","NULL","",5.733
1028,8317979,2,0.5,FALSE,NA,1,0.64,3,27,3,"{nodes <= 3} & !{age <= 61}",686,246,319,0.465014577259475,TRUE,"","NULL","",4.36499999999998
1029,8317980,2,0.5,FALSE,NA,1,0.77,11,51,11,"{grade3} & {er <= 17}",686,246,308,0.448979591836735,TRUE,"","NULL","",5.363
1030,8317981,2,0.5,FALSE,NA,1,0.93,24,166,24,"{size <= 35} & {er <= 3}",686,246,302,0.440233236151603,TRUE,"","NULL","",6.185
1031,8317982,2,0.5,FALSE,NA,1,0.98,42,136,42,"{er <= 17} & !{er <= 9}",686,246,319,0.465014577259475,TRUE,"","NULL","",5.828
1032,8317983,2,0.5,FALSE,NA,1,0.97,25,149,25,"!{er <= 3} & {er <= 9}",686,246,292,0.425655976676385,TRUE,"","NULL","",5.298
1033,8317984,2,0.5,FALSE,NA,1,0.89,18,103,18,"!{pgr <= 114} & {nodes <= 7}",686,246,300,0.43731778425656,TRUE,"","NULL","",6.779
1034,8317985,2,0.5,FALSE,NA,1,0.97,25,66,25,"!{age <= 61} & {size <= 25}",686,246,308,0.448979591836735,TRUE,"","NULL","",4.82000000000002
1035,8317986,2,0.5,FALSE,NA,1,0.7,5,19,5,"{grade3} & {pgr <= 45}",686,246,302,0.440233236151603,TRUE,"","NULL","",4.37800000000001
1036,8317987,2,0.5,FALSE,NA,1,0.76,5,33,5,"{er <= 30} & !{pgr <= 8}",686,246,298,0.434402332361516,TRUE,"","NULL","",4.422
1037,8317988,2,0.5,FALSE,NA,1,0.94,10,60,10,"!{er <= 44} & !{nodes <= 5}",686,246,322,0.469387755102041,TRUE,"","NULL","",5.72900000000001
1038,8317989,2,0.5,FALSE,NA,1,0.81,5,35,5,"{nodes <= 3} & !{er <= 30}",686,246,292,0.425655976676385,TRUE,"","NULL","",4.34299999999999
1039,8317990,2,0.5,FALSE,NA,1,0.87,6,47,6,"!{size <= 35} & !{grade3}",686,246,295,0.43002915451895,TRUE,"","NULL","",4.751
1040,8317991,2,0.5,FALSE,NA,1,0.91,11,60,11,"!{er <= 9} & {er <= 17}",686,246,292,0.425655976676385,TRUE,"","NULL","",5.077
1041,8317992,2,0.5,FALSE,NA,1,0.88,39,136,39,"!{size <= 25} & {pgr <= 26}",686,246,300,0.43731778425656,TRUE,"","NULL","",7.03999999999999
1042,8317993,2,0.5,FALSE,NA,1,0.97,29,79,29,"{er <= 70} & !{er <= 44}",686,246,303,0.441690962099125,TRUE,"","NULL","",4.911
1043,8317994,2,0.5,FALSE,NA,1,0.62,3,17,3,"{grade3} & {pgr <= 16}",686,246,286,0.416909620991254,TRUE,"","NULL","",4.30800000000002
1044,8317995,2,0.5,FALSE,NA,1,0.95,7,64,7,"!{pgr <= 77} & {pgr <= 114}",686,246,302,0.440233236151603,TRUE,"","NULL","",4.82199999999997
1045,8317996,2,0.5,FALSE,NA,1,0.81,18,73,18,"{age <= 53} & {pgr <= 114}",686,246,315,0.459183673469388,TRUE,"","NULL","",6.01599999999999
1046,8317997,2,0.5,FALSE,NA,1,0.76,4,23,4,"!{meno} & !{pgr <= 45}",686,246,291,0.424198250728863,TRUE,"","NULL","",4.51900000000001
1047,8317998,2,0.5,FALSE,NA,1,0.77,3,34,3,"!{pgr <= 77} & !{nodes <= 3}",686,246,309,0.450437317784257,TRUE,"","NULL","",4.91800000000001
1048,8317999,2,0.5,FALSE,NA,1,0.96,35,149,35,"!{nodes <= 5} & {er <= 30}",686,246,283,0.412536443148688,TRUE,"","NULL","",5.613
1049,8318000,2,0.5,FALSE,NA,1,0.83,4,50,4,"!{size <= 35} & !{pgr <= 45}",686,246,314,0.457725947521866,TRUE,"","NULL","",5.13899999999998
1050,8318001,2,0.5,FALSE,NA,1,0.84,6,73,6,"{pgr <= 77} & {age <= 46}",686,246,303,0.441690962099125,TRUE,"","NULL","",5.64500000000001
1051,8318002,2,0.5,FALSE,NA,1,0.72,7,44,7,"{size <= 20} & !{pgr <= 16}",686,246,293,0.427113702623907,TRUE,"","NULL","",4.83700000000002
1052,8318003,2,0.5,FALSE,NA,1,0.83,24,90,24,"{size <= 20} & {nodes <= 3}",686,246,297,0.432944606413994,TRUE,"","NULL","",5.12800000000001
1053,8318004,2,0.5,FALSE,NA,1,0.9,18,114,18,"{size <= 25} & !{er <= 30}",686,246,324,0.472303206997085,TRUE,"","NULL","",6.49000000000001
1054,8318005,2,0.5,FALSE,NA,1,0.74,6,67,6,"{nodes <= 1} & {size <= 29}",686,246,308,0.448979591836735,TRUE,"","NULL","",5.27099999999999
1055,8318006,2,0.5,FALSE,NA,1,0.9,20,95,20,"{nodes <= 5} & {er <= 9}",686,246,310,0.451895043731778,TRUE,"","NULL","",5.43299999999999
1056,8318007,2,0.5,FALSE,NA,1,0.97,70,240,70,"!{er <= 174} & !{pgr <= 26}",686,246,315,0.459183673469388,TRUE,"","NULL","",6.125
1057,8318008,2,0.5,FALSE,NA,1,0.97,90,266,90,"!{er <= 70} & !{size <= 25}",686,246,311,0.4533527696793,TRUE,"","NULL","",8.405
1058,8318009,2,0.5,FALSE,NA,1,0.68,2,13,2,"!{er <= 17} & {pgr <= 16}",686,246,277,0.403790087463557,TRUE,"","NULL","",4.14599999999999
1059,8318010,2,0.5,FALSE,NA,1,0.96,72,166,72,"{size <= 29} & !{nodes <= 5}",686,246,307,0.447521865889213,TRUE,"","NULL","",6.108
1060,8318011,2,0.5,FALSE,NA,1,0.54,2,14,2,"{nodes <= 1} & {age <= 61}",686,246,302,0.440233236151603,TRUE,"","NULL","",3.84200000000001
1061,8318012,2,0.5,FALSE,NA,0,NA,0,4,0,"",686,246,303,0.441690962099125,TRUE,"","NULL","",4.66999999999999
1062,8318013,2,0.5,FALSE,NA,1,0.89,42,214,42,"!{meno} & !{pgr <= 77}",686,246,293,0.427113702623907,TRUE,"","NULL","",7.00800000000001
1063,8318014,2,0.5,FALSE,NA,1,0.93,4,33,4,"!{age <= 53} & {er <= 9}",686,246,310,0.451895043731778,TRUE,"","NULL","",4.53700000000001
1064,8318015,2,0.5,FALSE,NA,1,0.95,72,261,72,"!{er <= 100} & {age <= 61}",686,246,303,0.441690962099125,TRUE,"","NULL","",6.66999999999999
1065,8318016,2,0.5,FALSE,NA,1,0.55,1,8,1,"{size <= 35} & !{pgr <= 184}",686,246,288,0.419825072886297,TRUE,"","NULL","",4.88300000000001
1066,8318017,2,0.5,FALSE,NA,1,0.86,99,492,99,"{nodes <= 7} & !{age <= 61}",686,246,322,0.469387755102041,TRUE,"","NULL","",10.531
1067,8318018,2,0.5,FALSE,NA,1,1,62,198,62,"{er <= 3} & {size <= 29}",686,246,301,0.438775510204082,TRUE,"","NULL","",6.041
1068,8318019,2,0.5,FALSE,NA,0,NA,0,6,0,"",686,246,284,0.41399416909621,TRUE,"","NULL","",3.18600000000001
1069,8318020,2,0.5,FALSE,NA,1,0.91,10,26,10,"!{er <= 9} & {pgr <= 26}",686,246,299,0.435860058309038,TRUE,"","NULL","",4.959
1070,8318021,2,0.5,FALSE,NA,1,0.53,2,42,2,"!{grade3} & !{er <= 70}",686,246,286,0.416909620991254,TRUE,"","NULL","",4.62
1071,8318022,2,0.5,FALSE,NA,1,0.95,35,220,35,"{age <= 53} & !{er <= 30}",686,246,290,0.422740524781341,TRUE,"","NULL","",6.98099999999999
1072,8318023,2,0.5,FALSE,NA,1,0.95,51,251,51,"{age <= 53} & !{nodes <= 5}",686,246,295,0.43002915451895,TRUE,"","NULL","",6.08199999999999
1073,8318024,2,0.5,FALSE,NA,1,0.81,9,57,9,"{er <= 30} & !{er <= 9}",686,246,316,0.46064139941691,TRUE,"","NULL","",5.82000000000002
1074,8318025,2,0.5,FALSE,NA,1,0.51,1,6,1,"!{er <= 9} & {er <= 17}",686,246,292,0.425655976676385,TRUE,"","NULL","",4.22
1075,8318026,2,0.5,FALSE,NA,1,0.9,73,275,73,"{er <= 174} & {size <= 20}",686,246,307,0.447521865889213,TRUE,"","NULL","",8.024
1076,8318027,2,0.5,FALSE,NA,1,0.62,3,9,3,"!{er <= 174} & !{pgr <= 45}",686,246,287,0.418367346938776,TRUE,"","NULL","",3.494
1077,8318028,2,0.5,FALSE,NA,1,0.83,3,46,3,"{nodes <= 7} & !{nodes <= 5}",686,246,291,0.424198250728863,TRUE,"","NULL","",5.00299999999999
1078,8318029,2,0.5,FALSE,NA,0,NA,0,3,0,"",686,246,318,0.463556851311953,TRUE,"","NULL","",4.52099999999999
1079,8318030,2,0.5,FALSE,NA,1,0.73,10,76,10,"{size <= 20} & {nodes <= 5}",686,246,306,0.446064139941691,TRUE,"","NULL","",5.72499999999999
1080,8318031,2,0.5,FALSE,NA,1,0.99,329,563,329,"{pgr <= 16} & {age <= 53}",686,246,282,0.411078717201166,TRUE,"","NULL","",9.137
1081,8318032,2,0.5,FALSE,NA,1,0.8,6,24,6,"!{size <= 20} & {age <= 46}",686,246,312,0.454810495626822,TRUE,"","NULL","",4.703
1082,8318033,2,0.5,FALSE,NA,1,0.92,48,219,48,"!{pgr <= 184} & !{grade3}",686,246,319,0.465014577259475,TRUE,"","NULL","",7.46600000000001
1083,8318034,2,0.5,FALSE,NA,1,0.87,23,83,23,"{grade3} & {pgr <= 77}",686,246,289,0.421282798833819,TRUE,"","NULL","",5.024
1084,8318035,2,0.5,FALSE,NA,1,0.79,25,89,25,"!{grade3} & !{meno}",686,246,290,0.422740524781341,TRUE,"","NULL","",4.64500000000001
1085,8318036,2,0.5,FALSE,NA,0,NA,0,5,0,"",686,246,292,0.425655976676385,TRUE,"","NULL","",4.59999999999999
1086,8318037,2,0.5,FALSE,NA,1,1,98,302,98,"{er <= 3} & {grade3}",686,246,316,0.46064139941691,TRUE,"","NULL","",8.90299999999999
1087,8318038,2,0.5,FALSE,NA,1,0.9,15,61,15,"{pgr <= 16} & !{er <= 9}",686,246,297,0.432944606413994,TRUE,"","NULL","",4.83599999999998
1088,8318039,2,0.5,FALSE,NA,1,0.93,44,184,44,"{age <= 46} & !{grade3}",686,246,311,0.4533527696793,TRUE,"","NULL","",5.22799999999998
1089,8318040,2,0.5,FALSE,NA,1,0.98,19,113,19,"!{age <= 61} & {pgr <= 16}",686,246,308,0.448979591836735,TRUE,"","NULL","",6.626
1090,8318041,2,0.5,FALSE,NA,1,0.78,22,56,22,"{grade3} & {pgr <= 337}",686,246,298,0.434402332361516,TRUE,"","NULL","",5.011
1091,8318042,2,0.5,FALSE,NA,1,0.53,2,21,2,"{grade3} & {er <= 9}",686,246,298,0.434402332361516,TRUE,"","NULL","",4.52900000000002
1092,8318043,2,0.5,FALSE,NA,1,0.97,12,72,12,"{age <= 53} & !{nodes <= 5}",686,246,295,0.43002915451895,TRUE,"","NULL","",4.82900000000001
1093,8318044,2,0.5,FALSE,NA,1,0.92,11,49,11,"!{pgr <= 45} & {er <= 30}",686,246,313,0.456268221574344,TRUE,"","NULL","",5.99099999999999
1094,8318045,2,0.5,FALSE,NA,1,0.75,3,14,3,"!{pgr <= 77} & !{nodes <= 3}",686,246,298,0.434402332361516,TRUE,"","NULL","",4.101
1095,8318046,2,0.5,FALSE,NA,1,0.8,1,7,1,"{er <= 17} & !{er <= 9}",686,246,297,0.432944606413994,TRUE,"","NULL","",4.41999999999999
1096,8318047,2,0.5,FALSE,NA,1,0.72,14,60,14,"!{meno} & {pgr <= 114}",686,246,291,0.424198250728863,TRUE,"","NULL","",5.20999999999998
1097,8318048,2,0.5,FALSE,NA,1,0.68,4,15,4,"!{grade3} & {er <= 17}",686,246,280,0.408163265306122,TRUE,"","NULL","",4.44900000000001
1098,8318049,2,0.5,FALSE,NA,1,0.92,45,145,45,"{er <= 100} & !{pgr <= 26}",686,246,287,0.418367346938776,TRUE,"","NULL","",6.08600000000001
1099,8318050,2,0.5,FALSE,NA,1,0.92,29,85,29,"{pgr <= 2} & {size <= 35}",686,246,286,0.416909620991254,TRUE,"","NULL","Loglik converged before variable  1 ; coefficient may be infinite.  | Loglik converged before variable  1 ; coefficient may be infinite. ",5.65599999999998
1100,8318051,2,0.5,FALSE,NA,1,0.87,27,92,27,"{grade3} & {pgr <= 16}",686,246,280,0.408163265306122,TRUE,"","NULL","Loglik converged before variable  1 ; coefficient may be infinite. ",4.90299999999999
1101,8318052,2,0.5,FALSE,NA,1,0.87,22,85,22,"!{meno} & {pgr <= 26}",686,246,301,0.438775510204082,TRUE,"","NULL","",6.13399999999999
1102,8318053,2,0.5,FALSE,NA,0,NA,0,6,0,"",686,246,292,0.425655976676385,TRUE,"","NULL","",3.774
1103,8318054,2,0.5,FALSE,NA,1,0.79,5,53,5,"{age <= 46} & !{nodes <= 1}",686,246,305,0.444606413994169,TRUE,"","NULL","",4.91999999999999
1104,8318055,2,0.5,FALSE,NA,1,0.75,2,9,2,"{er <= 30} & !{er <= 17}",686,246,306,0.446064139941691,TRUE,"","NULL","",4.21099999999998
1105,8318056,2,0.5,FALSE,NA,1,0.81,7,40,7,"!{pgr <= 8} & {er <= 30}",686,246,296,0.431486880466472,TRUE,"","NULL","",5.39699999999999
1106,8318057,2,0.5,FALSE,NA,1,0.98,12,36,12,"!{pgr <= 77} & {er <= 70}",686,246,288,0.419825072886297,TRUE,"","NULL","",4.66200000000001
1107,8318058,2,0.5,FALSE,NA,1,0.8,7,34,7,"!{er <= 174} & !{pgr <= 8}",686,246,293,0.427113702623907,TRUE,"","NULL","",4.87799999999999
1108,8318059,2,0.5,FALSE,NA,1,0.9,48,148,48,"!{nodes <= 5} & {er <= 100}",686,246,304,0.443148688046647,TRUE,"","NULL","",5.833
1109,8318060,2,0.5,FALSE,NA,1,0.91,29,140,29,"!{size <= 20} & {er <= 30}",686,246,314,0.457725947521866,TRUE,"","NULL","",6.76400000000001
1110,8318061,2,0.5,FALSE,NA,1,0.68,3,13,3,"{size <= 29} & !{nodes <= 5}",686,246,302,0.440233236151603,TRUE,"","NULL","",4.04399999999998
1111,8318062,2,0.5,FALSE,NA,1,0.91,5,31,5,"!{pgr <= 77} & {er <= 44}",686,246,306,0.446064139941691,TRUE,"","NULL","",4.65099999999998
1112,8318063,2,0.5,FALSE,NA,0,NA,0,16,0,"",686,246,299,0.435860058309038,TRUE,"","NULL","",4.43100000000001
1113,8318064,2,0.5,FALSE,NA,1,0.95,21,103,21,"{nodes <= 1} & {age <= 61}",686,246,314,0.457725947521866,TRUE,"","NULL","",6.25
1114,8318065,2,0.5,FALSE,NA,1,0.81,28,116,28,"!{pgr <= 77} & !{nodes <= 1}",686,246,297,0.432944606413994,TRUE,"","NULL","",5.99800000000002
1115,8318066,2,0.5,FALSE,NA,1,0.82,13,58,13,"!{size <= 29} & {er <= 30}",686,246,288,0.419825072886297,TRUE,"","NULL","",5.10599999999999
1116,8318067,2,0.5,FALSE,NA,1,0.93,7,75,7,"{age <= 53} & {meno}",686,246,312,0.454810495626822,TRUE,"","NULL","",4.667
1117,8318068,2,0.5,FALSE,NA,1,0.87,19,69,19,"{nodes <= 1} & {er <= 174}",686,246,310,0.451895043731778,TRUE,"","NULL","",5.60300000000001
1118,8318069,2,0.5,FALSE,NA,1,0.88,8,51,8,"{nodes <= 1} & !{grade3}",686,246,290,0.422740524781341,TRUE,"","NULL","",4.76300000000001
1119,8318070,2,0.5,FALSE,NA,1,0.91,8,59,8,"{nodes <= 7} & {pgr <= 0}",686,246,305,0.444606413994169,TRUE,"","NULL","",4.94800000000001
1120,8318071,2,0.5,FALSE,NA,1,0.94,13,61,13,"{nodes <= 5} & !{size <= 35}",686,246,304,0.443148688046647,TRUE,"","NULL","",4.76100000000002
1121,8318072,2,0.5,FALSE,NA,1,0.83,16,105,16,"{size <= 29} & !{nodes <= 1}",686,246,300,0.43731778425656,TRUE,"","NULL","",6.291
1122,8318073,2,0.5,FALSE,NA,1,0.91,57,190,57,"{pgr <= 16} & !{grade3}",686,246,296,0.431486880466472,TRUE,"","NULL","",6.78399999999999
1123,8318074,2,0.5,FALSE,NA,1,0.96,15,81,15,"!{pgr <= 77} & {pgr <= 114}",686,246,318,0.463556851311953,TRUE,"","NULL","",5.16200000000001
1124,8318075,2,0.5,FALSE,NA,1,0.92,33,171,33,"{age <= 46} & {pgr <= 26}",686,246,286,0.416909620991254,TRUE,"","NULL","",5.08000000000001
1125,8318076,2,0.5,FALSE,NA,1,0.87,5,34,5,"!{age <= 61} & {er <= 44}",686,246,300,0.43731778425656,TRUE,"","NULL","",4.79499999999999
1126,8318077,2,0.5,FALSE,NA,1,0.89,31,126,31,"!{pgr <= 77} & {er <= 70}",686,246,292,0.425655976676385,TRUE,"","NULL","",5.66200000000001
1127,8318078,2,0.5,FALSE,NA,1,0.77,6,32,6,"!{size <= 29} & {er <= 17}",686,246,297,0.432944606413994,TRUE,"","NULL","",4.959
1128,8318079,2,0.5,FALSE,NA,1,0.96,28,134,28,"!{pgr <= 45} & !{size <= 35}",686,246,293,0.427113702623907,TRUE,"","NULL","",5.34700000000001
1129,8318080,2,0.5,FALSE,NA,1,0.96,125,314,125,"{age <= 46} & {size <= 29}",686,246,292,0.425655976676385,TRUE,"","NULL","",8.833
1130,8318081,2,0.5,FALSE,NA,1,0.95,93,491,93,"!{pgr <= 26} & {er <= 30}",686,246,310,0.451895043731778,TRUE,"","NULL","Loglik converged before variable  1 ; coefficient may be infinite. ",10.691
1131,8318082,2,0.5,FALSE,NA,1,0.99,58,178,58,"{size <= 29} & !{er <= 100}",686,246,309,0.450437317784257,TRUE,"","NULL","",4.99800000000002
1132,8318083,2,0.5,FALSE,NA,1,0.96,112,265,112,"!{meno} & {nodes <= 3}",686,246,301,0.438775510204082,TRUE,"","NULL","",4.446
1133,8318084,2,0.5,FALSE,NA,1,0.94,5,42,5,"!{pgr <= 45} & {er <= 30}",686,246,270,0.393586005830904,TRUE,"","NULL","",5.34700000000001
1134,8318085,2,0.5,FALSE,NA,1,0.61,3,37,3,"!{meno} & {er <= 30}",686,246,297,0.432944606413994,TRUE,"","NULL","",4.874
1135,8318086,2,0.5,FALSE,NA,1,0.88,4,30,4,"!{size <= 35} & {pgr <= 77}",686,246,324,0.472303206997085,TRUE,"","NULL","",4.65899999999999
1136,8318087,2,0.5,FALSE,NA,1,0.84,12,93,12,"!{nodes <= 3} & {pgr <= 26}",686,246,285,0.415451895043732,TRUE,"","NULL","",5.523
1137,8318088,2,0.5,FALSE,NA,1,0.57,3,35,3,"{size <= 35} & !{er <= 174}",686,246,306,0.446064139941691,TRUE,"","NULL","",4.86000000000001
1138,8318089,2,0.5,FALSE,NA,1,0.8,12,71,12,"{er <= 0}",686,246,307,0.447521865889213,TRUE,"","NULL","",5.035
1139,8318090,2,0.5,FALSE,NA,1,0.91,15,124,15,"!{pgr <= 114} & {size <= 25}",686,246,292,0.425655976676385,TRUE,"","NULL","",6.23699999999999
1140,8318091,2,0.5,FALSE,NA,1,0.74,7,25,7,"!{er <= 3} & {er <= 17}",686,246,310,0.451895043731778,TRUE,"","NULL","",4.23999999999998
1141,8318092,2,0.5,FALSE,NA,1,0.84,8,68,8,"!{er <= 70} & {age <= 61}",686,246,300,0.43731778425656,TRUE,"","NULL","",6.15900000000002
1142,8318093,2,0.5,FALSE,NA,1,0.93,10,52,10,"{nodes <= 1} & !{size <= 25}",686,246,317,0.462099125364431,TRUE,"","NULL","",4.95500000000001
1143,8318094,2,0.5,FALSE,NA,1,0.97,49,156,49,"{age <= 53} & {pgr <= 184}",686,246,303,0.441690962099125,TRUE,"","NULL","",6.28800000000001
1144,8318095,2,0.5,FALSE,NA,1,0.89,6,54,6,"!{pgr <= 77} & {er <= 44}",686,246,317,0.462099125364431,TRUE,"","NULL","",4.46099999999998
1145,8318096,2,0.5,FALSE,NA,0,NA,0,1,0,"",686,246,318,0.463556851311953,TRUE,"","NULL","",4.631
1146,8318097,2,0.5,FALSE,NA,1,0.83,13,97,13,"{pgr <= 114} & !{pgr <= 45}",686,246,289,0.421282798833819,TRUE,"","NULL","",5.601
1147,8318098,2,0.5,FALSE,NA,1,0.53,1,8,1,"!{age <= 46} & !{meno}",686,246,320,0.466472303206997,TRUE,"","NULL","",4.709
1148,8318099,2,0.5,FALSE,NA,1,1,34,111,34,"{nodes <= 1} & !{meno}",686,246,304,0.443148688046647,TRUE,"","NULL","",5.28700000000001
1149,8318100,2,0.5,FALSE,NA,1,0.98,64,177,64,"{pgr <= 2} & {age <= 61}",686,246,305,0.444606413994169,TRUE,"","NULL","",7.16
1150,8318101,2,0.5,FALSE,NA,1,0.96,18,79,18,"{pgr <= 16} & !{er <= 17}",686,246,308,0.448979591836735,TRUE,"","NULL","",4.92600000000002
1151,8318102,2,0.5,FALSE,NA,1,0.91,21,95,21,"!{meno} & {size <= 29}",686,246,308,0.448979591836735,TRUE,"","NULL","",5.453
1152,8318103,2,0.5,FALSE,NA,0,NA,0,8,0,"",686,246,303,0.441690962099125,TRUE,"","NULL","",3.749
1153,8318104,2,0.5,FALSE,NA,1,0.97,18,90,18,"{pgr <= 26} & !{pgr <= 16}",686,246,287,0.418367346938776,TRUE,"","NULL","",6.065
1154,8318105,2,0.5,FALSE,NA,0,NA,0,9,0,"",686,246,297,0.432944606413994,TRUE,"","NULL","",4.46700000000001
1155,8318106,2,0.5,FALSE,NA,0,NA,0,45,0,"",686,246,308,0.448979591836735,TRUE,"","NULL","",5.441
1156,8318107,2,0.5,FALSE,NA,1,0.61,3,21,3,"{age <= 46} & {pgr <= 77}",686,246,289,0.421282798833819,TRUE,"","NULL","",4.286
1157,8318108,2,0.5,FALSE,NA,1,0.98,27,76,27,"{er <= 30} & !{er <= 17}",686,246,293,0.427113702623907,TRUE,"","NULL","",5.63
1158,8318109,2,0.5,FALSE,NA,1,0.97,8,33,8,"{nodes <= 1} & {er <= 17}",686,246,295,0.43002915451895,TRUE,"","NULL","",4.51899999999998
1159,8318110,2,0.5,FALSE,NA,1,0.94,14,80,14,"{age <= 53} & {pgr <= 8}",686,246,287,0.418367346938776,TRUE,"","NULL","",5.27200000000002
1160,8318111,2,0.5,FALSE,NA,1,0.99,328,697,328,"!{er <= 44} & {pgr <= 77}",686,246,322,0.469387755102041,TRUE,"","NULL","",10.343
1161,8318112,2,0.5,FALSE,NA,1,0.98,47,184,47,"{nodes <= 1} & {er <= 70}",686,246,283,0.412536443148688,TRUE,"","NULL","",7.19999999999999
1162,8318113,2,0.5,FALSE,NA,0,NA,0,6,0,"",686,246,285,0.415451895043732,TRUE,"","NULL","",3.88399999999999
1163,8318114,2,0.5,FALSE,NA,1,0.79,9,45,9,"!{meno} & !{er <= 17}",686,246,293,0.427113702623907,TRUE,"","NULL","",4.78399999999999
1164,8318115,2,0.5,FALSE,NA,1,0.9,15,91,15,"!{er <= 100} & !{size <= 20}",686,246,300,0.43731778425656,TRUE,"","NULL","",5.14600000000002
1165,8318116,2,0.5,FALSE,NA,1,0.97,74,198,74,"!{er <= 17} & {er <= 44}",686,246,307,0.447521865889213,TRUE,"","NULL","",7.631
1166,8318117,2,0.5,FALSE,NA,1,0.9,16,138,16,"!{er <= 9} & {pgr <= 16}",686,246,295,0.43002915451895,TRUE,"","NULL","",5.679
1167,8318118,2,0.5,FALSE,NA,1,0.89,2,19,2,"!{grade3} & !{er <= 174}",686,246,286,0.416909620991254,TRUE,"","NULL","",4.154
1168,8318119,2,0.5,FALSE,NA,1,0.9,3,27,3,"!{nodes <= 1} & !{er <= 174}",686,246,301,0.438775510204082,TRUE,"","NULL","",3.93900000000002
1169,8318120,2,0.5,FALSE,NA,0,NA,0,2,0,"",686,246,303,0.441690962099125,TRUE,"","NULL","",4.61099999999999
1170,8318121,2,0.5,FALSE,NA,0,NA,0,14,0,"",686,246,294,0.428571428571429,TRUE,"","NULL","",4.89699999999999
1171,8318122,2,0.5,FALSE,NA,1,0.77,1,11,1,"!{er <= 17} & {pgr <= 16}",686,246,315,0.459183673469388,TRUE,"","NULL","",4.47799999999998
1172,8318123,2,0.5,FALSE,NA,1,0.66,5,68,5,"!{grade3} & !{er <= 174}",686,246,287,0.418367346938776,TRUE,"","NULL","",5.20699999999999
1173,8318124,2,0.5,FALSE,NA,1,0.61,2,11,2,"!{age <= 61} & !{pgr <= 26}",686,246,296,0.431486880466472,TRUE,"","NULL","",5.33099999999999
1174,8318125,2,0.5,FALSE,NA,1,1,58,224,58,"{grade3} & {er <= 17}",686,246,300,0.43731778425656,TRUE,"","NULL","",7.42099999999999
1175,8318126,2,0.5,FALSE,NA,1,0.85,23,132,23,"!{age <= 46} & {pgr <= 2}",686,246,297,0.432944606413994,TRUE,"","NULL","",5.80099999999999
1176,8318127,2,0.5,FALSE,NA,1,0.9,29,117,29,"{pgr <= 114} & !{pgr <= 26}",686,246,289,0.421282798833819,TRUE,"","NULL","",4.65299999999999
1177,8318128,2,0.5,FALSE,NA,1,0.98,72,263,72,"!{nodes <= 7} & {pgr <= 26}",686,246,317,0.462099125364431,TRUE,"","NULL","",8.11799999999999
1178,8318129,2,0.5,FALSE,NA,1,0.83,15,59,15,"!{nodes <= 7} & {er <= 294}",686,246,301,0.438775510204082,TRUE,"","NULL","",4.92499999999998
1179,8318130,2,0.5,FALSE,NA,1,0.98,23,90,23,"{size <= 25} & {grade3}",686,246,323,0.470845481049563,TRUE,"","NULL","",5.803
1180,8318131,2,0.5,FALSE,NA,1,0.93,7,49,7,"{size <= 35} & {pgr <= 0}",686,246,312,0.454810495626822,TRUE,"","NULL","",3.60599999999999
1181,8318132,2,0.5,FALSE,NA,1,0.61,1,5,1,"!{er <= 9} & {er <= 17}",686,246,312,0.454810495626822,TRUE,"","NULL","",4.48400000000001
1182,8318133,2,0.5,FALSE,NA,1,0.92,91,437,91,"!{pgr <= 45} & {pgr <= 184}",686,246,303,0.441690962099125,TRUE,"","NULL","",9.68299999999999
1183,8318134,2,0.5,FALSE,NA,0,NA,0,45,0,"",686,246,307,0.447521865889213,TRUE,"","NULL","",4.98699999999999
1184,8318135,2,0.5,FALSE,NA,1,0.72,1,15,1,"{er <= 0} & !{size <= 20}",686,246,295,0.43002915451895,TRUE,"","NULL","",3.346
1185,8318136,2,0.5,FALSE,NA,1,0.73,5,43,5,"!{grade3} & !{er <= 174}",686,246,298,0.434402332361516,TRUE,"","NULL","",5.31999999999999
1186,8318137,2,0.5,FALSE,NA,1,0.96,12,60,12,"{size <= 20} & {nodes <= 3}",686,246,292,0.425655976676385,TRUE,"","NULL","",5.14599999999999
1187,8318138,2,0.5,FALSE,NA,1,0.62,3,32,3,"{size <= 25} & !{nodes <= 1}",686,246,316,0.46064139941691,TRUE,"","NULL","",4.94299999999998
1188,8318139,2,0.5,FALSE,NA,1,0.84,5,40,5,"{nodes <= 1} & {pgr <= 45}",686,246,287,0.418367346938776,TRUE,"","NULL","",4.80599999999998
1189,8318140,2,0.5,FALSE,NA,1,1,182,525,182,"{er <= 0} & {size <= 35}",686,246,303,0.441690962099125,TRUE,"","NULL","",11.733
1190,8318141,2,0.5,FALSE,NA,1,0.93,27,106,27,"!{size <= 20} & {pgr <= 2}",686,246,291,0.424198250728863,TRUE,"","NULL","",5.53300000000002
1191,8318142,2,0.5,FALSE,NA,1,0.97,135,374,135,"{size <= 25} & !{age <= 61}",686,246,289,0.421282798833819,TRUE,"","NULL","",6.88200000000001
1192,8318143,2,0.5,FALSE,NA,1,0.58,3,20,3,"{grade3} & {pgr <= 26}",686,246,320,0.466472303206997,TRUE,"","NULL","",2.952
1193,8318144,2,0.5,FALSE,NA,1,0.9,10,91,10,"{nodes <= 3} & !{size <= 25}",686,246,313,0.456268221574344,TRUE,"","NULL","",5.589
1194,8318145,2,0.5,FALSE,NA,1,0.89,13,86,13,"!{meno} & {nodes <= 3}",686,246,303,0.441690962099125,TRUE,"","NULL","",5.36699999999999
1195,8318146,2,0.5,FALSE,NA,1,0.73,2,21,2,"{size <= 25} & {er <= 3}",686,246,285,0.415451895043732,TRUE,"","NULL","",4.65700000000001
1196,8318147,2,0.5,FALSE,NA,1,0.64,3,37,3,"!{pgr <= 184} & {nodes <= 7}",686,246,302,0.440233236151603,TRUE,"","NULL","",4.65000000000001
1197,8318148,2,0.5,FALSE,NA,1,0.99,87,282,87,"{nodes <= 1} & {pgr <= 77}",686,246,287,0.418367346938776,TRUE,"","NULL","",8.20600000000002
1198,8318149,2,0.5,FALSE,NA,0,NA,0,22,0,"",686,246,288,0.419825072886297,TRUE,"","NULL","",4.43800000000002
1199,8318150,2,0.5,FALSE,NA,1,0.94,10,62,10,"{pgr <= 16} & !{pgr <= 8}",686,246,289,0.421282798833819,TRUE,"","NULL","Loglik converged before variable  1 ; coefficient may be infinite.  | Loglik converged before variable  1 ; coefficient may be infinite. ",5.292
1200,8318151,2,0.5,FALSE,NA,1,0.82,2,6,2,"{size <= 29} & {pgr <= 2}",686,246,294,0.428571428571429,TRUE,"","NULL","",3.489
1201,8318152,2,0.5,FALSE,NA,1,1,54,114,54,"{er <= 0} & {size <= 35}",686,246,294,0.428571428571429,TRUE,"","NULL","",5.92999999999998
1202,8318153,2,0.5,FALSE,NA,1,0.81,13,97,13,"{age <= 46} & {nodes <= 5}",686,246,316,0.46064139941691,TRUE,"","NULL","Loglik converged before variable  1 ; coefficient may be infinite. ",5.714
1203,8318154,2,0.5,FALSE,NA,0,NA,0,4,0,"",686,246,305,0.444606413994169,TRUE,"","NULL","",3.845
1204,8318155,2,0.5,FALSE,NA,1,0.82,17,69,17,"!{pgr <= 77} & !{size <= 29}",686,246,281,0.409620991253644,TRUE,"","NULL","",4.78999999999999
1205,8318156,2,0.5,FALSE,NA,1,0.94,14,77,14,"!{pgr <= 184} & {nodes <= 7}",686,246,280,0.408163265306122,TRUE,"","NULL","",5.608
1206,8318157,2,0.5,FALSE,NA,1,1,31,112,31,"{pgr <= 8} & {grade3}",686,246,292,0.425655976676385,TRUE,"","NULL","",5.77800000000002
1207,8318158,2,0.5,FALSE,NA,1,0.95,13,78,13,"{age <= 46} & !{er <= 9}",686,246,295,0.43002915451895,TRUE,"","NULL","",5.51000000000002
1208,8318159,2,0.5,FALSE,NA,1,0.97,49,191,49,"{er <= 0}",686,246,309,0.450437317784257,TRUE,"","NULL","",5.76300000000001
1209,8318160,2,0.5,FALSE,NA,1,0.68,6,30,6,"{nodes <= 3} & {pgr <= 77}",686,246,311,0.4533527696793,TRUE,"","NULL","",4.929
1210,8318161,2,0.5,FALSE,NA,1,0.97,103,313,103,"{er <= 30} & !{er <= 9}",686,246,291,0.424198250728863,TRUE,"","NULL","Loglik converged before variable  1 ; coefficient may be infinite. ",8.834
1211,8318162,2,0.5,FALSE,NA,1,0.52,1,19,1,"!{pgr <= 2} & {er <= 9}",686,246,297,0.432944606413994,TRUE,"","NULL","",4.447
1212,8318163,2,0.5,FALSE,NA,1,0.58,1,11,1,"!{er <= 17} & {er <= 44}",686,246,281,0.409620991253644,TRUE,"","NULL","",3.38200000000001
1213,8318164,2,0.5,FALSE,NA,1,0.53,1,13,1,"!{size <= 29} & {er <= 9}",686,246,298,0.434402332361516,TRUE,"","NULL","",4.88200000000001
1214,8318165,2,0.5,FALSE,NA,1,0.78,2,21,2,"{age <= 46} & !{grade3}",686,246,307,0.447521865889213,TRUE,"","NULL","",4.69800000000001
1215,8318166,2,0.5,FALSE,NA,0,NA,0,11,0,"",686,246,307,0.447521865889213,TRUE,"","NULL","",4.60300000000001
1216,8318167,2,0.5,FALSE,NA,1,0.74,5,27,5,"!{er <= 100} & {er <= 294}",686,246,308,0.448979591836735,TRUE,"","NULL","",4.87199999999999
1217,8318168,2,0.5,FALSE,NA,1,0.72,5,54,5,"{grade3} & {pgr <= 184}",686,246,290,0.422740524781341,TRUE,"","NULL","",5.37899999999999
1218,8318169,2,0.5,FALSE,NA,1,0.96,55,157,55,"{nodes <= 1} & {er <= 44}",686,246,297,0.432944606413994,TRUE,"","NULL","",6.83300000000003
1219,8318170,2,0.5,FALSE,NA,1,0.8,6,46,6,"{size <= 20} & {er <= 30}",686,246,323,0.470845481049563,TRUE,"","NULL","",4.90700000000001
1220,8318171,2,0.5,FALSE,NA,1,0.99,142,325,142,"{er <= 3} & !{nodes <= 3}",686,246,301,0.438775510204082,TRUE,"","NULL","",6.80500000000001
1221,8318172,2,0.5,FALSE,NA,1,0.95,42,188,42,"{age <= 46} & !{er <= 0}",686,246,284,0.41399416909621,TRUE,"","NULL","",7.292
1222,8318173,2,0.5,FALSE,NA,1,0.67,6,63,6,"!{size <= 20} & {age <= 46}",686,246,300,0.43731778425656,TRUE,"","NULL","",4.81
1223,8318174,2,0.5,FALSE,NA,1,0.85,13,89,13,"!{pgr <= 114} & {nodes <= 7}",686,246,288,0.419825072886297,TRUE,"","NULL","",5.16899999999998
1224,8318175,2,0.5,FALSE,NA,1,0.9,24,108,24,"!{pgr <= 184} & !{er <= 17}",686,246,294,0.428571428571429,TRUE,"","NULL","",4.73699999999999
1225,8318176,2,0.5,FALSE,NA,1,0.98,40,148,40,"!{nodes <= 5} & !{pgr <= 45}",686,246,299,0.435860058309038,TRUE,"","NULL","",7.03800000000001
1226,8318177,2,0.5,FALSE,NA,1,0.87,6,28,6,"{pgr <= 77} & !{pgr <= 45}",686,246,291,0.424198250728863,TRUE,"","NULL","",4.30300000000003
1227,8318178,2,0.5,FALSE,NA,1,0.86,7,32,7,"{pgr <= 0} & {er <= 9}",686,246,287,0.418367346938776,TRUE,"","NULL","",4.45099999999999
1228,8318179,2,0.5,FALSE,NA,1,0.98,78,212,78,"!{size <= 25} & {age <= 61}",686,246,297,0.432944606413994,TRUE,"","NULL","",6.065
1229,8318180,2,0.5,FALSE,NA,1,0.98,57,201,57,"{size <= 20} & {nodes <= 3}",686,246,311,0.4533527696793,TRUE,"","NULL","",7.95400000000001
1230,8318181,2,0.5,FALSE,NA,1,0.84,9,40,9,"!{pgr <= 45} & {er <= 30}",686,246,302,0.440233236151603,TRUE,"","NULL","",4.798
1231,8318182,2,0.5,FALSE,NA,1,0.9,13,70,13,"!{age <= 61} & {nodes <= 5}",686,246,302,0.440233236151603,TRUE,"","NULL","",5.102
1232,8318183,2,0.5,FALSE,NA,0,NA,0,4,0,"",686,246,281,0.409620991253644,TRUE,"","NULL","",3.38899999999998
1233,8318184,2,0.5,FALSE,NA,1,0.76,1,4,1,"!{pgr <= 77} & {pgr <= 114}",686,246,302,0.440233236151603,TRUE,"","NULL","",4.80000000000001
1234,8318185,2,0.5,FALSE,NA,1,0.51,1,42,1,"{size <= 25} & !{pgr <= 114}",686,246,307,0.447521865889213,TRUE,"","NULL","",4.81700000000001
1235,8318186,2,0.5,FALSE,NA,1,0.87,42,183,42,"{pgr <= 16} & !{pgr <= 2}",686,246,280,0.408163265306122,TRUE,"","NULL","",6.697
1236,8318187,2,0.5,FALSE,NA,0,NA,0,5,0,"",686,246,295,0.43002915451895,TRUE,"","NULL","",4.12899999999999
1237,8318188,2,0.5,FALSE,NA,1,0.92,19,83,19,"{er <= 30} & !{size <= 29}",686,246,290,0.422740524781341,TRUE,"","NULL","",5.74799999999999
1238,8318189,2,0.5,FALSE,NA,1,0.68,1,5,1,"{size <= 20} & {pgr <= 26}",686,246,284,0.41399416909621,TRUE,"","NULL","",4.244
1239,8318190,2,0.5,FALSE,NA,1,0.91,46,172,46,"!{nodes <= 5} & {pgr <= 16}",686,246,279,0.406705539358601,TRUE,"","NULL","",6.41200000000001
1240,8318191,2,0.5,FALSE,NA,1,0.69,4,41,4,"{size <= 35} & !{nodes <= 3}",686,246,295,0.43002915451895,TRUE,"","NULL","",4.453
1241,8318192,2,0.5,FALSE,NA,1,0.81,8,56,8,"!{er <= 17} & {pgr <= 16}",686,246,306,0.446064139941691,TRUE,"","NULL","",5.78
1242,8318193,2,0.5,FALSE,NA,1,0.93,20,74,20,"!{pgr <= 26} & {er <= 30}",686,246,287,0.418367346938776,TRUE,"","NULL","",5.36399999999998
1243,8318194,2,0.5,FALSE,NA,1,0.95,59,179,59,"!{pgr <= 77} & {pgr <= 184}",686,246,302,0.440233236151603,TRUE,"","NULL","",6.685
1244,8318195,2,0.5,FALSE,NA,1,0.94,8,43,8,"!{meno} & {er <= 17}",686,246,300,0.43731778425656,TRUE,"","NULL","",4.16399999999999
1245,8318196,2,0.5,FALSE,NA,1,0.87,15,60,15,"{nodes <= 3} & !{pgr <= 114}",686,246,283,0.412536443148688,TRUE,"","NULL","",5.72999999999999
1246,8318197,2,0.5,FALSE,NA,1,0.67,8,42,8,"{er <= 70} & !{size <= 35}",686,246,331,0.482507288629738,TRUE,"","NULL","",5.10599999999999
1247,8318198,2,0.5,FALSE,NA,1,0.96,22,70,22,"{age <= 53} & {pgr <= 16}",686,246,313,0.456268221574344,TRUE,"","NULL","",5.16499999999999
1248,8318199,2,0.5,FALSE,NA,1,0.84,6,21,6,"{pgr <= 16} & {grade3}",686,246,336,0.489795918367347,TRUE,"","NULL","",4.52000000000001
1249,8318200,2,0.5,FALSE,NA,1,0.94,39,125,39,"{nodes <= 3} & {size <= 20}",686,246,314,0.457725947521866,TRUE,"","NULL","",6.39000000000001
1250,8318201,2,0.5,FALSE,NA,0,NA,0,7,0,"",686,246,284,0.41399416909621,TRUE,"","NULL","",3.85600000000002
1251,8318202,2,0.5,FALSE,NA,1,0.83,10,38,10,"!{size <= 25} & {er <= 9}",686,246,310,0.451895043731778,TRUE,"","NULL","",4.84800000000001
1252,8318203,2,0.5,FALSE,NA,1,0.82,12,106,12,"!{er <= 0} & {er <= 17}",686,246,290,0.422740524781341,TRUE,"","NULL","",5.31100000000001
1253,8318204,2,0.5,FALSE,NA,1,0.88,12,68,12,"{size <= 20} & !{nodes <= 1}",686,246,309,0.450437317784257,TRUE,"","NULL","",5.76999999999998
1254,8318205,2,0.5,FALSE,NA,1,0.83,15,49,15,"!{pgr <= 77} & {size <= 29}",686,246,308,0.448979591836735,TRUE,"","NULL","",4.61799999999999
1255,8318206,2,0.5,FALSE,NA,1,0.82,4,31,4,"{age <= 46} & {er <= 17}",686,246,303,0.441690962099125,TRUE,"","NULL","",4.577
1256,8318207,2,0.5,FALSE,NA,1,0.99,48,154,48,"!{pgr <= 77} & !{age <= 53}",686,246,288,0.419825072886297,TRUE,"","NULL","",5.63400000000001
1257,8318208,2,0.5,FALSE,NA,1,0.89,17,111,17,"!{pgr <= 16} & {er <= 17}",686,246,286,0.416909620991254,TRUE,"","NULL","",6.065
1258,8318209,2,0.5,FALSE,NA,1,0.51,2,13,2,"!{nodes <= 7} & {age <= 53}",686,246,307,0.447521865889213,TRUE,"","NULL","",4.41999999999999
1259,8318210,2,0.5,FALSE,NA,1,0.91,29,150,29,"{nodes <= 3} & !{er <= 70}",686,246,322,0.469387755102041,TRUE,"","NULL","",6.29299999999998
1260,8318211,2,0.5,FALSE,NA,0,NA,0,6,0,"",686,246,280,0.408163265306122,TRUE,"","NULL","",3.74000000000001
1261,8318212,2,0.5,FALSE,NA,1,0.98,128,276,128,"{size <= 29} & {age <= 46}",686,246,302,0.440233236151603,TRUE,"","NULL","",8.25899999999999
1262,8318213,2,0.5,FALSE,NA,1,0.95,27,122,27,"{size <= 35} & {pgr <= 2}",686,246,285,0.415451895043732,TRUE,"","NULL","",5.92500000000001
1263,8318214,2,0.5,FALSE,NA,0,NA,0,4,0,"",686,246,303,0.441690962099125,TRUE,"","NULL","",4.16900000000001
1264,8318215,2,0.5,FALSE,NA,1,0.83,7,41,7,"!{er <= 9} & {er <= 17}",686,246,314,0.457725947521866,TRUE,"","NULL","",3.66399999999999
1265,8318216,2,0.5,FALSE,NA,1,0.91,11,78,11,"{er <= 100} & !{er <= 44}",686,246,322,0.469387755102041,TRUE,"","NULL","",6.07500000000002
1266,8318217,2,0.5,FALSE,NA,1,0.94,29,71,29,"{pgr <= 0} & {er <= 9}",686,246,297,0.432944606413994,TRUE,"","NULL","",5.15100000000001
1267,8318218,2,0.5,FALSE,NA,1,0.65,7,82,7,"!{pgr <= 45} & {er <= 70}",686,246,288,0.419825072886297,TRUE,"","NULL","",5.393
1268,8318219,2,0.5,FALSE,NA,0,NA,0,10,0,"",686,246,301,0.438775510204082,TRUE,"","NULL","",3.88200000000001
1269,8318220,2,0.5,FALSE,NA,0,NA,0,NA,NA,"",686,246,293,0.427113702623907,TRUE,"","NULL","",4.584
1270,8318221,2,0.5,FALSE,NA,1,0.73,1,7,1,"{er <= 100} & !{er <= 70}",686,246,331,0.482507288629738,TRUE,"","NULL","",4.72899999999998
1271,8318222,2,0.5,FALSE,NA,1,0.97,26,110,26,"{nodes <= 7} & !{pgr <= 184}",686,246,312,0.454810495626822,TRUE,"","NULL","",6.31200000000001
1272,8318223,2,0.5,FALSE,NA,1,0.59,1,17,1,"{er <= 100} & !{er <= 70}",686,246,315,0.459183673469388,TRUE,"","NULL","",4.54599999999999
1273,8318224,2,0.5,FALSE,NA,1,0.63,3,31,3,"!{pgr <= 77} & {er <= 174}",686,246,292,0.425655976676385,TRUE,"","NULL","",5.25400000000002
1274,8318225,2,0.5,FALSE,NA,1,0.81,23,71,23,"{nodes <= 3} & !{pgr <= 77}",686,246,313,0.456268221574344,TRUE,"","NULL","",5.02700000000002
1275,8318226,2,0.5,FALSE,NA,1,0.96,14,81,14,"!{meno} & {pgr <= 16}",686,246,306,0.446064139941691,TRUE,"","NULL","",5.423
1276,8318227,2,0.5,FALSE,NA,1,0.89,26,77,26,"!{pgr <= 114} & {nodes <= 7}",686,246,291,0.424198250728863,TRUE,"","NULL","",4.96699999999998
1277,8318228,2,0.5,FALSE,NA,1,1,34,159,34,"{er <= 17} & !{er <= 9}",686,246,297,0.432944606413994,TRUE,"","NULL","",6.92999999999998
1278,8318229,2,0.5,FALSE,NA,1,0.95,12,57,12,"!{er <= 9} & {er <= 17}",686,246,298,0.434402332361516,TRUE,"","NULL","",4.929
1279,8318230,2,0.5,FALSE,NA,1,0.95,10,78,10,"{grade3} & {age <= 53}",686,246,307,0.447521865889213,TRUE,"","NULL","",5.45400000000001
1280,8318231,2,0.5,FALSE,NA,0,NA,0,15,0,"",686,246,323,0.470845481049563,TRUE,"","NULL","",3.97999999999999
1281,8318232,2,0.5,FALSE,NA,1,0.9,45,150,45,"{age <= 46} & {nodes <= 5}",686,246,276,0.402332361516035,TRUE,"","NULL","",6.864
1282,8318233,2,0.5,FALSE,NA,1,0.96,63,176,63,"{pgr <= 16} & {nodes <= 1}",686,246,299,0.435860058309038,TRUE,"","NULL","",6.547
1283,8318234,2,0.5,FALSE,NA,1,0.94,34,101,34,"{nodes <= 1} & {pgr <= 77}",686,246,290,0.422740524781341,TRUE,"","NULL","",5.631
1284,8318235,2,0.5,FALSE,NA,1,0.69,1,18,1,"!{grade3} & !{size <= 35}",686,246,296,0.431486880466472,TRUE,"","NULL","",3.465
1285,8318236,2,0.5,FALSE,NA,1,0.52,2,20,2,"!{pgr <= 114} & {pgr <= 184}",686,246,317,0.462099125364431,TRUE,"","NULL","",4.773
1286,8318237,2,0.5,FALSE,NA,1,0.97,30,119,30,"{age <= 53} & {pgr <= 8}",686,246,323,0.470845481049563,TRUE,"","NULL","",6.38799999999998
1287,8318238,2,0.5,FALSE,NA,1,0.92,14,101,14,"!{size <= 35} & {meno}",686,246,297,0.432944606413994,TRUE,"","NULL","",5.54300000000001
1288,8318239,2,0.5,FALSE,NA,1,0.85,16,95,16,"{nodes <= 1} & {er <= 100}",686,246,300,0.43731778425656,TRUE,"","NULL","",4.60999999999999
1289,8318240,2,0.5,FALSE,NA,1,0.83,8,32,8,"{size <= 25} & !{nodes <= 3}",686,246,308,0.448979591836735,TRUE,"","NULL","",4.804
1290,8318241,2,0.5,FALSE,NA,1,0.96,71,227,71,"{size <= 35} & !{pgr <= 114}",686,246,310,0.451895043731778,TRUE,"","NULL","",7.19900000000001
1291,8318242,2,0.5,FALSE,NA,1,0.77,12,96,12,"!{grade3} & {age <= 46}",686,246,304,0.443148688046647,TRUE,"","NULL","",5.43499999999997
1292,8318243,2,0.5,FALSE,NA,1,0.97,16,124,16,"!{age <= 61} & {er <= 70}",686,246,297,0.432944606413994,TRUE,"","NULL","",4.739
1293,8318244,2,0.5,FALSE,NA,1,0.59,1,14,1,"{nodes <= 5} & !{size <= 35}",686,246,292,0.425655976676385,TRUE,"","NULL","",4.607
1294,8318245,2,0.5,FALSE,NA,0,NA,0,2,0,"",686,246,296,0.431486880466472,TRUE,"","NULL","",4.227
1295,8318246,2,0.5,FALSE,NA,1,0.96,21,111,21,"{age <= 53} & {grade3}",686,246,292,0.425655976676385,TRUE,"","NULL","",5.749
1296,8318247,2,0.5,FALSE,NA,1,0.72,1,46,1,"{er <= 100} & !{er <= 70}",686,246,291,0.424198250728863,TRUE,"","NULL","",4.62
1297,8318248,2,0.5,FALSE,NA,1,0.73,4,26,4,"{er <= 44} & !{er <= 17}",686,246,282,0.411078717201166,TRUE,"","NULL","",4.845
1298,8318249,2,0.5,FALSE,NA,1,0.91,59,212,59,"{pgr <= 45} & !{meno}",686,246,305,0.444606413994169,TRUE,"","NULL","",7.09099999999998
1299,8318250,2,0.5,FALSE,NA,1,0.98,75,197,75,"{age <= 46} & {er <= 17}",686,246,314,0.457725947521866,TRUE,"","NULL","",6.518
1300,8318251,2,0.5,FALSE,NA,1,0.55,2,38,2,"!{grade3} & !{size <= 35}",686,246,311,0.4533527696793,TRUE,"","NULL","",3.94499999999999
1301,8318252,2,0.5,FALSE,NA,1,0.83,7,38,7,"!{er <= 100} & {er <= 174}",686,246,294,0.428571428571429,TRUE,"","NULL","",5.518
1302,8318253,2,0.5,FALSE,NA,1,0.9,5,24,5,"!{size <= 29} & {er <= 9}",686,246,297,0.432944606413994,TRUE,"","NULL","",4.661
1303,8318254,2,0.5,FALSE,NA,1,0.87,20,53,20,"{er <= 100} & !{pgr <= 45}",686,246,295,0.43002915451895,TRUE,"","NULL","",4.78100000000001
1304,8318255,2,0.5,FALSE,NA,0,NA,0,1,0,"",686,246,262,0.381924198250729,TRUE,"","NULL","",4.096
1305,8318256,2,0.5,FALSE,NA,1,0.58,2,50,2,"!{meno} & !{er <= 30}",686,246,320,0.466472303206997,TRUE,"","NULL","",5.839
1306,8318257,2,0.5,FALSE,NA,1,1,213,483,213,"{grade3} & {age <= 53}",686,246,300,0.43731778425656,TRUE,"","NULL","",10.68
1307,8318258,2,0.5,FALSE,NA,1,0.72,7,54,7,"!{er <= 174} & !{pgr <= 16}",686,246,296,0.431486880466472,TRUE,"","NULL","",4.62800000000001
1308,8318259,2,0.5,FALSE,NA,1,0.9,7,36,7,"{er <= 70} & !{pgr <= 114}",686,246,296,0.431486880466472,TRUE,"","NULL","",3.226
1309,8318260,2,0.5,FALSE,NA,1,0.86,36,143,36,"!{er <= 174}",686,246,296,0.431486880466472,TRUE,"","NULL","",6.53299999999999
1310,8318261,2,0.5,FALSE,NA,1,0.83,12,110,12,"!{size <= 25} & {er <= 100}",686,246,292,0.425655976676385,TRUE,"","NULL","",5.61699999999999
1311,8318262,2,0.5,FALSE,NA,0,NA,0,4,0,"",686,246,292,0.425655976676385,TRUE,"","NULL","",3.928
1312,8318263,2,0.5,FALSE,NA,1,0.65,4,36,4,"{nodes <= 3} & !{grade3}",686,246,306,0.446064139941691,TRUE,"","NULL","",4.23400000000001
1313,8318264,2,0.5,FALSE,NA,1,0.51,1,2,1,"!{nodes <= 5} & !{pgr <= 45}",686,246,291,0.424198250728863,TRUE,"","NULL","",4.61600000000001
1314,8318265,2,0.5,FALSE,NA,1,0.88,18,114,18,"!{er <= 3} & {pgr <= 8}",686,246,310,0.451895043731778,TRUE,"","NULL","",5.666
1315,8318266,2,0.5,FALSE,NA,1,0.97,9,61,9,"!{er <= 17} & {er <= 30}",686,246,293,0.427113702623907,TRUE,"","NULL","",5.173
1316,8318267,2,0.5,FALSE,NA,1,0.9,3,9,3,"{er <= 17} & !{pgr <= 16}",686,246,296,0.431486880466472,TRUE,"","NULL","",4.18199999999999
1317,8318268,2,0.5,FALSE,NA,1,0.93,39,140,39,"{nodes <= 1} & {pgr <= 184}",686,246,300,0.43731778425656,TRUE,"","NULL","",6.512
1318,8318269,2,0.5,FALSE,NA,1,0.51,1,18,1,"!{nodes <= 1} & !{er <= 174}",686,246,303,0.441690962099125,TRUE,"","NULL","",4.28700000000001
1319,8318270,2,0.5,FALSE,NA,1,1,256,605,256,"{nodes <= 1} & {er <= 30}",686,246,295,0.43002915451895,TRUE,"","NULL","",11.162
1320,8318271,2,0.5,FALSE,NA,1,0.95,49,144,49,"{grade3} & {pgr <= 8}",686,246,288,0.419825072886297,TRUE,"","NULL","",3.92499999999998
1321,8318272,2,0.5,FALSE,NA,0,NA,0,11,0,"",686,246,282,0.411078717201166,TRUE,"","NULL","",4.64000000000001
1322,8318273,2,0.5,FALSE,NA,1,0.82,21,112,21,"!{er <= 9} & {er <= 30}",686,246,279,0.406705539358601,TRUE,"","NULL","",5.91199999999998
1323,8318274,2,0.5,FALSE,NA,1,0.83,3,11,3,"{nodes <= 3} & {grade3}",686,246,324,0.472303206997085,TRUE,"","NULL","",4.61000000000001
1324,8318275,2,0.5,FALSE,NA,1,0.75,2,26,2,"{age <= 53} & {size <= 20}",686,246,289,0.421282798833819,TRUE,"","NULL","",4.78200000000001
1325,8318276,2,0.5,FALSE,NA,1,0.98,21,99,21,"!{er <= 9} & {er <= 17}",686,246,332,0.483965014577259,TRUE,"","NULL","",6.27600000000001
1326,8318277,2,0.5,FALSE,NA,1,0.94,4,9,4,"!{pgr <= 77} & {pgr <= 114}",686,246,304,0.443148688046647,TRUE,"","NULL","",4.316
1327,8318278,2,0.5,FALSE,NA,1,0.95,22,82,22,"!{nodes <= 7} & {meno}",686,246,304,0.443148688046647,TRUE,"","NULL","",5.34999999999999
1328,8318279,2,0.5,FALSE,NA,1,0.7,5,42,5,"{size <= 20} & !{nodes <= 1}",686,246,309,0.450437317784257,TRUE,"","NULL","",4.477
1329,8318280,2,0.5,FALSE,NA,1,0.58,2,32,2,"!{er <= 30} & {age <= 53}",686,246,312,0.454810495626822,TRUE,"","NULL","",5.32600000000002
1330,8318281,2,0.5,FALSE,NA,1,0.88,29,98,29,"!{pgr <= 184}",686,246,293,0.427113702623907,TRUE,"","NULL","",5.26599999999999
1331,8318282,2,0.5,FALSE,NA,1,0.99,54,133,54,"{age <= 61} & {er <= 0}",686,246,293,0.427113702623907,TRUE,"","NULL","",5.89600000000002
1332,8318283,2,0.5,FALSE,NA,1,0.77,4,29,4,"{size <= 25} & {nodes <= 1}",686,246,302,0.440233236151603,TRUE,"","NULL","",4.27800000000002
1333,8318284,2,0.5,FALSE,NA,0,NA,0,13,0,"",686,246,290,0.422740524781341,TRUE,"","NULL","",4.892
1334,8318285,2,0.5,FALSE,NA,1,0.82,10,76,10,"!{size <= 20} & !{pgr <= 184}",686,246,313,0.456268221574344,TRUE,"","NULL","",5.71299999999999
1335,8318286,2,0.5,FALSE,NA,1,0.83,3,14,3,"!{pgr <= 45} & {er <= 30}",686,246,307,0.447521865889213,TRUE,"","NULL","",4.596
1336,8318287,2,0.5,FALSE,NA,1,0.74,1,29,1,"!{grade3} & {age <= 46}",686,246,295,0.43002915451895,TRUE,"","NULL","",4.60300000000001
1337,8318288,2,0.5,FALSE,NA,1,0.67,3,16,3,"{size <= 20} & {meno}",686,246,290,0.422740524781341,TRUE,"","NULL","",4.72499999999999
1338,8318289,2,0.5,FALSE,NA,1,0.9,20,100,20,"!{grade3} & !{age <= 53}",686,246,306,0.446064139941691,TRUE,"","NULL","",5.596
1339,8318290,2,0.5,FALSE,NA,1,0.99,44,183,44,"{nodes <= 7} & {age <= 46}",686,246,298,0.434402332361516,TRUE,"","NULL","",7.03300000000002
1340,8318291,2,0.5,FALSE,NA,1,0.98,22,96,22,"{nodes <= 3} & !{age <= 61}",686,246,324,0.472303206997085,TRUE,"","NULL","",4.45299999999997
1341,8318292,2,0.5,FALSE,NA,0,NA,0,16,0,"",686,246,325,0.473760932944606,TRUE,"","NULL","",5.227
1342,8318293,2,0.5,FALSE,NA,1,0.76,17,141,17,"!{age <= 61} & {pgr <= 337}",686,246,298,0.434402332361516,TRUE,"","NULL","",6.29299999999998
1343,8318294,2,0.5,FALSE,NA,1,0.85,36,142,36,"{size <= 29} & {nodes <= 5}",686,246,299,0.435860058309038,TRUE,"","NULL","",6.11699999999999
1344,8318295,2,0.5,FALSE,NA,1,0.94,71,270,71,"{pgr <= 16} & {age <= 53}",686,246,322,0.469387755102041,TRUE,"","NULL","",6.01599999999999
1345,8318296,2,0.5,FALSE,NA,1,0.99,39,117,39,"!{pgr <= 45} & {er <= 30}",686,246,305,0.444606413994169,TRUE,"","NULL","",6.67400000000001
1346,8318297,2,0.5,FALSE,NA,1,0.98,79,282,79,"{er <= 17} & !{er <= 9}",686,246,306,0.446064139941691,TRUE,"","NULL","",7.80099999999999
1347,8318298,2,0.5,FALSE,NA,1,0.83,21,54,21,"{grade3} & {er <= 30}",686,246,286,0.416909620991254,TRUE,"","NULL","",4.89999999999998
1348,8318299,2,0.5,FALSE,NA,1,0.75,3,21,3,"!{er <= 30} & {age <= 53}",686,246,322,0.469387755102041,TRUE,"","NULL","",3.648
1349,8318300,2,0.5,FALSE,NA,0,NA,0,7,0,"",686,246,310,0.451895043731778,TRUE,"","NULL","",4.57100000000003
1350,8318301,2,0.5,FALSE,NA,1,0.86,24,134,24,"!{er <= 44} & {age <= 61}",686,246,314,0.457725947521866,TRUE,"","NULL","",5.97800000000001
1351,8318302,2,0.5,FALSE,NA,1,0.86,10,67,10,"{nodes <= 5} & !{meno}",686,246,312,0.454810495626822,TRUE,"","NULL","",5.15899999999999
1352,8318303,2,0.5,FALSE,NA,1,0.57,2,20,2,"!{er <= 9} & {er <= 30}",686,246,291,0.424198250728863,TRUE,"","NULL","",4.19
1353,8318304,2,0.5,FALSE,NA,1,0.97,33,79,33,"{er <= 0} & {pgr <= 16}",686,246,311,0.4533527696793,TRUE,"","NULL","",5.47499999999999
1354,8318305,2,0.5,FALSE,NA,0,NA,0,5,0,"",686,246,290,0.422740524781341,TRUE,"","NULL","",4.32900000000001
1355,8318306,2,0.5,FALSE,NA,1,0.9,37,156,37,"!{pgr <= 184} & {nodes <= 7}",686,246,319,0.465014577259475,TRUE,"","NULL","",6.702
1356,8318307,2,0.5,FALSE,NA,1,0.69,15,88,15,"!{size <= 25} & {er <= 44}",686,246,288,0.419825072886297,TRUE,"","NULL","",4.80700000000002
1357,8318308,2,0.5,FALSE,NA,1,0.88,5,28,5,"{nodes <= 1} & !{pgr <= 77}",686,246,313,0.456268221574344,TRUE,"","NULL","",5.09700000000001
1358,8318309,2,0.5,FALSE,NA,1,0.53,1,18,1,"{nodes <= 5} & {er <= 3}",686,246,313,0.456268221574344,TRUE,"","NULL","",4.47800000000001
1359,8318310,2,0.5,FALSE,NA,1,0.84,15,68,15,"{nodes <= 1} & !{er <= 30}",686,246,304,0.443148688046647,TRUE,"","NULL","",4.96899999999999
1360,8318311,2,0.5,FALSE,NA,1,0.98,42,203,42,"!{pgr <= 45} & !{size <= 35}",686,246,291,0.424198250728863,TRUE,"","NULL","",6.43699999999998
1361,8318312,2,0.5,FALSE,NA,1,0.83,11,47,11,"!{age <= 61} & {size <= 35}",686,246,301,0.438775510204082,TRUE,"","NULL","",5.54300000000001
1362,8318313,2,0.5,FALSE,NA,1,0.97,45,141,45,"{age <= 53} & !{pgr <= 77}",686,246,301,0.438775510204082,TRUE,"","NULL","",6.315
1363,8318314,2,0.5,FALSE,NA,0,NA,0,6,0,"",686,246,266,0.387755102040816,TRUE,"","NULL","",3.96300000000002
1364,8318315,2,0.5,FALSE,NA,1,0.93,9,51,9,"{size <= 25} & {er <= 3}",686,246,295,0.43002915451895,TRUE,"","NULL","",4.88400000000001
1365,8318316,2,0.5,FALSE,NA,0,NA,0,13,0,"",686,246,300,0.43731778425656,TRUE,"","NULL","",4.87799999999999
1366,8318317,2,0.5,FALSE,NA,1,0.65,6,37,6,"!{size <= 29} & {er <= 30}",686,246,303,0.441690962099125,TRUE,"","NULL","",4.791
1367,8318318,2,0.5,FALSE,NA,0,NA,0,14,0,"",686,246,277,0.403790087463557,TRUE,"","NULL","",4.32799999999997
1368,8318319,2,0.5,FALSE,NA,1,0.97,32,150,32,"!{nodes <= 5} & {nodes <= 7}",686,246,303,0.441690962099125,TRUE,"","NULL","",6.101
1369,8318320,2,0.5,FALSE,NA,1,0.79,17,171,17,"{age <= 53} & {pgr <= 114}",686,246,311,0.4533527696793,TRUE,"","NULL","",6.80700000000002
1370,8318321,2,0.5,FALSE,NA,1,0.9,22,119,22,"{size <= 20} & !{er <= 44}",686,246,313,0.456268221574344,TRUE,"","NULL","",5.869
1371,8318322,2,0.5,FALSE,NA,1,0.89,17,76,17,"{nodes <= 3} & !{er <= 100}",686,246,312,0.454810495626822,TRUE,"","NULL","",5.27600000000001
1372,8318323,2,0.5,FALSE,NA,1,0.54,2,33,2,"!{er <= 174} & !{size <= 20}",686,246,298,0.434402332361516,TRUE,"","NULL","",3.916
1373,8318324,2,0.5,FALSE,NA,1,0.9,3,70,3,"{grade3} & !{nodes <= 5}",686,246,295,0.43002915451895,TRUE,"","NULL","",5.411
1374,8318325,2,0.5,FALSE,NA,1,0.91,69,207,69,"{age <= 46} & {er <= 174}",686,246,282,0.411078717201166,TRUE,"","NULL","",6.69200000000001
1375,8318326,2,0.5,FALSE,NA,1,0.87,44,214,44,"{nodes <= 1} & {er <= 100}",686,246,299,0.435860058309038,TRUE,"","NULL","Loglik converged before variable  1 ; coefficient may be infinite. ",6.95699999999999
1376,8318327,2,0.5,FALSE,NA,1,0.93,14,86,14,"{nodes <= 7} & !{nodes <= 3}",686,246,305,0.444606413994169,TRUE,"","NULL","",4.07499999999999
1377,8318328,2,0.5,FALSE,NA,1,0.99,59,230,59,"{nodes <= 1} & !{age <= 53}",686,246,300,0.43731778425656,TRUE,"","NULL","",8.08199999999999
1378,8318329,2,0.5,FALSE,NA,1,0.57,1,25,1,"!{pgr <= 45} & !{age <= 53}",686,246,285,0.415451895043732,TRUE,"","NULL","",4.64400000000001
1379,8318330,2,0.5,FALSE,NA,1,0.85,9,95,9,"{age <= 61} & {nodes <= 3}",686,246,304,0.443148688046647,TRUE,"","NULL","",5.38199999999998
1380,8318331,2,0.5,FALSE,NA,1,0.99,13,43,13,"!{er <= 100} & {size <= 25}",686,246,322,0.469387755102041,TRUE,"","NULL","",4.33500000000001
1381,8318332,2,0.5,FALSE,NA,1,0.93,18,84,18,"{nodes <= 1} & !{size <= 25}",686,246,307,0.447521865889213,TRUE,"","NULL","",6.25999999999999
1382,8318333,2,0.5,FALSE,NA,1,0.99,44,100,44,"{pgr <= 0} & {er <= 9}",686,246,320,0.466472303206997,TRUE,"","NULL","",5.637
1383,8318334,2,0.5,FALSE,NA,1,0.88,22,134,22,"{nodes <= 1} & !{size <= 20}",686,246,298,0.434402332361516,TRUE,"","NULL","",6.286
1384,8318335,2,0.5,FALSE,NA,0,NA,0,NA,NA,"",686,246,319,0.465014577259475,TRUE,"","NULL","",3.55699999999999
1385,8318336,2,0.5,FALSE,NA,1,0.94,24,103,24,"{er <= 17} & !{er <= 9}",686,246,293,0.427113702623907,TRUE,"","NULL","",5.994
1386,8318337,2,0.5,FALSE,NA,1,0.98,45,135,45,"{pgr <= 8} & {size <= 29}",686,246,299,0.435860058309038,TRUE,"","NULL","",5.85400000000001
1387,8318338,2,0.5,FALSE,NA,1,0.85,20,119,20,"{size <= 35} & !{pgr <= 184}",686,246,305,0.444606413994169,TRUE,"","NULL","",5.905
1388,8318339,2,0.5,FALSE,NA,1,0.74,4,61,4,"!{age <= 46} & {pgr <= 0}",686,246,299,0.435860058309038,TRUE,"","NULL","",4.184
1389,8318340,2,0.5,FALSE,NA,1,0.98,6,22,6,"{age <= 46} & !{size <= 25}",686,246,293,0.427113702623907,TRUE,"","NULL","",4.702
1390,8318341,2,0.5,FALSE,NA,1,0.95,24,75,24,"!{er <= 174} & {nodes <= 5}",686,246,300,0.43731778425656,TRUE,"","NULL","",5.35599999999999
1391,8318342,2,0.5,FALSE,NA,1,0.61,1,15,1,"{pgr <= 16} & !{pgr <= 8}",686,246,296,0.431486880466472,TRUE,"","NULL","",4.643
1392,8318343,2,0.5,FALSE,NA,1,0.93,38,240,38,"{pgr <= 26} & !{pgr <= 16}",686,246,329,0.479591836734694,TRUE,"","NULL","",6.64399999999998
1393,8318344,2,0.5,FALSE,NA,1,0.98,39,113,39,"{nodes <= 1} & {er <= 30}",686,246,308,0.448979591836735,TRUE,"","NULL","",6.083
1394,8318345,2,0.5,FALSE,NA,1,0.9,20,122,20,"{er <= 9} & !{age <= 46}",686,246,315,0.459183673469388,TRUE,"","NULL","",6.042
1395,8318346,2,0.5,FALSE,NA,1,0.97,110,260,110,"{er <= 70} & !{pgr <= 45}",686,246,319,0.465014577259475,TRUE,"","NULL","",7.15899999999999
1396,8318347,2,0.5,FALSE,NA,1,0.9,4,28,4,"{age <= 53} & !{nodes <= 5}",686,246,296,0.431486880466472,TRUE,"","NULL","",3.51400000000001
1397,8318348,2,0.5,FALSE,NA,1,0.93,33,133,33,"{grade3} & {pgr <= 45}",686,246,307,0.447521865889213,TRUE,"","NULL","",6.91299999999998
1398,8318349,2,0.5,FALSE,NA,1,0.6,2,9,2,"{size <= 29} & {pgr <= 2}",686,246,295,0.43002915451895,TRUE,"","NULL","",4.21000000000001
1399,8318350,2,0.5,FALSE,NA,1,0.79,4,33,4,"{pgr <= 16} & !{er <= 9}",686,246,295,0.43002915451895,TRUE,"","NULL","",4.62
1400,8318351,2,0.5,FALSE,NA,1,0.86,50,157,50,"!{pgr <= 2} & {age <= 46}",686,246,298,0.434402332361516,TRUE,"","NULL","",5.87099999999998
1401,8318352,2,0.5,FALSE,NA,1,0.86,14,75,14,"!{nodes <= 1} & !{er <= 174}",686,246,288,0.419825072886297,TRUE,"","NULL","",5.679
1402,8318353,2,0.5,FALSE,NA,1,0.92,13,77,13,"!{age <= 61} & !{pgr <= 45}",686,246,326,0.475218658892128,TRUE,"","NULL","",5.596
1403,8318354,2,0.5,FALSE,NA,1,0.96,39,124,39,"!{meno} & {pgr <= 26}",686,246,296,0.431486880466472,TRUE,"","NULL","",5.721
1404,8318355,2,0.5,FALSE,NA,1,0.7,1,4,1,"{er <= 174} & !{er <= 70}",686,246,297,0.432944606413994,TRUE,"","NULL","",3.79400000000001
1405,8318356,2,0.5,FALSE,NA,1,0.76,6,67,6,"!{age <= 61} & !{nodes <= 1}",686,246,289,0.421282798833819,TRUE,"","NULL","",5.49100000000001
1406,8318357,2,0.5,FALSE,NA,1,0.83,12,75,12,"{age <= 53} & !{nodes <= 7}",686,246,298,0.434402332361516,TRUE,"","NULL","Loglik converged before variable  1 ; coefficient may be infinite.  | Loglik converged before variable  1 ; coefficient may be infinite. ",5.37800000000001
1407,8318358,2,0.5,FALSE,NA,1,0.99,164,502,164,"!{pgr <= 45} & {nodes <= 3}",686,246,291,0.424198250728863,TRUE,"","NULL","Loglik converged before variable  1 ; coefficient may be infinite.  | Loglik converged before variable  1 ; coefficient may be infinite. ",10.162
1408,8318359,2,0.5,FALSE,NA,1,0.93,10,51,10,"{size <= 29} & {age <= 46}",686,246,313,0.456268221574344,TRUE,"","NULL","",3.58600000000001
1409,8318360,2,0.5,FALSE,NA,1,0.52,1,25,1,"{nodes <= 5} & !{er <= 174}",686,246,297,0.432944606413994,TRUE,"","NULL","",5.364
1410,8318361,2,0.5,FALSE,NA,1,0.66,2,20,2,"{age <= 46} & !{size <= 25}",686,246,293,0.427113702623907,TRUE,"","NULL","",4.91299999999998
1411,8318362,2,0.5,FALSE,NA,1,0.8,19,88,19,"!{er <= 44} & {size <= 25}",686,246,277,0.403790087463557,TRUE,"","NULL","",5.16800000000001
1412,8318363,2,0.5,FALSE,NA,1,0.92,34,120,34,"!{nodes <= 1} & !{er <= 174}",686,246,306,0.446064139941691,TRUE,"","NULL","",5.65199999999999
1413,8318364,2,0.5,FALSE,NA,1,0.76,5,35,5,"{nodes <= 5} & !{nodes <= 3}",686,246,263,0.383381924198251,TRUE,"","NULL","",4.68100000000001
1414,8318365,2,0.5,FALSE,NA,1,0.84,2,28,2,"!{pgr <= 8} & {pgr <= 16}",686,246,312,0.454810495626822,TRUE,"","NULL","",4.60500000000002
1415,8318366,2,0.5,FALSE,NA,1,0.92,26,120,26,"!{grade3} & !{er <= 174}",686,246,287,0.418367346938776,TRUE,"","NULL","",5.39999999999998
1416,8318367,2,0.5,FALSE,NA,1,0.99,16,46,16,"!{pgr <= 184} & !{nodes <= 1}",686,246,291,0.424198250728863,TRUE,"","NULL","",4.899
1417,8318368,2,0.5,FALSE,NA,1,0.99,45,154,45,"{nodes <= 1} & {age <= 53}",686,246,322,0.469387755102041,TRUE,"","NULL","",7.50899999999999
1418,8318369,2,0.5,FALSE,NA,0,NA,0,NA,NA,"",686,246,299,0.435860058309038,TRUE,"","NULL","",3.75299999999999
1419,8318370,2,0.5,FALSE,NA,1,0.84,12,95,12,"{size <= 29} & {age <= 46}",686,246,306,0.446064139941691,TRUE,"","NULL","",5.40699999999998
1420,8318371,2,0.5,FALSE,NA,1,0.99,26,137,26,"{age <= 46} & !{size <= 25}",686,246,311,0.4533527696793,TRUE,"","NULL","",5.41300000000001
1421,8318372,2,0.5,FALSE,NA,1,0.63,3,48,3,"{nodes <= 1} & !{size <= 20}",686,246,318,0.463556851311953,TRUE,"","NULL","",5.125
1422,8318373,2,0.5,FALSE,NA,1,0.98,9,52,9,"!{size <= 25} & {pgr <= 2}",686,246,301,0.438775510204082,TRUE,"","NULL","",4.98999999999998
1423,8318374,2,0.5,FALSE,NA,1,0.89,23,120,23,"{er <= 70} & !{er <= 30}",686,246,311,0.4533527696793,TRUE,"","NULL","",5.745
1424,8318375,2,0.5,FALSE,NA,1,0.87,5,39,5,"!{pgr <= 45} & !{meno}",686,246,277,0.403790087463557,TRUE,"","NULL","",4.44900000000001
1425,8318376,2,0.5,FALSE,NA,1,0.83,31,137,31,"!{size <= 29} & {er <= 17}",686,246,310,0.451895043731778,TRUE,"","NULL","",6.86700000000002
1426,8318377,2,0.5,FALSE,NA,1,0.6,1,32,1,"{size <= 20} & {pgr <= 26}",686,246,285,0.415451895043732,TRUE,"","NULL","",4.595
1427,8318378,2,0.5,FALSE,NA,1,0.93,7,56,7,"{grade3} & {pgr <= 16}",686,246,305,0.444606413994169,TRUE,"","NULL","",5.15899999999999
1428,8318379,2,0.5,FALSE,NA,1,0.66,11,51,11,"!{pgr <= 77} & {nodes <= 5}",686,246,278,0.405247813411079,TRUE,"","NULL","",4.36099999999999
1429,8318380,2,0.5,FALSE,NA,1,0.88,11,41,11,"{pgr <= 16} & !{er <= 17}",686,246,297,0.432944606413994,TRUE,"","NULL","",5.69199999999998
1430,8318381,2,0.5,FALSE,NA,1,0.82,7,42,7,"{nodes <= 1} & {er <= 30}",686,246,312,0.454810495626822,TRUE,"","NULL","",5.21000000000001
1431,8318382,2,0.5,FALSE,NA,1,1,15,66,15,"!{nodes <= 7} & {pgr <= 16}",686,246,317,0.462099125364431,TRUE,"","NULL","",4.90800000000002
1432,8318383,2,0.5,FALSE,NA,1,0.99,80,225,80,"!{age <= 53} & {er <= 44}",686,246,314,0.457725947521866,TRUE,"","NULL","",6.358
1433,8318384,2,0.5,FALSE,NA,1,0.85,7,19,7,"!{er <= 100} & !{nodes <= 1}",686,246,313,0.456268221574344,TRUE,"","NULL","",4.89099999999999
1434,8318385,2,0.5,FALSE,NA,1,0.81,8,50,8,"!{pgr <= 16} & {pgr <= 45}",686,246,285,0.415451895043732,TRUE,"","NULL","",4.98699999999999
1435,8318386,2,0.5,FALSE,NA,1,0.9,33,143,33,"{age <= 46} & !{er <= 3}",686,246,314,0.457725947521866,TRUE,"","NULL","",6.06899999999999
1436,8318387,2,0.5,FALSE,NA,1,0.99,56,153,56,"!{grade3} & {age <= 46}",686,246,286,0.416909620991254,TRUE,"","NULL","",5.61699999999999
1437,8318388,2,0.5,FALSE,NA,1,0.78,2,22,2,"{size <= 35} & {pgr <= 0}",686,246,319,0.465014577259475,TRUE,"","NULL","",4.73500000000001
1438,8318389,2,0.5,FALSE,NA,1,0.84,2,21,2,"!{er <= 174} & {nodes <= 5}",686,246,312,0.454810495626822,TRUE,"","NULL","",4.85400000000001
1439,8318390,2,0.5,FALSE,NA,1,0.97,117,296,117,"!{nodes <= 5} & !{grade3}",686,246,304,0.443148688046647,TRUE,"","NULL","Loglik converged before variable  1 ; coefficient may be infinite. ",8.27200000000002
1440,8318391,2,0.5,FALSE,NA,1,0.98,45,119,45,"{pgr <= 2} & {size <= 29}",686,246,328,0.478134110787172,TRUE,"","NULL","",5.01600000000002
1441,8318392,2,0.5,FALSE,NA,1,0.89,7,50,7,"{age <= 61} & !{nodes <= 7}",686,246,304,0.443148688046647,TRUE,"","NULL","",5.71299999999999
1442,8318393,2,0.5,FALSE,NA,1,0.94,22,107,22,"!{er <= 9} & {er <= 17}",686,246,297,0.432944606413994,TRUE,"","NULL","",5.86499999999998
1443,8318394,2,0.5,FALSE,NA,1,0.96,21,133,21,"{size <= 35} & {er <= 3}",686,246,297,0.432944606413994,TRUE,"","NULL","",5.58099999999999
1444,8318395,2,0.5,FALSE,NA,1,0.98,56,257,56,"{age <= 53} & !{er <= 70}",686,246,305,0.444606413994169,TRUE,"","NULL","",6.25900000000001
1445,8318396,2,0.5,FALSE,NA,1,0.85,15,96,15,"!{meno} & !{grade3}",686,246,309,0.450437317784257,TRUE,"","NULL","",6.21299999999999
1446,8318397,2,0.5,FALSE,NA,1,0.83,7,37,7,"{er <= 30} & {nodes <= 1}",686,246,295,0.43002915451895,TRUE,"","NULL","",4.36600000000001
1447,8318398,2,0.5,FALSE,NA,1,1,59,223,59,"{pgr <= 2} & {size <= 29}",686,246,298,0.434402332361516,TRUE,"","NULL","",6.89700000000002
1448,8318399,2,0.5,FALSE,NA,1,0.86,8,28,8,"{size <= 25} & !{er <= 70}",686,246,280,0.408163265306122,TRUE,"","NULL","",3.98700000000002
1449,8318400,2,0.5,FALSE,NA,1,0.77,6,25,6,"!{er <= 3} & {er <= 17}",686,246,311,0.4533527696793,TRUE,"","NULL","",5.55200000000002
1450,8318401,2,0.5,FALSE,NA,0,NA,0,NA,NA,"",686,246,311,0.4533527696793,TRUE,"","NULL","",4.26400000000001
1451,8318402,2,0.5,FALSE,NA,1,0.75,21,81,21,"!{meno} & {size <= 25}",686,246,312,0.454810495626822,TRUE,"","NULL","",5.17399999999998
1452,8318403,2,0.5,FALSE,NA,1,0.82,15,74,15,"{age <= 53} & !{nodes <= 5}",686,246,288,0.419825072886297,TRUE,"","NULL","",5.20400000000001
1453,8318404,2,0.5,FALSE,NA,1,0.94,37,150,37,"{age <= 53} & {pgr <= 26}",686,246,285,0.415451895043732,TRUE,"","NULL","",6.846
1454,8318405,2,0.5,FALSE,NA,1,0.8,13,83,13,"{size <= 20} & !{age <= 53}",686,246,291,0.424198250728863,TRUE,"","NULL","",5.19400000000002
1455,8318406,2,0.5,FALSE,NA,0,NA,0,4,0,"",686,246,291,0.424198250728863,TRUE,"","NULL","",3.852
1456,8318407,2,0.5,FALSE,NA,1,0.95,36,232,36,"!{pgr <= 77} & {pgr <= 114}",686,246,308,0.448979591836735,TRUE,"","NULL","",6.38299999999998
1457,8318408,2,0.5,FALSE,NA,1,0.8,9,59,9,"{size <= 20} & !{pgr <= 8}",686,246,305,0.444606413994169,TRUE,"","NULL","",5.87700000000001
1458,8318409,2,0.5,FALSE,NA,1,0.88,25,176,25,"!{pgr <= 114} & {er <= 174}",686,246,303,0.441690962099125,TRUE,"","NULL","",6.41500000000002
1459,8318410,2,0.5,FALSE,NA,1,0.96,52,160,52,"{pgr <= 2} & {size <= 35}",686,246,295,0.43002915451895,TRUE,"","NULL","",5.98899999999998
1460,8318411,2,0.5,FALSE,NA,1,0.71,9,46,9,"{age <= 46} & !{size <= 20}",686,246,290,0.422740524781341,TRUE,"","NULL","",4.04900000000001
1461,8318412,2,0.5,FALSE,NA,1,0.78,9,65,9,"!{meno} & !{size <= 25}",686,246,298,0.434402332361516,TRUE,"","NULL","",5.75200000000001
1462,8318413,2,0.5,FALSE,NA,1,0.96,134,460,134,"{nodes <= 1} & !{size <= 25}",686,246,309,0.450437317784257,TRUE,"","NULL","",10.447
1463,8318414,2,0.5,FALSE,NA,1,0.72,4,36,4,"{nodes <= 3} & {pgr <= 8}",686,246,308,0.448979591836735,TRUE,"","NULL","",4.37100000000001
1464,8318415,2,0.5,FALSE,NA,1,0.81,27,139,27,"{size <= 20} & {pgr <= 184}",686,246,280,0.408163265306122,TRUE,"","NULL","",4.28100000000001
1465,8318416,2,0.5,FALSE,NA,0,NA,0,7,0,"",686,246,295,0.43002915451895,TRUE,"","NULL","",4.453
1466,8318417,2,0.5,FALSE,NA,1,0.98,310,578,310,"!{size <= 29} & !{er <= 70}",686,246,303,0.441690962099125,TRUE,"","NULL","",12.077
1467,8318418,2,0.5,FALSE,NA,1,0.78,12,52,12,"{grade3} & {pgr <= 337}",686,246,319,0.465014577259475,TRUE,"","NULL","",4.511
1468,8318419,2,0.5,FALSE,NA,1,0.98,36,122,36,"{size <= 35} & {pgr <= 0}",686,246,311,0.4533527696793,TRUE,"","NULL","",3.892
1469,8318420,2,0.5,FALSE,NA,1,0.94,8,44,8,"!{er <= 17} & !{size <= 35}",686,246,277,0.403790087463557,TRUE,"","NULL","",5.249
1470,8318421,2,0.5,FALSE,NA,1,0.54,1,10,1,"!{pgr <= 8} & {pgr <= 16}",686,246,297,0.432944606413994,TRUE,"","NULL","",4.256
1471,8318422,2,0.5,FALSE,NA,1,0.97,79,200,79,"!{meno} & !{pgr <= 77}",686,246,303,0.441690962099125,TRUE,"","NULL","",7.053
1472,8318423,2,0.5,FALSE,NA,1,0.81,2,10,2,"!{size <= 35} & {pgr <= 26}",686,246,305,0.444606413994169,TRUE,"","NULL","",4.17999999999998
1473,8318424,2,0.5,FALSE,NA,1,0.97,127,378,127,"{size <= 20} & {er <= 174}",686,246,320,0.466472303206997,TRUE,"","NULL","",9.31899999999999
1474,8318425,2,0.5,FALSE,NA,1,0.87,11,44,11,"{er <= 17} & {nodes <= 3}",686,246,276,0.402332361516035,TRUE,"","NULL","",4.90000000000001
1475,8318426,2,0.5,FALSE,NA,1,0.77,2,29,2,"{age <= 53} & !{nodes <= 7}",686,246,300,0.43731778425656,TRUE,"","NULL","",4.89100000000002
1476,8318427,2,0.5,FALSE,NA,1,0.97,7,40,7,"!{er <= 30} & {pgr <= 26}",686,246,312,0.454810495626822,TRUE,"","NULL","",3.79400000000001
1477,8318428,2,0.5,FALSE,NA,1,0.9,25,102,25,"{nodes <= 1} & !{pgr <= 16}",686,246,311,0.4533527696793,TRUE,"","NULL","",6.5
1478,8318429,2,0.5,FALSE,NA,1,0.61,2,20,2,"{age <= 53} & {pgr <= 8}",686,246,316,0.46064139941691,TRUE,"","NULL","",4.62100000000001
1479,8318430,2,0.5,FALSE,NA,1,0.77,1,3,1,"!{er <= 9} & {er <= 17}",686,246,295,0.43002915451895,TRUE,"","NULL","",4.25999999999999
1480,8318431,2,0.5,FALSE,NA,1,0.73,2,16,2,"{size <= 29} & {pgr <= 8}",686,246,300,0.43731778425656,TRUE,"","NULL","",4.51599999999999
1481,8318432,2,0.5,FALSE,NA,1,0.91,31,174,31,"!{meno} & !{size <= 29}",686,246,296,0.431486880466472,TRUE,"","NULL","",7.042
1482,8318433,2,0.5,FALSE,NA,1,0.91,16,85,16,"{size <= 20} & {er <= 70}",686,246,298,0.434402332361516,TRUE,"","NULL","",5.25400000000002
1483,8318434,2,0.5,FALSE,NA,1,0.84,23,116,23,"!{size <= 29} & !{pgr <= 26}",686,246,288,0.419825072886297,TRUE,"","NULL","",5.554
1484,8318435,2,0.5,FALSE,NA,1,0.75,15,127,15,"{size <= 25} & {pgr <= 45}",686,246,294,0.428571428571429,TRUE,"","NULL","",4.59199999999998
1485,8318436,2,0.5,FALSE,NA,1,0.78,39,191,39,"!{size <= 29} & !{pgr <= 26}",686,246,289,0.421282798833819,TRUE,"","NULL","",7.19300000000001
1486,8318437,2,0.5,FALSE,NA,1,0.84,7,85,7,"{grade3} & {size <= 29}",686,246,274,0.399416909620991,TRUE,"","NULL","",4.99699999999999
1487,8318438,2,0.5,FALSE,NA,1,0.86,43,176,43,"!{age <= 61} & {nodes <= 7}",686,246,318,0.463556851311953,TRUE,"","NULL","",6.40099999999998
1488,8318439,2,0.5,FALSE,NA,1,0.92,11,68,11,"{age <= 46} & !{size <= 25}",686,246,323,0.470845481049563,TRUE,"","NULL","",4.006
1489,8318440,2,0.5,FALSE,NA,1,0.68,2,11,2,"{age <= 53} & {meno}",686,246,314,0.457725947521866,TRUE,"","NULL","",4.65899999999999
1490,8318441,2,0.5,FALSE,NA,1,0.96,10,54,10,"!{pgr <= 8} & {pgr <= 26}",686,246,307,0.447521865889213,TRUE,"","NULL","",5.191
1491,8318442,2,0.5,FALSE,NA,1,0.93,8,46,8,"{age <= 53} & !{er <= 30}",686,246,294,0.428571428571429,TRUE,"","NULL","",4.685
1492,8318443,2,0.5,FALSE,NA,1,0.93,12,82,12,"{grade3} & {pgr <= 8}",686,246,303,0.441690962099125,TRUE,"","NULL","",5.114
1493,8318444,2,0.5,FALSE,NA,1,0.92,73,233,73,"{nodes <= 1} & {pgr <= 114}",686,246,324,0.472303206997085,TRUE,"","NULL","",8.053
1494,8318445,2,0.5,FALSE,NA,1,0.62,3,23,3,"{nodes <= 1} & !{pgr <= 45}",686,246,275,0.400874635568513,TRUE,"","NULL","",4.43199999999999
1495,8318446,2,0.5,FALSE,NA,1,0.86,5,17,5,"{age <= 46} & !{grade3}",686,246,290,0.422740524781341,TRUE,"","NULL","",4.67599999999999
1496,8318447,2,0.5,FALSE,NA,1,0.79,27,86,27,"{size <= 25} & !{er <= 44}",686,246,302,0.440233236151603,TRUE,"","NULL","",4.596
1497,8318448,2,0.5,FALSE,NA,1,0.79,10,45,10,"!{grade3} & !{meno}",686,246,310,0.451895043731778,TRUE,"","NULL","Loglik converged before variable  1 ; coefficient may be infinite.  | Loglik converged before variable  1 ; coefficient may be infinite. ",5.50999999999999
1498,8318449,2,0.5,FALSE,NA,1,0.99,62,213,62,"{er <= 3} & {age <= 53}",686,246,288,0.419825072886297,TRUE,"","NULL","",7.45399999999998
1499,8318450,2,0.5,FALSE,NA,1,0.94,63,251,63,"!{age <= 61} & !{pgr <= 26}",686,246,307,0.447521865889213,TRUE,"","NULL","",7.05500000000001
1500,8318451,2,0.5,FALSE,NA,1,0.61,4,38,4,"{size <= 25} & {pgr <= 8}",686,246,294,0.428571428571429,TRUE,"","NULL","",3.518
1501,8318452,2,0.5,FALSE,NA,1,0.99,39,176,39,"!{pgr <= 8} & {er <= 17}",686,246,296,0.431486880466472,TRUE,"","NULL","Loglik converged before variable  1 ; coefficient may be infinite. ",6.988
1502,8318453,2,0.5,FALSE,NA,1,1,110,340,110,"{er <= 9} & !{size <= 25}",686,246,296,0.431486880466472,TRUE,"","NULL","",8.18000000000001
1503,8318454,2,0.5,FALSE,NA,1,0.8,6,60,6,"{er <= 174} & !{er <= 70}",686,246,297,0.432944606413994,TRUE,"","NULL","",4.72499999999999
1504,8318455,2,0.5,FALSE,NA,1,0.91,37,204,37,"!{size <= 35} & !{er <= 3}",686,246,309,0.450437317784257,TRUE,"","NULL","",4.66500000000002
1505,8318456,2,0.5,FALSE,NA,1,0.98,8,60,8,"!{er <= 9} & {er <= 17}",686,246,285,0.415451895043732,TRUE,"","NULL","",5.768
1506,8318457,2,0.5,FALSE,NA,1,0.64,2,8,2,"!{age <= 61} & {er <= 70}",686,246,285,0.415451895043732,TRUE,"","NULL","",4.203
1507,8318458,2,0.5,FALSE,NA,1,0.97,5,45,5,"!{pgr <= 77} & {pgr <= 114}",686,246,272,0.396501457725948,TRUE,"","NULL","",4.971
1508,8318459,2,0.5,FALSE,NA,1,0.98,20,82,20,"{grade3} & {size <= 35}",686,246,289,0.421282798833819,TRUE,"","NULL","",5.02800000000002
1509,8318460,2,0.5,FALSE,NA,1,0.94,60,206,60,"{size <= 29} & {age <= 46}",686,246,302,0.440233236151603,TRUE,"","NULL","",7.71199999999999
1510,8318461,2,0.5,FALSE,NA,1,0.84,7,74,7,"!{er <= 70} & {er <= 174}",686,246,291,0.424198250728863,TRUE,"","NULL","",5.06399999999999
1511,8318462,2,0.5,FALSE,NA,1,0.95,12,34,12,"{grade3} & {size <= 29}",686,246,294,0.428571428571429,TRUE,"","NULL","",4.286
1512,8318463,2,0.5,FALSE,NA,1,0.61,1,31,1,"{size <= 20} & !{er <= 44}",686,246,297,0.432944606413994,TRUE,"","NULL","",4.11500000000001
1513,8318464,2,0.5,FALSE,NA,1,0.95,53,230,53,"{nodes <= 1} & !{grade3}",686,246,305,0.444606413994169,TRUE,"","NULL","",7.91300000000001
1514,8318465,2,0.5,FALSE,NA,1,0.93,10,48,10,"{age <= 53} & {size <= 20}",686,246,286,0.416909620991254,TRUE,"","NULL","",4.83700000000002
1515,8318466,2,0.5,FALSE,NA,1,0.93,50,187,50,"{age <= 46} & !{size <= 25}",686,246,292,0.425655976676385,TRUE,"","NULL","",6.529
1516,8318467,2,0.5,FALSE,NA,1,0.61,1,5,1,"{grade3} & {pgr <= 8}",686,246,303,0.441690962099125,TRUE,"","NULL","",3.376
1517,8318468,2,0.5,FALSE,NA,1,0.64,2,9,2,"!{pgr <= 77} & {nodes <= 3}",686,246,315,0.459183673469388,TRUE,"","NULL","",5.089
1518,8318469,2,0.5,FALSE,NA,1,0.85,5,48,5,"!{pgr <= 114} & {size <= 25}",686,246,303,0.441690962099125,TRUE,"","NULL","",5.53299999999999
1519,8318470,2,0.5,FALSE,NA,1,0.68,4,15,4,"!{er <= 44} & {pgr <= 26}",686,246,298,0.434402332361516,TRUE,"","NULL","",4.24199999999999
1520,8318471,2,0.5,FALSE,NA,1,0.92,34,85,34,"!{er <= 174} & {meno}",686,246,308,0.448979591836735,TRUE,"","NULL","",5.05699999999999
1521,8318472,2,0.5,FALSE,NA,1,0.91,19,142,19,"{pgr <= 45} & {size <= 20}",686,246,315,0.459183673469388,TRUE,"","NULL","",6.83799999999999
1522,8318473,2,0.5,FALSE,NA,1,0.97,66,214,66,"{pgr <= 2} & !{grade3}",686,246,305,0.444606413994169,TRUE,"","NULL","",6.58300000000003
1523,8318474,2,0.5,FALSE,NA,1,0.96,58,207,58,"{age <= 46} & {size <= 29}",686,246,314,0.457725947521866,TRUE,"","NULL","",6.49100000000001
1524,8318475,2,0.5,FALSE,NA,1,0.62,2,20,2,"{size <= 25} & !{er <= 100}",686,246,308,0.448979591836735,TRUE,"","NULL","",3.49100000000001
1525,8318476,2,0.5,FALSE,NA,1,0.5,1,7,1,"!{nodes <= 5} & {pgr <= 8}",686,246,315,0.459183673469388,TRUE,"","NULL","",4.75800000000001
1526,8318477,2,0.5,FALSE,NA,1,0.99,130,380,130,"{pgr <= 8} & !{er <= 0}",686,246,288,0.419825072886297,TRUE,"","NULL","Loglik converged before variable  1 ; coefficient may be infinite. ",9.10399999999998
1527,8318478,2,0.5,FALSE,NA,1,0.92,12,64,12,"!{pgr <= 77} & {er <= 174}",686,246,291,0.424198250728863,TRUE,"","NULL","",4.904
1528,8318479,2,0.5,FALSE,NA,1,0.82,21,107,21,"!{nodes <= 1} & {er <= 17}",686,246,311,0.4533527696793,TRUE,"","NULL","",4.60299999999998
1529,8318480,2,0.5,FALSE,NA,1,0.91,4,31,4,"!{size <= 35} & {er <= 30}",686,246,304,0.443148688046647,TRUE,"","NULL","",4.881
1530,8318481,2,0.5,FALSE,NA,1,0.72,13,64,13,"!{age <= 61} & {nodes <= 7}",686,246,305,0.444606413994169,TRUE,"","NULL","",5.399
1531,8318482,2,0.5,FALSE,NA,1,0.99,62,178,62,"{er <= 17} & !{er <= 9}",686,246,299,0.435860058309038,TRUE,"","NULL","",6.28300000000002
1532,8318483,2,0.5,FALSE,NA,1,0.97,48,186,48,"!{er <= 174} & {nodes <= 7}",686,246,301,0.438775510204082,TRUE,"","NULL","Loglik converged before variable  1 ; coefficient may be infinite. ",5.74600000000001
1533,8318484,2,0.5,FALSE,NA,1,0.82,6,49,6,"!{meno} & {pgr <= 114}",686,246,311,0.4533527696793,TRUE,"","NULL","",5.517
1534,8318485,2,0.5,FALSE,NA,1,0.62,1,13,1,"!{meno} & {pgr <= 16}",686,246,281,0.409620991253644,TRUE,"","NULL","",4.37799999999999
1535,8318486,2,0.5,FALSE,NA,1,0.97,25,105,25,"!{pgr <= 114} & {pgr <= 184}",686,246,319,0.465014577259475,TRUE,"","NULL","",5.77100000000002
1536,8318487,2,0.5,FALSE,NA,1,0.57,1,6,1,"{pgr <= 26} & !{er <= 30}",686,246,278,0.405247813411079,TRUE,"","NULL","",4.14000000000001
1537,8318488,2,0.5,FALSE,NA,1,0.85,13,77,13,"{nodes <= 7} & !{pgr <= 184}",686,246,289,0.421282798833819,TRUE,"","NULL","",6.077
1538,8318489,2,0.5,FALSE,NA,1,0.9,45,291,45,"!{size <= 20} & !{pgr <= 77}",686,246,307,0.447521865889213,TRUE,"","NULL","",8.28999999999999
1539,8318490,2,0.5,FALSE,NA,1,0.53,1,7,1,"!{pgr <= 184} & !{size <= 20}",686,246,316,0.46064139941691,TRUE,"","NULL","",4.52799999999999
1540,8318491,2,0.5,FALSE,NA,1,0.84,2,18,2,"{nodes <= 1} & {er <= 30}",686,246,309,0.450437317784257,TRUE,"","NULL","",3.65299999999999
1541,8318492,2,0.5,FALSE,NA,1,0.99,120,242,120,"!{er <= 174} & !{pgr <= 2}",686,246,288,0.419825072886297,TRUE,"","NULL","",7.77799999999999
1542,8318493,2,0.5,FALSE,NA,1,0.95,62,197,62,"{er <= 30} & !{pgr <= 26}",686,246,320,0.466472303206997,TRUE,"","NULL","",6.69400000000002
1543,8318494,2,0.5,FALSE,NA,1,0.95,25,82,25,"!{grade3} & {age <= 46}",686,246,309,0.450437317784257,TRUE,"","NULL","",5.02499999999998
1544,8318495,2,0.5,FALSE,NA,1,0.99,87,234,87,"!{pgr <= 8} & {size <= 20}",686,246,300,0.43731778425656,TRUE,"","NULL","",5.17099999999999
1545,8318496,2,0.5,FALSE,NA,1,0.92,2,43,2,"{er <= 17} & !{pgr <= 16}",686,246,315,0.459183673469388,TRUE,"","NULL","",4.99700000000001
1546,8318497,2,0.5,FALSE,NA,1,0.83,3,28,3,"{age <= 46} & {size <= 29}",686,246,293,0.427113702623907,TRUE,"","NULL","",4.91199999999998
1547,8318498,2,0.5,FALSE,NA,1,0.62,2,14,2,"!{pgr <= 77} & {er <= 70}",686,246,301,0.438775510204082,TRUE,"","NULL","",4.32599999999999
1548,8318499,2,0.5,FALSE,NA,1,0.91,18,102,18,"!{pgr <= 114} & !{er <= 70}",686,246,305,0.444606413994169,TRUE,"","NULL","",5.553
1549,8318500,2,0.5,FALSE,NA,1,0.5,1,12,1,"!{size <= 35} & !{pgr <= 45}",686,246,286,0.416909620991254,TRUE,"","NULL","",4.72300000000001
1550,8318501,2,0.5,FALSE,NA,1,0.51,4,29,4,"{grade3} & {pgr <= 26}",686,246,299,0.435860058309038,TRUE,"","NULL","",4.483
1551,8318502,2,0.5,FALSE,NA,1,0.72,8,38,8,"!{pgr <= 77} & {pgr <= 184}",686,246,269,0.392128279883382,TRUE,"","NULL","",4.536
1552,8318503,2,0.5,FALSE,NA,1,0.5,1,6,1,"!{er <= 0} & {er <= 9}",686,246,299,0.435860058309038,TRUE,"","NULL","",4.52499999999998
1553,8318504,2,0.5,FALSE,NA,1,0.83,8,57,8,"{nodes <= 1} & !{er <= 30}",686,246,272,0.396501457725948,TRUE,"","NULL","",5.25999999999999
1554,8318505,2,0.5,FALSE,NA,1,0.94,19,80,19,"{pgr <= 2} & {age <= 53}",686,246,300,0.43731778425656,TRUE,"","NULL","",5.726
1555,8318506,2,0.5,FALSE,NA,1,0.97,20,83,20,"!{size <= 35} & !{er <= 30}",686,246,310,0.451895043731778,TRUE,"","NULL","Loglik converged before variable  1 ; coefficient may be infinite.  | Loglik converged before variable  1 ; coefficient may be infinite. ",5.636
1556,8318507,2,0.5,FALSE,NA,1,0.9,8,70,8,"!{pgr <= 114} & {nodes <= 3}",686,246,282,0.411078717201166,TRUE,"","NULL","",4.53399999999999
1557,8318508,2,0.5,FALSE,NA,1,1,114,273,114,"!{er <= 70} & !{nodes <= 5}",686,246,279,0.406705539358601,TRUE,"","NULL","",8.221
1558,8318509,2,0.5,FALSE,NA,1,0.76,2,17,2,"!{grade3} & {age <= 46}",686,246,302,0.440233236151603,TRUE,"","NULL","",4.482
1559,8318510,2,0.5,FALSE,NA,0,NA,0,26,0,"",686,246,274,0.399416909620991,TRUE,"","NULL","",4.68700000000001
1560,8318511,2,0.5,FALSE,NA,1,0.74,5,33,5,"!{meno} & {pgr <= 114}",686,246,298,0.434402332361516,TRUE,"","NULL","Loglik converged before variable  1 ; coefficient may be infinite. ",4.20499999999998
1561,8318512,2,0.5,FALSE,NA,1,0.97,8,51,8,"{age <= 53} & !{nodes <= 7}",686,246,310,0.451895043731778,TRUE,"","NULL","",5.39599999999999
1562,8318513,2,0.5,FALSE,NA,1,0.97,107,386,107,"{nodes <= 1} & !{er <= 3}",686,246,282,0.411078717201166,TRUE,"","NULL","",9.25899999999999
1563,8318514,2,0.5,FALSE,NA,1,0.92,45,200,45,"!{meno} & !{er <= 0}",686,246,308,0.448979591836735,TRUE,"","NULL","",6.38499999999999
1564,8318515,2,0.5,FALSE,NA,1,0.8,23,130,23,"{nodes <= 7} & !{pgr <= 184}",686,246,307,0.447521865889213,TRUE,"","NULL","",4.17599999999999
1565,8318516,2,0.5,FALSE,NA,1,0.95,35,130,35,"!{er <= 174} & {meno}",686,246,290,0.422740524781341,TRUE,"","NULL","",6.52199999999999
1566,8318517,2,0.5,FALSE,NA,1,0.81,22,89,22,"{nodes <= 1} & !{pgr <= 2}",686,246,287,0.418367346938776,TRUE,"","NULL","Loglik converged before variable  1 ; coefficient may be infinite. ",5.56899999999999
1567,8318518,2,0.5,FALSE,NA,1,0.98,107,448,107,"{nodes <= 3} & {er <= 9}",686,246,284,0.41399416909621,TRUE,"","NULL","",8.876
1568,8318519,2,0.5,FALSE,NA,1,0.78,2,33,2,"!{er <= 174} & {pgr <= 184}",686,246,298,0.434402332361516,TRUE,"","NULL","",3.297
1569,8318520,2,0.5,FALSE,NA,1,0.58,3,38,3,"!{grade3} & !{er <= 44}",686,246,293,0.427113702623907,TRUE,"","NULL","",4.93900000000002
1570,8318521,2,0.5,FALSE,NA,1,0.64,4,26,4,"{nodes <= 3} & !{nodes <= 1}",686,246,282,0.411078717201166,TRUE,"","NULL","",4.88499999999999
1571,8318522,2,0.5,FALSE,NA,1,0.97,115,424,115,"{nodes <= 1} & {pgr <= 114}",686,246,298,0.434402332361516,TRUE,"","NULL","",10.124
1572,8318523,2,0.5,FALSE,NA,1,0.96,51,139,51,"{size <= 20} & !{grade3}",686,246,314,0.457725947521866,TRUE,"","NULL","",4.613
1573,8318524,2,0.5,FALSE,NA,1,0.63,2,17,2,"{pgr <= 2} & {meno}",686,246,299,0.435860058309038,TRUE,"","NULL","",4.809
1574,8318525,2,0.5,FALSE,NA,0,NA,0,6,0,"",686,246,307,0.447521865889213,TRUE,"","NULL","",4.66899999999998
1575,8318526,2,0.5,FALSE,NA,1,0.9,13,84,13,"{pgr <= 2} & !{er <= 0}",686,246,295,0.43002915451895,TRUE,"","NULL","",5.66
1576,8318527,2,0.5,FALSE,NA,1,0.91,103,303,103,"!{age <= 53} & !{er <= 70}",686,246,312,0.454810495626822,TRUE,"","NULL","",7.14500000000001
1577,8318528,2,0.5,FALSE,NA,1,0.87,13,19,13,"!{pgr <= 184}",686,246,288,0.419825072886297,TRUE,"","NULL","",4.679
1578,8318529,2,0.5,FALSE,NA,1,0.97,101,310,101,"{nodes <= 5} & {grade3}",686,246,295,0.43002915451895,TRUE,"","NULL","",8.21000000000001
1579,8318530,2,0.5,FALSE,NA,1,0.56,1,11,1,"{size <= 35} & {pgr <= 0}",686,246,305,0.444606413994169,TRUE,"","NULL","",4.50999999999999
1580,8318531,2,0.5,FALSE,NA,1,0.94,40,172,40,"{size <= 29} & {pgr <= 8}",686,246,293,0.427113702623907,TRUE,"","NULL","",5.001
1581,8318532,2,0.5,FALSE,NA,1,0.9,16,77,16,"!{er <= 30} & {er <= 100}",686,246,291,0.424198250728863,TRUE,"","NULL","",5.29400000000001
1582,8318533,2,0.5,FALSE,NA,1,0.7,3,42,3,"{size <= 20} & !{pgr <= 26}",686,246,290,0.422740524781341,TRUE,"","NULL","",5.04899999999998
1583,8318534,2,0.5,FALSE,NA,1,1,229,502,229,"{er <= 17} & {nodes <= 3}",686,246,316,0.46064139941691,TRUE,"","NULL","",10.194
1584,8318535,2,0.5,FALSE,NA,1,0.85,11,60,11,"{age <= 53} & !{nodes <= 3}",686,246,296,0.431486880466472,TRUE,"","NULL","",3.58600000000001
1585,8318536,2,0.5,FALSE,NA,1,0.96,32,141,32,"!{size <= 35} & {er <= 30}",686,246,299,0.435860058309038,TRUE,"","NULL","",6.715
1586,8318537,2,0.5,FALSE,NA,1,0.84,2,39,2,"!{nodes <= 1} & !{er <= 174}",686,246,283,0.412536443148688,TRUE,"","NULL","",4.48099999999999
1587,8318538,2,0.5,FALSE,NA,1,0.66,6,34,6,"{age <= 46} & !{grade3}",686,246,298,0.434402332361516,TRUE,"","NULL","",4.43000000000001
1588,8318539,2,0.5,FALSE,NA,1,0.5,1,10,1,"{size <= 25} & {pgr <= 2}",686,246,309,0.450437317784257,TRUE,"","NULL","",4.13400000000001
1589,8318540,2,0.5,FALSE,NA,1,0.86,36,100,36,"!{pgr <= 184}",686,246,291,0.424198250728863,TRUE,"","NULL","",6.20499999999998
1590,8318541,2,0.5,FALSE,NA,1,0.93,19,80,19,"{size <= 20} & !{pgr <= 16}",686,246,303,0.441690962099125,TRUE,"","NULL","",5.696
1591,8318542,2,0.5,FALSE,NA,1,0.85,20,70,20,"!{pgr <= 77} & {size <= 29}",686,246,294,0.428571428571429,TRUE,"","NULL","",4.857
1592,8318543,2,0.5,FALSE,NA,1,0.99,113,284,113,"{age <= 61} & {pgr <= 2}",686,246,289,0.421282798833819,TRUE,"","NULL","",6.61700000000002
1593,8318544,2,0.5,FALSE,NA,1,0.82,4,32,4,"!{pgr <= 77} & {er <= 44}",686,246,322,0.469387755102041,TRUE,"","NULL","",5.172
1594,8318545,2,0.5,FALSE,NA,0,NA,0,7,0,"",686,246,296,0.431486880466472,TRUE,"","NULL","",4.61199999999999
1595,8318546,2,0.5,FALSE,NA,1,0.78,10,72,10,"{grade3} & {pgr <= 184}",686,246,297,0.432944606413994,TRUE,"","NULL","",5.125
1596,8318547,2,0.5,FALSE,NA,1,0.85,4,15,4,"{er <= 30} & !{pgr <= 45}",686,246,315,0.459183673469388,TRUE,"","NULL","",4.31699999999998
1597,8318548,2,0.5,FALSE,NA,1,0.8,2,7,2,"{nodes <= 1} & !{size <= 25}",686,246,310,0.451895043731778,TRUE,"","NULL","",4.643
1598,8318549,2,0.5,FALSE,NA,1,0.98,47,182,47,"{size <= 25} & {pgr <= 2}",686,246,313,0.456268221574344,TRUE,"","NULL","",7.06700000000001
1599,8318550,2,0.5,FALSE,NA,1,0.86,14,74,14,"{meno} & {age <= 61}",686,246,292,0.425655976676385,TRUE,"","NULL","",4.87100000000001
1600,8318551,2,0.5,FALSE,NA,0,NA,0,14,0,"",686,246,296,0.431486880466472,TRUE,"","NULL","",4.19299999999998
1601,8318552,2,0.5,FALSE,NA,1,0.95,21,153,21,"{grade3} & {size <= 25}",686,246,320,0.466472303206997,TRUE,"","NULL","",6.97299999999998
1602,8318553,2,0.5,FALSE,NA,1,0.95,53,186,53,"!{pgr <= 114} & {er <= 70}",686,246,319,0.465014577259475,TRUE,"","NULL","",6.667
1603,8318554,2,0.5,FALSE,NA,1,0.95,32,92,32,"!{er <= 174} & {nodes <= 5}",686,246,308,0.448979591836735,TRUE,"","NULL","",5.35000000000002
1604,8318555,2,0.5,FALSE,NA,1,0.71,2,6,2,"{nodes <= 7} & !{nodes <= 5}",686,246,312,0.454810495626822,TRUE,"","NULL","",3.501
1605,8318556,2,0.5,FALSE,NA,0,NA,0,10,0,"",686,246,305,0.444606413994169,TRUE,"","NULL","",4.44800000000001
1606,8318557,2,0.5,FALSE,NA,1,0.66,3,39,3,"{nodes <= 5} & {grade3}",686,246,282,0.411078717201166,TRUE,"","NULL","",4.71700000000001
1607,8318558,2,0.5,FALSE,NA,1,0.93,4,36,4,"{size <= 20} & {age <= 53}",686,246,298,0.434402332361516,TRUE,"","NULL","",4.55800000000002
1608,8318559,2,0.5,FALSE,NA,1,0.99,39,140,39,"{pgr <= 8} & !{pgr <= 0}",686,246,282,0.411078717201166,TRUE,"","NULL","",5.57000000000002
1609,8318560,2,0.5,FALSE,NA,1,0.64,5,22,5,"!{pgr <= 26} & {er <= 44}",686,246,289,0.421282798833819,TRUE,"","NULL","",4.66299999999998
1610,8318561,2,0.5,FALSE,NA,1,0.88,53,197,53,"!{er <= 174}",686,246,298,0.434402332361516,TRUE,"","NULL","",7.209
1611,8318562,2,0.5,FALSE,NA,1,0.74,3,35,3,"!{pgr <= 16} & !{er <= 174}",686,246,298,0.434402332361516,TRUE,"","NULL","",4.596
1612,8318563,2,0.5,FALSE,NA,1,0.9,65,214,65,"{age <= 53} & !{pgr <= 77}",686,246,309,0.450437317784257,TRUE,"","NULL","",6.22299999999998
1613,8318564,2,0.5,FALSE,NA,1,0.85,25,108,25,"{nodes <= 1} & {er <= 174}",686,246,278,0.405247813411079,TRUE,"","NULL","",6.637
1614,8318565,2,0.5,FALSE,NA,1,0.61,2,30,2,"{age <= 53} & !{size <= 25}",686,246,320,0.466472303206997,TRUE,"","NULL","",4.72
1615,8318566,2,0.5,FALSE,NA,1,0.92,23,95,23,"{size <= 20} & {er <= 44}",686,246,324,0.472303206997085,TRUE,"","NULL","",5.40600000000001
1616,8318567,2,0.5,FALSE,NA,1,0.87,4,41,4,"!{pgr <= 45} & {pgr <= 77}",686,246,312,0.454810495626822,TRUE,"","NULL","",4.392
1617,8318568,2,0.5,FALSE,NA,1,0.87,5,53,5,"{age <= 53} & {pgr <= 2}",686,246,278,0.405247813411079,TRUE,"","NULL","",5.39499999999998
1618,8318569,2,0.5,FALSE,NA,1,0.93,18,65,18,"{age <= 46} & !{pgr <= 0}",686,246,318,0.463556851311953,TRUE,"","NULL","",5.416
1619,8318570,2,0.5,FALSE,NA,1,0.89,10,68,10,"!{er <= 174} & {nodes <= 3}",686,246,303,0.441690962099125,TRUE,"","NULL","",5.12199999999999
1620,8318571,2,0.5,FALSE,NA,1,0.99,67,220,67,"{er <= 0} & {size <= 35}",686,246,323,0.470845481049563,TRUE,"","NULL","",6.155
1621,8318572,2,0.5,FALSE,NA,1,0.74,10,138,10,"!{pgr <= 8} & !{er <= 100}",686,246,291,0.424198250728863,TRUE,"","NULL","",6.958
1622,8318573,2,0.5,FALSE,NA,0,NA,0,15,0,"",686,246,292,0.425655976676385,TRUE,"","NULL","",4.51900000000001
1623,8318574,2,0.5,FALSE,NA,1,0.79,4,29,4,"{er <= 30} & !{er <= 9}",686,246,329,0.479591836734694,TRUE,"","NULL","",4.74599999999998
1624,8318575,2,0.5,FALSE,NA,1,0.85,19,100,19,"!{meno} & !{grade3}",686,246,308,0.448979591836735,TRUE,"","NULL","",5.22300000000001
1625,8318576,2,0.5,FALSE,NA,1,0.97,74,225,74,"!{age <= 61} & {size <= 29}",686,246,296,0.431486880466472,TRUE,"","NULL","",8.01900000000001
1626,8318577,2,0.5,FALSE,NA,1,0.96,54,137,54,"!{er <= 70} & {nodes <= 1}",686,246,311,0.4533527696793,TRUE,"","NULL","",6.02199999999999
1627,8318578,2,0.5,FALSE,NA,1,0.59,2,26,2,"{pgr <= 26} & !{er <= 30}",686,246,297,0.432944606413994,TRUE,"","NULL","",4.60599999999999
1628,8318579,2,0.5,FALSE,NA,1,0.86,17,81,17,"!{er <= 17} & {size <= 20}",686,246,303,0.441690962099125,TRUE,"","NULL","",4.33599999999998
1629,8318580,2,0.5,FALSE,NA,1,0.9,22,93,22,"{nodes <= 5} & {pgr <= 2}",686,246,292,0.425655976676385,TRUE,"","NULL","",6.17399999999998
1630,8318581,2,0.5,FALSE,NA,1,0.8,8,71,8,"{er <= 30} & {age <= 46}",686,246,288,0.419825072886297,TRUE,"","NULL","",5.31799999999998
1631,8318582,2,0.5,FALSE,NA,1,0.99,44,146,44,"{er <= 0} & {pgr <= 26}",686,246,315,0.459183673469388,TRUE,"","NULL","",6.31299999999999
1632,8318583,2,0.5,FALSE,NA,1,0.96,145,441,145,"{age <= 53} & !{er <= 44}",686,246,316,0.46064139941691,TRUE,"","NULL","",7.476
1633,8318584,2,0.5,FALSE,NA,1,0.9,18,79,18,"{nodes <= 1} & !{age <= 46}",686,246,315,0.459183673469388,TRUE,"","NULL","",6.059
1634,8318585,2,0.5,FALSE,NA,1,0.97,88,236,88,"{age <= 53} & {pgr <= 16}",686,246,312,0.454810495626822,TRUE,"","NULL","",7.33100000000002
1635,8318586,2,0.5,FALSE,NA,1,0.89,20,57,20,"{age <= 46} & {er <= 70}",686,246,311,0.4533527696793,TRUE,"","NULL","",4.97300000000001
1636,8318587,2,0.5,FALSE,NA,1,0.87,10,50,10,"!{grade3} & {pgr <= 2}",686,246,310,0.451895043731778,TRUE,"","NULL","",3.98599999999999
1637,8318588,2,0.5,FALSE,NA,1,0.9,28,107,28,"{size <= 20} & {er <= 30}",686,246,320,0.466472303206997,TRUE,"","NULL","",6.48100000000002
1638,8318589,2,0.5,FALSE,NA,1,0.83,17,39,17,"{pgr <= 0} & {er <= 70}",686,246,296,0.431486880466472,TRUE,"","NULL","",4.31800000000001
1639,8318590,2,0.5,FALSE,NA,1,0.91,6,66,6,"!{pgr <= 77} & {pgr <= 114}",686,246,304,0.443148688046647,TRUE,"","NULL","",5.02000000000001
1640,8318591,2,0.5,FALSE,NA,1,0.78,16,83,16,"!{pgr <= 77} & {er <= 100}",686,246,282,0.411078717201166,TRUE,"","NULL","",4.78700000000001
1641,8318592,2,0.5,FALSE,NA,1,0.67,7,53,7,"!{pgr <= 45} & {er <= 100}",686,246,292,0.425655976676385,TRUE,"","NULL","",5.56199999999998
1642,8318593,2,0.5,FALSE,NA,1,0.64,1,7,1,"{nodes <= 1} & !{size <= 25}",686,246,303,0.441690962099125,TRUE,"","NULL","",4.48699999999999
1643,8318594,2,0.5,FALSE,NA,1,0.7,2,25,2,"!{pgr <= 45} & {pgr <= 114}",686,246,303,0.441690962099125,TRUE,"","NULL","",4.595
1644,8318595,2,0.5,FALSE,NA,1,0.89,54,215,54,"{nodes <= 1} & !{er <= 0}",686,246,308,0.448979591836735,TRUE,"","NULL","",6.285
1645,8318596,2,0.5,FALSE,NA,1,0.84,15,75,15,"{er <= 0} & {age <= 61}",686,246,290,0.422740524781341,TRUE,"","NULL","",5.54300000000001
1646,8318597,2,0.5,FALSE,NA,1,0.94,76,201,76,"{age <= 53} & !{er <= 30}",686,246,306,0.446064139941691,TRUE,"","NULL","",7.02100000000002
1647,8318598,2,0.5,FALSE,NA,0,NA,0,4,0,"",686,246,297,0.432944606413994,TRUE,"","NULL","",4.02000000000001
1648,8318599,2,0.5,FALSE,NA,1,0.88,4,39,4,"{nodes <= 1} & {pgr <= 77}",686,246,302,0.440233236151603,TRUE,"","NULL","",4.11699999999999
1649,8318600,2,0.5,FALSE,NA,1,0.8,2,20,2,"!{er <= 17} & {pgr <= 16}",686,246,302,0.440233236151603,TRUE,"","NULL","",5
1650,8318601,2,0.5,FALSE,NA,1,0.89,27,120,27,"!{size <= 25} & {pgr <= 8}",686,246,309,0.450437317784257,TRUE,"","NULL","",6.30000000000001
1651,8318602,2,0.5,FALSE,NA,1,0.64,7,65,7,"{age <= 61} & {pgr <= 16}",686,246,297,0.432944606413994,TRUE,"","NULL","Loglik converged before variable  1 ; coefficient may be infinite.  | Loglik converged before variable  1 ; coefficient may be infinite. ",5.10599999999999
1652,8318603,2,0.5,FALSE,NA,1,0.94,4,18,4,"!{er <= 3} & {er <= 9}",686,246,305,0.444606413994169,TRUE,"","NULL","",4.154
1653,8318604,2,0.5,FALSE,NA,1,0.76,5,41,5,"{age <= 46} & !{nodes <= 1}",686,246,300,0.43731778425656,TRUE,"","NULL","",5.292
1654,8318605,2,0.5,FALSE,NA,1,0.99,15,79,15,"{pgr <= 114} & !{pgr <= 77}",686,246,297,0.432944606413994,TRUE,"","NULL","",5.61699999999999
1655,8318606,2,0.5,FALSE,NA,1,0.83,5,80,5,"{nodes <= 5} & {age <= 46}",686,246,293,0.427113702623907,TRUE,"","NULL","",5.48599999999999
1656,8318607,2,0.5,FALSE,NA,1,0.91,27,112,27,"{nodes <= 1} & {er <= 30}",686,246,317,0.462099125364431,TRUE,"","NULL","",5.18699999999998
1657,8318608,2,0.5,FALSE,NA,1,0.79,14,74,14,"{size <= 29} & !{er <= 44}",686,246,308,0.448979591836735,TRUE,"","NULL","",6.07199999999997
1658,8318609,2,0.5,FALSE,NA,1,0.93,25,78,25,"{size <= 20} & {er <= 100}",686,246,299,0.435860058309038,TRUE,"","NULL","",5.09799999999998
1659,8318610,2,0.5,FALSE,NA,1,0.5,2,18,2,"!{er <= 294}",686,246,318,0.463556851311953,TRUE,"","NULL","",4.46200000000002
1660,8318611,2,0.5,FALSE,NA,1,0.99,69,184,69,"{er <= 3} & {size <= 25}",686,246,287,0.418367346938776,TRUE,"","NULL","",5.86200000000002
1661,8318612,2,0.5,FALSE,NA,1,0.81,4,27,4,"!{age <= 61} & {nodes <= 3}",686,246,311,0.4533527696793,TRUE,"","NULL","",5.191
1662,8318613,2,0.5,FALSE,NA,1,0.99,9,52,9,"{age <= 46} & {size <= 29}",686,246,306,0.446064139941691,TRUE,"","NULL","",5.476
1663,8318614,2,0.5,FALSE,NA,1,0.86,32,136,32,"!{er <= 9} & {size <= 29}",686,246,288,0.419825072886297,TRUE,"","NULL","",5.958
1664,8318615,2,0.5,FALSE,NA,1,0.91,28,114,28,"!{pgr <= 77} & {er <= 100}",686,246,295,0.43002915451895,TRUE,"","NULL","",5.279
1665,8318616,2,0.5,FALSE,NA,1,0.97,10,60,10,"!{pgr <= 77} & {pgr <= 114}",686,246,306,0.446064139941691,TRUE,"","NULL","",5.88
1666,8318617,2,0.5,FALSE,NA,1,0.97,79,283,79,"{er <= 70} & !{age <= 61}",686,246,280,0.408163265306122,TRUE,"","NULL","",8.20599999999999
1667,8318618,2,0.5,FALSE,NA,1,0.94,5,45,5,"{age <= 53} & {grade3}",686,246,308,0.448979591836735,TRUE,"","NULL","",4.727
1668,8318619,2,0.5,FALSE,NA,1,0.95,64,186,64,"{nodes <= 3} & !{pgr <= 184}",686,246,285,0.415451895043732,TRUE,"","NULL","",5.26599999999999
1669,8318620,2,0.5,FALSE,NA,1,0.8,20,115,20,"!{er <= 100} & !{nodes <= 1}",686,246,300,0.43731778425656,TRUE,"","NULL","",6.54900000000001
1670,8318621,2,0.5,FALSE,NA,1,0.89,12,57,12,"{grade3} & {pgr <= 26}",686,246,279,0.406705539358601,TRUE,"","NULL","",4.708
1671,8318622,2,0.5,FALSE,NA,1,0.89,19,140,19,"!{pgr <= 77} & {nodes <= 1}",686,246,302,0.440233236151603,TRUE,"","NULL","",6.50800000000001
1672,8318623,2,0.5,FALSE,NA,1,0.59,1,12,1,"{er <= 100} & !{er <= 44}",686,246,308,0.448979591836735,TRUE,"","NULL","",3.60600000000002
1673,8318624,2,0.5,FALSE,NA,1,0.98,99,265,99,"!{er <= 174}",686,246,298,0.434402332361516,TRUE,"","NULL","",8.142
1674,8318625,2,0.5,FALSE,NA,1,0.96,299,737,299,"{size <= 25} & !{pgr <= 114}",686,246,272,0.396501457725948,TRUE,"","NULL","",12.917
1675,8318626,2,0.5,FALSE,NA,1,0.82,29,167,29,"{pgr <= 45} & !{er <= 17}",686,246,286,0.416909620991254,TRUE,"","NULL","",4.23000000000002
1676,8318627,2,0.5,FALSE,NA,1,0.96,63,250,63,"{er <= 44} & !{er <= 9}",686,246,300,0.43731778425656,TRUE,"","NULL","Loglik converged before variable  1 ; coefficient may be infinite. ",4.28499999999997
1677,8318628,2,0.5,FALSE,NA,1,0.66,2,11,2,"!{nodes <= 7} & !{er <= 17}",686,246,323,0.470845481049563,TRUE,"","NULL","",4.64699999999999
1678,8318629,2,0.5,FALSE,NA,1,0.61,1,21,1,"!{pgr <= 45} & !{size <= 35}",686,246,312,0.454810495626822,TRUE,"","NULL","",4.59
1679,8318630,2,0.5,FALSE,NA,0,NA,0,2,0,"",686,246,317,0.462099125364431,TRUE,"","NULL","",4.23599999999999
1680,8318631,2,0.5,FALSE,NA,1,0.81,9,23,9,"!{pgr <= 184}",686,246,293,0.427113702623907,TRUE,"","NULL","",4.62099999999998
1681,8318632,2,0.5,FALSE,NA,1,0.62,2,14,2,"{er <= 70} & !{age <= 61}",686,246,310,0.451895043731778,TRUE,"","NULL","",4.71299999999999
1682,8318633,2,0.5,FALSE,NA,1,0.65,2,18,2,"!{nodes <= 7} & {er <= 70}",686,246,311,0.4533527696793,TRUE,"","NULL","",4.536
1683,8318634,2,0.5,FALSE,NA,1,0.97,14,71,14,"{er <= 30} & !{size <= 35}",686,246,289,0.421282798833819,TRUE,"","NULL","",5.24799999999999
1684,8318635,2,0.5,FALSE,NA,0,NA,0,7,0,"",686,246,312,0.454810495626822,TRUE,"","NULL","",4.27099999999999
1685,8318636,2,0.5,FALSE,NA,1,0.74,6,22,6,"!{er <= 30} & {pgr <= 77}",686,246,317,0.462099125364431,TRUE,"","NULL","",5.06200000000001
1686,8318637,2,0.5,FALSE,NA,1,0.69,6,26,6,"!{pgr <= 184} & {size <= 35}",686,246,302,0.440233236151603,TRUE,"","NULL","",4.93199999999999
1687,8318638,2,0.5,FALSE,NA,1,0.78,20,111,20,"!{pgr <= 77} & {er <= 70}",686,246,310,0.451895043731778,TRUE,"","NULL","",5.70400000000001
1688,8318639,2,0.5,FALSE,NA,1,0.97,70,145,70,"{age <= 53} & {pgr <= 16}",686,246,302,0.440233236151603,TRUE,"","NULL","",5.46299999999999
1689,8318640,2,0.5,FALSE,NA,0,NA,0,1,0,"",686,246,283,0.412536443148688,TRUE,"","NULL","",4.952
1690,8318641,2,0.5,FALSE,NA,1,0.83,24,119,24,"!{pgr <= 26} & {size <= 20}",686,246,316,0.46064139941691,TRUE,"","NULL","",6.14600000000002
1691,8318642,2,0.5,FALSE,NA,0,NA,0,14,0,"",686,246,315,0.459183673469388,TRUE,"","NULL","",4.535
1692,8318643,2,0.5,FALSE,NA,1,0.98,3,23,3,"!{er <= 9} & {er <= 17}",686,246,318,0.463556851311953,TRUE,"","NULL","",4.60999999999999
1693,8318644,2,0.5,FALSE,NA,1,1,67,170,67,"!{nodes <= 1} & !{er <= 174}",686,246,295,0.43002915451895,TRUE,"","NULL","",7.155
1694,8318645,2,0.5,FALSE,NA,1,0.99,1,11,1,"{er <= 100} & !{er <= 70}",686,246,316,0.46064139941691,TRUE,"","NULL","",4.363
1695,8318646,2,0.5,FALSE,NA,1,0.97,24,144,24,"!{meno} & !{er <= 30}",686,246,307,0.447521865889213,TRUE,"","NULL","",5.93299999999999
1696,8318647,2,0.5,FALSE,NA,1,0.86,9,101,9,"{nodes <= 7} & !{nodes <= 5}",686,246,291,0.424198250728863,TRUE,"","NULL","",4.45200000000003
1697,8318648,2,0.5,FALSE,NA,1,0.78,7,27,7,"!{er <= 9} & {pgr <= 16}",686,246,299,0.435860058309038,TRUE,"","NULL","",5.11199999999999
1698,8318649,2,0.5,FALSE,NA,1,0.82,9,65,9,"!{er <= 100} & {er <= 294}",686,246,300,0.43731778425656,TRUE,"","NULL","",5.07499999999999
1699,8318650,2,0.5,FALSE,NA,1,0.89,9,55,9,"!{age <= 61} & !{grade3}",686,246,303,0.441690962099125,TRUE,"","NULL","",4.90799999999999
1700,8318651,2,0.5,FALSE,NA,1,0.98,11,71,11,"!{er <= 9} & {er <= 17}",686,246,303,0.441690962099125,TRUE,"","NULL","",4.88499999999999
1701,8318652,2,0.5,FALSE,NA,1,0.72,5,56,5,"{grade3} & {pgr <= 45}",686,246,283,0.412536443148688,TRUE,"","NULL","",5.43800000000002
1702,8318653,2,0.5,FALSE,NA,0,NA,0,16,0,"",686,246,321,0.467930029154519,TRUE,"","NULL","",4.62
1703,8318654,2,0.5,FALSE,NA,1,0.99,40,198,40,"{er <= 44} & !{pgr <= 77}",686,246,317,0.462099125364431,TRUE,"","NULL","",6.91
1704,8318655,2,0.5,FALSE,NA,1,0.91,58,266,58,"!{pgr <= 114} & {meno}",686,246,307,0.447521865889213,TRUE,"","NULL","",6.376
1705,8318656,2,0.5,FALSE,NA,1,0.97,15,40,15,"!{pgr <= 114} & {age <= 53}",686,246,313,0.456268221574344,TRUE,"","NULL","",5.47199999999998
1706,8318657,2,0.5,FALSE,NA,1,0.55,1,12,1,"{size <= 29} & !{nodes <= 5}",686,246,314,0.457725947521866,TRUE,"","NULL","",4.821
1707,8318658,2,0.5,FALSE,NA,1,0.99,231,560,231,"!{grade3} & {age <= 46}",686,246,294,0.428571428571429,TRUE,"","NULL","",11.24
1708,8318659,2,0.5,FALSE,NA,1,0.94,36,123,36,"{size <= 29} & !{er <= 100}",686,246,286,0.416909620991254,TRUE,"","NULL","",3.977
1709,8318660,2,0.5,FALSE,NA,1,0.87,15,70,15,"{size <= 29} & !{pgr <= 114}",686,246,289,0.421282798833819,TRUE,"","NULL","",6.36099999999999
1710,8318661,2,0.5,FALSE,NA,1,0.92,9,78,9,"!{er <= 44} & {er <= 70}",686,246,296,0.431486880466472,TRUE,"","NULL","",5.12700000000001
1711,8318662,2,0.5,FALSE,NA,1,0.59,1,29,1,"{nodes <= 3} & !{er <= 100}",686,246,310,0.451895043731778,TRUE,"","NULL","",4.87200000000001
1712,8318663,2,0.5,FALSE,NA,1,0.95,18,80,18,"{size <= 20} & !{nodes <= 1}",686,246,305,0.444606413994169,TRUE,"","NULL","",4.661
1713,8318664,2,0.5,FALSE,NA,1,0.94,17,90,17,"!{er <= 70} & {er <= 100}",686,246,316,0.46064139941691,TRUE,"","NULL","",6.13399999999999
1714,8318665,2,0.5,FALSE,NA,1,0.86,7,28,7,"{size <= 20} & {er <= 44}",686,246,287,0.418367346938776,TRUE,"","NULL","",4.71099999999998
1715,8318666,2,0.5,FALSE,NA,1,0.85,12,70,12,"!{size <= 29} & !{pgr <= 45}",686,246,294,0.428571428571429,TRUE,"","NULL","",4.96600000000001
1716,8318667,2,0.5,FALSE,NA,1,0.88,16,105,16,"!{pgr <= 184} & {er <= 294}",686,246,297,0.432944606413994,TRUE,"","NULL","",5.023
1717,8318668,2,0.5,FALSE,NA,1,0.71,5,23,5,"{pgr <= 16} & {grade3}",686,246,292,0.425655976676385,TRUE,"","NULL","",4.85400000000001
1718,8318669,2,0.5,FALSE,NA,1,0.82,6,42,6,"{er <= 70} & !{er <= 17}",686,246,309,0.450437317784257,TRUE,"","NULL","",4.99099999999999
1719,8318670,2,0.5,FALSE,NA,1,0.71,8,81,8,"!{size <= 25} & {age <= 53}",686,246,319,0.465014577259475,TRUE,"","NULL","",5.465
1720,8318671,2,0.5,FALSE,NA,1,0.92,38,222,38,"{age <= 46} & {size <= 29}",686,246,299,0.435860058309038,TRUE,"","NULL","",6.398
1721,8318672,2,0.5,FALSE,NA,1,0.9,5,36,5,"{nodes <= 5} & !{size <= 35}",686,246,314,0.457725947521866,TRUE,"","NULL","",5.333
1722,8318673,2,0.5,FALSE,NA,1,0.68,2,19,2,"{size <= 35} & !{nodes <= 7}",686,246,310,0.451895043731778,TRUE,"","NULL","",4.458
1723,8318674,2,0.5,FALSE,NA,1,0.91,44,163,44,"{pgr <= 45} & !{nodes <= 7}",686,246,298,0.434402332361516,TRUE,"","NULL","",6.11499999999998
1724,8318675,2,0.5,FALSE,NA,1,0.74,14,78,14,"!{pgr <= 77} & {size <= 29}",686,246,285,0.415451895043732,TRUE,"","NULL","",4.76499999999999
1725,8318676,2,0.5,FALSE,NA,1,0.84,9,47,9,"{nodes <= 7} & {age <= 46}",686,246,285,0.415451895043732,TRUE,"","NULL","",5.52900000000002
1726,8318677,2,0.5,FALSE,NA,1,0.94,35,171,35,"{size <= 35} & {age <= 46}",686,246,292,0.425655976676385,TRUE,"","NULL","",6.66500000000002
1727,8318678,2,0.5,FALSE,NA,1,0.94,43,99,43,"{grade3} & {er <= 174}",686,246,309,0.450437317784257,TRUE,"","NULL","",5.209
1728,8318679,2,0.5,FALSE,NA,1,0.97,45,146,45,"{er <= 3} & !{grade3}",686,246,281,0.409620991253644,TRUE,"","NULL","",4.97
1729,8318680,2,0.5,FALSE,NA,1,0.68,2,36,2,"{nodes <= 1} & {er <= 17}",686,246,311,0.4533527696793,TRUE,"","NULL","",5.49200000000002
1730,8318681,2,0.5,FALSE,NA,1,0.94,26,105,26,"{pgr <= 8} & !{grade3}",686,246,289,0.421282798833819,TRUE,"","NULL","",5.85600000000005
1731,8318682,2,0.5,FALSE,NA,1,0.79,5,28,5,"{size <= 25} & {grade3}",686,246,289,0.421282798833819,TRUE,"","NULL","",4.565
1732,8318683,2,0.5,FALSE,NA,1,0.97,196,509,196,"{size <= 25} & !{age <= 61}",686,246,308,0.448979591836735,TRUE,"","NULL","Loglik converged before variable  1 ; coefficient may be infinite.  | Loglik converged before variable  1 ; coefficient may be infinite. ",8.79999999999995
1733,8318684,2,0.5,FALSE,NA,1,0.89,8,37,8,"!{nodes <= 7} & !{pgr <= 0}",686,246,279,0.406705539358601,TRUE,"","NULL","",4.58100000000002
1734,8318685,2,0.5,FALSE,NA,1,0.93,46,180,46,"{age <= 46} & {pgr <= 77}",686,246,283,0.412536443148688,TRUE,"","NULL","",6.64699999999999
1735,8318686,2,0.5,FALSE,NA,1,0.89,16,107,16,"!{size <= 20} & {nodes <= 1}",686,246,276,0.402332361516035,TRUE,"","NULL","",5.33699999999999
1736,8318687,2,0.5,FALSE,NA,1,0.94,55,234,55,"{size <= 20} & {er <= 100}",686,246,299,0.435860058309038,TRUE,"","NULL","",6.06999999999999
1737,8318688,2,0.5,FALSE,NA,1,0.77,8,71,8,"!{pgr <= 77} & {er <= 174}",686,246,295,0.43002915451895,TRUE,"","NULL","",5.67400000000004
1738,8318689,2,0.5,FALSE,NA,1,0.99,168,404,168,"!{pgr <= 8} & {pgr <= 16}",686,246,308,0.448979591836735,TRUE,"","NULL","",9.53999999999996
1739,8318690,2,0.5,FALSE,NA,1,0.54,1,44,1,"{size <= 35} & {er <= 0}",686,246,299,0.435860058309038,TRUE,"","NULL","",4.93900000000002
1740,8318691,2,0.5,FALSE,NA,1,0.81,7,35,7,"!{size <= 25} & {er <= 9}",686,246,304,0.443148688046647,TRUE,"","NULL","",3.39099999999996
1741,8318692,2,0.5,FALSE,NA,1,0.83,16,81,16,"{grade3} & {age <= 61}",686,246,301,0.438775510204082,TRUE,"","NULL","",5.88800000000003
1742,8318693,2,0.5,FALSE,NA,1,0.64,8,84,8,"{size <= 25} & {er <= 44}",686,246,300,0.43731778425656,TRUE,"","NULL","",5.13099999999997
1743,8318694,2,0.5,FALSE,NA,1,0.79,6,34,6,"!{size <= 29} & {pgr <= 8}",686,246,313,0.456268221574344,TRUE,"","NULL","",4.52600000000001
1744,8318695,2,0.5,FALSE,NA,1,0.71,1,22,1,"{size <= 35} & {er <= 0}",686,246,290,0.422740524781341,TRUE,"","NULL","",4.654
1745,8318696,2,0.5,FALSE,NA,1,0.58,1,21,1,"{nodes <= 3} & !{er <= 174}",686,246,313,0.456268221574344,TRUE,"","NULL","",4.74799999999999
1746,8318697,2,0.5,FALSE,NA,1,0.96,99,356,99,"!{er <= 9} & {age <= 46}",686,246,302,0.440233236151603,TRUE,"","NULL","",9.24400000000003
1747,8318698,2,0.5,FALSE,NA,1,0.94,76,301,76,"{nodes <= 3} & {size <= 20}",686,246,316,0.46064139941691,TRUE,"","NULL","",7.67899999999997
1748,8318699,2,0.5,FALSE,NA,0,NA,0,5,0,"",686,246,307,0.447521865889213,TRUE,"","NULL","",3.09100000000001
1749,8318700,2,0.5,FALSE,NA,1,0.72,1,28,1,"{nodes <= 5} & {er <= 3}",686,246,286,0.416909620991254,TRUE,"","NULL","",4.72699999999998
1750,8318701,2,0.5,FALSE,NA,1,0.72,4,24,4,"{age <= 53} & {pgr <= 2}",686,246,301,0.438775510204082,TRUE,"","NULL","",4.68799999999999
1751,8318702,2,0.5,FALSE,NA,1,0.71,3,44,3,"!{er <= 44} & {er <= 100}",686,246,281,0.409620991253644,TRUE,"","NULL","",4.98099999999999
1752,8318703,2,0.5,FALSE,NA,1,0.98,130,382,130,"!{meno} & {pgr <= 16}",686,246,288,0.419825072886297,TRUE,"","NULL","",8.21100000000001
1753,8318704,2,0.5,FALSE,NA,1,0.83,16,42,16,"!{pgr <= 114} & !{er <= 30}",686,246,291,0.424198250728863,TRUE,"","NULL","",5.33199999999999
1754,8318705,2,0.5,FALSE,NA,1,0.86,11,51,11,"{age <= 46} & !{pgr <= 2}",686,246,321,0.467930029154519,TRUE,"","NULL","",4.98599999999999
1755,8318706,2,0.5,FALSE,NA,1,0.85,15,59,15,"{pgr <= 16} & !{nodes <= 3}",686,246,292,0.425655976676385,TRUE,"","NULL","",4.68099999999998
1756,8318707,2,0.5,FALSE,NA,1,0.85,10,43,10,"{size <= 20} & {pgr <= 26}",686,246,309,0.450437317784257,TRUE,"","NULL","",4.81400000000002
1757,8318708,2,0.5,FALSE,NA,1,0.85,9,76,9,"!{age <= 61} & !{pgr <= 26}",686,246,299,0.435860058309038,TRUE,"","NULL","",5.74400000000003
1758,8318709,2,0.5,FALSE,NA,1,0.88,36,89,36,"{grade3} & !{size <= 20}",686,246,310,0.451895043731778,TRUE,"","NULL","",5.13799999999998
1759,8318710,2,0.5,FALSE,NA,0,NA,0,1,0,"",686,246,314,0.457725947521866,TRUE,"","NULL","",4.12799999999999
1760,8318711,2,0.5,FALSE,NA,1,0.97,19,73,19,"!{er <= 44} & {er <= 100}",686,246,294,0.428571428571429,TRUE,"","NULL","",5.02699999999999
1761,8318712,2,0.5,FALSE,NA,1,0.71,5,69,5,"{grade3} & !{nodes <= 1}",686,246,300,0.43731778425656,TRUE,"","NULL","",5.41800000000001
1762,8318713,2,0.5,FALSE,NA,1,0.94,65,333,65,"{size <= 29} & !{er <= 100}",686,246,309,0.450437317784257,TRUE,"","NULL","",8.78499999999997
1763,8318714,2,0.5,FALSE,NA,1,0.86,27,125,27,"!{pgr <= 114} & !{grade3}",686,246,296,0.431486880466472,TRUE,"","NULL","",5.70099999999996
1764,8318715,2,0.5,FALSE,NA,1,0.9,14,63,14,"{age <= 61} & {er <= 0}",686,246,305,0.444606413994169,TRUE,"","NULL","",4.18599999999998
1765,8318716,2,0.5,FALSE,NA,1,0.84,8,35,8,"{grade3} & {nodes <= 3}",686,246,294,0.428571428571429,TRUE,"","NULL","",5.185
1766,8318717,2,0.5,FALSE,NA,1,0.78,12,54,12,"{nodes <= 1} & {size <= 29}",686,246,293,0.427113702623907,TRUE,"","NULL","",5.09000000000003
1767,8318718,2,0.5,FALSE,NA,1,0.78,9,52,9,"!{grade3} & !{pgr <= 184}",686,246,282,0.411078717201166,TRUE,"","NULL","",4.887
1768,8318719,2,0.5,FALSE,NA,1,0.75,10,75,10,"{pgr <= 2} & !{size <= 20}",686,246,294,0.428571428571429,TRUE,"","NULL","",5.05099999999999
1769,8318720,2,0.5,FALSE,NA,1,0.87,14,107,14,"{age <= 46} & !{er <= 3}",686,246,271,0.395043731778426,TRUE,"","NULL","",5.51599999999996
1770,8318721,2,0.5,FALSE,NA,0,NA,0,4,0,"",686,246,306,0.446064139941691,TRUE,"","NULL","",4.29299999999995
1771,8318722,2,0.5,FALSE,NA,1,0.75,6,36,6,"{size <= 20} & !{nodes <= 1}",686,246,292,0.425655976676385,TRUE,"","NULL","",4.84100000000001
1772,8318723,2,0.5,FALSE,NA,1,0.92,49,173,49,"{size <= 29} & {age <= 46}",686,246,313,0.456268221574344,TRUE,"","NULL","",5.87099999999998
1773,8318724,2,0.5,FALSE,NA,1,0.97,190,570,190,"!{pgr <= 77} & {pgr <= 337}",686,246,287,0.418367346938776,TRUE,"","NULL","",12.564
1774,8318725,2,0.5,FALSE,NA,1,0.72,4,21,4,"!{age <= 61} & {size <= 29}",686,246,305,0.444606413994169,TRUE,"","NULL","",4.33300000000003
1775,8318726,2,0.5,FALSE,NA,1,0.98,107,229,107,"!{size <= 25} & {er <= 17}",686,246,297,0.432944606413994,TRUE,"","NULL","",5.80700000000002
1776,8318727,2,0.5,FALSE,NA,1,0.73,8,71,8,"!{er <= 100} & {er <= 294}",686,246,307,0.447521865889213,TRUE,"","NULL","",3.61600000000004
1777,8318728,2,0.5,FALSE,NA,1,0.85,22,146,22,"!{pgr <= 26} & !{nodes <= 3}",686,246,302,0.440233236151603,TRUE,"","NULL","",6.91300000000001
1778,8318729,2,0.5,FALSE,NA,1,0.62,4,38,4,"!{er <= 44} & {er <= 100}",686,246,302,0.440233236151603,TRUE,"","NULL","",4.34000000000003
1779,8318730,2,0.5,FALSE,NA,1,0.93,71,223,71,"{age <= 53} & !{er <= 44}",686,246,287,0.418367346938776,TRUE,"","NULL","",6.71999999999997
1780,8318731,2,0.5,FALSE,NA,1,0.94,24,93,24,"{nodes <= 3} & {pgr <= 8}",686,246,292,0.425655976676385,TRUE,"","NULL","",4.33300000000003
1781,8318732,2,0.5,FALSE,NA,1,0.84,15,80,15,"{nodes <= 3} & !{er <= 100}",686,246,325,0.473760932944606,TRUE,"","NULL","",5.93299999999999
1782,8318733,2,0.5,FALSE,NA,1,1,108,267,108,"{size <= 20} & {er <= 294}",686,246,301,0.438775510204082,TRUE,"","NULL","",7.57299999999998
1783,8318734,2,0.5,FALSE,NA,1,0.81,8,29,8,"{size <= 29} & !{pgr <= 114}",686,246,309,0.450437317784257,TRUE,"","NULL","",4.97700000000003
1784,8318735,2,0.5,FALSE,NA,1,0.98,43,92,43,"{er <= 3} & {age <= 53}",686,246,300,0.43731778425656,TRUE,"","NULL","",4.31700000000001
1785,8318736,2,0.5,FALSE,NA,0,NA,0,25,0,"",686,246,317,0.462099125364431,TRUE,"","NULL","",5.36599999999999
1786,8318737,2,0.5,FALSE,NA,1,0.76,10,44,10,"!{pgr <= 184}",686,246,292,0.425655976676385,TRUE,"","NULL","",5.065
1787,8318738,2,0.5,FALSE,NA,1,0.84,14,65,14,"{pgr <= 2} & {age <= 53}",686,246,298,0.434402332361516,TRUE,"","NULL","",4.77199999999999
1788,8318739,2,0.5,FALSE,NA,1,0.85,10,92,10,"!{pgr <= 114} & {nodes <= 3}",686,246,298,0.434402332361516,TRUE,"","NULL","",5.02300000000002
1789,8318740,2,0.5,FALSE,NA,1,0.91,26,99,26,"!{size <= 35} & !{pgr <= 8}",686,246,293,0.427113702623907,TRUE,"","NULL","",5.613
1790,8318741,2,0.5,FALSE,NA,1,0.56,1,9,1,"{age <= 53} & !{nodes <= 7}",686,246,288,0.419825072886297,TRUE,"","NULL","",4.20100000000002
1791,8318742,2,0.5,FALSE,NA,1,0.97,38,155,38,"{er <= 17} & !{pgr <= 8}",686,246,284,0.41399416909621,TRUE,"","NULL","",6.46299999999997
1792,8318743,2,0.5,FALSE,NA,1,0.68,3,12,3,"{er <= 70} & !{er <= 30}",686,246,324,0.472303206997085,TRUE,"","NULL","",4.19200000000001
1793,8318744,2,0.5,FALSE,NA,1,0.97,36,115,36,"{age <= 53} & {pgr <= 45}",686,246,309,0.450437317784257,TRUE,"","NULL","",6.90100000000001
1794,8318745,2,0.5,FALSE,NA,1,0.92,20,144,20,"{size <= 20} & {pgr <= 45}",686,246,298,0.434402332361516,TRUE,"","NULL","",5.75399999999996
1795,8318746,2,0.5,FALSE,NA,1,0.77,7,35,7,"!{age <= 61} & {nodes <= 3}",686,246,288,0.419825072886297,TRUE,"","NULL","",4.88200000000001
1796,8318747,2,0.5,FALSE,NA,1,0.99,31,119,31,"{pgr <= 2} & !{er <= 0}",686,246,288,0.419825072886297,TRUE,"","NULL","",4.81400000000002
1797,8318748,2,0.5,FALSE,NA,1,0.89,14,57,14,"!{pgr <= 184} & !{nodes <= 1}",686,246,298,0.434402332361516,TRUE,"","NULL","",5.27800000000002
1798,8318749,2,0.5,FALSE,NA,1,0.94,21,58,21,"{nodes <= 1} & {er <= 100}",686,246,284,0.41399416909621,TRUE,"","NULL","",4.82400000000001
1799,8318750,2,0.5,FALSE,NA,1,0.93,12,47,12,"{nodes <= 3} & {er <= 9}",686,246,310,0.451895043731778,TRUE,"","NULL","",4.608
1800,8318751,2,0.5,FALSE,NA,1,0.97,34,135,34,"!{er <= 174} & !{grade3}",686,246,296,0.431486880466472,TRUE,"","NULL","",5.72699999999998
1801,8318752,2,0.5,FALSE,NA,1,0.88,30,130,30,"!{meno} & !{er <= 30}",686,246,295,0.43002915451895,TRUE,"","NULL","",6.47699999999998
1802,8318753,2,0.5,FALSE,NA,1,0.99,154,372,154,"!{er <= 174} & {pgr <= 337}",686,246,313,0.456268221574344,TRUE,"","NULL","",8.94200000000001
1803,8318754,2,0.5,FALSE,NA,1,0.9,38,150,38,"{nodes <= 3} & !{nodes <= 1}",686,246,302,0.440233236151603,TRUE,"","NULL","",5.54399999999998
1804,8318755,2,0.5,FALSE,NA,1,0.65,3,35,3,"!{pgr <= 45} & {pgr <= 114}",686,246,307,0.447521865889213,TRUE,"","NULL","",3.38
1805,8318756,2,0.5,FALSE,NA,1,0.79,1,26,1,"{nodes <= 3} & !{er <= 100}",686,246,269,0.392128279883382,TRUE,"","NULL","",4.63600000000002
1806,8318757,2,0.5,FALSE,NA,1,0.98,128,363,128,"!{meno} & !{age <= 46}",686,246,304,0.443148688046647,TRUE,"","NULL","",8.83500000000004
1807,8318758,2,0.5,FALSE,NA,1,0.97,55,207,55,"!{pgr <= 77} & {size <= 25}",686,246,303,0.441690962099125,TRUE,"","NULL","",6.95000000000005
1808,8318759,2,0.5,FALSE,NA,1,0.63,2,35,2,"!{er <= 17} & !{age <= 61}",686,246,304,0.443148688046647,TRUE,"","NULL","",3.45300000000003
1809,8318760,2,0.5,FALSE,NA,1,0.97,38,153,38,"!{size <= 29} & {pgr <= 77}",686,246,296,0.431486880466472,TRUE,"","NULL","",6.84699999999998
1810,8318761,2,0.5,FALSE,NA,1,0.84,46,281,46,"{age <= 61} & !{er <= 70}",686,246,300,0.43731778425656,TRUE,"","NULL","",7.30099999999999
1811,8318762,2,0.5,FALSE,NA,1,0.59,2,21,2,"{er <= 70} & !{er <= 44}",686,246,314,0.457725947521866,TRUE,"","NULL","",4.767
1812,8318763,2,0.5,FALSE,NA,1,0.89,8,35,8,"{pgr <= 2} & {age <= 53}",686,246,278,0.405247813411079,TRUE,"","NULL","",3.64000000000004
1813,8318764,2,0.5,FALSE,NA,1,1,120,326,120,"{er <= 3} & {size <= 29}",686,246,292,0.425655976676385,TRUE,"","NULL","",8.98000000000002
1814,8318765,2,0.5,FALSE,NA,1,0.98,77,265,77,"!{size <= 35} & {er <= 44}",686,246,292,0.425655976676385,TRUE,"","NULL","",7.68700000000001
1815,8318766,2,0.5,FALSE,NA,1,0.8,6,43,6,"{size <= 20} & {age <= 53}",686,246,329,0.479591836734694,TRUE,"","NULL","",4.471
1816,8318767,2,0.5,FALSE,NA,1,0.77,23,172,23,"!{pgr <= 77} & {nodes <= 3}",686,246,289,0.421282798833819,TRUE,"","NULL","",4.767
1817,8318768,2,0.5,FALSE,NA,1,0.91,80,242,80,"{age <= 53} & !{pgr <= 77}",686,246,315,0.459183673469388,TRUE,"","NULL","",8.036
1818,8318769,2,0.5,FALSE,NA,0,NA,0,5,0,"",686,246,304,0.443148688046647,TRUE,"","NULL","",4.00299999999999
1819,8318770,2,0.5,FALSE,NA,1,0.74,4,22,4,"{size <= 20} & !{pgr <= 8}",686,246,291,0.424198250728863,TRUE,"","NULL","",4.61599999999999
1820,8318771,2,0.5,FALSE,NA,1,0.51,1,20,1,"!{pgr <= 114} & !{er <= 174}",686,246,299,0.435860058309038,TRUE,"","NULL","",4.06900000000002
1821,8318772,2,0.5,FALSE,NA,1,0.95,8,49,8,"!{er <= 9} & {er <= 17}",686,246,297,0.432944606413994,TRUE,"","NULL","",5.37400000000002
1822,8318773,2,0.5,FALSE,NA,1,0.51,2,18,2,"!{nodes <= 3} & {pgr <= 8}",686,246,321,0.467930029154519,TRUE,"","NULL","",5.10599999999999
1823,8318774,2,0.5,FALSE,NA,1,0.77,9,61,9,"{grade3} & {pgr <= 184}",686,246,294,0.428571428571429,TRUE,"","NULL","",4.87599999999998
1824,8318775,2,0.5,FALSE,NA,1,0.89,17,100,17,"!{er <= 30} & {size <= 20}",686,246,306,0.446064139941691,TRUE,"","NULL","",5.26499999999999
1825,8318776,2,0.5,FALSE,NA,1,0.87,7,34,7,"!{pgr <= 77} & !{size <= 25}",686,246,301,0.438775510204082,TRUE,"","NULL","",5.19600000000003
1826,8318777,2,0.5,FALSE,NA,1,0.88,20,90,20,"!{meno} & !{er <= 9}",686,246,288,0.419825072886297,TRUE,"","NULL","Loglik converged before variable  1 ; coefficient may be infinite.  | Loglik converged before variable  1 ; coefficient may be infinite. ",5.31099999999998
1827,8318778,2,0.5,FALSE,NA,1,0.62,3,20,3,"{age <= 46} & !{size <= 20}",686,246,293,0.427113702623907,TRUE,"","NULL","",4.32400000000001
1828,8318779,2,0.5,FALSE,NA,1,0.92,11,79,11,"!{pgr <= 77} & {pgr <= 184}",686,246,293,0.427113702623907,TRUE,"","NULL","",5.20600000000002
1829,8318780,2,0.5,FALSE,NA,1,0.92,29,102,29,"!{meno} & {pgr <= 26}",686,246,308,0.448979591836735,TRUE,"","NULL","",6.39799999999997
1830,8318781,2,0.5,FALSE,NA,1,0.75,1,18,1,"!{nodes <= 1} & !{er <= 174}",686,246,312,0.454810495626822,TRUE,"","NULL","",4.20699999999999
1831,8318782,2,0.5,FALSE,NA,1,0.88,35,121,35,"{pgr <= 114} & !{pgr <= 16}",686,246,280,0.408163265306122,TRUE,"","NULL","",5.786
1832,8318783,2,0.5,FALSE,NA,1,0.94,15,52,15,"!{pgr <= 45} & {nodes <= 1}",686,246,299,0.435860058309038,TRUE,"","NULL","",4.363
1833,8318784,2,0.5,FALSE,NA,1,0.73,11,49,11,"{nodes <= 3} & !{age <= 53}",686,246,293,0.427113702623907,TRUE,"","NULL","",5.12599999999998
1834,8318785,2,0.5,FALSE,NA,1,0.62,2,13,2,"!{er <= 174} & {nodes <= 3}",686,246,305,0.444606413994169,TRUE,"","NULL","",4.28000000000003
1835,8318786,2,0.5,FALSE,NA,0,NA,0,14,0,"",686,246,308,0.448979591836735,TRUE,"","NULL","",4.28800000000001
1836,8318787,2,0.5,FALSE,NA,1,0.84,24,61,24,"{age <= 46} & {er <= 174}",686,246,304,0.443148688046647,TRUE,"","NULL","",5.233
1837,8318788,2,0.5,FALSE,NA,1,0.51,1,16,1,"!{er <= 17} & {er <= 30}",686,246,297,0.432944606413994,TRUE,"","NULL","",4.68299999999999
1838,8318789,2,0.5,FALSE,NA,1,0.92,50,157,50,"!{er <= 30} & !{pgr <= 184}",686,246,301,0.438775510204082,TRUE,"","NULL","",6.66899999999998
1839,8318790,2,0.5,FALSE,NA,1,0.93,3,29,3,"!{size <= 25} & {nodes <= 1}",686,246,299,0.435860058309038,TRUE,"","NULL","",4.54199999999997
1840,8318791,2,0.5,FALSE,NA,1,0.52,1,37,1,"!{pgr <= 16} & {pgr <= 26}",686,246,296,0.431486880466472,TRUE,"","NULL","",4.37099999999998
1841,8318792,2,0.5,FALSE,NA,1,0.99,34,68,34,"{age <= 46} & {nodes <= 7}",686,246,306,0.446064139941691,TRUE,"","NULL","",6.24600000000004
1842,8318793,2,0.5,FALSE,NA,1,0.74,14,52,14,"!{er <= 70} & {size <= 29}",686,246,280,0.408163265306122,TRUE,"","NULL","",4.44799999999998
1843,8318794,2,0.5,FALSE,NA,1,0.59,2,30,2,"{age <= 61} & {pgr <= 0}",686,246,312,0.454810495626822,TRUE,"","NULL","",4.63
1844,8318795,2,0.5,FALSE,NA,1,0.86,28,105,28,"!{size <= 29} & {er <= 30}",686,246,307,0.447521865889213,TRUE,"","NULL","",5.47300000000001
1845,8318796,2,0.5,FALSE,NA,1,0.96,110,350,110,"{age <= 46} & {nodes <= 7}",686,246,303,0.441690962099125,TRUE,"","NULL","",9.09499999999997
1846,8318797,2,0.5,FALSE,NA,1,0.97,5,39,5,"{er <= 17} & !{er <= 9}",686,246,313,0.456268221574344,TRUE,"","NULL","",4.69600000000003
1847,8318798,2,0.5,FALSE,NA,1,0.52,1,15,1,"{nodes <= 1} & !{pgr <= 16}",686,246,313,0.456268221574344,TRUE,"","NULL","",4.82299999999998
1848,8318799,2,0.5,FALSE,NA,1,0.84,5,54,5,"{size <= 20} & {pgr <= 45}",686,246,304,0.443148688046647,TRUE,"","NULL","",4.07900000000001
1849,8318800,2,0.5,FALSE,NA,1,0.99,145,377,145,"{pgr <= 16} & !{meno}",686,246,299,0.435860058309038,TRUE,"","NULL","",9.29600000000005
1850,8318801,2,0.5,FALSE,NA,1,0.97,35,91,35,"!{pgr <= 114} & {nodes <= 3}",686,246,288,0.419825072886297,TRUE,"","NULL","",5.41399999999999
1851,8318802,2,0.5,FALSE,NA,1,0.79,15,82,15,"{nodes <= 5} & {pgr <= 16}",686,246,307,0.447521865889213,TRUE,"","NULL","Loglik converged before variable  1 ; coefficient may be infinite.  | Loglik converged before variable  1 ; coefficient may be infinite. ",5.154
1852,8318803,2,0.5,FALSE,NA,1,1,104,348,104,"{age <= 61} & {er <= 0}",686,246,316,0.46064139941691,TRUE,"","NULL","",6.089
1853,8318804,2,0.5,FALSE,NA,1,0.97,140,322,140,"!{pgr <= 26} & {age <= 46}",686,246,287,0.418367346938776,TRUE,"","NULL","",9.036
1854,8318805,2,0.5,FALSE,NA,1,0.94,66,193,66,"{er <= 17} & !{size <= 29}",686,246,286,0.416909620991254,TRUE,"","NULL","",6.69800000000004
1855,8318806,2,0.5,FALSE,NA,1,0.94,20,82,20,"!{meno} & {er <= 30}",686,246,314,0.457725947521866,TRUE,"","NULL","",5.01399999999995
1856,8318807,2,0.5,FALSE,NA,1,0.64,2,40,2,"!{pgr <= 184} & {er <= 294}",686,246,302,0.440233236151603,TRUE,"","NULL","",3.66900000000004
1857,8318808,2,0.5,FALSE,NA,1,0.9,16,77,16,"!{meno} & {er <= 17}",686,246,313,0.456268221574344,TRUE,"","NULL","",6.11000000000001
1858,8318809,2,0.5,FALSE,NA,1,0.78,11,35,11,"{age <= 61} & !{size <= 35}",686,246,301,0.438775510204082,TRUE,"","NULL","",4.67200000000003
1859,8318810,2,0.5,FALSE,NA,1,0.98,53,154,53,"!{age <= 61} & {pgr <= 45}",686,246,311,0.4533527696793,TRUE,"","NULL","",6.33100000000002
1860,8318811,2,0.5,FALSE,NA,1,0.85,7,57,7,"{pgr <= 16} & !{pgr <= 0}",686,246,294,0.428571428571429,TRUE,"","NULL","",4.52599999999995
1861,8318812,2,0.5,FALSE,NA,1,0.89,4,38,4,"{pgr <= 0} & !{age <= 46}",686,246,302,0.440233236151603,TRUE,"","NULL","",5.23200000000003
1862,8318813,2,0.5,FALSE,NA,1,0.58,1,9,1,"{er <= 174} & !{er <= 100}",686,246,295,0.43002915451895,TRUE,"","NULL","",4.47500000000002
1863,8318814,2,0.5,FALSE,NA,1,0.86,18,60,18,"{er <= 17} & {nodes <= 3}",686,246,317,0.462099125364431,TRUE,"","NULL","",5.399
1864,8318815,2,0.5,FALSE,NA,1,0.93,60,217,60,"!{nodes <= 1} & !{pgr <= 114}",686,246,291,0.424198250728863,TRUE,"","NULL","",6.53000000000003
1865,8318816,2,0.5,FALSE,NA,1,0.93,62,306,62,"{size <= 29} & {age <= 53}",686,246,295,0.43002915451895,TRUE,"","NULL","",8.553
1866,8318817,2,0.5,FALSE,NA,1,0.71,6,36,6,"!{er <= 44} & {pgr <= 77}",686,246,313,0.456268221574344,TRUE,"","NULL","",4.57500000000005
1867,8318818,2,0.5,FALSE,NA,1,0.8,3,25,3,"!{age <= 61} & {er <= 70}",686,246,283,0.412536443148688,TRUE,"","NULL","",4.25400000000002
1868,8318819,2,0.5,FALSE,NA,1,0.96,28,122,28,"{pgr <= 0} & !{size <= 20}",686,246,297,0.432944606413994,TRUE,"","NULL","",4.75299999999999
1869,8318820,2,0.5,FALSE,NA,1,0.9,16,123,16,"{grade3} & {er <= 9}",686,246,310,0.451895043731778,TRUE,"","NULL","",6.40600000000001
1870,8318821,2,0.5,FALSE,NA,1,0.88,25,84,25,"{pgr <= 45} & {grade3}",686,246,302,0.440233236151603,TRUE,"","NULL","",5.04200000000003
1871,8318822,2,0.5,FALSE,NA,1,0.87,43,197,43,"!{pgr <= 77} & {meno}",686,246,277,0.403790087463557,TRUE,"","NULL","",6.72500000000002
1872,8318823,2,0.5,FALSE,NA,1,0.77,3,14,3,"{size <= 20} & !{er <= 44}",686,246,308,0.448979591836735,TRUE,"","NULL","",3.57499999999999
1873,8318824,2,0.5,FALSE,NA,1,0.89,8,36,8,"!{size <= 35} & !{er <= 9}",686,246,287,0.418367346938776,TRUE,"","NULL","",5.137
1874,8318825,2,0.5,FALSE,NA,1,0.54,2,20,2,"!{size <= 35} & !{pgr <= 45}",686,246,305,0.444606413994169,TRUE,"","NULL","",4.459
1875,8318826,2,0.5,FALSE,NA,1,0.98,43,145,43,"{age <= 53} & !{er <= 30}",686,246,299,0.435860058309038,TRUE,"","NULL","",6.20699999999999
1876,8318827,2,0.5,FALSE,NA,1,0.98,56,133,56,"{nodes <= 3} & !{size <= 29}",686,246,294,0.428571428571429,TRUE,"","NULL","",5.20699999999999
1877,8318828,2,0.5,FALSE,NA,1,0.89,42,173,42,"!{pgr <= 8} & {er <= 30}",686,246,289,0.421282798833819,TRUE,"","NULL","",7.19400000000002
1878,8318829,2,0.5,FALSE,NA,1,0.87,21,90,21,"!{pgr <= 8} & !{nodes <= 5}",686,246,303,0.441690962099125,TRUE,"","NULL","",5.12100000000004
1879,8318830,2,0.5,FALSE,NA,1,0.96,25,116,25,"{nodes <= 5} & {age <= 46}",686,246,309,0.450437317784257,TRUE,"","NULL","",6.02999999999997
1880,8318831,2,0.5,FALSE,NA,1,0.75,5,12,5,"{nodes <= 1} & {er <= 174}",686,246,289,0.421282798833819,TRUE,"","NULL","",3.36200000000002
1881,8318832,2,0.5,FALSE,NA,1,0.83,5,44,5,"{nodes <= 5} & !{nodes <= 3}",686,246,303,0.441690962099125,TRUE,"","NULL","",5.166
1882,8318833,2,0.5,FALSE,NA,1,0.99,173,539,173,"!{nodes <= 7} & !{er <= 30}",686,246,287,0.418367346938776,TRUE,"","NULL","",11.248
1883,8318834,2,0.5,FALSE,NA,1,0.72,13,97,13,"!{age <= 61} & {pgr <= 337}",686,246,300,0.43731778425656,TRUE,"","NULL","",5.01800000000003
1884,8318835,2,0.5,FALSE,NA,1,0.95,35,108,35,"{er <= 17} & !{er <= 9}",686,246,287,0.418367346938776,TRUE,"","NULL","",3.87900000000002
1885,8318836,2,0.5,FALSE,NA,1,0.83,11,70,11,"{age <= 53} & {pgr <= 114}",686,246,300,0.43731778425656,TRUE,"","NULL","",5.416
1886,8318837,2,0.5,FALSE,NA,1,0.87,40,201,40,"{size <= 29} & !{meno}",686,246,300,0.43731778425656,TRUE,"","NULL","",6.976
1887,8318838,2,0.5,FALSE,NA,1,0.66,5,50,5,"!{er <= 9} & !{nodes <= 5}",686,246,309,0.450437317784257,TRUE,"","NULL","",5.02100000000002
1888,8318839,2,0.5,FALSE,NA,1,0.77,23,141,23,"{nodes <= 3} & !{er <= 44}",686,246,298,0.434402332361516,TRUE,"","NULL","",4.77999999999997
1889,8318840,2,0.5,FALSE,NA,1,0.85,42,110,42,"!{er <= 70} & !{pgr <= 26}",686,246,293,0.427113702623907,TRUE,"","NULL","",6.47800000000001
1890,8318841,2,0.5,FALSE,NA,1,0.75,7,53,7,"{nodes <= 7} & !{pgr <= 114}",686,246,310,0.451895043731778,TRUE,"","NULL","",4.76800000000003
1891,8318842,2,0.5,FALSE,NA,1,0.81,22,116,22,"{nodes <= 1} & {pgr <= 114}",686,246,313,0.456268221574344,TRUE,"","NULL","",5.91400000000004
1892,8318843,2,0.5,FALSE,NA,1,0.62,6,26,6,"{age <= 53} & {size <= 25}",686,246,302,0.440233236151603,TRUE,"","NULL","",4.16899999999998
1893,8318844,2,0.5,FALSE,NA,1,0.73,10,85,10,"{er <= 44} & !{age <= 53}",686,246,282,0.411078717201166,TRUE,"","NULL","",5.55000000000001
1894,8318845,2,0.5,FALSE,NA,1,0.77,5,21,5,"!{pgr <= 26} & {pgr <= 77}",686,246,306,0.446064139941691,TRUE,"","NULL","",4.21800000000002
1895,8318846,2,0.5,FALSE,NA,1,0.69,4,33,4,"!{meno} & !{pgr <= 26}",686,246,291,0.424198250728863,TRUE,"","NULL","",4.584
1896,8318847,2,0.5,FALSE,NA,1,0.91,13,43,13,"{er <= 0} & {age <= 61}",686,246,295,0.43002915451895,TRUE,"","NULL","",4.834
1897,8318848,2,0.5,FALSE,NA,1,0.52,1,5,1,"{size <= 25} & {er <= 3}",686,246,292,0.425655976676385,TRUE,"","NULL","",4.46999999999997
1898,8318849,2,0.5,FALSE,NA,1,0.99,97,344,97,"{grade3} & !{nodes <= 5}",686,246,300,0.43731778425656,TRUE,"","NULL","",9.22399999999999
1899,8318850,2,0.5,FALSE,NA,1,0.73,4,28,4,"{size <= 20} & {er <= 70}",686,246,292,0.425655976676385,TRUE,"","NULL","",4.58799999999997
1900,8318851,2,0.5,FALSE,NA,1,0.73,6,28,6,"{er <= 174} & !{er <= 44}",686,246,310,0.451895043731778,TRUE,"","NULL","",3.85400000000004
1901,8318852,2,0.5,FALSE,NA,0,NA,0,12,0,"",686,246,304,0.443148688046647,TRUE,"","NULL","",4.738
1902,8318853,2,0.5,FALSE,NA,1,0.88,20,75,20,"!{pgr <= 26} & {er <= 30}",686,246,308,0.448979591836735,TRUE,"","NULL","",5.51299999999998
1903,8318854,2,0.5,FALSE,NA,1,0.83,6,54,6,"!{age <= 61} & {size <= 25}",686,246,287,0.418367346938776,TRUE,"","NULL","",5.33799999999997
1904,8318855,2,0.5,FALSE,NA,1,0.89,29,188,29,"{age <= 46} & {pgr <= 114}",686,246,286,0.416909620991254,TRUE,"","NULL","",5.88600000000002
1905,8318856,2,0.5,FALSE,NA,1,0.77,3,18,3,"{size <= 29} & {grade3}",686,246,327,0.47667638483965,TRUE,"","NULL","",5.19900000000001
1906,8318857,2,0.5,FALSE,NA,1,0.91,41,130,41,"{nodes <= 1} & !{grade3}",686,246,309,0.450437317784257,TRUE,"","NULL","",6.19099999999997
1907,8318858,2,0.5,FALSE,NA,1,0.6,3,30,3,"!{er <= 3} & {er <= 17}",686,246,287,0.418367346938776,TRUE,"","NULL","",4.327
1908,8318859,2,0.5,FALSE,NA,1,0.97,15,69,15,"{pgr <= 2} & !{er <= 0}",686,246,311,0.4533527696793,TRUE,"","NULL","",4.80599999999998
1909,8318860,2,0.5,FALSE,NA,1,0.96,22,90,22,"{nodes <= 3} & {size <= 20}",686,246,310,0.451895043731778,TRUE,"","NULL","",6.16699999999997
1910,8318861,2,0.5,FALSE,NA,1,0.9,35,138,35,"!{er <= 174}",686,246,324,0.472303206997085,TRUE,"","NULL","",5.86000000000001
1911,8318862,2,0.5,FALSE,NA,1,0.92,69,244,69,"!{size <= 25} & {er <= 9}",686,246,301,0.438775510204082,TRUE,"","NULL","",7.39600000000002
1912,8318863,2,0.5,FALSE,NA,1,0.99,70,231,70,"!{meno} & !{size <= 25}",686,246,313,0.456268221574344,TRUE,"","NULL","Loglik converged before variable  1 ; coefficient may be infinite. ",5.35399999999998
1913,8318864,2,0.5,FALSE,NA,0,NA,0,8,0,"",686,246,303,0.441690962099125,TRUE,"","NULL","",4.31999999999999
1914,8318865,2,0.5,FALSE,NA,1,0.91,25,161,25,"!{meno} & !{age <= 46}",686,246,313,0.456268221574344,TRUE,"","NULL","",6.50700000000001
1915,8318866,2,0.5,FALSE,NA,1,0.95,23,103,23,"{size <= 29} & !{er <= 100}",686,246,330,0.481049562682216,TRUE,"","NULL","",5.85899999999998
1916,8318867,2,0.5,FALSE,NA,1,0.93,7,29,7,"!{pgr <= 45} & {er <= 30}",686,246,286,0.416909620991254,TRUE,"","NULL","",3.99699999999996
1917,8318868,2,0.5,FALSE,NA,1,0.72,1,9,1,"!{er <= 100} & {er <= 174}",686,246,290,0.422740524781341,TRUE,"","NULL","",4.38600000000002
1918,8318869,2,0.5,FALSE,NA,1,0.89,9,57,9,"!{age <= 53} & {er <= 17}",686,246,300,0.43731778425656,TRUE,"","NULL","",5.03500000000003
1919,8318870,2,0.5,FALSE,NA,1,0.87,21,115,21,"{pgr <= 45} & {grade3}",686,246,302,0.440233236151603,TRUE,"","NULL","",5.82599999999996
1920,8318871,2,0.5,FALSE,NA,1,0.87,23,92,23,"{grade3} & {pgr <= 184}",686,246,295,0.43002915451895,TRUE,"","NULL","",5.18799999999999
1921,8318872,2,0.5,FALSE,NA,1,0.59,1,7,1,"!{age <= 53} & !{size <= 35}",686,246,319,0.465014577259475,TRUE,"","NULL","",4.68299999999999
1922,8318873,2,0.5,FALSE,NA,1,0.94,49,194,49,"!{er <= 44} & !{nodes <= 5}",686,246,289,0.421282798833819,TRUE,"","NULL","",7.34299999999996
1923,8318874,2,0.5,FALSE,NA,1,0.87,15,82,15,"{size <= 20} & {nodes <= 5}",686,246,308,0.448979591836735,TRUE,"","NULL","",5.40800000000002
1924,8318875,2,0.5,FALSE,NA,0,NA,0,7,0,"",686,246,295,0.43002915451895,TRUE,"","NULL","",3.99300000000005
1925,8318876,2,0.5,FALSE,NA,1,0.94,3,28,3,"{nodes <= 5} & !{size <= 35}",686,246,315,0.459183673469388,TRUE,"","NULL","",4.91900000000004
1926,8318877,2,0.5,FALSE,NA,1,0.66,4,48,4,"{nodes <= 1} & {pgr <= 26}",686,246,314,0.457725947521866,TRUE,"","NULL","",4.84899999999999
1927,8318878,2,0.5,FALSE,NA,1,0.68,4,30,4,"{age <= 53} & !{nodes <= 5}",686,246,293,0.427113702623907,TRUE,"","NULL","",4.68100000000004
1928,8318879,2,0.5,FALSE,NA,1,0.55,2,26,2,"!{nodes <= 7} & {er <= 17}",686,246,310,0.451895043731778,TRUE,"","NULL","",4.69400000000002
1929,8318880,2,0.5,FALSE,NA,1,0.93,21,104,21,"{pgr <= 16} & {grade3}",686,246,302,0.440233236151603,TRUE,"","NULL","",5.803
1930,8318881,2,0.5,FALSE,NA,1,0.83,19,75,19,"{size <= 20} & {nodes <= 3}",686,246,301,0.438775510204082,TRUE,"","NULL","",5.59399999999999
1931,8318882,2,0.5,FALSE,NA,1,0.8,7,31,7,"{nodes <= 7} & !{nodes <= 5}",686,246,309,0.450437317784257,TRUE,"","NULL","",4.48599999999999
1932,8318883,2,0.5,FALSE,NA,1,0.93,61,247,61,"!{pgr <= 77} & {er <= 100}",686,246,321,0.467930029154519,TRUE,"","NULL","",6.517
1933,8318884,2,0.5,FALSE,NA,1,0.77,23,98,23,"{nodes <= 3} & {er <= 17}",686,246,305,0.444606413994169,TRUE,"","NULL","",5.74700000000001
1934,8318885,2,0.5,FALSE,NA,1,0.75,3,30,3,"!{size <= 35} & {er <= 70}",686,246,288,0.419825072886297,TRUE,"","NULL","",4.72300000000001
1935,8318886,2,0.5,FALSE,NA,1,0.87,18,121,18,"!{er <= 100} & !{nodes <= 1}",686,246,305,0.444606413994169,TRUE,"","NULL","",5.666
1936,8318887,2,0.5,FALSE,NA,1,0.86,33,184,33,"{size <= 20} & !{grade3}",686,246,310,0.451895043731778,TRUE,"","NULL","",5.733
1937,8318888,2,0.5,FALSE,NA,1,0.52,1,10,1,"{nodes <= 5} & {age <= 46}",686,246,317,0.462099125364431,TRUE,"","NULL","",4.87200000000001
1938,8318889,2,0.5,FALSE,NA,1,0.82,3,23,3,"{er <= 44} & !{er <= 17}",686,246,290,0.422740524781341,TRUE,"","NULL","",4.67500000000001
1939,8318890,2,0.5,FALSE,NA,1,0.8,17,64,17,"{nodes <= 3} & !{pgr <= 77}",686,246,308,0.448979591836735,TRUE,"","NULL","",5.19
1940,8318891,2,0.5,FALSE,NA,1,0.9,27,108,27,"{nodes <= 3} & !{er <= 174}",686,246,313,0.456268221574344,TRUE,"","NULL","",5.428
1941,8318892,2,0.5,FALSE,NA,1,0.64,1,11,1,"!{pgr <= 45} & {er <= 30}",686,246,295,0.43002915451895,TRUE,"","NULL","",4.58699999999999
1942,8318893,2,0.5,FALSE,NA,1,0.89,7,70,7,"{size <= 35} & {er <= 9}",686,246,305,0.444606413994169,TRUE,"","NULL","",5.51999999999998
1943,8318894,2,0.5,FALSE,NA,1,0.7,3,24,3,"{er <= 0} & {pgr <= 16}",686,246,302,0.440233236151603,TRUE,"","NULL","",4.55400000000003
1944,8318895,2,0.5,FALSE,NA,1,0.82,13,70,13,"{age <= 53} & {meno}",686,246,277,0.403790087463557,TRUE,"","NULL","",5.13299999999998
1945,8318896,2,0.5,FALSE,NA,1,0.93,19,55,19,"{pgr <= 0} & {er <= 70}",686,246,309,0.450437317784257,TRUE,"","NULL","",5.33100000000002
1946,8318897,2,0.5,FALSE,NA,0,NA,0,9,0,"",686,246,284,0.41399416909621,TRUE,"","NULL","",4.18700000000001
1947,8318898,2,0.5,FALSE,NA,1,0.57,1,28,1,"!{size <= 29} & {er <= 9}",686,246,304,0.443148688046647,TRUE,"","NULL","",4.58500000000004
1948,8318899,2,0.5,FALSE,NA,1,0.96,39,96,39,"{grade3} & {pgr <= 337}",686,246,301,0.438775510204082,TRUE,"","NULL","",5.375
1949,8318900,2,0.5,FALSE,NA,1,0.93,4,33,4,"{er <= 100} & !{er <= 70}",686,246,309,0.450437317784257,TRUE,"","NULL","",4.75299999999999
1950,8318901,2,0.5,FALSE,NA,1,0.89,17,104,17,"{size <= 20} & !{pgr <= 77}",686,246,282,0.411078717201166,TRUE,"","NULL","",5.654
1951,8318902,2,0.5,FALSE,NA,1,0.86,18,69,18,"!{er <= 100} & !{size <= 20}",686,246,301,0.438775510204082,TRUE,"","NULL","",5.30700000000002
1952,8318903,2,0.5,FALSE,NA,1,0.89,28,101,28,"{size <= 25} & !{er <= 70}",686,246,295,0.43002915451895,TRUE,"","NULL","",4.86899999999997
1953,8318904,2,0.5,FALSE,NA,1,0.89,33,134,33,"{nodes <= 3} & !{nodes <= 1}",686,246,284,0.41399416909621,TRUE,"","NULL","",6.48900000000003
1954,8318905,2,0.5,FALSE,NA,1,0.85,26,88,26,"{size <= 20} & {nodes <= 7}",686,246,312,0.454810495626822,TRUE,"","NULL","",5.322
1955,8318906,2,0.5,FALSE,NA,1,0.6,3,14,3,"!{pgr <= 8} & {pgr <= 26}",686,246,286,0.416909620991254,TRUE,"","NULL","",4.72299999999996
1956,8318907,2,0.5,FALSE,NA,1,0.5,1,40,1,"{size <= 20} & !{er <= 44}",686,246,302,0.440233236151603,TRUE,"","NULL","",4.44999999999999
1957,8318908,2,0.5,FALSE,NA,1,0.95,27,113,27,"!{meno} & {pgr <= 26}",686,246,290,0.422740524781341,TRUE,"","NULL","",6.60899999999998
1958,8318909,2,0.5,FALSE,NA,1,0.87,15,76,15,"!{pgr <= 77} & {age <= 53}",686,246,298,0.434402332361516,TRUE,"","NULL","",5.08500000000004
1959,8318910,2,0.5,FALSE,NA,1,0.83,6,51,6,"!{age <= 53} & !{pgr <= 77}",686,246,304,0.443148688046647,TRUE,"","NULL","",4.82799999999997
1960,8318911,2,0.5,FALSE,NA,1,0.51,1,9,1,"!{pgr <= 114} & !{er <= 70}",686,246,314,0.457725947521866,TRUE,"","NULL","",4.12299999999999
1961,8318912,2,0.5,FALSE,NA,1,0.84,11,98,11,"{size <= 20} & {nodes <= 5}",686,246,300,0.43731778425656,TRUE,"","NULL","",6.18799999999999
1962,8318913,2,0.5,FALSE,NA,1,0.96,9,52,9,"!{er <= 174} & {nodes <= 3}",686,246,323,0.470845481049563,TRUE,"","NULL","",4.99000000000001
1963,8318914,2,0.5,FALSE,NA,1,0.87,7,61,7,"{age <= 53} & {er <= 17}",686,246,317,0.462099125364431,TRUE,"","NULL","",5.14299999999997
1964,8318915,2,0.5,FALSE,NA,1,0.71,4,25,4,"!{grade3} & {size <= 20}",686,246,286,0.416909620991254,TRUE,"","NULL","",4.10599999999999
1965,8318916,2,0.5,FALSE,NA,1,0.86,15,78,15,"{size <= 25} & {age <= 53}",686,246,299,0.435860058309038,TRUE,"","NULL","Loglik converged before variable  1 ; coefficient may be infinite.  | Loglik converged before variable  1 ; coefficient may be infinite. ",5.416
1966,8318917,2,0.5,FALSE,NA,1,0.76,5,65,5,"!{pgr <= 77} & !{er <= 100}",686,246,280,0.408163265306122,TRUE,"","NULL","",4.92599999999999
1967,8318918,2,0.5,FALSE,NA,1,0.92,60,199,60,"!{pgr <= 184} & {er <= 294}",686,246,305,0.444606413994169,TRUE,"","NULL","",7.24000000000001
1968,8318919,2,0.5,FALSE,NA,1,0.56,2,23,2,"{age <= 53} & !{nodes <= 7}",686,246,282,0.411078717201166,TRUE,"","NULL","",3.58500000000004
1969,8318920,2,0.5,FALSE,NA,1,0.98,94,296,94,"{age <= 46} & {er <= 100}",686,246,284,0.41399416909621,TRUE,"","NULL","",8.55900000000003
1970,8318921,2,0.5,FALSE,NA,1,0.85,29,110,29,"{nodes <= 1} & {pgr <= 77}",686,246,318,0.463556851311953,TRUE,"","NULL","",5.39299999999997
1971,8318922,2,0.5,FALSE,NA,1,0.75,8,38,8,"!{er <= 174} & {size <= 35}",686,246,322,0.469387755102041,TRUE,"","NULL","",4.75100000000003
1972,8318923,2,0.5,FALSE,NA,1,0.71,6,59,6,"{nodes <= 1} & {er <= 100}",686,246,314,0.457725947521866,TRUE,"","NULL","",3.94200000000001
1973,8318924,2,0.5,FALSE,NA,1,0.91,14,76,14,"!{er <= 70} & {er <= 100}",686,246,290,0.422740524781341,TRUE,"","NULL","",5.75699999999995
1974,8318925,2,0.5,FALSE,NA,1,0.91,31,113,31,"!{meno} & {er <= 30}",686,246,278,0.405247813411079,TRUE,"","NULL","",6.08000000000004
1975,8318926,2,0.5,FALSE,NA,1,0.98,57,226,57,"!{size <= 35} & {er <= 30}",686,246,297,0.432944606413994,TRUE,"","NULL","",6.99299999999999
1976,8318927,2,0.5,FALSE,NA,1,0.86,7,47,7,"{nodes <= 3} & !{er <= 100}",686,246,293,0.427113702623907,TRUE,"","NULL","",3.74199999999996
1977,8318928,2,0.5,FALSE,NA,1,0.9,4,26,4,"{er <= 17} & !{age <= 53}",686,246,288,0.419825072886297,TRUE,"","NULL","",5.00299999999999
1978,8318929,2,0.5,FALSE,NA,1,0.63,1,39,1,"!{pgr <= 184} & !{er <= 44}",686,246,299,0.435860058309038,TRUE,"","NULL","",4.97800000000001
1979,8318930,2,0.5,FALSE,NA,1,0.94,15,79,15,"{age <= 61} & {er <= 0}",686,246,318,0.463556851311953,TRUE,"","NULL","",5.464
1980,8318931,2,0.5,FALSE,NA,1,0.97,35,160,35,"{nodes <= 3} & !{er <= 100}",686,246,303,0.441690962099125,TRUE,"","NULL","",5.87900000000002
1981,8318932,2,0.5,FALSE,NA,1,0.9,61,274,61,"!{age <= 53} & {er <= 17}",686,246,304,0.443148688046647,TRUE,"","NULL","",8.43799999999999
1982,8318933,2,0.5,FALSE,NA,1,0.96,94,304,94,"!{size <= 25} & {size <= 35}",686,246,296,0.431486880466472,TRUE,"","NULL","",8.20699999999999
1983,8318934,2,0.5,FALSE,NA,1,0.95,38,125,38,"{nodes <= 1} & !{pgr <= 26}",686,246,303,0.441690962099125,TRUE,"","NULL","",5.38899999999995
1984,8318935,2,0.5,FALSE,NA,1,0.72,7,72,7,"{age <= 53} & {size <= 29}",686,246,283,0.412536443148688,TRUE,"","NULL","",3.40300000000002
1985,8318936,2,0.5,FALSE,NA,1,0.68,2,15,2,"{size <= 20} & !{er <= 44}",686,246,314,0.457725947521866,TRUE,"","NULL","",5.02799999999996
1986,8318937,2,0.5,FALSE,NA,1,0.64,11,46,11,"!{pgr <= 77} & !{grade3}",686,246,289,0.421282798833819,TRUE,"","NULL","",5.16699999999997
1987,8318938,2,0.5,FALSE,NA,1,0.89,15,119,15,"{nodes <= 1} & {age <= 61}",686,246,311,0.4533527696793,TRUE,"","NULL","",6.27500000000003
1988,8318939,2,0.5,FALSE,NA,1,0.92,26,106,26,"{er <= 30} & !{pgr <= 45}",686,246,302,0.440233236151603,TRUE,"","NULL","",4.89499999999998
1989,8318940,2,0.5,FALSE,NA,1,0.88,30,143,30,"{size <= 35} & {age <= 46}",686,246,300,0.43731778425656,TRUE,"","NULL","",6.94200000000001
1990,8318941,2,0.5,FALSE,NA,1,0.86,15,76,15,"{age <= 46} & !{pgr <= 0}",686,246,287,0.418367346938776,TRUE,"","NULL","",4.79199999999997
1991,8318942,2,0.5,FALSE,NA,1,0.94,125,420,125,"!{meno} & !{pgr <= 77}",686,246,296,0.431486880466472,TRUE,"","NULL","",8.76900000000001
1992,8318943,2,0.5,FALSE,NA,1,0.75,7,37,7,"{er <= 3} & {age <= 61}",686,246,304,0.443148688046647,TRUE,"","NULL","",3.47700000000003
1993,8318944,2,0.5,FALSE,NA,1,0.9,25,81,25,"{size <= 29} & {pgr <= 45}",686,246,312,0.454810495626822,TRUE,"","NULL","",5.74799999999999
1994,8318945,2,0.5,FALSE,NA,1,0.71,7,50,7,"!{pgr <= 184} & {nodes <= 7}",686,246,292,0.425655976676385,TRUE,"","NULL","",5.29299999999995
1995,8318946,2,0.5,FALSE,NA,1,0.78,4,18,4,"{age <= 53} & !{er <= 44}",686,246,279,0.406705539358601,TRUE,"","NULL","",4.21300000000002
1996,8318947,2,0.5,FALSE,NA,1,0.61,2,30,2,"!{size <= 25} & !{meno}",686,246,305,0.444606413994169,TRUE,"","NULL","",4.55500000000001
1997,8318948,2,0.5,FALSE,NA,1,0.67,16,52,16,"!{pgr <= 77} & !{er <= 70}",686,246,296,0.431486880466472,TRUE,"","NULL","",5.13100000000003
1998,8318949,2,0.5,FALSE,NA,1,0.81,9,41,9,"{age <= 61} & !{pgr <= 77}",686,246,297,0.432944606413994,TRUE,"","NULL","",4.93100000000004
1999,8318950,2,0.5,FALSE,NA,1,0.68,5,28,5,"!{er <= 174} & {nodes <= 7}",686,246,306,0.446064139941691,TRUE,"","NULL","",4.70299999999997
2000,8318951,2,0.5,FALSE,NA,1,0.87,9,67,9,"!{age <= 53} & {er <= 17}",686,246,307,0.447521865889213,TRUE,"","NULL","",5.17599999999999
2001,8318952,2,0.5,FALSE,NA,0,NA,0,2,0,"",686,246,307,0.447521865889213,TRUE,"","NULL","",4.52600000000001
2002,8318953,2,0.5,FALSE,NA,1,0.66,4,32,4,"!{pgr <= 0} & {er <= 17}",686,246,285,0.415451895043732,TRUE,"","NULL","",4.77199999999999
2003,8318954,2,0.5,FALSE,NA,1,0.94,67,182,67,"{grade3} & {er <= 9}",686,246,301,0.438775510204082,TRUE,"","NULL","",6.61399999999998
2004,8318955,2,0.5,FALSE,NA,1,0.94,19,87,19,"!{pgr <= 77} & !{nodes <= 3}",686,246,304,0.443148688046647,TRUE,"","NULL","",5.02600000000001
2005,8318956,2,0.5,FALSE,NA,1,0.97,35,142,35,"{pgr <= 2} & {size <= 35}",686,246,284,0.41399416909621,TRUE,"","NULL","",7.03800000000001
2006,8318957,2,0.5,FALSE,NA,1,0.98,25,53,25,"!{pgr <= 184} & {er <= 294}",686,246,293,0.427113702623907,TRUE,"","NULL","",4.80400000000003
2007,8318958,2,0.5,FALSE,NA,1,0.91,38,191,38,"!{er <= 17} & {er <= 100}",686,246,295,0.43002915451895,TRUE,"","NULL","",7.15999999999997
2008,8318959,2,0.5,FALSE,NA,1,0.95,37,186,37,"!{pgr <= 77} & !{meno}",686,246,307,0.447521865889213,TRUE,"","NULL","",4.80900000000003
2009,8318960,2,0.5,FALSE,NA,1,0.97,108,425,108,"!{nodes <= 3} & !{pgr <= 77}",686,246,298,0.434402332361516,TRUE,"","NULL","",10.411
2010,8318961,2,0.5,FALSE,NA,1,0.91,34,155,34,"!{grade3} & {age <= 46}",686,246,320,0.466472303206997,TRUE,"","NULL","",6.44200000000001
2011,8318962,2,0.5,FALSE,NA,1,0.85,8,53,8,"{er <= 100} & !{er <= 70}",686,246,314,0.457725947521866,TRUE,"","NULL","Loglik converged before variable  1 ; coefficient may be infinite.  | Loglik converged before variable  1 ; coefficient may be infinite.  | Loglik converged before variable  1 ; coefficient may be infinite. ",4.43599999999998
2012,8318963,2,0.5,FALSE,NA,1,0.77,10,65,10,"!{er <= 44} & {er <= 100}",686,246,320,0.466472303206997,TRUE,"","NULL","",3.709
2013,8318964,2,0.5,FALSE,NA,1,0.85,14,93,14,"{age <= 61} & {nodes <= 1}",686,246,281,0.409620991253644,TRUE,"","NULL","",6.33199999999999
2014,8318965,2,0.5,FALSE,NA,1,0.73,7,44,7,"!{pgr <= 77} & !{age <= 53}",686,246,278,0.405247813411079,TRUE,"","NULL","",4.86799999999999
2015,8318966,2,0.5,FALSE,NA,1,0.76,2,94,2,"{pgr <= 16} & !{age <= 61}",686,246,279,0.406705539358601,TRUE,"","NULL","",5.17599999999999
2016,8318967,2,0.5,FALSE,NA,1,0.98,37,164,37,"{nodes <= 3} & !{pgr <= 114}",686,246,304,0.443148688046647,TRUE,"","NULL","",5.56899999999996
2017,8318968,2,0.5,FALSE,NA,1,0.8,21,121,21,"{age <= 53} & !{er <= 44}",686,246,301,0.438775510204082,TRUE,"","NULL","",5.95400000000001
2018,8318969,2,0.5,FALSE,NA,1,0.55,1,18,1,"{age <= 53} & !{nodes <= 5}",686,246,301,0.438775510204082,TRUE,"","NULL","",4.45500000000004
2019,8318970,2,0.5,FALSE,NA,1,0.9,22,68,22,"!{meno} & !{nodes <= 3}",686,246,298,0.434402332361516,TRUE,"","NULL","",5.589
2020,8318971,2,0.5,FALSE,NA,1,0.86,24,86,24,"!{nodes <= 5} & {er <= 30}",686,246,302,0.440233236151603,TRUE,"","NULL","",4.71899999999999
2021,8318972,2,0.5,FALSE,NA,1,0.87,17,77,17,"{er <= 17} & {grade3}",686,246,296,0.431486880466472,TRUE,"","NULL","",5.56700000000001
2022,8318973,2,0.5,FALSE,NA,0,NA,0,3,0,"",686,246,304,0.443148688046647,TRUE,"","NULL","",4.06
2023,8318974,2,0.5,FALSE,NA,1,0.97,48,169,48,"{nodes <= 3} & {pgr <= 8}",686,246,317,0.462099125364431,TRUE,"","NULL","",6.39100000000002
2024,8318975,2,0.5,FALSE,NA,1,0.88,22,103,22,"!{pgr <= 184} & {er <= 294}",686,246,313,0.456268221574344,TRUE,"","NULL","",4.96100000000001
2025,8318976,2,0.5,FALSE,NA,1,0.79,13,64,13,"!{pgr <= 184} & !{grade3}",686,246,332,0.483965014577259,TRUE,"","NULL","",5.51799999999997
2026,8318977,2,0.5,FALSE,NA,1,0.94,9,82,9,"{er <= 100} & !{er <= 70}",686,246,304,0.443148688046647,TRUE,"","NULL","",5.5
2027,8318978,2,0.5,FALSE,NA,1,0.83,18,94,18,"!{pgr <= 77} & {meno}",686,246,289,0.421282798833819,TRUE,"","NULL","",5.64500000000004
2028,8318979,2,0.5,FALSE,NA,1,0.87,38,180,38,"{age <= 53} & {er <= 9}",686,246,309,0.450437317784257,TRUE,"","NULL","",5.274
2029,8318980,2,0.5,FALSE,NA,1,0.87,40,184,40,"!{er <= 30} & !{meno}",686,246,304,0.443148688046647,TRUE,"","NULL","",7.26599999999996
2030,8318981,2,0.5,FALSE,NA,1,0.55,1,34,1,"{nodes <= 3} & !{age <= 61}",686,246,316,0.46064139941691,TRUE,"","NULL","",4.71100000000001
2031,8318982,2,0.5,FALSE,NA,0,NA,0,1,0,"",686,246,298,0.434402332361516,TRUE,"","NULL","",4.10899999999998
2032,8318983,2,0.5,FALSE,NA,1,0.78,4,34,4,"{age <= 46} & {size <= 35}",686,246,317,0.462099125364431,TRUE,"","NULL","",4.35699999999997
2033,8318984,2,0.5,FALSE,NA,1,0.87,16,58,16,"{er <= 17} & !{er <= 9}",686,246,312,0.454810495626822,TRUE,"","NULL","",5.63600000000002
2034,8318985,2,0.5,FALSE,NA,1,0.97,87,239,87,"!{er <= 9} & {er <= 30}",686,246,299,0.435860058309038,TRUE,"","NULL","",7.334
2035,8318986,2,0.5,FALSE,NA,1,0.65,8,46,8,"!{meno} & {pgr <= 77}",686,246,315,0.459183673469388,TRUE,"","NULL","",4.87600000000003
2036,8318987,2,0.5,FALSE,NA,1,0.92,47,163,47,"!{pgr <= 114} & {nodes <= 7}",686,246,306,0.446064139941691,TRUE,"","NULL","",5.10000000000002
2037,8318988,2,0.5,FALSE,NA,1,0.95,20,53,20,"{er <= 0} & {age <= 61}",686,246,302,0.440233236151603,TRUE,"","NULL","",5.77299999999997
2038,8318989,2,0.5,FALSE,NA,1,0.91,28,89,28,"!{er <= 174} & {size <= 35}",686,246,304,0.443148688046647,TRUE,"","NULL","",5.65899999999999
2039,8318990,2,0.5,FALSE,NA,1,0.89,41,152,41,"{pgr <= 2} & {size <= 35}",686,246,276,0.402332361516035,TRUE,"","NULL","",6.291
2040,8318991,2,0.5,FALSE,NA,1,0.95,13,98,13,"!{pgr <= 8} & {pgr <= 16}",686,246,301,0.438775510204082,TRUE,"","NULL","",4.65400000000005
2041,8318992,2,0.5,FALSE,NA,1,0.98,6,80,6,"{size <= 25} & {grade3}",686,246,285,0.415451895043732,TRUE,"","NULL","",5.87300000000005
2042,8318993,2,0.5,FALSE,NA,1,0.99,113,269,113,"{er <= 9} & {pgr <= 0}",686,246,307,0.447521865889213,TRUE,"","NULL","",7.93599999999998
2043,8318994,2,0.5,FALSE,NA,1,0.77,7,40,7,"{size <= 35} & !{size <= 29}",686,246,306,0.446064139941691,TRUE,"","NULL","",4.68099999999998
2044,8318995,2,0.5,FALSE,NA,1,0.81,13,61,13,"{nodes <= 7} & !{pgr <= 114}",686,246,313,0.456268221574344,TRUE,"","NULL","",3.97300000000001
2045,8318996,2,0.5,FALSE,NA,1,0.98,178,601,178,"!{er <= 17} & {er <= 44}",686,246,284,0.41399416909621,TRUE,"","NULL","",12.954
2046,8318997,2,0.5,FALSE,NA,1,0.73,3,16,3,"!{nodes <= 7} & {size <= 35}",686,246,311,0.4533527696793,TRUE,"","NULL","",4.52300000000002
2047,8318998,2,0.5,FALSE,NA,1,0.81,10,71,10,"{size <= 20} & !{er <= 17}",686,246,299,0.435860058309038,TRUE,"","NULL","",4.44
2048,8318999,2,0.5,FALSE,NA,1,0.97,39,172,39,"!{meno} & {size <= 20}",686,246,310,0.451895043731778,TRUE,"","NULL","",4.14099999999996
2049,8319000,2,0.5,FALSE,NA,1,0.99,59,237,59,"!{er <= 9} & {er <= 17}",686,246,304,0.443148688046647,TRUE,"","NULL","",8.01799999999997
2050,8319001,2,0.5,FALSE,NA,1,0.86,13,70,13,"{grade3} & {pgr <= 16}",686,246,291,0.424198250728863,TRUE,"","NULL","",5.226
2051,8319002,2,0.5,FALSE,NA,1,0.64,3,41,3,"{size <= 35} & !{nodes <= 7}",686,246,304,0.443148688046647,TRUE,"","NULL","",5.02999999999997
2052,8319003,2,0.5,FALSE,NA,0,NA,0,19,0,"",686,246,304,0.443148688046647,TRUE,"","NULL","",3.786
2053,8319004,2,0.5,FALSE,NA,1,0.8,12,52,12,"!{pgr <= 77} & {pgr <= 184}",686,246,303,0.441690962099125,TRUE,"","NULL","",5.49000000000001
2054,8319005,2,0.5,FALSE,NA,1,0.65,4,18,4,"!{nodes <= 7} & {pgr <= 337}",686,246,298,0.434402332361516,TRUE,"","NULL","",4.45099999999996
2055,8319006,2,0.5,FALSE,NA,0,NA,0,44,0,"",686,246,309,0.450437317784257,TRUE,"","NULL","",5.06199999999995
2056,8319007,2,0.5,FALSE,NA,1,0.97,66,262,66,"{er <= 70} & !{pgr <= 77}",686,246,278,0.405247813411079,TRUE,"","NULL","",7.00400000000002
2057,8319008,2,0.5,FALSE,NA,1,0.94,65,189,65,"!{pgr <= 2} & {age <= 46}",686,246,310,0.451895043731778,TRUE,"","NULL","",7.536
2058,8319009,2,0.5,FALSE,NA,1,0.71,8,52,8,"{age <= 46} & {nodes <= 7}",686,246,303,0.441690962099125,TRUE,"","NULL","",4.959
2059,8319010,2,0.5,FALSE,NA,1,0.94,74,228,74,"{pgr <= 26} & !{age <= 46}",686,246,308,0.448979591836735,TRUE,"","NULL","",6.75900000000001
2060,8319011,2,0.5,FALSE,NA,1,0.87,23,96,23,"{pgr <= 77} & !{er <= 44}",686,246,282,0.411078717201166,TRUE,"","NULL","",3.90699999999998
2061,8319012,2,0.5,FALSE,NA,1,0.98,25,76,25,"{age <= 46} & {er <= 17}",686,246,285,0.415451895043732,TRUE,"","NULL","",5.45499999999998
2062,8319013,2,0.5,FALSE,NA,1,0.86,7,36,7,"{pgr <= 16} & !{nodes <= 5}",686,246,314,0.457725947521866,TRUE,"","NULL","",4.66699999999997
2063,8319014,2,0.5,FALSE,NA,1,0.92,18,43,18,"!{er <= 174} & !{grade3}",686,246,302,0.440233236151603,TRUE,"","NULL","",4.78199999999998
2064,8319015,2,0.5,FALSE,NA,1,0.98,29,75,29,"{grade3} & {er <= 174}",686,246,290,0.422740524781341,TRUE,"","NULL","",5.05700000000002
2065,8319016,2,0.5,FALSE,NA,1,0.8,9,108,9,"{size <= 35} & !{er <= 100}",686,246,314,0.457725947521866,TRUE,"","NULL","",6.17700000000002
2066,8319017,2,0.5,FALSE,NA,1,0.99,135,370,135,"{size <= 25} & !{pgr <= 114}",686,246,316,0.46064139941691,TRUE,"","NULL","",8.67500000000001
2067,8319018,2,0.5,FALSE,NA,0,NA,0,4,0,"",686,246,288,0.419825072886297,TRUE,"","NULL","",4.10200000000003
2068,8319019,2,0.5,FALSE,NA,1,0.83,18,107,18,"{nodes <= 7} & !{pgr <= 114}",686,246,299,0.435860058309038,TRUE,"","NULL","",4.38499999999999
2069,8319020,2,0.5,FALSE,NA,1,0.98,13,52,13,"{pgr <= 16} & {grade3}",686,246,319,0.465014577259475,TRUE,"","NULL","",5.41899999999998
2070,8319021,2,0.5,FALSE,NA,1,0.89,10,37,10,"{nodes <= 5} & !{size <= 35}",686,246,306,0.446064139941691,TRUE,"","NULL","",4.887
2071,8319022,2,0.5,FALSE,NA,1,0.57,3,18,3,"!{size <= 25} & !{er <= 70}",686,246,300,0.43731778425656,TRUE,"","NULL","",4.61599999999999
2072,8319023,2,0.5,FALSE,NA,1,0.93,33,143,33,"{pgr <= 8} & {nodes <= 5}",686,246,288,0.419825072886297,TRUE,"","NULL","",5.73599999999999
2073,8319024,2,0.5,FALSE,NA,1,0.6,1,38,1,"!{er <= 100} & {er <= 174}",686,246,321,0.467930029154519,TRUE,"","NULL","",5.25200000000001
2074,8319025,2,0.5,FALSE,NA,0,NA,0,5,0,"",686,246,307,0.447521865889213,TRUE,"","NULL","",4.69100000000003
2075,8319026,2,0.5,FALSE,NA,1,0.98,9,27,9,"{nodes <= 1} & {er <= 17}",686,246,304,0.443148688046647,TRUE,"","NULL","",5.00599999999997
2076,8319027,2,0.5,FALSE,NA,1,0.79,3,28,3,"!{er <= 174} & {nodes <= 5}",686,246,314,0.457725947521866,TRUE,"","NULL","",4.70999999999998
2077,8319028,2,0.5,FALSE,NA,1,0.93,36,191,36,"!{pgr <= 26} & {pgr <= 77}",686,246,313,0.456268221574344,TRUE,"","NULL","",7.42599999999999
2078,8319029,2,0.5,FALSE,NA,1,0.94,52,215,52,"{pgr <= 26} & !{pgr <= 16}",686,246,290,0.422740524781341,TRUE,"","NULL","",6.40699999999998
2079,8319030,2,0.5,FALSE,NA,1,0.74,2,26,2,"!{er <= 9} & {pgr <= 16}",686,246,316,0.46064139941691,TRUE,"","NULL","",4.66700000000003
2080,8319031,2,0.5,FALSE,NA,1,0.97,2,17,2,"!{pgr <= 77} & {pgr <= 114}",686,246,289,0.421282798833819,TRUE,"","NULL","",3.60300000000001
2081,8319032,2,0.5,FALSE,NA,1,0.68,5,31,5,"{grade3} & {pgr <= 184}",686,246,294,0.428571428571429,TRUE,"","NULL","",4.91399999999999
2082,8319033,2,0.5,FALSE,NA,1,0.7,4,33,4,"{er <= 70} & !{er <= 30}",686,246,322,0.469387755102041,TRUE,"","NULL","",4.90699999999998
2083,8319034,2,0.5,FALSE,NA,1,0.92,13,88,13,"{age <= 46} & {size <= 29}",686,246,287,0.418367346938776,TRUE,"","NULL","",5.42700000000002
2084,8319035,2,0.5,FALSE,NA,1,0.77,7,59,7,"!{er <= 9} & {pgr <= 16}",686,246,294,0.428571428571429,TRUE,"","NULL","",4.81299999999999
2085,8319036,2,0.5,FALSE,NA,0,NA,0,2,0,"",686,246,300,0.43731778425656,TRUE,"","NULL","",4.39999999999998
2086,8319037,2,0.5,FALSE,NA,1,0.91,4,53,4,"{pgr <= 0} & {age <= 61}",686,246,295,0.43002915451895,TRUE,"","NULL","",4.892
2087,8319038,2,0.5,FALSE,NA,1,0.97,28,69,28,"!{size <= 35} & {nodes <= 7}",686,246,317,0.462099125364431,TRUE,"","NULL","",5.30599999999998
2088,8319039,2,0.5,FALSE,NA,1,0.92,7,46,7,"!{er <= 174} & !{nodes <= 1}",686,246,285,0.415451895043732,TRUE,"","NULL","",4.774
2089,8319040,2,0.5,FALSE,NA,1,0.62,1,30,1,"{er <= 30} & !{size <= 25}",686,246,301,0.438775510204082,TRUE,"","NULL","",5.21800000000002
2090,8319041,2,0.5,FALSE,NA,1,0.71,5,30,5,"{size <= 20} & !{grade3}",686,246,290,0.422740524781341,TRUE,"","NULL","",5.05200000000002
2091,8319042,2,0.5,FALSE,NA,1,0.56,1,19,1,"{size <= 20} & !{er <= 70}",686,246,312,0.454810495626822,TRUE,"","NULL","",4.74000000000001
2092,8319043,2,0.5,FALSE,NA,1,0.53,1,17,1,"!{er <= 174} & !{size <= 20}",686,246,314,0.457725947521866,TRUE,"","NULL","",4.74400000000003
2093,8319044,2,0.5,FALSE,NA,1,0.73,3,6,3,"!{pgr <= 77} & {pgr <= 114}",686,246,306,0.446064139941691,TRUE,"","NULL","",4.37
2094,8319045,2,0.5,FALSE,NA,1,0.94,14,69,14,"!{age <= 61} & {er <= 294}",686,246,299,0.435860058309038,TRUE,"","NULL","",5.58099999999996
2095,8319046,2,0.5,FALSE,NA,0,NA,0,5,0,"",686,246,316,0.46064139941691,TRUE,"","NULL","",4.35899999999998
2096,8319047,2,0.5,FALSE,NA,1,0.8,3,32,3,"{age <= 46} & {nodes <= 5}",686,246,300,0.43731778425656,TRUE,"","NULL","",4.75099999999998
2097,8319048,2,0.5,FALSE,NA,1,0.83,16,88,16,"{size <= 29} & !{er <= 44}",686,246,304,0.443148688046647,TRUE,"","NULL","",6.13400000000001
2098,8319049,2,0.5,FALSE,NA,1,0.53,2,22,2,"!{age <= 46} & !{meno}",686,246,320,0.466472303206997,TRUE,"","NULL","",4.471
2099,8319050,2,0.5,FALSE,NA,1,0.81,6,41,6,"{size <= 25} & !{er <= 44}",686,246,302,0.440233236151603,TRUE,"","NULL","",4.87599999999998
2100,8319051,2,0.5,FALSE,NA,1,0.98,227,514,227,"!{er <= 70} & !{age <= 53}",686,246,319,0.465014577259475,TRUE,"","NULL","",8.80500000000001
2101,8319052,2,0.5,FALSE,NA,1,0.92,5,52,5,"!{pgr <= 77} & {er <= 44}",686,246,276,0.402332361516035,TRUE,"","NULL","",5.351
2102,8319053,2,0.5,FALSE,NA,1,0.87,7,47,7,"!{size <= 29} & {nodes <= 5}",686,246,308,0.448979591836735,TRUE,"","NULL","",4.97399999999999
2103,8319054,2,0.5,FALSE,NA,1,0.88,29,150,29,"!{pgr <= 45} & {pgr <= 114}",686,246,289,0.421282798833819,TRUE,"","NULL","Loglik converged before variable  1 ; coefficient may be infinite. ",6.38800000000003
2104,8319055,2,0.5,FALSE,NA,1,0.91,5,33,5,"!{size <= 35} & !{pgr <= 45}",686,246,306,0.446064139941691,TRUE,"","NULL","",4.11799999999999
2105,8319056,2,0.5,FALSE,NA,1,0.87,10,75,10,"{age <= 46} & !{pgr <= 45}",686,246,310,0.451895043731778,TRUE,"","NULL","",5.75100000000003
2106,8319057,2,0.5,FALSE,NA,1,0.91,14,109,14,"!{nodes <= 5} & {nodes <= 7}",686,246,314,0.457725947521866,TRUE,"","NULL","",6.13599999999997
2107,8319058,2,0.5,FALSE,NA,1,0.67,4,31,4,"!{pgr <= 0} & !{nodes <= 7}",686,246,294,0.428571428571429,TRUE,"","NULL","",4.80900000000003
2108,8319059,2,0.5,FALSE,NA,1,0.68,5,18,5,"!{er <= 44} & {er <= 174}",686,246,283,0.412536443148688,TRUE,"","NULL","",3.63299999999998
2109,8319060,2,0.5,FALSE,NA,1,0.72,15,52,15,"{age <= 53} & {pgr <= 26}",686,246,300,0.43731778425656,TRUE,"","NULL","",5.59700000000004
2110,8319061,2,0.5,FALSE,NA,1,0.89,10,35,10,"!{pgr <= 45} & {er <= 30}",686,246,304,0.443148688046647,TRUE,"","NULL","",5.01799999999997
2111,8319062,2,0.5,FALSE,NA,1,0.93,28,64,28,"!{er <= 174}",686,246,308,0.448979591836735,TRUE,"","NULL","",5.41800000000001
2112,8319063,2,0.5,FALSE,NA,1,1,203,456,203,"!{er <= 9} & {er <= 17}",686,246,289,0.421282798833819,TRUE,"","NULL","",8.04899999999998
2113,8319064,2,0.5,FALSE,NA,1,0.94,57,154,57,"!{nodes <= 5} & !{pgr <= 16}",686,246,292,0.425655976676385,TRUE,"","NULL","",7.04399999999998
2114,8319065,2,0.5,FALSE,NA,1,0.98,22,129,22,"{er <= 0} & {size <= 35}",686,246,296,0.431486880466472,TRUE,"","NULL","",5.76100000000002
2115,8319066,2,0.5,FALSE,NA,1,0.84,17,129,17,"{nodes <= 1} & {er <= 44}",686,246,310,0.451895043731778,TRUE,"","NULL","",5.73199999999997
2116,8319067,2,0.5,FALSE,NA,1,0.94,26,110,26,"!{pgr <= 26} & {nodes <= 1}",686,246,286,0.416909620991254,TRUE,"","NULL","",4.66000000000003
2117,8319068,2,0.5,FALSE,NA,1,0.97,8,50,8,"{pgr <= 184} & !{pgr <= 114}",686,246,296,0.431486880466472,TRUE,"","NULL","",4.90300000000002
2118,8319069,2,0.5,FALSE,NA,1,0.82,4,29,4,"{age <= 46} & {pgr <= 45}",686,246,294,0.428571428571429,TRUE,"","NULL","",4.529
2119,8319070,2,0.5,FALSE,NA,1,0.93,48,203,48,"{er <= 17} & !{age <= 53}",686,246,314,0.457725947521866,TRUE,"","NULL","",6.976
2120,8319071,2,0.5,FALSE,NA,1,1,102,291,102,"{er <= 0} & {age <= 61}",686,246,300,0.43731778425656,TRUE,"","NULL","",6.43399999999997
2121,8319072,2,0.5,FALSE,NA,1,0.56,1,20,1,"!{er <= 174} & {nodes <= 5}",686,246,301,0.438775510204082,TRUE,"","NULL","",4.64500000000004
2122,8319073,2,0.5,FALSE,NA,1,0.73,6,46,6,"!{pgr <= 77} & !{er <= 100}",686,246,298,0.434402332361516,TRUE,"","NULL","",4.97399999999999
2123,8319074,2,0.5,FALSE,NA,1,0.86,3,32,3,"!{er <= 44} & {er <= 70}",686,246,297,0.432944606413994,TRUE,"","NULL","",4.791
2124,8319075,2,0.5,FALSE,NA,1,0.98,170,327,170,"!{age <= 61} & {nodes <= 5}",686,246,297,0.432944606413994,TRUE,"","NULL","",7.48400000000004
2125,8319076,2,0.5,FALSE,NA,1,0.97,41,103,41,"{age <= 46} & {er <= 174}",686,246,297,0.432944606413994,TRUE,"","NULL","",5.82900000000001
2126,8319077,2,0.5,FALSE,NA,1,0.86,23,158,23,"!{pgr <= 114} & !{er <= 70}",686,246,320,0.466472303206997,TRUE,"","NULL","",6.18899999999996
2127,8319078,2,0.5,FALSE,NA,1,0.93,18,103,18,"{nodes <= 5} & {age <= 46}",686,246,303,0.441690962099125,TRUE,"","NULL","",5.60399999999998
2128,8319079,2,0.5,FALSE,NA,1,0.86,9,34,9,"!{age <= 61} & {size <= 25}",686,246,283,0.412536443148688,TRUE,"","NULL","",4.00200000000001
2129,8319080,2,0.5,FALSE,NA,1,0.87,18,87,18,"!{nodes <= 1} & !{er <= 174}",686,246,320,0.466472303206997,TRUE,"","NULL","",5.94399999999996
2130,8319081,2,0.5,FALSE,NA,0,NA,0,8,0,"",686,246,301,0.438775510204082,TRUE,"","NULL","",4.24399999999997
2131,8319082,2,0.5,FALSE,NA,1,0.85,10,33,10,"{size <= 29} & !{meno}",686,246,307,0.447521865889213,TRUE,"","NULL","",4.92600000000004
2132,8319083,2,0.5,FALSE,NA,1,0.66,1,12,1,"!{nodes <= 7} & {er <= 30}",686,246,323,0.470845481049563,TRUE,"","NULL","",4.47199999999998
2133,8319084,2,0.5,FALSE,NA,1,0.63,8,73,8,"{er <= 294} & !{er <= 70}",686,246,325,0.473760932944606,TRUE,"","NULL","",5.82999999999998
2134,8319085,2,0.5,FALSE,NA,1,0.8,12,79,12,"!{er <= 70} & !{pgr <= 184}",686,246,295,0.43002915451895,TRUE,"","NULL","",5.274
2135,8319086,2,0.5,FALSE,NA,1,0.93,84,299,84,"!{meno} & {pgr <= 77}",686,246,284,0.41399416909621,TRUE,"","NULL","",7.95699999999999
2136,8319087,2,0.5,FALSE,NA,1,0.98,83,244,83,"!{pgr <= 114} & {size <= 29}",686,246,297,0.432944606413994,TRUE,"","NULL","",5.60699999999997
2137,8319088,2,0.5,FALSE,NA,1,0.79,12,73,12,"!{pgr <= 184} & !{grade3}",686,246,291,0.424198250728863,TRUE,"","NULL","",5.50299999999999
2138,8319089,2,0.5,FALSE,NA,1,0.91,12,47,12,"!{pgr <= 77} & !{size <= 29}",686,246,294,0.428571428571429,TRUE,"","NULL","",4.73199999999997
2139,8319090,2,0.5,FALSE,NA,1,0.79,3,37,3,"!{pgr <= 45} & {er <= 30}",686,246,293,0.427113702623907,TRUE,"","NULL","",5.28800000000001
2140,8319091,2,0.5,FALSE,NA,1,0.64,4,40,4,"{age <= 53} & {pgr <= 114}",686,246,310,0.451895043731778,TRUE,"","NULL","",4.61200000000002
2141,8319092,2,0.5,FALSE,NA,1,0.99,54,166,54,"{size <= 25} & !{er <= 70}",686,246,333,0.485422740524781,TRUE,"","NULL","",6.92099999999999
2142,8319093,2,0.5,FALSE,NA,1,0.89,39,124,39,"!{er <= 30} & {er <= 70}",686,246,299,0.435860058309038,TRUE,"","NULL","",5.55900000000003
2143,8319094,2,0.5,FALSE,NA,1,0.7,8,80,8,"!{size <= 25} & {er <= 30}",686,246,279,0.406705539358601,TRUE,"","NULL","",5.04200000000003
2144,8319095,2,0.5,FALSE,NA,1,0.82,10,26,10,"{nodes <= 3} & !{er <= 44}",686,246,292,0.425655976676385,TRUE,"","NULL","",3.88599999999997
2145,8319096,2,0.5,FALSE,NA,1,0.94,41,175,41,"!{er <= 174} & !{pgr <= 8}",686,246,295,0.43002915451895,TRUE,"","NULL","",7.017
2146,8319097,2,0.5,FALSE,NA,1,0.95,37,183,37,"{size <= 20} & !{grade3}",686,246,309,0.450437317784257,TRUE,"","NULL","",6.803
2147,8319098,2,0.5,FALSE,NA,1,0.98,29,114,29,"{grade3} & {size <= 29}",686,246,301,0.438775510204082,TRUE,"","NULL","",5.45600000000002
2148,8319099,2,0.5,FALSE,NA,1,0.97,17,90,17,"!{pgr <= 8} & {pgr <= 16}",686,246,331,0.482507288629738,TRUE,"","NULL","",4.26999999999998
2149,8319100,2,0.5,FALSE,NA,1,1,23,110,23,"{age <= 46} & {nodes <= 3}",686,246,306,0.446064139941691,TRUE,"","NULL","",6.46099999999996
2150,8319101,2,0.5,FALSE,NA,1,0.96,69,265,69,"!{pgr <= 77} & !{age <= 53}",686,246,285,0.415451895043732,TRUE,"","NULL","Loglik converged before variable  1 ; coefficient may be infinite. ",7.22800000000001
2151,8319102,2,0.5,FALSE,NA,1,0.98,137,275,137,"!{er <= 17} & !{pgr <= 184}",686,246,309,0.450437317784257,TRUE,"","NULL","",7.36099999999999
2152,8319103,2,0.5,FALSE,NA,1,0.82,8,53,8,"!{pgr <= 114} & {size <= 29}",686,246,307,0.447521865889213,TRUE,"","NULL","",3.51999999999998
2153,8319104,2,0.5,FALSE,NA,1,0.94,13,46,13,"{age <= 53} & !{pgr <= 77}",686,246,292,0.425655976676385,TRUE,"","NULL","",5.13400000000001
2154,8319105,2,0.5,FALSE,NA,1,0.86,21,80,21,"!{er <= 174} & !{pgr <= 8}",686,246,305,0.444606413994169,TRUE,"","NULL","",5.40100000000001
2155,8319106,2,0.5,FALSE,NA,0,NA,0,2,0,"",686,246,305,0.444606413994169,TRUE,"","NULL","",4.601
2156,8319107,2,0.5,FALSE,NA,0,NA,0,18,0,"",686,246,291,0.424198250728863,TRUE,"","NULL","",4.06
2157,8319108,2,0.5,FALSE,NA,1,0.97,58,247,58,"!{size <= 29} & {er <= 17}",686,246,311,0.4533527696793,TRUE,"","NULL","",7.92199999999997
2158,8319109,2,0.5,FALSE,NA,1,0.79,3,28,3,"{nodes <= 5} & {pgr <= 8}",686,246,312,0.454810495626822,TRUE,"","NULL","",4.61500000000001
2159,8319110,2,0.5,FALSE,NA,1,0.96,55,252,55,"{size <= 35} & !{size <= 20}",686,246,308,0.448979591836735,TRUE,"","NULL","",7.024
2160,8319111,2,0.5,FALSE,NA,1,0.79,12,30,12,"!{size <= 25} & {er <= 44}",686,246,319,0.465014577259475,TRUE,"","NULL","",3.51800000000003
2161,8319112,2,0.5,FALSE,NA,1,0.83,10,87,10,"{nodes <= 3} & {pgr <= 45}",686,246,319,0.465014577259475,TRUE,"","NULL","",6.19099999999997
2162,8319113,2,0.5,FALSE,NA,1,0.95,59,188,59,"!{pgr <= 114} & {size <= 29}",686,246,309,0.450437317784257,TRUE,"","NULL","",6.40100000000001
2163,8319114,2,0.5,FALSE,NA,1,0.63,5,13,5,"{size <= 29} & !{size <= 20}",686,246,299,0.435860058309038,TRUE,"","NULL","",4.21699999999998
2164,8319115,2,0.5,FALSE,NA,1,0.95,36,147,36,"{nodes <= 5} & !{er <= 100}",686,246,304,0.443148688046647,TRUE,"","NULL","",5.21600000000001
2165,8319116,2,0.5,FALSE,NA,1,0.65,2,25,2,"!{size <= 35} & !{nodes <= 5}",686,246,322,0.469387755102041,TRUE,"","NULL","",5.06900000000002
2166,8319117,2,0.5,FALSE,NA,1,0.99,43,135,43,"{pgr <= 0} & {er <= 9}",686,246,303,0.441690962099125,TRUE,"","NULL","",6.464
2167,8319118,2,0.5,FALSE,NA,1,0.9,26,86,26,"{age <= 53} & !{size <= 25}",686,246,301,0.438775510204082,TRUE,"","NULL","",5.38
2168,8319119,2,0.5,FALSE,NA,0,NA,0,6,0,"",686,246,288,0.419825072886297,TRUE,"","NULL","",3.83299999999997
2169,8319120,2,0.5,FALSE,NA,1,0.96,19,71,19,"{size <= 25} & !{er <= 70}",686,246,316,0.46064139941691,TRUE,"","NULL","",5.86099999999999
2170,8319121,2,0.5,FALSE,NA,1,0.64,1,10,1,"!{er <= 30} & {er <= 70}",686,246,281,0.409620991253644,TRUE,"","NULL","",4.048
2171,8319122,2,0.5,FALSE,NA,1,0.77,6,38,6,"!{pgr <= 26} & {er <= 44}",686,246,289,0.421282798833819,TRUE,"","NULL","",4.82799999999997
2172,8319123,2,0.5,FALSE,NA,1,0.86,19,120,19,"!{pgr <= 45} & {age <= 53}",686,246,306,0.446064139941691,TRUE,"","NULL","",5.48099999999999
2173,8319124,2,0.5,FALSE,NA,1,0.96,97,260,97,"!{er <= 100} & !{age <= 53}",686,246,318,0.463556851311953,TRUE,"","NULL","",8.19
2174,8319125,2,0.5,FALSE,NA,1,0.97,9,37,9,"!{pgr <= 114} & {size <= 29}",686,246,306,0.446064139941691,TRUE,"","NULL","",4.822
2175,8319126,2,0.5,FALSE,NA,1,0.76,20,74,20,"{size <= 20} & {pgr <= 337}",686,246,295,0.43002915451895,TRUE,"","NULL","",5.053
2176,8319127,2,0.5,FALSE,NA,1,0.68,3,22,3,"{nodes <= 5} & !{size <= 35}",686,246,304,0.443148688046647,TRUE,"","NULL","",3.91300000000001
2177,8319128,2,0.5,FALSE,NA,1,0.86,36,165,36,"{grade3} & {pgr <= 337}",686,246,291,0.424198250728863,TRUE,"","NULL","",7.27099999999996
2178,8319129,2,0.5,FALSE,NA,1,0.91,5,64,5,"{grade3} & {size <= 25}",686,246,288,0.419825072886297,TRUE,"","NULL","Loglik converged before variable  1 ; coefficient may be infinite.  | Loglik converged before variable  1 ; coefficient may be infinite. ",4.74299999999999
2179,8319130,2,0.5,FALSE,NA,1,0.53,1,13,1,"{age <= 53} & !{nodes <= 7}",686,246,322,0.469387755102041,TRUE,"","NULL","",4.49599999999998
2180,8319131,2,0.5,FALSE,NA,1,0.58,1,16,1,"!{nodes <= 1} & !{er <= 174}",686,246,299,0.435860058309038,TRUE,"","NULL","",4.09200000000004
2181,8319132,2,0.5,FALSE,NA,1,0.87,10,30,10,"{age <= 46} & {nodes <= 7}",686,246,302,0.440233236151603,TRUE,"","NULL","",4.72299999999996
2182,8319133,2,0.5,FALSE,NA,1,0.89,25,101,25,"{er <= 44} & !{pgr <= 26}",686,246,286,0.416909620991254,TRUE,"","NULL","",5.60399999999998
2183,8319134,2,0.5,FALSE,NA,1,0.71,5,30,5,"{nodes <= 3} & {er <= 9}",686,246,300,0.43731778425656,TRUE,"","NULL","",4.49200000000002
2184,8319135,2,0.5,FALSE,NA,1,0.84,11,40,11,"!{pgr <= 16} & {pgr <= 77}",686,246,300,0.43731778425656,TRUE,"","NULL","",4.39699999999999
2185,8319136,2,0.5,FALSE,NA,1,0.74,3,16,3,"!{er <= 44} & {pgr <= 26}",686,246,296,0.431486880466472,TRUE,"","NULL","",4.75999999999999
2186,8319137,2,0.5,FALSE,NA,1,0.63,5,37,5,"{nodes <= 3} & {er <= 17}",686,246,287,0.418367346938776,TRUE,"","NULL","",4.75100000000003
2187,8319138,2,0.5,FALSE,NA,1,0.63,2,20,2,"!{size <= 25} & !{nodes <= 5}",686,246,297,0.432944606413994,TRUE,"","NULL","",4.86900000000003
2188,8319139,2,0.5,FALSE,NA,1,1,79,189,79,"{er <= 0} & !{size <= 20}",686,246,306,0.446064139941691,TRUE,"","NULL","",5.93400000000003
2189,8319140,2,0.5,FALSE,NA,0,NA,0,9,0,"",686,246,322,0.469387755102041,TRUE,"","NULL","",4.85900000000004
2190,8319141,2,0.5,FALSE,NA,1,0.78,7,37,7,"!{nodes <= 1} & !{er <= 70}",686,246,269,0.392128279883382,TRUE,"","NULL","",4.608
2191,8319142,2,0.5,FALSE,NA,1,0.97,14,57,14,"{size <= 29} & !{er <= 100}",686,246,288,0.419825072886297,TRUE,"","NULL","",5.096
2192,8319143,2,0.5,FALSE,NA,1,1,69,137,69,"{age <= 46} & !{er <= 17}",686,246,299,0.435860058309038,TRUE,"","NULL","",5.60199999999998
2193,8319144,2,0.5,FALSE,NA,1,0.98,101,290,101,"!{size <= 29} & {pgr <= 26}",686,246,298,0.434402332361516,TRUE,"","NULL","",8.666
2194,8319145,2,0.5,FALSE,NA,1,0.65,2,4,2,"!{pgr <= 77} & {pgr <= 114}",686,246,325,0.473760932944606,TRUE,"","NULL","",4.43299999999999
2195,8319146,2,0.5,FALSE,NA,1,0.98,21,109,21,"{size <= 29} & {age <= 46}",686,246,287,0.418367346938776,TRUE,"","NULL","",5.46799999999996
2196,8319147,2,0.5,FALSE,NA,0,NA,0,13,0,"",686,246,310,0.451895043731778,TRUE,"","NULL","",3.72300000000001
2197,8319148,2,0.5,FALSE,NA,1,0.64,1,14,1,"!{size <= 35} & {er <= 44}",686,246,285,0.415451895043732,TRUE,"","NULL","",4.61099999999999
2198,8319149,2,0.5,FALSE,NA,1,0.98,18,78,18,"{nodes <= 5} & !{size <= 35}",686,246,314,0.457725947521866,TRUE,"","NULL","",5.505
2199,8319150,2,0.5,FALSE,NA,1,0.73,8,73,8,"{nodes <= 3} & {pgr <= 184}",686,246,304,0.443148688046647,TRUE,"","NULL","",5.77800000000002
2200,8319151,2,0.5,FALSE,NA,1,0.9,10,90,10,"{nodes <= 1} & {size <= 20}",686,246,294,0.428571428571429,TRUE,"","NULL","",4.95800000000003
2201,8319152,2,0.5,FALSE,NA,1,0.99,25,63,25,"{nodes <= 1} & {age <= 53}",686,246,283,0.412536443148688,TRUE,"","NULL","",4.78300000000002
2202,8319153,2,0.5,FALSE,NA,1,0.96,99,256,99,"!{pgr <= 114} & {size <= 29}",686,246,306,0.446064139941691,TRUE,"","NULL","",7.74399999999997
2203,8319154,2,0.5,FALSE,NA,1,0.98,26,120,26,"{pgr <= 0} & !{nodes <= 1}",686,246,286,0.416909620991254,TRUE,"","NULL","",5.84999999999997
2204,8319155,2,0.5,FALSE,NA,1,0.63,3,12,3,"{grade3} & {pgr <= 16}",686,246,321,0.467930029154519,TRUE,"","NULL","",3.59899999999999
2205,8319156,2,0.5,FALSE,NA,1,0.79,6,28,6,"!{er <= 70} & {er <= 100}",686,246,311,0.4533527696793,TRUE,"","NULL","",5.09900000000005
2206,8319157,2,0.5,FALSE,NA,1,0.96,141,325,141,"{er <= 30} & {size <= 20}",686,246,296,0.431486880466472,TRUE,"","NULL","",8.93899999999996
2207,8319158,2,0.5,FALSE,NA,1,0.89,10,65,10,"!{er <= 17} & {pgr <= 16}",686,246,296,0.431486880466472,TRUE,"","NULL","",4.83799999999997
2208,8319159,2,0.5,FALSE,NA,1,0.69,7,60,7,"!{er <= 9} & {pgr <= 77}",686,246,267,0.389212827988338,TRUE,"","NULL","Loglik converged before variable  1 ; coefficient may be infinite.  | Loglik converged before variable  1 ; coefficient may be infinite. ",3.94499999999999
2209,8319160,2,0.5,FALSE,NA,1,1,67,140,67,"!{meno} & !{pgr <= 77}",686,246,280,0.408163265306122,TRUE,"","NULL","",6.82900000000001
2210,8319161,2,0.5,FALSE,NA,1,0.94,52,196,52,"!{nodes <= 5} & !{size <= 35}",686,246,289,0.421282798833819,TRUE,"","NULL","",6.77500000000003
2211,8319162,2,0.5,FALSE,NA,1,0.98,47,183,47,"!{pgr <= 77} & {er <= 44}",686,246,309,0.450437317784257,TRUE,"","NULL","",6.50799999999998
2212,8319163,2,0.5,FALSE,NA,1,1,88,191,88,"{age <= 46} & {nodes <= 7}",686,246,298,0.434402332361516,TRUE,"","NULL","",4.83699999999999
2213,8319164,2,0.5,FALSE,NA,1,0.93,38,247,38,"!{nodes <= 3} & {er <= 30}",686,246,291,0.424198250728863,TRUE,"","NULL","",7.88799999999998
2214,8319165,2,0.5,FALSE,NA,1,0.83,5,33,5,"{age <= 46} & {pgr <= 77}",686,246,288,0.419825072886297,TRUE,"","NULL","",4.57900000000001
2215,8319166,2,0.5,FALSE,NA,1,0.98,102,353,102,"{er <= 30} & !{pgr <= 26}",686,246,276,0.402332361516035,TRUE,"","NULL","",7.995
2216,8319167,2,0.5,FALSE,NA,1,0.9,5,23,5,"{er <= 100} & !{er <= 70}",686,246,303,0.441690962099125,TRUE,"","NULL","",3.375
2217,8319168,2,0.5,FALSE,NA,1,0.89,25,105,25,"{er <= 44} & !{age <= 61}",686,246,292,0.425655976676385,TRUE,"","NULL","",5.88299999999998
2218,8319169,2,0.5,FALSE,NA,1,0.94,38,125,38,"!{meno} & {pgr <= 77}",686,246,306,0.446064139941691,TRUE,"","NULL","",6.06700000000001
2219,8319170,2,0.5,FALSE,NA,1,0.91,17,73,17,"{nodes <= 1} & {er <= 30}",686,246,291,0.424198250728863,TRUE,"","NULL","",4.98899999999998
2220,8319171,2,0.5,FALSE,NA,1,0.91,5,13,5,"!{size <= 35} & {er <= 44}",686,246,297,0.432944606413994,TRUE,"","NULL","",3.87599999999998
2221,8319172,2,0.5,FALSE,NA,1,0.67,3,24,3,"!{pgr <= 45} & {er <= 44}",686,246,289,0.421282798833819,TRUE,"","NULL","",4.74000000000001
2222,8319173,2,0.5,FALSE,NA,1,0.83,2,21,2,"{age <= 61} & !{pgr <= 184}",686,246,298,0.434402332361516,TRUE,"","NULL","",4.65100000000001
2223,8319174,2,0.5,FALSE,NA,1,0.88,16,72,16,"!{pgr <= 8} & {pgr <= 26}",686,246,315,0.459183673469388,TRUE,"","NULL","",4.93399999999997
2224,8319175,2,0.5,FALSE,NA,1,0.55,1,1,1,"{er <= 17} & !{er <= 9}",686,246,307,0.447521865889213,TRUE,"","NULL","",4.17500000000001
2225,8319176,2,0.5,FALSE,NA,1,0.74,4,20,4,"!{nodes <= 7} & {er <= 30}",686,246,298,0.434402332361516,TRUE,"","NULL","",5.029
2226,8319177,2,0.5,FALSE,NA,1,0.95,30,87,30,"{er <= 70} & !{pgr <= 77}",686,246,283,0.412536443148688,TRUE,"","NULL","",5.267
2227,8319178,2,0.5,FALSE,NA,1,0.9,7,54,7,"!{er <= 70} & !{nodes <= 5}",686,246,289,0.421282798833819,TRUE,"","NULL","",4.97800000000001
2228,8319179,2,0.5,FALSE,NA,1,0.99,108,207,108,"!{pgr <= 184} & {nodes <= 7}",686,246,292,0.425655976676385,TRUE,"","NULL","",6.20499999999998
2229,8319180,2,0.5,FALSE,NA,1,0.79,11,68,11,"!{pgr <= 77} & {size <= 29}",686,246,307,0.447521865889213,TRUE,"","NULL","",5.81799999999998
2230,8319181,2,0.5,FALSE,NA,1,0.98,45,148,45,"!{size <= 25} & {nodes <= 5}",686,246,300,0.43731778425656,TRUE,"","NULL","",6.27300000000002
2231,8319182,2,0.5,FALSE,NA,1,0.9,12,86,12,"!{er <= 100} & {size <= 29}",686,246,328,0.478134110787172,TRUE,"","NULL","",5.43000000000001
2232,8319183,2,0.5,FALSE,NA,0,NA,0,6,0,"",686,246,307,0.447521865889213,TRUE,"","NULL","",3.68699999999995
2233,8319184,2,0.5,FALSE,NA,1,0.82,17,89,17,"!{er <= 174} & {nodes <= 5}",686,246,296,0.431486880466472,TRUE,"","NULL","",5.99399999999997
2234,8319185,2,0.5,FALSE,NA,1,0.62,3,8,3,"{age <= 53} & !{nodes <= 7}",686,246,304,0.443148688046647,TRUE,"","NULL","",4.54300000000001
2235,8319186,2,0.5,FALSE,NA,1,0.91,109,310,109,"{age <= 53} & {pgr <= 114}",686,246,301,0.438775510204082,TRUE,"","NULL","Loglik converged before variable  1 ; coefficient may be infinite. ",8.36900000000003
2236,8319187,2,0.5,FALSE,NA,1,0.89,34,114,34,"{pgr <= 0} & !{size <= 20}",686,246,292,0.425655976676385,TRUE,"","NULL","",4.36099999999999
2237,8319188,2,0.5,FALSE,NA,1,0.7,11,85,11,"{size <= 25} & {nodes <= 1}",686,246,302,0.440233236151603,TRUE,"","NULL","",6.38
2238,8319189,2,0.5,FALSE,NA,1,0.86,3,28,3,"!{er <= 3} & {pgr <= 8}",686,246,305,0.444606413994169,TRUE,"","NULL","",4.53500000000003
2239,8319190,2,0.5,FALSE,NA,1,0.81,6,52,6,"!{size <= 35} & {age <= 61}",686,246,273,0.397959183673469,TRUE,"","NULL","",4.77500000000003
2240,8319191,2,0.5,FALSE,NA,1,0.75,7,40,7,"!{size <= 29} & {er <= 30}",686,246,294,0.428571428571429,TRUE,"","NULL","",4.49199999999996
2241,8319192,2,0.5,FALSE,NA,1,0.98,112,374,112,"{age <= 53} & {er <= 17}",686,246,296,0.431486880466472,TRUE,"","NULL","",10.018
2242,8319193,2,0.5,FALSE,NA,1,0.95,56,131,56,"{size <= 20} & !{er <= 9}",686,246,292,0.425655976676385,TRUE,"","NULL","",6.07600000000002
2243,8319194,2,0.5,FALSE,NA,1,0.97,65,227,65,"{age <= 53} & {pgr <= 26}",686,246,287,0.418367346938776,TRUE,"","NULL","",6.12299999999999
2244,8319195,2,0.5,FALSE,NA,1,0.83,3,23,3,"{nodes <= 3} & !{er <= 100}",686,246,303,0.441690962099125,TRUE,"","NULL","",3.32499999999999
2245,8319196,2,0.5,FALSE,NA,1,0.71,3,20,3,"{age <= 46} & !{size <= 20}",686,246,319,0.465014577259475,TRUE,"","NULL","",5.00900000000001
2246,8319197,2,0.5,FALSE,NA,1,0.95,26,127,26,"{size <= 25} & !{er <= 70}",686,246,298,0.434402332361516,TRUE,"","NULL","",6.13299999999998
2247,8319198,2,0.5,FALSE,NA,1,0.94,68,302,68,"!{er <= 174} & !{pgr <= 45}",686,246,306,0.446064139941691,TRUE,"","NULL","",7.88200000000001
2248,8319199,2,0.5,FALSE,NA,1,0.99,150,300,150,"!{pgr <= 45} & !{er <= 100}",686,246,300,0.43731778425656,TRUE,"","NULL","",6.40200000000004
2249,8319200,2,0.5,FALSE,NA,1,0.64,7,31,7,"{grade3} & {pgr <= 45}",686,246,288,0.419825072886297,TRUE,"","NULL","",4.79699999999997
2250,8319201,2,0.5,FALSE,NA,1,0.75,10,51,10,"{size <= 35} & !{size <= 25}",686,246,296,0.431486880466472,TRUE,"","NULL","",4.98500000000001
2251,8319202,2,0.5,FALSE,NA,1,0.62,5,50,5,"!{pgr <= 77} & {er <= 100}",686,246,299,0.435860058309038,TRUE,"","NULL","",4.87700000000001
2252,8319203,2,0.5,FALSE,NA,1,0.99,12,40,12,"!{meno} & !{er <= 44}",686,246,308,0.448979591836735,TRUE,"","NULL","",4.57099999999997
2253,8319204,2,0.5,FALSE,NA,1,0.78,7,58,7,"!{pgr <= 8} & {er <= 17}",686,246,310,0.451895043731778,TRUE,"","NULL","",5.608
2254,8319205,2,0.5,FALSE,NA,1,0.84,5,36,5,"{size <= 25} & {age <= 46}",686,246,309,0.450437317784257,TRUE,"","NULL","",4.52100000000002
2255,8319206,2,0.5,FALSE,NA,1,0.78,7,54,7,"!{pgr <= 16} & {size <= 20}",686,246,260,0.379008746355685,TRUE,"","NULL","",4.66300000000001
2256,8319207,2,0.5,FALSE,NA,1,1,78,238,78,"!{er <= 30} & !{meno}",686,246,306,0.446064139941691,TRUE,"","NULL","",6.63800000000003
2257,8319208,2,0.5,FALSE,NA,1,0.94,44,155,44,"{nodes <= 1} & !{er <= 44}",686,246,314,0.457725947521866,TRUE,"","NULL","",6.71099999999996
2258,8319209,2,0.5,FALSE,NA,1,0.88,4,39,4,"!{size <= 29} & !{er <= 70}",686,246,301,0.438775510204082,TRUE,"","NULL","",4.50800000000004
2259,8319210,2,0.5,FALSE,NA,1,0.74,6,54,6,"{er <= 30} & !{er <= 9}",686,246,291,0.424198250728863,TRUE,"","NULL","",4.923
2260,8319211,2,0.5,FALSE,NA,1,0.98,15,77,15,"{size <= 29} & {er <= 3}",686,246,310,0.451895043731778,TRUE,"","NULL","",4.63200000000001
2261,8319212,2,0.5,FALSE,NA,1,0.99,136,426,136,"{er <= 30} & !{pgr <= 45}",686,246,292,0.425655976676385,TRUE,"","NULL","",9.94200000000001
2262,8319213,2,0.5,FALSE,NA,1,0.98,13,83,13,"!{pgr <= 8} & {pgr <= 16}",686,246,320,0.466472303206997,TRUE,"","NULL","",5.51800000000003
2263,8319214,2,0.5,FALSE,NA,1,0.87,11,39,11,"{nodes <= 1} & {er <= 44}",686,246,316,0.46064139941691,TRUE,"","NULL","",4.67099999999999
2264,8319215,2,0.5,FALSE,NA,1,0.67,4,20,4,"{grade3} & {pgr <= 16}",686,246,280,0.408163265306122,TRUE,"","NULL","",3.33099999999996
2265,8319216,2,0.5,FALSE,NA,1,0.99,104,257,104,"{age <= 46} & !{pgr <= 0}",686,246,310,0.451895043731778,TRUE,"","NULL","",8.08700000000005
2266,8319217,2,0.5,FALSE,NA,1,0.66,4,20,4,"!{nodes <= 7} & {pgr <= 16}",686,246,304,0.443148688046647,TRUE,"","NULL","",4.73599999999999
2267,8319218,2,0.5,FALSE,NA,1,0.93,80,291,80,"!{nodes <= 7} & !{age <= 46}",686,246,305,0.444606413994169,TRUE,"","NULL","",7.74700000000001
2268,8319219,2,0.5,FALSE,NA,1,0.71,2,22,2,"!{pgr <= 184} & !{size <= 25}",686,246,297,0.432944606413994,TRUE,"","NULL","",3.36599999999999
2269,8319220,2,0.5,FALSE,NA,1,0.73,3,37,3,"{er <= 30} & !{nodes <= 5}",686,246,297,0.432944606413994,TRUE,"","NULL","",4.69900000000001
2270,8319221,2,0.5,FALSE,NA,1,0.93,23,98,23,"{size <= 35} & {er <= 0}",686,246,283,0.412536443148688,TRUE,"","NULL","",5.42700000000002
2271,8319222,2,0.5,FALSE,NA,1,0.81,17,75,17,"!{er <= 17} & {er <= 44}",686,246,301,0.438775510204082,TRUE,"","NULL","",5.084
2272,8319223,2,0.5,FALSE,NA,1,0.96,118,411,118,"!{pgr <= 114} & {er <= 100}",686,246,298,0.434402332361516,TRUE,"","NULL","",7.81299999999999
2273,8319224,2,0.5,FALSE,NA,1,0.99,178,515,178,"{nodes <= 1} & {er <= 70}",686,246,297,0.432944606413994,TRUE,"","NULL","",11.736
2274,8319225,2,0.5,FALSE,NA,1,0.99,439,931,439,"!{er <= 17} & {er <= 30}",686,246,309,0.450437317784257,TRUE,"","NULL","",13.716
2275,8319226,2,0.5,FALSE,NA,1,0.9,11,99,11,"!{pgr <= 0} & {pgr <= 8}",686,246,306,0.446064139941691,TRUE,"","NULL","",3.18700000000001
2276,8319227,2,0.5,FALSE,NA,1,0.83,12,61,12,"{size <= 35} & !{er <= 174}",686,246,291,0.424198250728863,TRUE,"","NULL","",2.87599999999998
2277,8319228,2,0.5,FALSE,NA,1,0.83,10,96,10,"!{age <= 46} & !{meno}",686,246,283,0.412536443148688,TRUE,"","NULL","",5.85400000000004
2278,8319229,2,0.5,FALSE,NA,1,0.91,41,158,41,"{er <= 30} & !{pgr <= 16}",686,246,300,0.43731778425656,TRUE,"","NULL","",6.084
2279,8319230,2,0.5,FALSE,NA,1,0.91,22,140,22,"{size <= 35} & !{pgr <= 184}",686,246,309,0.450437317784257,TRUE,"","NULL","",5.85899999999998
2280,8319231,2,0.5,FALSE,NA,1,0.97,37,131,37,"!{pgr <= 114} & {size <= 29}",686,246,319,0.465014577259475,TRUE,"","NULL","",4.93199999999996
2281,8319232,2,0.5,FALSE,NA,1,0.8,3,21,3,"!{er <= 44} & {pgr <= 26}",686,246,302,0.440233236151603,TRUE,"","NULL","",5.255
2282,8319233,2,0.5,FALSE,NA,1,1,17,99,17,"!{er <= 70} & {er <= 174}",686,246,298,0.434402332361516,TRUE,"","NULL","",5.75900000000001
2283,8319234,2,0.5,FALSE,NA,1,0.75,18,103,18,"!{pgr <= 26} & !{size <= 25}",686,246,317,0.462099125364431,TRUE,"","NULL","",5.92899999999997
2284,8319235,2,0.5,FALSE,NA,1,0.95,58,201,58,"!{er <= 17} & !{pgr <= 184}",686,246,291,0.424198250728863,TRUE,"","NULL","",6.04399999999998
2285,8319236,2,0.5,FALSE,NA,1,0.99,89,285,89,"{age <= 46} & {nodes <= 5}",686,246,311,0.4533527696793,TRUE,"","NULL","",8.59099999999995
2286,8319237,2,0.5,FALSE,NA,1,0.71,7,29,7,"{pgr <= 2} & !{size <= 20}",686,246,311,0.4533527696793,TRUE,"","NULL","",4.79400000000004
2287,8319238,2,0.5,FALSE,NA,1,0.95,121,385,121,"{size <= 25} & !{pgr <= 114}",686,246,298,0.434402332361516,TRUE,"","NULL","",8.37400000000002
2288,8319239,2,0.5,FALSE,NA,1,0.85,11,86,11,"{nodes <= 3} & {pgr <= 77}",686,246,321,0.467930029154519,TRUE,"","NULL","",3.77300000000002
2289,8319240,2,0.5,FALSE,NA,1,0.85,4,51,4,"!{nodes <= 3} & {grade3}",686,246,326,0.475218658892128,TRUE,"","NULL","",5.46500000000003
2290,8319241,2,0.5,FALSE,NA,1,0.95,58,147,58,"{er <= 0} & !{size <= 20}",686,246,316,0.46064139941691,TRUE,"","NULL","",6.13499999999999
2291,8319242,2,0.5,FALSE,NA,1,0.99,82,370,82,"{nodes <= 1} & {er <= 30}",686,246,296,0.431486880466472,TRUE,"","NULL","",8.495
2292,8319243,2,0.5,FALSE,NA,1,0.96,98,282,98,"!{meno} & {pgr <= 26}",686,246,300,0.43731778425656,TRUE,"","NULL","",5.68800000000005
2293,8319244,2,0.5,FALSE,NA,0,NA,0,10,0,"",686,246,294,0.428571428571429,TRUE,"","NULL","",4.64999999999998
2294,8319245,2,0.5,FALSE,NA,1,0.91,18,60,18,"{pgr <= 16} & {grade3}",686,246,290,0.422740524781341,TRUE,"","NULL","",5.11799999999999
2295,8319246,2,0.5,FALSE,NA,1,0.91,30,93,30,"{er <= 0}",686,246,286,0.416909620991254,TRUE,"","NULL","",5.60400000000004
2296,8319247,2,0.5,FALSE,NA,1,0.8,32,158,32,"{size <= 35} & {pgr <= 45}",686,246,266,0.387755102040816,TRUE,"","NULL","",5.49399999999997
2297,8319248,2,0.5,FALSE,NA,1,0.93,15,88,15,"!{er <= 9} & {er <= 17}",686,246,294,0.428571428571429,TRUE,"","NULL","",5.61700000000002
2298,8319249,2,0.5,FALSE,NA,1,0.98,21,74,21,"{age <= 61} & {er <= 0}",686,246,306,0.446064139941691,TRUE,"","NULL","",5.40100000000001
2299,8319250,2,0.5,FALSE,NA,0,NA,0,20,0,"",686,246,296,0.431486880466472,TRUE,"","NULL","",4.43599999999998
2300,8319251,2,0.5,FALSE,NA,1,0.95,34,111,34,"!{er <= 17} & {pgr <= 26}",686,246,276,0.402332361516035,TRUE,"","NULL","",5.25900000000001
2301,8319252,2,0.5,FALSE,NA,1,0.94,46,186,46,"{nodes <= 5} & {size <= 20}",686,246,291,0.424198250728863,TRUE,"","NULL","",7.31400000000002
2302,8319253,2,0.5,FALSE,NA,1,0.91,5,49,5,"{age <= 46} & !{size <= 20}",686,246,303,0.441690962099125,TRUE,"","NULL","",5.23099999999999
2303,8319254,2,0.5,FALSE,NA,0,NA,0,11,0,"",686,246,302,0.440233236151603,TRUE,"","NULL","",4.41399999999999
2304,8319255,2,0.5,FALSE,NA,0,NA,0,4,0,"",686,246,293,0.427113702623907,TRUE,"","NULL","",3.68600000000004
2305,8319256,2,0.5,FALSE,NA,1,0.97,42,95,42,"{nodes <= 7} & !{pgr <= 114}",686,246,289,0.421282798833819,TRUE,"","NULL","",6.11899999999997
2306,8319257,2,0.5,FALSE,NA,1,0.81,9,51,9,"{age <= 53} & !{age <= 46}",686,246,323,0.470845481049563,TRUE,"","NULL","",5.02800000000002
2307,8319258,2,0.5,FALSE,NA,1,0.78,8,65,8,"!{er <= 174} & !{nodes <= 1}",686,246,301,0.438775510204082,TRUE,"","NULL","",5.40700000000004
2308,8319259,2,0.5,FALSE,NA,0,NA,0,4,0,"",686,246,296,0.431486880466472,TRUE,"","NULL","",3.80199999999996
2309,8319260,2,0.5,FALSE,NA,0,NA,0,7,0,"",686,246,320,0.466472303206997,TRUE,"","NULL","",4.33300000000003
2310,8319261,2,0.5,FALSE,NA,1,0.94,12,68,12,"{pgr <= 8} & {grade3}",686,246,294,0.428571428571429,TRUE,"","NULL","",5.05699999999996
2311,8319262,2,0.5,FALSE,NA,1,0.87,8,37,8,"{age <= 46} & !{size <= 25}",686,246,319,0.465014577259475,TRUE,"","NULL","",4.77499999999998
2312,8319263,2,0.5,FALSE,NA,1,0.66,3,24,3,"!{meno} & {size <= 29}",686,246,286,0.416909620991254,TRUE,"","NULL","",4.375
2313,8319264,2,0.5,FALSE,NA,1,0.87,18,62,18,"{nodes <= 1} & {size <= 29}",686,246,306,0.446064139941691,TRUE,"","NULL","",5.30599999999998
2314,8319265,2,0.5,FALSE,NA,0,NA,0,16,0,"",686,246,322,0.469387755102041,TRUE,"","NULL","Loglik converged before variable  1 ; coefficient may be infinite. ",4.59199999999998
2315,8319266,2,0.5,FALSE,NA,1,0.97,23,85,23,"{age <= 46} & !{pgr <= 16}",686,246,300,0.43731778425656,TRUE,"","NULL","",5.69199999999995
2316,8319267,2,0.5,FALSE,NA,1,0.88,5,28,5,"{age <= 53} & !{er <= 44}",686,246,299,0.435860058309038,TRUE,"","NULL","",4.154
2317,8319268,2,0.5,FALSE,NA,1,0.99,9,48,9,"{pgr <= 77} & !{pgr <= 45}",686,246,288,0.419825072886297,TRUE,"","NULL","",4.74799999999999
2318,8319269,2,0.5,FALSE,NA,1,0.94,36,123,36,"{grade3} & {size <= 35}",686,246,293,0.427113702623907,TRUE,"","NULL","",5.98199999999997
2319,8319270,2,0.5,FALSE,NA,1,0.92,37,191,37,"!{pgr <= 114} & {size <= 25}",686,246,304,0.443148688046647,TRUE,"","NULL","",7.005
2320,8319271,2,0.5,FALSE,NA,1,0.74,9,48,9,"!{size <= 29} & {er <= 30}",686,246,308,0.448979591836735,TRUE,"","NULL","",3.84100000000001
2321,8319272,2,0.5,FALSE,NA,1,0.89,18,51,18,"{size <= 20} & {nodes <= 3}",686,246,301,0.438775510204082,TRUE,"","NULL","",5.601
2322,8319273,2,0.5,FALSE,NA,1,0.67,6,34,6,"!{size <= 35} & {pgr <= 114}",686,246,290,0.422740524781341,TRUE,"","NULL","",4.59700000000004
2323,8319274,2,0.5,FALSE,NA,1,0.66,3,31,3,"!{age <= 61} & !{grade3}",686,246,295,0.43002915451895,TRUE,"","NULL","",4.71299999999997
2324,8319275,2,0.5,FALSE,NA,1,0.79,14,57,14,"{age <= 46} & {nodes <= 5}",686,246,305,0.444606413994169,TRUE,"","NULL","",5.06299999999999
2325,8319276,2,0.5,FALSE,NA,1,0.85,20,113,20,"!{nodes <= 5} & !{pgr <= 8}",686,246,292,0.425655976676385,TRUE,"","NULL","",6.85400000000004
2326,8319277,2,0.5,FALSE,NA,1,0.94,60,151,60,"!{er <= 70} & {age <= 61}",686,246,303,0.441690962099125,TRUE,"","NULL","",5.97300000000001
2327,8319278,2,0.5,FALSE,NA,1,0.84,18,65,18,"!{size <= 25} & {er <= 44}",686,246,313,0.456268221574344,TRUE,"","NULL","Loglik converged before variable  1 ; coefficient may be infinite. ",5.31799999999998
2328,8319279,2,0.5,FALSE,NA,0,NA,0,NA,NA,"",686,246,279,0.406705539358601,TRUE,"","NULL","",3.45600000000002
2329,8319280,2,0.5,FALSE,NA,1,0.83,14,68,14,"{size <= 20} & !{age <= 46}",686,246,319,0.465014577259475,TRUE,"","NULL","",5.92400000000004
2330,8319281,2,0.5,FALSE,NA,1,0.81,14,90,14,"{size <= 20} & !{pgr <= 0}",686,246,293,0.427113702623907,TRUE,"","NULL","",5.31600000000003
2331,8319282,2,0.5,FALSE,NA,1,0.71,5,48,5,"!{nodes <= 3} & {pgr <= 8}",686,246,300,0.43731778425656,TRUE,"","NULL","",4.887
2332,8319283,2,0.5,FALSE,NA,1,0.66,3,32,3,"{size <= 29} & {nodes <= 1}",686,246,285,0.415451895043732,TRUE,"","NULL","",4.55000000000001
2333,8319284,2,0.5,FALSE,NA,1,0.84,2,23,2,"!{er <= 3} & {er <= 9}",686,246,287,0.418367346938776,TRUE,"","NULL","",4.49599999999998
2334,8319285,2,0.5,FALSE,NA,1,0.71,10,53,10,"{er <= 30} & !{size <= 25}",686,246,297,0.432944606413994,TRUE,"","NULL","",4.88200000000001
2335,8319286,2,0.5,FALSE,NA,1,0.99,76,169,76,"!{er <= 70} & {er <= 100}",686,246,280,0.408163265306122,TRUE,"","NULL","",6.536
2336,8319287,2,0.5,FALSE,NA,1,0.94,20,118,20,"{er <= 17} & !{er <= 9}",686,246,299,0.435860058309038,TRUE,"","NULL","",4.947
2337,8319288,2,0.5,FALSE,NA,1,0.87,73,225,73,"{size <= 25} & !{meno}",686,246,299,0.435860058309038,TRUE,"","NULL","",8.00299999999999
2338,8319289,2,0.5,FALSE,NA,1,0.79,2,39,2,"{er <= 100} & !{er <= 70}",686,246,312,0.454810495626822,TRUE,"","NULL","",4.96499999999997
2339,8319290,2,0.5,FALSE,NA,1,0.99,46,111,46,"{grade3} & {pgr <= 45}",686,246,304,0.443148688046647,TRUE,"","NULL","",5.755
2340,8319291,2,0.5,FALSE,NA,1,0.85,22,154,22,"!{pgr <= 45} & !{age <= 53}",686,246,289,0.421282798833819,TRUE,"","NULL","",4.59800000000001
2341,8319292,2,0.5,FALSE,NA,1,0.89,38,143,38,"{pgr <= 8} & {age <= 53}",686,246,310,0.451895043731778,TRUE,"","NULL","",6.94799999999998
2342,8319293,2,0.5,FALSE,NA,1,0.86,14,65,14,"{nodes <= 7} & {age <= 46}",686,246,289,0.421282798833819,TRUE,"","NULL","",5.07399999999996
2343,8319294,2,0.5,FALSE,NA,0,NA,0,17,0,"",686,246,305,0.444606413994169,TRUE,"","NULL","",4.33699999999999
2344,8319295,2,0.5,FALSE,NA,1,0.98,41,136,41,"{er <= 3} & {size <= 35}",686,246,306,0.446064139941691,TRUE,"","NULL","",5.16899999999998
2345,8319296,2,0.5,FALSE,NA,1,0.92,33,131,33,"{nodes <= 7} & {er <= 3}",686,246,282,0.411078717201166,TRUE,"","NULL","",6.48000000000002
2346,8319297,2,0.5,FALSE,NA,1,0.96,53,227,53,"{size <= 29} & !{pgr <= 114}",686,246,301,0.438775510204082,TRUE,"","NULL","",7.03800000000001
2347,8319298,2,0.5,FALSE,NA,1,0.99,44,221,44,"{grade3} & {pgr <= 26}",686,246,312,0.454810495626822,TRUE,"","NULL","",6.47699999999998
2348,8319299,2,0.5,FALSE,NA,1,0.9,11,82,11,"{pgr <= 0} & {nodes <= 7}",686,246,279,0.406705539358601,TRUE,"","NULL","",3.83199999999999
2349,8319300,2,0.5,FALSE,NA,1,0.67,1,22,1,"{size <= 25} & !{pgr <= 114}",686,246,305,0.444606413994169,TRUE,"","NULL","",5.005
2350,8319301,2,0.5,FALSE,NA,1,0.61,4,62,4,"!{pgr <= 77} & !{size <= 25}",686,246,322,0.469387755102041,TRUE,"","NULL","",5.74299999999999
2351,8319302,2,0.5,FALSE,NA,1,0.62,3,29,3,"{pgr <= 8} & !{er <= 3}",686,246,302,0.440233236151603,TRUE,"","NULL","",4.42099999999999
2352,8319303,2,0.5,FALSE,NA,1,0.85,4,11,4,"!{pgr <= 77} & {pgr <= 114}",686,246,296,0.431486880466472,TRUE,"","NULL","",4.17399999999998
2353,8319304,2,0.5,FALSE,NA,1,0.99,215,465,215,"{size <= 35} & {pgr <= 2}",686,246,302,0.440233236151603,TRUE,"","NULL","",10.395
2354,8319305,2,0.5,FALSE,NA,1,0.79,10,85,10,"{age <= 61} & !{er <= 70}",686,246,295,0.43002915451895,TRUE,"","NULL","",5.18699999999995
2355,8319306,2,0.5,FALSE,NA,1,0.95,5,27,5,"!{er <= 9} & {er <= 17}",686,246,300,0.43731778425656,TRUE,"","NULL","",4.36099999999999
2356,8319307,2,0.5,FALSE,NA,1,0.9,24,97,24,"{pgr <= 77} & !{pgr <= 16}",686,246,302,0.440233236151603,TRUE,"","NULL","",3.76799999999997
2357,8319308,2,0.5,FALSE,NA,1,0.78,3,15,3,"!{er <= 44} & {er <= 100}",686,246,291,0.424198250728863,TRUE,"","NULL","",4.71000000000004
2358,8319309,2,0.5,FALSE,NA,1,0.59,2,42,2,"{size <= 35} & {pgr <= 0}",686,246,304,0.443148688046647,TRUE,"","NULL","",5.11600000000004
2359,8319310,2,0.5,FALSE,NA,1,0.82,13,38,13,"!{pgr <= 184} & {er <= 174}",686,246,308,0.448979591836735,TRUE,"","NULL","",4.94299999999998
2360,8319311,2,0.5,FALSE,NA,1,0.96,36,169,36,"{er <= 174} & !{pgr <= 184}",686,246,283,0.412536443148688,TRUE,"","NULL","",6.21300000000002
2361,8319312,2,0.5,FALSE,NA,1,0.57,1,14,1,"!{er <= 9} & {er <= 17}",686,246,293,0.427113702623907,TRUE,"","NULL","",4.72700000000003
2362,8319313,2,0.5,FALSE,NA,1,0.73,13,82,13,"!{age <= 61} & !{pgr <= 0}",686,246,286,0.416909620991254,TRUE,"","NULL","",5.529
2363,8319314,2,0.5,FALSE,NA,1,0.76,8,100,8,"!{grade3} & !{meno}",686,246,302,0.440233236151603,TRUE,"","NULL","",5.59300000000002
2364,8319315,2,0.5,FALSE,NA,1,0.92,35,162,35,"{pgr <= 26} & !{pgr <= 16}",686,246,326,0.475218658892128,TRUE,"","NULL","",5.62099999999998
2365,8319316,2,0.5,FALSE,NA,1,0.97,29,121,29,"{nodes <= 7} & {age <= 46}",686,246,289,0.421282798833819,TRUE,"","NULL","",6.56299999999999
2366,8319317,2,0.5,FALSE,NA,0,NA,0,3,0,"",686,246,306,0.446064139941691,TRUE,"","NULL","",3.858
2367,8319318,2,0.5,FALSE,NA,0,NA,0,1,0,"",686,246,302,0.440233236151603,TRUE,"","NULL","",4.12
2368,8319319,2,0.5,FALSE,NA,1,0.85,13,116,13,"{er <= 30} & !{er <= 9}",686,246,309,0.450437317784257,TRUE,"","NULL","Loglik converged before variable  1 ; coefficient may be infinite. ",5.55699999999996
2369,8319320,2,0.5,FALSE,NA,1,0.62,4,41,4,"!{size <= 20} & {age <= 46}",686,246,280,0.408163265306122,TRUE,"","NULL","",5.084
2370,8319321,2,0.5,FALSE,NA,1,0.67,4,17,4,"!{pgr <= 26} & {er <= 30}",686,246,277,0.403790087463557,TRUE,"","NULL","",4.70600000000002
2371,8319322,2,0.5,FALSE,NA,1,0.79,3,24,3,"!{pgr <= 184} & !{age <= 46}",686,246,301,0.438775510204082,TRUE,"","NULL","",4.44499999999999
2372,8319323,2,0.5,FALSE,NA,1,0.84,9,59,9,"!{er <= 9} & {er <= 30}",686,246,294,0.428571428571429,TRUE,"","NULL","",4.93200000000002
2373,8319324,2,0.5,FALSE,NA,1,0.54,1,18,1,"!{er <= 174} & !{nodes <= 1}",686,246,298,0.434402332361516,TRUE,"","NULL","",4.59199999999998
2374,8319325,2,0.5,FALSE,NA,1,0.87,17,63,17,"{er <= 174} & !{pgr <= 77}",686,246,298,0.434402332361516,TRUE,"","NULL","",5.37800000000004
2375,8319326,2,0.5,FALSE,NA,1,0.8,4,21,4,"!{grade3} & !{pgr <= 184}",686,246,282,0.411078717201166,TRUE,"","NULL","",4.43799999999999
2376,8319327,2,0.5,FALSE,NA,1,0.89,11,32,11,"!{pgr <= 114} & {nodes <= 3}",686,246,281,0.409620991253644,TRUE,"","NULL","",4.27500000000003
2377,8319328,2,0.5,FALSE,NA,1,0.9,22,98,22,"!{pgr <= 77} & {pgr <= 114}",686,246,289,0.421282798833819,TRUE,"","NULL","",6.11099999999999
2378,8319329,2,0.5,FALSE,NA,1,1,23,92,23,"!{er <= 9} & {er <= 17}",686,246,277,0.403790087463557,TRUE,"","NULL","",5.20400000000001
2379,8319330,2,0.5,FALSE,NA,1,0.95,81,245,81,"{nodes <= 7} & {age <= 46}",686,246,307,0.447521865889213,TRUE,"","NULL","",7.51499999999999
2380,8319331,2,0.5,FALSE,NA,1,0.78,11,67,11,"!{size <= 25} & {age <= 46}",686,246,292,0.425655976676385,TRUE,"","NULL","",3.67399999999998
2381,8319332,2,0.5,FALSE,NA,1,0.97,95,273,95,"{size <= 20} & {meno}",686,246,317,0.462099125364431,TRUE,"","NULL","",8.44900000000001
2382,8319333,2,0.5,FALSE,NA,1,0.6,2,20,2,"!{size <= 35} & !{er <= 3}",686,246,301,0.438775510204082,TRUE,"","NULL","",4.35500000000002
2383,8319334,2,0.5,FALSE,NA,1,0.99,77,336,77,"{age <= 53} & !{er <= 44}",686,246,308,0.448979591836735,TRUE,"","NULL","",8.10499999999996
2384,8319335,2,0.5,FALSE,NA,1,0.71,6,89,6,"{size <= 25} & !{nodes <= 1}",686,246,316,0.46064139941691,TRUE,"","NULL","",3.63600000000002
2385,8319336,2,0.5,FALSE,NA,1,0.98,30,100,30,"{er <= 0} & {pgr <= 16}",686,246,301,0.438775510204082,TRUE,"","NULL","",6.637
2386,8319337,2,0.5,FALSE,NA,1,0.63,3,14,3,"{pgr <= 77} & !{pgr <= 26}",686,246,298,0.434402332361516,TRUE,"","NULL","",4.02500000000003
2387,8319338,2,0.5,FALSE,NA,1,0.55,1,3,1,"{size <= 35} & {pgr <= 0}",686,246,319,0.465014577259475,TRUE,"","NULL","",4.178
2388,8319339,2,0.5,FALSE,NA,1,0.93,53,245,53,"{grade3} & {age <= 53}",686,246,313,0.456268221574344,TRUE,"","NULL","",6.84100000000001
2389,8319340,2,0.5,FALSE,NA,1,0.7,7,46,7,"{nodes <= 7} & {age <= 46}",686,246,303,0.441690962099125,TRUE,"","NULL","",5.255
2390,8319341,2,0.5,FALSE,NA,1,0.97,77,313,77,"{age <= 53} & {size <= 35}",686,246,315,0.459183673469388,TRUE,"","NULL","",8.86399999999998
2391,8319342,2,0.5,FALSE,NA,1,0.71,10,45,10,"!{age <= 53} & {size <= 25}",686,246,304,0.443148688046647,TRUE,"","NULL","",4.83000000000004
2392,8319343,2,0.5,FALSE,NA,1,0.74,2,19,2,"!{meno} & !{size <= 25}",686,246,301,0.438775510204082,TRUE,"","NULL","",3.654
2393,8319344,2,0.5,FALSE,NA,1,0.87,3,23,3,"{er <= 100} & !{er <= 70}",686,246,289,0.421282798833819,TRUE,"","NULL","",4.79900000000004
2394,8319345,2,0.5,FALSE,NA,1,0.98,124,458,124,"{pgr <= 26} & {nodes <= 5}",686,246,295,0.43002915451895,TRUE,"","NULL","",10.698
2395,8319346,2,0.5,FALSE,NA,1,0.91,17,66,17,"{age <= 53} & !{er <= 44}",686,246,306,0.446064139941691,TRUE,"","NULL","",4.68700000000001
2396,8319347,2,0.5,FALSE,NA,1,0.9,8,72,8,"!{pgr <= 77} & {er <= 100}",686,246,302,0.440233236151603,TRUE,"","NULL","",3.82900000000001
2397,8319348,2,0.5,FALSE,NA,1,0.95,64,233,64,"{size <= 29} & !{er <= 100}",686,246,297,0.432944606413994,TRUE,"","NULL","Loglik converged before variable  1 ; coefficient may be infinite. ",8.14799999999997
2398,8319349,2,0.5,FALSE,NA,1,0.86,19,73,19,"!{size <= 35} & {pgr <= 337}",686,246,309,0.450437317784257,TRUE,"","NULL","",5.053
2399,8319350,2,0.5,FALSE,NA,1,0.99,99,260,99,"{er <= 30} & {size <= 20}",686,246,295,0.43002915451895,TRUE,"","NULL","",7.05900000000003
2400,8319351,2,0.5,FALSE,NA,1,0.81,1,8,1,"!{er <= 70} & {er <= 100}",686,246,297,0.432944606413994,TRUE,"","NULL","",3.24900000000002
2401,8319352,2,0.5,FALSE,NA,1,0.59,1,20,1,"!{er <= 9} & {er <= 17}",686,246,304,0.443148688046647,TRUE,"","NULL","",4.99599999999998
2402,8319353,2,0.5,FALSE,NA,1,0.99,105,270,105,"{age <= 53} & {nodes <= 3}",686,246,292,0.425655976676385,TRUE,"","NULL","",8.31999999999999
2403,8319354,2,0.5,FALSE,NA,1,0.98,40,123,40,"!{meno} & {pgr <= 8}",686,246,298,0.434402332361516,TRUE,"","NULL","",5.58300000000003
2404,8319355,2,0.5,FALSE,NA,1,0.99,56,158,56,"!{er <= 70} & {er <= 100}",686,246,303,0.441690962099125,TRUE,"","NULL","",4.69599999999997
2405,8319356,2,0.5,FALSE,NA,1,0.68,4,39,4,"{age <= 53} & {pgr <= 114}",686,246,289,0.421282798833819,TRUE,"","NULL","",4.83800000000002
2406,8319357,2,0.5,FALSE,NA,1,0.82,9,44,9,"!{er <= 9} & {er <= 17}",686,246,288,0.419825072886297,TRUE,"","NULL","",4.74099999999999
2407,8319358,2,0.5,FALSE,NA,0,NA,0,6,0,"",686,246,314,0.457725947521866,TRUE,"","NULL","",4.57900000000001
2408,8319359,2,0.5,FALSE,NA,1,0.78,2,15,2,"!{er <= 3} & {pgr <= 8}",686,246,291,0.424198250728863,TRUE,"","NULL","",4.25399999999996
2409,8319360,2,0.5,FALSE,NA,1,0.88,26,75,26,"!{er <= 174} & {size <= 35}",686,246,294,0.428571428571429,TRUE,"","NULL","",5.90300000000002
2410,8319361,2,0.5,FALSE,NA,1,0.74,9,67,9,"!{grade3} & {age <= 46}",686,246,307,0.447521865889213,TRUE,"","NULL","",5.63200000000001
2411,8319362,2,0.5,FALSE,NA,1,0.87,21,109,21,"!{nodes <= 5} & {er <= 30}",686,246,286,0.416909620991254,TRUE,"","NULL","",5.28299999999996
2412,8319363,2,0.5,FALSE,NA,1,0.94,45,188,45,"{nodes <= 3} & !{er <= 70}",686,246,283,0.412536443148688,TRUE,"","NULL","",5.42599999999999
2413,8319364,2,0.5,FALSE,NA,1,0.87,25,90,25,"!{pgr <= 114} & {er <= 100}",686,246,297,0.432944606413994,TRUE,"","NULL","",6.14499999999998
2414,8319365,2,0.5,FALSE,NA,1,0.86,5,19,5,"{size <= 29} & {er <= 3}",686,246,321,0.467930029154519,TRUE,"","NULL","",4.25800000000004
2415,8319366,2,0.5,FALSE,NA,1,0.92,30,107,30,"!{grade3} & {er <= 3}",686,246,312,0.454810495626822,TRUE,"","NULL","",5.565
2416,8319367,2,0.5,FALSE,NA,1,0.97,87,248,87,"{age <= 53} & {pgr <= 45}",686,246,285,0.415451895043732,TRUE,"","NULL","",6.12299999999999
2417,8319368,2,0.5,FALSE,NA,1,0.54,1,8,1,"!{er <= 174} & {pgr <= 184}",686,246,296,0.431486880466472,TRUE,"","NULL","",4.995
2418,8319369,2,0.5,FALSE,NA,1,0.87,9,42,9,"!{pgr <= 184} & {nodes <= 7}",686,246,296,0.431486880466472,TRUE,"","NULL","",4.94399999999996
2419,8319370,2,0.5,FALSE,NA,1,0.54,1,10,1,"!{nodes <= 7} & !{pgr <= 8}",686,246,305,0.444606413994169,TRUE,"","NULL","",4.49000000000001
2420,8319371,2,0.5,FALSE,NA,1,0.97,114,353,114,"{age <= 53} & !{nodes <= 7}",686,246,294,0.428571428571429,TRUE,"","NULL","",8.00600000000003
2421,8319372,2,0.5,FALSE,NA,1,0.8,5,58,5,"!{nodes <= 1} & !{er <= 174}",686,246,313,0.456268221574344,TRUE,"","NULL","",6.14800000000002
2422,8319373,2,0.5,FALSE,NA,1,0.76,9,59,9,"{size <= 25} & !{er <= 30}",686,246,295,0.43002915451895,TRUE,"","NULL","",5.101
2423,8319374,2,0.5,FALSE,NA,1,0.52,1,14,1,"{er <= 3} & !{pgr <= 0}",686,246,289,0.421282798833819,TRUE,"","NULL","",4.15199999999999
2424,8319375,2,0.5,FALSE,NA,1,0.87,9,59,9,"{size <= 35} & {age <= 46}",686,246,304,0.443148688046647,TRUE,"","NULL","",4.77199999999999
2425,8319376,2,0.5,FALSE,NA,1,0.92,11,91,11,"!{pgr <= 77} & {pgr <= 114}",686,246,304,0.443148688046647,TRUE,"","NULL","",6.37399999999997
2426,8319377,2,0.5,FALSE,NA,1,0.97,4,18,4,"{er <= 100} & !{er <= 44}",686,246,297,0.432944606413994,TRUE,"","NULL","",4.21800000000002
2427,8319378,2,0.5,FALSE,NA,1,0.56,1,3,1,"{er <= 100} & !{er <= 70}",686,246,295,0.43002915451895,TRUE,"","NULL","",4.06400000000002
2428,8319379,2,0.5,FALSE,NA,1,0.57,1,14,1,"{nodes <= 5} & !{size <= 35}",686,246,296,0.431486880466472,TRUE,"","NULL","",4.24900000000002
2429,8319380,2,0.5,FALSE,NA,1,0.95,14,86,14,"!{pgr <= 184} & !{er <= 17}",686,246,303,0.441690962099125,TRUE,"","NULL","",6.29999999999995
2430,8319381,2,0.5,FALSE,NA,1,0.98,19,46,19,"{er <= 0}",686,246,311,0.4533527696793,TRUE,"","NULL","",4.88499999999999
2431,8319382,2,0.5,FALSE,NA,1,0.99,24,119,24,"!{pgr <= 77} & {er <= 44}",686,246,310,0.451895043731778,TRUE,"","NULL","",5.72500000000002
2432,8319383,2,0.5,FALSE,NA,1,0.82,2,48,2,"!{er <= 44} & {age <= 53}",686,246,298,0.434402332361516,TRUE,"","NULL","",4.17599999999999
2433,8319384,2,0.5,FALSE,NA,1,0.6,3,31,3,"!{nodes <= 5} & !{er <= 30}",686,246,304,0.443148688046647,TRUE,"","NULL","",5.57800000000003
2434,8319385,2,0.5,FALSE,NA,1,0.85,14,48,14,"{er <= 0}",686,246,309,0.450437317784257,TRUE,"","NULL","",5.04599999999999
2435,8319386,2,0.5,FALSE,NA,1,0.9,9,61,9,"!{size <= 29} & !{er <= 100}",686,246,311,0.4533527696793,TRUE,"","NULL","",5.25900000000001
2436,8319387,2,0.5,FALSE,NA,1,0.89,40,203,40,"{er <= 70} & !{pgr <= 8}",686,246,278,0.405247813411079,TRUE,"","NULL","Loglik converged before variable  1 ; coefficient may be infinite. ",5.96299999999997
2437,8319388,2,0.5,FALSE,NA,1,0.55,1,23,1,"!{pgr <= 45} & {er <= 30}",686,246,301,0.438775510204082,TRUE,"","NULL","",4.92899999999997
2438,8319389,2,0.5,FALSE,NA,1,0.91,4,34,4,"!{pgr <= 2} & {pgr <= 8}",686,246,289,0.421282798833819,TRUE,"","NULL","",4.58800000000002
2439,8319390,2,0.5,FALSE,NA,1,0.86,18,52,18,"{grade3} & {er <= 30}",686,246,297,0.432944606413994,TRUE,"","NULL","",5.23700000000002
2440,8319391,2,0.5,FALSE,NA,1,0.93,52,213,52,"!{pgr <= 8} & {size <= 20}",686,246,298,0.434402332361516,TRUE,"","NULL","",6.56800000000004
2441,8319392,2,0.5,FALSE,NA,1,0.82,4,37,4,"{grade3} & !{pgr <= 8}",686,246,307,0.447521865889213,TRUE,"","NULL","",4.94599999999997
2442,8319393,2,0.5,FALSE,NA,1,0.94,43,151,43,"!{pgr <= 114} & {size <= 35}",686,246,302,0.440233236151603,TRUE,"","NULL","",6.63999999999999
2443,8319394,2,0.5,FALSE,NA,1,0.91,10,55,10,"{size <= 35} & {pgr <= 2}",686,246,315,0.459183673469388,TRUE,"","NULL","",4.81
2444,8319395,2,0.5,FALSE,NA,1,0.77,8,32,8,"!{pgr <= 45} & {er <= 70}",686,246,281,0.409620991253644,TRUE,"","NULL","",3.91199999999998
2445,8319396,2,0.5,FALSE,NA,1,0.99,21,100,21,"{age <= 46} & !{size <= 25}",686,246,312,0.454810495626822,TRUE,"","NULL","",6.00400000000002
2446,8319397,2,0.5,FALSE,NA,1,0.86,17,89,17,"{age <= 46} & {pgr <= 114}",686,246,316,0.46064139941691,TRUE,"","NULL","",5.51400000000001
2447,8319398,2,0.5,FALSE,NA,1,0.86,29,115,29,"{meno} & !{er <= 174}",686,246,288,0.419825072886297,TRUE,"","NULL","",5.44099999999997
2448,8319399,2,0.5,FALSE,NA,1,0.96,41,200,41,"!{meno} & !{pgr <= 77}",686,246,305,0.444606413994169,TRUE,"","NULL","",5.39699999999999
2449,8319400,2,0.5,FALSE,NA,1,0.63,3,27,3,"{grade3} & {pgr <= 16}",686,246,289,0.421282798833819,TRUE,"","NULL","",5.15800000000002
2450,8319401,2,0.5,FALSE,NA,1,0.84,2,17,2,"!{nodes <= 1} & !{er <= 174}",686,246,306,0.446064139941691,TRUE,"","NULL","",4.26499999999999
2451,8319402,2,0.5,FALSE,NA,1,0.99,19,50,19,"{age <= 46} & {er <= 9}",686,246,293,0.427113702623907,TRUE,"","NULL","",5.32299999999998
2452,8319403,2,0.5,FALSE,NA,1,0.59,1,16,1,"!{age <= 61} & !{er <= 100}",686,246,302,0.440233236151603,TRUE,"","NULL","",4.26800000000003
2453,8319404,2,0.5,FALSE,NA,1,0.79,3,18,3,"!{er <= 70} & {pgr <= 45}",686,246,288,0.419825072886297,TRUE,"","NULL","",4.77699999999999
2454,8319405,2,0.5,FALSE,NA,1,0.73,2,25,2,"{er <= 44} & !{pgr <= 45}",686,246,316,0.46064139941691,TRUE,"","NULL","",4.714
2455,8319406,2,0.5,FALSE,NA,1,0.97,59,191,59,"{size <= 29} & {pgr <= 2}",686,246,306,0.446064139941691,TRUE,"","NULL","",7.31799999999998
2456,8319407,2,0.5,FALSE,NA,0,NA,0,4,0,"",686,246,288,0.419825072886297,TRUE,"","NULL","",3.786
2457,8319408,2,0.5,FALSE,NA,1,0.5,1,11,1,"!{pgr <= 8} & {pgr <= 26}",686,246,286,0.416909620991254,TRUE,"","NULL","",4.70100000000002
2458,8319409,2,0.5,FALSE,NA,1,0.97,71,206,71,"!{er <= 174} & !{pgr <= 26}",686,246,309,0.450437317784257,TRUE,"","NULL","",7.40999999999997
2459,8319410,2,0.5,FALSE,NA,1,0.82,4,14,4,"{age <= 46} & {size <= 29}",686,246,302,0.440233236151603,TRUE,"","NULL","",4.447
2460,8319411,2,0.5,FALSE,NA,1,0.55,1,17,1,"{er <= 174} & !{er <= 100}",686,246,309,0.450437317784257,TRUE,"","NULL","",3.88799999999998
2461,8319412,2,0.5,FALSE,NA,1,0.52,1,22,1,"!{size <= 35} & !{er <= 44}",686,246,311,0.4533527696793,TRUE,"","NULL","",5.24099999999999
2462,8319413,2,0.5,FALSE,NA,1,0.88,7,33,7,"{age <= 46} & {pgr <= 184}",686,246,291,0.424198250728863,TRUE,"","NULL","",4.488
2463,8319414,2,0.5,FALSE,NA,0,NA,0,1,0,"",686,246,314,0.457725947521866,TRUE,"","NULL","",4.16300000000001
2464,8319415,2,0.5,FALSE,NA,1,0.88,19,78,19,"!{grade3} & {age <= 46}",686,246,311,0.4533527696793,TRUE,"","NULL","",5.09499999999997
2465,8319416,2,0.5,FALSE,NA,1,0.97,70,164,70,"!{er <= 174} & !{pgr <= 26}",686,246,296,0.431486880466472,TRUE,"","NULL","",7.416
2466,8319417,2,0.5,FALSE,NA,1,0.98,87,180,87,"{nodes <= 3} & {er <= 9}",686,246,311,0.4533527696793,TRUE,"","NULL","",6.24000000000001
2467,8319418,2,0.5,FALSE,NA,1,0.96,2,37,2,"{er <= 17} & !{er <= 9}",686,246,306,0.446064139941691,TRUE,"","NULL","",4.66200000000003
2468,8319419,2,0.5,FALSE,NA,1,0.58,2,15,2,"{nodes <= 5} & {er <= 3}",686,246,290,0.422740524781341,TRUE,"","NULL","",3.61400000000003
2469,8319420,2,0.5,FALSE,NA,1,0.87,32,86,32,"{grade3} & {pgr <= 337}",686,246,283,0.412536443148688,TRUE,"","NULL","",5.99400000000003
2470,8319421,2,0.5,FALSE,NA,0,NA,0,2,0,"",686,246,309,0.450437317784257,TRUE,"","NULL","",3.904
2471,8319422,2,0.5,FALSE,NA,1,0.94,10,49,10,"!{pgr <= 8} & {er <= 17}",686,246,303,0.441690962099125,TRUE,"","NULL","",4.96300000000002
2472,8319423,2,0.5,FALSE,NA,1,0.93,4,22,4,"{age <= 46} & {size <= 29}",686,246,296,0.431486880466472,TRUE,"","NULL","",4.33800000000002
2473,8319424,2,0.5,FALSE,NA,1,0.9,12,64,12,"{age <= 53} & {pgr <= 114}",686,246,292,0.425655976676385,TRUE,"","NULL","",5.64300000000003
2474,8319425,2,0.5,FALSE,NA,1,0.99,10,50,10,"{er <= 17} & !{er <= 9}",686,246,297,0.432944606413994,TRUE,"","NULL","",4.97199999999998
2475,8319426,2,0.5,FALSE,NA,0,NA,0,5,0,"",686,246,303,0.441690962099125,TRUE,"","NULL","",4.55399999999997
2476,8319427,2,0.5,FALSE,NA,1,0.93,4,43,4,"{size <= 35} & {pgr <= 0}",686,246,289,0.421282798833819,TRUE,"","NULL","",4.83600000000001
2477,8319428,2,0.5,FALSE,NA,1,0.79,3,22,3,"{pgr <= 16} & !{er <= 9}",686,246,311,0.4533527696793,TRUE,"","NULL","",5.32800000000003
2478,8319429,2,0.5,FALSE,NA,1,0.93,17,72,17,"!{meno} & !{age <= 46}",686,246,271,0.395043731778426,TRUE,"","NULL","Loglik converged before variable  1 ; coefficient may be infinite.  | Loglik converged before variable  1 ; coefficient may be infinite. ",5.43100000000004
2479,8319430,2,0.5,FALSE,NA,1,0.99,61,301,61,"{nodes <= 1} & {pgr <= 16}",686,246,311,0.4533527696793,TRUE,"","NULL","",8.20499999999998
2480,8319431,2,0.5,FALSE,NA,1,0.84,8,89,8,"{er <= 44} & !{er <= 9}",686,246,279,0.406705539358601,TRUE,"","NULL","",4.209
2481,8319432,2,0.5,FALSE,NA,1,0.73,1,22,1,"!{pgr <= 8} & {pgr <= 16}",686,246,311,0.4533527696793,TRUE,"","NULL","",4.721
2482,8319433,2,0.5,FALSE,NA,1,0.96,40,182,40,"!{grade3} & {age <= 46}",686,246,312,0.454810495626822,TRUE,"","NULL","",6.964
2483,8319434,2,0.5,FALSE,NA,1,0.87,51,185,51,"{meno} & !{er <= 100}",686,246,285,0.415451895043732,TRUE,"","NULL","",6.178
2484,8319435,2,0.5,FALSE,NA,1,1,70,169,70,"!{pgr <= 8} & !{size <= 35}",686,246,310,0.451895043731778,TRUE,"","NULL","",5.00900000000001
2485,8319436,2,0.5,FALSE,NA,1,0.93,13,52,13,"!{pgr <= 45} & {er <= 44}",686,246,289,0.421282798833819,TRUE,"","NULL","",5.18600000000004
2486,8319437,2,0.5,FALSE,NA,1,0.91,17,47,17,"{age <= 53} & {pgr <= 2}",686,246,306,0.446064139941691,TRUE,"","NULL","",5.09100000000001
2487,8319438,2,0.5,FALSE,NA,1,0.79,12,38,12,"{age <= 53} & {pgr <= 26}",686,246,310,0.451895043731778,TRUE,"","NULL","",4.71000000000004
2488,8319439,2,0.5,FALSE,NA,1,0.99,21,72,21,"{size <= 25} & {pgr <= 8}",686,246,306,0.446064139941691,TRUE,"","NULL","",4.95100000000002
2489,8319440,2,0.5,FALSE,NA,1,0.59,5,36,5,"{size <= 35} & !{nodes <= 7}",686,246,319,0.465014577259475,TRUE,"","NULL","",4.91800000000001
2490,8319441,2,0.5,FALSE,NA,1,0.68,2,12,2,"{size <= 29} & !{er <= 174}",686,246,285,0.415451895043732,TRUE,"","NULL","",4.34000000000003
2491,8319442,2,0.5,FALSE,NA,1,0.94,36,135,36,"{nodes <= 1} & {age <= 53}",686,246,300,0.43731778425656,TRUE,"","NULL","",6.32799999999997
2492,8319443,2,0.5,FALSE,NA,1,0.73,2,23,2,"{pgr <= 8} & {grade3}",686,246,303,0.441690962099125,TRUE,"","NULL","",4.13200000000001
2493,8319444,2,0.5,FALSE,NA,1,0.9,2,11,2,"!{pgr <= 77} & {pgr <= 114}",686,246,310,0.451895043731778,TRUE,"","NULL","",4.65600000000001
2494,8319445,2,0.5,FALSE,NA,1,0.77,16,103,16,"{size <= 20} & !{grade3}",686,246,313,0.456268221574344,TRUE,"","NULL","",6.38400000000001
2495,8319446,2,0.5,FALSE,NA,1,0.93,43,186,43,"{er <= 30} & !{er <= 9}",686,246,321,0.467930029154519,TRUE,"","NULL","",6.61000000000001
2496,8319447,2,0.5,FALSE,NA,1,0.9,6,44,6,"{size <= 25} & {age <= 46}",686,246,298,0.434402332361516,TRUE,"","NULL","Loglik converged before variable  1 ; coefficient may be infinite. ",3.97500000000002
2497,8319448,2,0.5,FALSE,NA,1,0.54,1,40,1,"{size <= 20} & {er <= 17}",686,246,298,0.434402332361516,TRUE,"","NULL","",5.19399999999996
2498,8319449,2,0.5,FALSE,NA,1,0.92,11,61,11,"!{meno} & !{er <= 44}",686,246,323,0.470845481049563,TRUE,"","NULL","",5.31200000000001
2499,8319450,2,0.5,FALSE,NA,0,NA,0,5,0,"",686,246,299,0.435860058309038,TRUE,"","NULL","",4.20600000000002
2500,8319451,2,0.5,FALSE,NA,1,1,56,149,56,"{grade3} & {size <= 29}",686,246,284,0.41399416909621,TRUE,"","NULL","",5.774
2501,8319452,2,0.5,FALSE,NA,1,0.95,22,77,22,"!{nodes <= 5} & {er <= 9}",686,246,297,0.432944606413994,TRUE,"","NULL","",5.70799999999997
2502,8319453,2,0.5,FALSE,NA,1,1,91,203,91,"!{meno} & {size <= 20}",686,246,306,0.446064139941691,TRUE,"","NULL","",6.83999999999997
2503,8319454,2,0.5,FALSE,NA,1,0.93,9,64,9,"!{size <= 20} & {er <= 0}",686,246,272,0.396501457725948,TRUE,"","NULL","",4.928
2504,8319455,2,0.5,FALSE,NA,1,0.92,11,57,11,"{er <= 3} & !{age <= 46}",686,246,304,0.443148688046647,TRUE,"","NULL","",4.005
2505,8319456,2,0.5,FALSE,NA,1,0.91,21,60,21,"!{pgr <= 114} & {er <= 174}",686,246,328,0.478134110787172,TRUE,"","NULL","",5.709
2506,8319457,2,0.5,FALSE,NA,1,0.64,8,35,8,"{age <= 46} & {er <= 174}",686,246,297,0.432944606413994,TRUE,"","NULL","",4.55799999999999
2507,8319458,2,0.5,FALSE,NA,1,0.92,42,174,42,"{size <= 35} & {pgr <= 16}",686,246,314,0.457725947521866,TRUE,"","NULL","Loglik converged before variable  1 ; coefficient may be infinite.  | Loglik converged before variable  1 ; coefficient may be infinite. ",6.58100000000002
2508,8319459,2,0.5,FALSE,NA,1,0.74,7,41,7,"!{er <= 174} & {pgr <= 337}",686,246,308,0.448979591836735,TRUE,"","NULL","",4.20699999999999
2509,8319460,2,0.5,FALSE,NA,1,0.72,3,30,3,"!{er <= 70} & {pgr <= 45}",686,246,299,0.435860058309038,TRUE,"","NULL","",4.86500000000001
2510,8319461,2,0.5,FALSE,NA,1,0.95,10,43,10,"{pgr <= 0} & {age <= 61}",686,246,285,0.415451895043732,TRUE,"","NULL","",4.73199999999997
2511,8319462,2,0.5,FALSE,NA,1,0.52,1,40,1,"!{age <= 61} & {size <= 25}",686,246,291,0.424198250728863,TRUE,"","NULL","",4.99299999999999
2512,8319463,2,0.5,FALSE,NA,1,0.86,8,106,8,"{meno} & !{er <= 174}",686,246,300,0.43731778425656,TRUE,"","NULL","",5.16299999999995
2513,8319464,2,0.5,FALSE,NA,1,0.96,33,174,33,"{size <= 25} & {er <= 9}",686,246,303,0.441690962099125,TRUE,"","NULL","",7.053
2514,8319465,2,0.5,FALSE,NA,1,0.84,2,38,2,"!{er <= 174} & {size <= 29}",686,246,289,0.421282798833819,TRUE,"","NULL","",4.57399999999996
2515,8319466,2,0.5,FALSE,NA,1,0.77,8,48,8,"!{pgr <= 184} & !{er <= 30}",686,246,285,0.415451895043732,TRUE,"","NULL","",4.73000000000002
2516,8319467,2,0.5,FALSE,NA,1,0.81,14,114,14,"{size <= 20} & {pgr <= 26}",686,246,297,0.432944606413994,TRUE,"","NULL","",5.173
2517,8319468,2,0.5,FALSE,NA,1,0.96,39,96,39,"{nodes <= 1} & {er <= 44}",686,246,281,0.409620991253644,TRUE,"","NULL","",5.88100000000003
2518,8319469,2,0.5,FALSE,NA,1,0.99,43,157,43,"!{er <= 44} & {er <= 70}",686,246,292,0.425655976676385,TRUE,"","NULL","",6.51099999999997
2519,8319470,2,0.5,FALSE,NA,1,0.99,175,417,175,"{age <= 53} & {pgr <= 26}",686,246,305,0.444606413994169,TRUE,"","NULL","",8.94200000000001
2520,8319471,2,0.5,FALSE,NA,1,0.96,34,119,34,"{er <= 100} & !{er <= 70}",686,246,277,0.403790087463557,TRUE,"","NULL","",3.791
2521,8319472,2,0.5,FALSE,NA,1,0.75,6,134,6,"!{pgr <= 184} & {nodes <= 7}",686,246,300,0.43731778425656,TRUE,"","NULL","",6.59399999999999
2522,8319473,2,0.5,FALSE,NA,1,0.94,148,442,148,"!{grade3} & !{er <= 44}",686,246,314,0.457725947521866,TRUE,"","NULL","",9.96899999999999
2523,8319474,2,0.5,FALSE,NA,1,0.5,1,11,1,"!{er <= 100} & {nodes <= 3}",686,246,292,0.425655976676385,TRUE,"","NULL","",3.77299999999997
2524,8319475,2,0.5,FALSE,NA,1,0.93,42,211,42,"{nodes <= 3} & !{size <= 29}",686,246,308,0.448979591836735,TRUE,"","NULL","",4.76900000000001
2525,8319476,2,0.5,FALSE,NA,1,0.54,1,15,1,"!{grade3} & {er <= 3}",686,246,307,0.447521865889213,TRUE,"","NULL","",4.58699999999999
2526,8319477,2,0.5,FALSE,NA,1,0.84,3,20,3,"!{size <= 25} & {nodes <= 1}",686,246,316,0.46064139941691,TRUE,"","NULL","",4.73099999999999
2527,8319478,2,0.5,FALSE,NA,1,0.82,10,32,10,"{er <= 174} & !{size <= 35}",686,246,301,0.438775510204082,TRUE,"","NULL","",4.59800000000001
2528,8319479,2,0.5,FALSE,NA,1,0.96,17,79,17,"{er <= 0} & {age <= 61}",686,246,307,0.447521865889213,TRUE,"","NULL","",5.04699999999997
2529,8319480,2,0.5,FALSE,NA,1,0.84,35,243,35,"!{pgr <= 114} & !{er <= 100}",686,246,272,0.396501457725948,TRUE,"","NULL","Loglik converged before variable  1 ; coefficient may be infinite.  | Loglik converged before variable  1 ; coefficient may be infinite. ",8.04000000000002
2530,8319481,2,0.5,FALSE,NA,1,0.91,11,25,11,"{er <= 0} & {age <= 61}",686,246,296,0.431486880466472,TRUE,"","NULL","",4.459
2531,8319482,2,0.5,FALSE,NA,1,0.71,8,74,8,"{age <= 61} & !{pgr <= 77}",686,246,313,0.456268221574344,TRUE,"","NULL","",5.62700000000001
2532,8319483,2,0.5,FALSE,NA,1,0.94,61,279,61,"{nodes <= 1} & !{size <= 25}",686,246,309,0.450437317784257,TRUE,"","NULL","",5.98499999999996
2533,8319484,2,0.5,FALSE,NA,1,0.87,8,38,8,"{age <= 46} & {pgr <= 45}",686,246,301,0.438775510204082,TRUE,"","NULL","",5.21600000000001
2534,8319485,2,0.5,FALSE,NA,1,0.87,16,70,16,"!{er <= 174} & !{pgr <= 2}",686,246,302,0.440233236151603,TRUE,"","NULL","",5.51100000000002
2535,8319486,2,0.5,FALSE,NA,1,0.95,32,179,32,"{nodes <= 5} & !{age <= 61}",686,246,290,0.422740524781341,TRUE,"","NULL","",6.38100000000003
2536,8319487,2,0.5,FALSE,NA,1,0.65,1,4,1,"{size <= 20} & {nodes <= 1}",686,246,281,0.409620991253644,TRUE,"","NULL","",3.76099999999997
2537,8319488,2,0.5,FALSE,NA,1,0.97,40,220,40,"{er <= 44} & !{size <= 35}",686,246,289,0.421282798833819,TRUE,"","NULL","",7.63400000000001
2538,8319489,2,0.5,FALSE,NA,1,0.98,88,307,88,"{er <= 17} & !{pgr <= 16}",686,246,289,0.421282798833819,TRUE,"","NULL","",7.88
2539,8319490,2,0.5,FALSE,NA,1,0.73,4,33,4,"!{pgr <= 114} & !{er <= 100}",686,246,303,0.441690962099125,TRUE,"","NULL","",4.59500000000003
2540,8319491,2,0.5,FALSE,NA,1,0.76,13,46,13,"{age <= 53} & {pgr <= 16}",686,246,300,0.43731778425656,TRUE,"","NULL","",3.44799999999998
2541,8319492,2,0.5,FALSE,NA,1,0.73,2,20,2,"!{er <= 9} & {pgr <= 16}",686,246,294,0.428571428571429,TRUE,"","NULL","",4.68700000000001
2542,8319493,2,0.5,FALSE,NA,1,0.98,45,151,45,"{age <= 46} & {size <= 35}",686,246,296,0.431486880466472,TRUE,"","NULL","",6.267
2543,8319494,2,0.5,FALSE,NA,1,0.89,16,50,16,"{er <= 3} & {size <= 29}",686,246,305,0.444606413994169,TRUE,"","NULL","",4.947
2544,8319495,2,0.5,FALSE,NA,1,0.94,52,202,52,"!{age <= 46} & {pgr <= 8}",686,246,287,0.418367346938776,TRUE,"","NULL","",5.77299999999997
2545,8319496,2,0.5,FALSE,NA,1,0.77,8,34,8,"!{age <= 46} & {er <= 17}",686,246,296,0.431486880466472,TRUE,"","NULL","",4.90899999999999
2546,8319497,2,0.5,FALSE,NA,1,0.89,11,35,11,"{er <= 0}",686,246,282,0.411078717201166,TRUE,"","NULL","",4.65600000000001
2547,8319498,2,0.5,FALSE,NA,1,0.77,1,21,1,"!{pgr <= 16} & {pgr <= 26}",686,246,308,0.448979591836735,TRUE,"","NULL","",4.625
2548,8319499,2,0.5,FALSE,NA,1,0.55,2,43,2,"{age <= 61} & {pgr <= 2}",686,246,313,0.456268221574344,TRUE,"","NULL","",4.84899999999999
2549,8319500,2,0.5,FALSE,NA,1,0.99,40,123,40,"!{er <= 30} & {pgr <= 26}",686,246,297,0.432944606413994,TRUE,"","NULL","",6.61600000000004
2550,8319501,2,0.5,FALSE,NA,1,0.79,16,96,16,"{nodes <= 7} & {age <= 46}",686,246,290,0.422740524781341,TRUE,"","NULL","",5.40800000000002
2551,8319502,2,0.5,FALSE,NA,1,0.85,2,30,2,"{er <= 70} & !{er <= 44}",686,246,287,0.418367346938776,TRUE,"","NULL","",4.92000000000002
2552,8319503,2,0.5,FALSE,NA,1,1,79,179,79,"{nodes <= 1} & {age <= 61}",686,246,329,0.479591836734694,TRUE,"","NULL","Loglik converged before variable  1 ; coefficient may be infinite.  | Loglik converged before variable  1 ; coefficient may be infinite. ",5.64499999999998
2553,8319504,2,0.5,FALSE,NA,1,0.66,3,66,3,"!{grade3} & !{age <= 61}",686,246,319,0.465014577259475,TRUE,"","NULL","",6.59100000000001
2554,8319505,2,0.5,FALSE,NA,1,0.85,6,44,6,"!{nodes <= 5} & {pgr <= 45}",686,246,304,0.443148688046647,TRUE,"","NULL","",4.38900000000001
2555,8319506,2,0.5,FALSE,NA,1,0.67,12,81,12,"!{age <= 53} & {nodes <= 5}",686,246,297,0.432944606413994,TRUE,"","NULL","",5.24400000000003
2556,8319507,2,0.5,FALSE,NA,1,0.87,23,104,23,"{nodes <= 1} & {pgr <= 114}",686,246,304,0.443148688046647,TRUE,"","NULL","",5.13600000000002
2557,8319508,2,0.5,FALSE,NA,1,0.71,1,24,1,"!{pgr <= 8} & {pgr <= 16}",686,246,298,0.434402332361516,TRUE,"","NULL","",4.74000000000001
2558,8319509,2,0.5,FALSE,NA,1,0.91,13,66,13,"{nodes <= 3} & !{er <= 100}",686,246,294,0.428571428571429,TRUE,"","NULL","",5.21600000000001
2559,8319510,2,0.5,FALSE,NA,1,0.94,20,94,20,"{er <= 0} & {pgr <= 8}",686,246,293,0.427113702623907,TRUE,"","NULL","",5.73200000000003
2560,8319511,2,0.5,FALSE,NA,1,0.99,7,69,7,"{size <= 25} & {grade3}",686,246,297,0.432944606413994,TRUE,"","NULL","",4.971
2561,8319512,2,0.5,FALSE,NA,0,NA,0,7,0,"",686,246,313,0.456268221574344,TRUE,"","NULL","",4.642
2562,8319513,2,0.5,FALSE,NA,1,0.84,3,27,3,"{pgr <= 16} & !{er <= 17}",686,246,293,0.427113702623907,TRUE,"","NULL","",4.89099999999996
2563,8319514,2,0.5,FALSE,NA,1,0.89,10,41,10,"{age <= 61} & !{er <= 70}",686,246,293,0.427113702623907,TRUE,"","NULL","",5.05000000000001
2564,8319515,2,0.5,FALSE,NA,0,NA,0,7,0,"",686,246,294,0.428571428571429,TRUE,"","NULL","",4.28100000000001
2565,8319516,2,0.5,FALSE,NA,1,0.77,13,96,13,"{age <= 53} & {size <= 29}",686,246,307,0.447521865889213,TRUE,"","NULL","",5.95099999999996
2566,8319517,2,0.5,FALSE,NA,1,0.99,165,424,165,"{grade3} & {pgr <= 114}",686,246,297,0.432944606413994,TRUE,"","NULL","",9.274
2567,8319518,2,0.5,FALSE,NA,1,0.91,64,311,64,"!{pgr <= 8} & !{er <= 174}",686,246,321,0.467930029154519,TRUE,"","NULL","",7.101
2568,8319519,2,0.5,FALSE,NA,1,0.65,3,31,3,"!{pgr <= 184} & {size <= 35}",686,246,304,0.443148688046647,TRUE,"","NULL","",3.06
2569,8319520,2,0.5,FALSE,NA,1,0.99,314,750,314,"{nodes <= 3} & !{er <= 30}",686,246,311,0.4533527696793,TRUE,"","NULL","Loglik converged before variable  1 ; coefficient may be infinite.  | Loglik converged before variable  1 ; coefficient may be infinite. ",14.404
2570,8319521,2,0.5,FALSE,NA,1,1,136,363,136,"{pgr <= 16} & !{grade3}",686,246,304,0.443148688046647,TRUE,"","NULL","",7.98900000000003
2571,8319522,2,0.5,FALSE,NA,1,1,134,279,134,"{size <= 29} & {age <= 46}",686,246,304,0.443148688046647,TRUE,"","NULL","Loglik converged before variable  1 ; coefficient may be infinite.  | Loglik converged before variable  1 ; coefficient may be infinite. ",4.733
2572,8319523,2,0.5,FALSE,NA,1,0.63,2,19,2,"!{er <= 17} & {er <= 44}",686,246,317,0.462099125364431,TRUE,"","NULL","",2.85400000000004
2573,8319524,2,0.5,FALSE,NA,1,0.61,2,27,2,"{age <= 53} & {pgr <= 114}",686,246,306,0.446064139941691,TRUE,"","NULL","",5.125
2574,8319525,2,0.5,FALSE,NA,1,0.87,5,53,5,"!{pgr <= 77} & !{er <= 174}",686,246,295,0.43002915451895,TRUE,"","NULL","",5.19300000000004
2575,8319526,2,0.5,FALSE,NA,1,0.99,201,498,201,"!{pgr <= 45} & {er <= 30}",686,246,270,0.393586005830904,TRUE,"","NULL","",10.246
2576,8319527,2,0.5,FALSE,NA,1,0.73,9,36,9,"{age <= 53} & !{pgr <= 77}",686,246,309,0.450437317784257,TRUE,"","NULL","",3.47899999999998
2577,8319528,2,0.5,FALSE,NA,0,NA,0,25,0,"",686,246,284,0.41399416909621,TRUE,"","NULL","",4.59800000000001
2578,8319529,2,0.5,FALSE,NA,1,0.95,108,342,108,"{er <= 17} & !{pgr <= 2}",686,246,291,0.424198250728863,TRUE,"","NULL","",8.61499999999995
2579,8319530,2,0.5,FALSE,NA,1,0.83,19,59,19,"!{meno} & {nodes <= 3}",686,246,296,0.431486880466472,TRUE,"","NULL","",4.94099999999997
2580,8319531,2,0.5,FALSE,NA,0,NA,0,19,0,"",686,246,311,0.4533527696793,TRUE,"","NULL","",3.76599999999996
2581,8319532,2,0.5,FALSE,NA,1,0.81,9,55,9,"{nodes <= 7} & !{pgr <= 184}",686,246,287,0.418367346938776,TRUE,"","NULL","",5.416
2582,8319533,2,0.5,FALSE,NA,1,0.9,8,72,8,"{nodes <= 1} & {er <= 17}",686,246,312,0.454810495626822,TRUE,"","NULL","",5.66600000000005
2583,8319534,2,0.5,FALSE,NA,1,0.99,90,172,90,"{age <= 46} & {size <= 35}",686,246,314,0.457725947521866,TRUE,"","NULL","",6.72300000000001
2584,8319535,2,0.5,FALSE,NA,1,0.78,16,59,16,"!{er <= 100} & !{size <= 20}",686,246,311,0.4533527696793,TRUE,"","NULL","",4.072
2585,8319536,2,0.5,FALSE,NA,1,0.95,8,46,8,"!{age <= 61} & {er <= 44}",686,246,286,0.416909620991254,TRUE,"","NULL","",5.02699999999999
2586,8319537,2,0.5,FALSE,NA,1,0.88,24,117,24,"!{er <= 174} & !{nodes <= 1}",686,246,277,0.403790087463557,TRUE,"","NULL","",6.08299999999997
2587,8319538,2,0.5,FALSE,NA,1,0.86,39,157,39,"{size <= 20} & {er <= 100}",686,246,301,0.438775510204082,TRUE,"","NULL","",6.31299999999999
2588,8319539,2,0.5,FALSE,NA,1,0.77,15,74,15,"{size <= 20} & !{age <= 46}",686,246,290,0.422740524781341,TRUE,"","NULL","",4.26799999999997
2589,8319540,2,0.5,FALSE,NA,1,0.99,52,172,52,"!{pgr <= 16} & {pgr <= 26}",686,246,279,0.406705539358601,TRUE,"","NULL","",7.35000000000002
2590,8319541,2,0.5,FALSE,NA,1,0.71,1,16,1,"{age <= 53} & {grade3}",686,246,295,0.43002915451895,TRUE,"","NULL","",4.31599999999997
2591,8319542,2,0.5,FALSE,NA,1,0.84,2,24,2,"!{meno} & {pgr <= 16}",686,246,304,0.443148688046647,TRUE,"","NULL","",4.41999999999996
2592,8319543,2,0.5,FALSE,NA,1,0.57,3,61,3,"!{nodes <= 5} & !{size <= 29}",686,246,296,0.431486880466472,TRUE,"","NULL","",4.59500000000003
2593,8319544,2,0.5,FALSE,NA,1,0.81,6,34,6,"!{pgr <= 77} & {pgr <= 184}",686,246,298,0.434402332361516,TRUE,"","NULL","",5.15299999999996
2594,8319545,2,0.5,FALSE,NA,1,0.98,57,211,57,"{nodes <= 3} & {pgr <= 16}",686,246,325,0.473760932944606,TRUE,"","NULL","",7.31700000000001
2595,8319546,2,0.5,FALSE,NA,1,0.71,15,85,15,"{age <= 46} & {nodes <= 5}",686,246,306,0.446064139941691,TRUE,"","NULL","",5.17100000000005
2596,8319547,2,0.5,FALSE,NA,1,0.98,94,264,94,"!{er <= 174} & !{nodes <= 1}",686,246,314,0.457725947521866,TRUE,"","NULL","",6.00599999999997
2597,8319548,2,0.5,FALSE,NA,1,0.95,40,196,40,"{nodes <= 5} & !{nodes <= 3}",686,246,313,0.456268221574344,TRUE,"","NULL","",7.46899999999999
2598,8319549,2,0.5,FALSE,NA,0,NA,0,1,0,"",686,246,289,0.421282798833819,TRUE,"","NULL","",4.26400000000001
2599,8319550,2,0.5,FALSE,NA,1,0.82,13,35,13,"!{pgr <= 184} & {age <= 61}",686,246,306,0.446064139941691,TRUE,"","NULL","",4.512
2600,8319551,2,0.5,FALSE,NA,1,0.79,6,40,6,"!{nodes <= 1} & !{age <= 61}",686,246,311,0.4533527696793,TRUE,"","NULL","",4.327
2601,8319552,2,0.5,FALSE,NA,1,0.81,13,57,13,"{age <= 46} & {size <= 35}",686,246,305,0.444606413994169,TRUE,"","NULL","",5.392
2602,8319553,2,0.5,FALSE,NA,1,0.96,55,164,55,"{grade3} & {pgr <= 8}",686,246,288,0.419825072886297,TRUE,"","NULL","Loglik converged before variable  1 ; coefficient may be infinite.  | Loglik converged before variable  1 ; coefficient may be infinite. ",6.35199999999998
2603,8319554,2,0.5,FALSE,NA,1,0.94,31,104,31,"!{pgr <= 184} & {nodes <= 7}",686,246,284,0.41399416909621,TRUE,"","NULL","",5.68899999999996
2604,8319555,2,0.5,FALSE,NA,1,0.67,2,42,2,"!{er <= 17} & {pgr <= 16}",686,246,308,0.448979591836735,TRUE,"","NULL","",3.79899999999998
2605,8319556,2,0.5,FALSE,NA,1,0.54,1,40,1,"{er <= 30} & !{er <= 17}",686,246,300,0.43731778425656,TRUE,"","NULL","",5.12899999999996
2606,8319557,2,0.5,FALSE,NA,1,0.89,2,30,2,"{age <= 53} & !{nodes <= 7}",686,246,310,0.451895043731778,TRUE,"","NULL","",4.50200000000001
2607,8319558,2,0.5,FALSE,NA,1,0.74,5,24,5,"!{meno} & !{nodes <= 5}",686,246,294,0.428571428571429,TRUE,"","NULL","",4.512
2608,8319559,2,0.5,FALSE,NA,1,0.94,50,150,50,"!{er <= 174} & !{pgr <= 2}",686,246,304,0.443148688046647,TRUE,"","NULL","",5.71799999999996
2609,8319560,2,0.5,FALSE,NA,1,0.94,20,68,20,"{pgr <= 8} & {size <= 35}",686,246,304,0.443148688046647,TRUE,"","NULL","",5.66800000000001
2610,8319561,2,0.5,FALSE,NA,1,0.98,56,215,56,"{pgr <= 2} & {nodes <= 7}",686,246,283,0.412536443148688,TRUE,"","NULL","",7.024
2611,8319562,2,0.5,FALSE,NA,1,0.8,19,94,19,"!{pgr <= 114} & {er <= 174}",686,246,314,0.457725947521866,TRUE,"","NULL","",5.762
2612,8319563,2,0.5,FALSE,NA,1,0.9,10,70,10,"!{pgr <= 8} & {pgr <= 16}",686,246,291,0.424198250728863,TRUE,"","NULL","",4.113
2613,8319564,2,0.5,FALSE,NA,1,0.92,29,123,29,"{nodes <= 1} & !{size <= 20}",686,246,291,0.424198250728863,TRUE,"","NULL","",6.49200000000002
2614,8319565,2,0.5,FALSE,NA,1,0.6,1,17,1,"{age <= 53} & {er <= 9}",686,246,297,0.432944606413994,TRUE,"","NULL","",4.62
2615,8319566,2,0.5,FALSE,NA,1,0.89,14,125,14,"!{grade3} & {age <= 46}",686,246,308,0.448979591836735,TRUE,"","NULL","",5.97199999999998
2616,8319567,2,0.5,FALSE,NA,1,1,101,239,101,"{pgr <= 8} & {size <= 29}",686,246,295,0.43002915451895,TRUE,"","NULL","",5.86499999999995
2617,8319568,2,0.5,FALSE,NA,1,0.99,64,263,64,"!{pgr <= 45} & {pgr <= 114}",686,246,307,0.447521865889213,TRUE,"","NULL","",8.51900000000001
2618,8319569,2,0.5,FALSE,NA,1,0.97,17,61,17,"{pgr <= 0} & {age <= 61}",686,246,305,0.444606413994169,TRUE,"","NULL","",4.79899999999998
2619,8319570,2,0.5,FALSE,NA,1,0.62,3,14,3,"{grade3} & {age <= 53}",686,246,279,0.406705539358601,TRUE,"","NULL","",4.14299999999997
2620,8319571,2,0.5,FALSE,NA,1,0.94,26,120,26,"{grade3} & {er <= 30}",686,246,295,0.43002915451895,TRUE,"","NULL","",4.733
2621,8319572,2,0.5,FALSE,NA,1,0.96,27,59,27,"!{meno} & {age <= 46}",686,246,304,0.443148688046647,TRUE,"","NULL","",6.02299999999997
2622,8319573,2,0.5,FALSE,NA,1,0.84,34,241,34,"!{er <= 3} & {nodes <= 1}",686,246,308,0.448979591836735,TRUE,"","NULL","Loglik converged before variable  1 ; coefficient may be infinite.  | Loglik converged before variable  1 ; coefficient may be infinite. ",7.36500000000001
2623,8319574,2,0.5,FALSE,NA,1,0.82,5,39,5,"{nodes <= 5} & {age <= 46}",686,246,301,0.438775510204082,TRUE,"","NULL","",4.79000000000002
2624,8319575,2,0.5,FALSE,NA,1,0.85,3,20,3,"{pgr <= 16} & !{pgr <= 8}",686,246,289,0.421282798833819,TRUE,"","NULL","",3.62099999999998
2625,8319576,2,0.5,FALSE,NA,1,0.83,6,42,6,"!{pgr <= 114} & {size <= 25}",686,246,317,0.462099125364431,TRUE,"","NULL","",5.42599999999999
2626,8319577,2,0.5,FALSE,NA,1,0.96,16,115,16,"!{er <= 9} & {size <= 20}",686,246,290,0.422740524781341,TRUE,"","NULL","",6.06700000000001
2627,8319578,2,0.5,FALSE,NA,1,0.72,2,9,2,"{size <= 20} & {age <= 53}",686,246,304,0.443148688046647,TRUE,"","NULL","",4.358
2628,8319579,2,0.5,FALSE,NA,0,NA,0,8,0,"",686,246,304,0.443148688046647,TRUE,"","NULL","",4.18899999999996
2629,8319580,2,0.5,FALSE,NA,1,0.62,1,8,1,"{size <= 25} & !{age <= 61}",686,246,282,0.411078717201166,TRUE,"","NULL","",4.57999999999998
2630,8319581,2,0.5,FALSE,NA,1,0.95,1,16,1,"{er <= 0} & {age <= 61}",686,246,305,0.444606413994169,TRUE,"","NULL","",4.64000000000004
2631,8319582,2,0.5,FALSE,NA,1,0.95,32,132,32,"{age <= 53} & !{er <= 30}",686,246,293,0.427113702623907,TRUE,"","NULL","",6.26300000000003
2632,8319583,2,0.5,FALSE,NA,1,0.92,48,148,48,"!{er <= 44} & !{pgr <= 45}",686,246,308,0.448979591836735,TRUE,"","NULL","",5.83199999999999
2633,8319584,2,0.5,FALSE,NA,1,0.89,6,31,6,"!{size <= 25} & {meno}",686,246,295,0.43002915451895,TRUE,"","NULL","",5.19
2634,8319585,2,0.5,FALSE,NA,1,0.73,7,31,7,"!{grade3} & !{er <= 100}",686,246,302,0.440233236151603,TRUE,"","NULL","",4.69200000000001
2635,8319586,2,0.5,FALSE,NA,1,0.94,61,198,61,"{size <= 20} & {nodes <= 5}",686,246,324,0.472303206997085,TRUE,"","NULL","",6.78299999999996
2636,8319587,2,0.5,FALSE,NA,1,0.93,11,29,11,"!{size <= 35} & {pgr <= 114}",686,246,268,0.39067055393586,TRUE,"","NULL","",3.97700000000003
2637,8319588,2,0.5,FALSE,NA,1,0.82,9,58,9,"!{grade3} & {er <= 17}",686,246,297,0.432944606413994,TRUE,"","NULL","",4.92900000000003
2638,8319589,2,0.5,FALSE,NA,1,0.78,11,47,11,"!{size <= 35} & !{er <= 9}",686,246,287,0.418367346938776,TRUE,"","NULL","",4.71300000000002
2639,8319590,2,0.5,FALSE,NA,1,0.62,5,22,5,"{pgr <= 26} & !{er <= 17}",686,246,301,0.438775510204082,TRUE,"","NULL","",4.798
2640,8319591,2,0.5,FALSE,NA,1,0.86,11,64,11,"!{meno} & !{pgr <= 45}",686,246,318,0.463556851311953,TRUE,"","NULL","",4.90699999999998
2641,8319592,2,0.5,FALSE,NA,1,0.96,11,45,11,"!{size <= 25} & {er <= 17}",686,246,294,0.428571428571429,TRUE,"","NULL","Loglik converged before variable  1 ; coefficient may be infinite.  | Loglik converged before variable  1 ; coefficient may be infinite. ",5.11600000000004
2642,8319593,2,0.5,FALSE,NA,1,0.95,25,134,25,"!{meno} & !{age <= 46}",686,246,309,0.450437317784257,TRUE,"","NULL","",6.32499999999999
2643,8319594,2,0.5,FALSE,NA,1,0.78,16,110,16,"!{pgr <= 26} & {pgr <= 77}",686,246,293,0.427113702623907,TRUE,"","NULL","",5.483
2644,8319595,2,0.5,FALSE,NA,1,0.56,1,4,1,"{nodes <= 1} & !{er <= 70}",686,246,315,0.459183673469388,TRUE,"","NULL","",3.89699999999999
2645,8319596,2,0.5,FALSE,NA,1,0.91,5,20,5,"!{pgr <= 114} & {size <= 29}",686,246,300,0.43731778425656,TRUE,"","NULL","",4.95999999999998
2646,8319597,2,0.5,FALSE,NA,1,0.83,8,42,8,"{pgr <= 8} & {age <= 53}",686,246,318,0.463556851311953,TRUE,"","NULL","",4.84999999999997
2647,8319598,2,0.5,FALSE,NA,1,0.73,2,40,2,"{er <= 0}",686,246,294,0.428571428571429,TRUE,"","NULL","",4.77300000000002
2648,8319599,2,0.5,FALSE,NA,1,0.77,7,23,7,"!{meno} & {er <= 17}",686,246,305,0.444606413994169,TRUE,"","NULL","",4.59499999999997
2649,8319600,2,0.5,FALSE,NA,1,0.95,18,115,18,"{grade3} & {pgr <= 45}",686,246,275,0.400874635568513,TRUE,"","NULL","",6.45800000000003
2650,8319601,2,0.5,FALSE,NA,1,0.7,1,13,1,"!{pgr <= 114} & {size <= 25}",686,246,301,0.438775510204082,TRUE,"","NULL","",4.65800000000002
2651,8319602,2,0.5,FALSE,NA,1,0.72,7,28,7,"!{er <= 174} & !{pgr <= 26}",686,246,291,0.424198250728863,TRUE,"","NULL","",4.72000000000003
2652,8319603,2,0.5,FALSE,NA,1,0.56,1,14,1,"!{age <= 61} & {pgr <= 45}",686,246,312,0.454810495626822,TRUE,"","NULL","",4.12900000000002
2653,8319604,2,0.5,FALSE,NA,1,0.97,6,29,6,"!{pgr <= 8} & {pgr <= 26}",686,246,293,0.427113702623907,TRUE,"","NULL","",5.09699999999998
2654,8319605,2,0.5,FALSE,NA,1,0.96,10,56,10,"{pgr <= 0} & {age <= 61}",686,246,297,0.432944606413994,TRUE,"","NULL","Loglik converged before variable  1 ; coefficient may be infinite.  | Loglik converged before variable  1 ; coefficient may be infinite. ",4.74299999999999
2655,8319606,2,0.5,FALSE,NA,1,0.69,2,35,2,"!{pgr <= 16} & {pgr <= 45}",686,246,306,0.446064139941691,TRUE,"","NULL","",4.61099999999999
2656,8319607,2,0.5,FALSE,NA,1,0.94,7,27,7,"{size <= 20} & {pgr <= 26}",686,246,284,0.41399416909621,TRUE,"","NULL","",4.44599999999997
2657,8319608,2,0.5,FALSE,NA,1,0.91,52,165,52,"{grade3} & {pgr <= 184}",686,246,297,0.432944606413994,TRUE,"","NULL","",6.99700000000001
2658,8319609,2,0.5,FALSE,NA,1,0.86,24,78,24,"!{er <= 174} & !{pgr <= 2}",686,246,297,0.432944606413994,TRUE,"","NULL","",5.31300000000005
2659,8319610,2,0.5,FALSE,NA,0,NA,0,13,0,"",686,246,283,0.412536443148688,TRUE,"","NULL","",4.20300000000003
2660,8319611,2,0.5,FALSE,NA,1,0.89,22,95,22,"{nodes <= 3} & {er <= 9}",686,246,303,0.441690962099125,TRUE,"","NULL","Loglik converged before variable  1 ; coefficient may be infinite.  | Loglik converged before variable  1 ; coefficient may be infinite. ",4.78500000000003
2661,8319612,2,0.5,FALSE,NA,1,1,65,169,65,"{pgr <= 0} & !{age <= 46}",686,246,304,0.443148688046647,TRUE,"","NULL","",7.28500000000003
2662,8319613,2,0.5,FALSE,NA,1,0.79,8,56,8,"!{nodes <= 5} & !{er <= 9}",686,246,309,0.450437317784257,TRUE,"","NULL","",4.75200000000001
2663,8319614,2,0.5,FALSE,NA,1,0.62,7,40,7,"{pgr <= 77} & {grade3}",686,246,302,0.440233236151603,TRUE,"","NULL","",4.61600000000004
2664,8319615,2,0.5,FALSE,NA,1,0.81,8,39,8,"!{nodes <= 5} & !{size <= 25}",686,246,290,0.422740524781341,TRUE,"","NULL","",3.91500000000002
2665,8319616,2,0.5,FALSE,NA,1,0.72,15,63,15,"!{grade3} & {pgr <= 16}",686,246,297,0.432944606413994,TRUE,"","NULL","",5.738
2666,8319617,2,0.5,FALSE,NA,1,1,137,298,137,"{nodes <= 1} & {er <= 44}",686,246,288,0.419825072886297,TRUE,"","NULL","",7.971
2667,8319618,2,0.5,FALSE,NA,1,0.75,2,4,2,"!{pgr <= 77} & {pgr <= 114}",686,246,300,0.43731778425656,TRUE,"","NULL","",4.71200000000005
2668,8319619,2,0.5,FALSE,NA,1,0.64,6,48,6,"!{meno} & {pgr <= 77}",686,246,293,0.427113702623907,TRUE,"","NULL","",3.80700000000002
2669,8319620,2,0.5,FALSE,NA,1,0.85,2,24,2,"{age <= 53} & {meno}",686,246,298,0.434402332361516,TRUE,"","NULL","",4.846
2670,8319621,2,0.5,FALSE,NA,1,0.85,18,70,18,"!{pgr <= 77} & {nodes <= 3}",686,246,285,0.415451895043732,TRUE,"","NULL","",5.28999999999996
2671,8319622,2,0.5,FALSE,NA,1,0.88,24,74,24,"{er <= 17} & !{age <= 53}",686,246,289,0.421282798833819,TRUE,"","NULL","",5.15300000000002
2672,8319623,2,0.5,FALSE,NA,1,0.98,76,228,76,"!{er <= 17} & {er <= 44}",686,246,316,0.46064139941691,TRUE,"","NULL","",6.70099999999996
2673,8319624,2,0.5,FALSE,NA,1,0.81,3,41,3,"!{pgr <= 77} & {pgr <= 114}",686,246,298,0.434402332361516,TRUE,"","NULL","",4.97899999999998
2674,8319625,2,0.5,FALSE,NA,1,0.83,1,32,1,"{nodes <= 7} & !{nodes <= 5}",686,246,317,0.462099125364431,TRUE,"","NULL","",4.83100000000002
2675,8319626,2,0.5,FALSE,NA,1,0.79,20,81,20,"!{pgr <= 0} & {pgr <= 16}",686,246,311,0.4533527696793,TRUE,"","NULL","",5.46999999999997
2676,8319627,2,0.5,FALSE,NA,1,0.83,11,49,11,"{age <= 53} & !{nodes <= 7}",686,246,307,0.447521865889213,TRUE,"","NULL","",4.69
2677,8319628,2,0.5,FALSE,NA,1,0.92,25,113,25,"!{meno} & {pgr <= 26}",686,246,306,0.446064139941691,TRUE,"","NULL","",6.46600000000001
2678,8319629,2,0.5,FALSE,NA,1,0.86,9,51,9,"!{pgr <= 45} & {pgr <= 114}",686,246,306,0.446064139941691,TRUE,"","NULL","",4.774
2679,8319630,2,0.5,FALSE,NA,1,0.94,8,59,8,"{age <= 61} & {er <= 0}",686,246,311,0.4533527696793,TRUE,"","NULL","",5.202
2680,8319631,2,0.5,FALSE,NA,1,0.9,40,133,40,"{size <= 29} & !{er <= 44}",686,246,292,0.425655976676385,TRUE,"","NULL","",5.49599999999998
2681,8319632,2,0.5,FALSE,NA,1,0.84,1,20,1,"{nodes <= 1} & !{size <= 25}",686,246,320,0.466472303206997,TRUE,"","NULL","",5.32900000000001
2682,8319633,2,0.5,FALSE,NA,1,0.97,32,97,32,"!{er <= 174} & !{pgr <= 8}",686,246,329,0.479591836734694,TRUE,"","NULL","",5.596
2683,8319634,2,0.5,FALSE,NA,1,0.96,81,214,81,"{size <= 20} & {age <= 53}",686,246,311,0.4533527696793,TRUE,"","NULL","",7.02300000000002
2684,8319635,2,0.5,FALSE,NA,1,0.72,4,70,4,"{age <= 53} & {meno}",686,246,301,0.438775510204082,TRUE,"","NULL","",3.99000000000001
2685,8319636,2,0.5,FALSE,NA,1,0.97,30,94,30,"!{er <= 100} & {nodes <= 3}",686,246,291,0.424198250728863,TRUE,"","NULL","",6.08600000000001
2686,8319637,2,0.5,FALSE,NA,1,0.62,5,29,5,"!{meno} & !{age <= 46}",686,246,307,0.447521865889213,TRUE,"","NULL","",4.70100000000002
2687,8319638,2,0.5,FALSE,NA,1,0.9,5,32,5,"{size <= 29} & !{age <= 61}",686,246,289,0.421282798833819,TRUE,"","NULL","",4.45600000000002
2688,8319639,2,0.5,FALSE,NA,1,0.94,100,329,100,"{size <= 20} & !{grade3}",686,246,288,0.419825072886297,TRUE,"","NULL","",7.09199999999998
2689,8319640,2,0.5,FALSE,NA,1,0.97,63,223,63,"{age <= 46} & {nodes <= 7}",686,246,301,0.438775510204082,TRUE,"","NULL","",7.88999999999999
2690,8319641,2,0.5,FALSE,NA,1,0.66,2,12,2,"!{size <= 35} & {er <= 44}",686,246,294,0.428571428571429,TRUE,"","NULL","",4.27799999999996
2691,8319642,2,0.5,FALSE,NA,1,1,90,268,90,"{grade3} & {er <= 17}",686,246,287,0.418367346938776,TRUE,"","NULL","",7.41200000000003
2692,8319643,2,0.5,FALSE,NA,1,0.77,7,29,7,"!{pgr <= 0} & {age <= 46}",686,246,287,0.418367346938776,TRUE,"","NULL","",3.77700000000004
2693,8319644,2,0.5,FALSE,NA,1,0.74,10,48,10,"!{meno} & {pgr <= 26}",686,246,287,0.418367346938776,TRUE,"","NULL","Loglik converged before variable  1 ; coefficient may be infinite.  | Loglik converged before variable  1 ; coefficient may be infinite. ",4.90899999999999
2694,8319645,2,0.5,FALSE,NA,1,0.79,17,135,17,"{age <= 46} & !{size <= 20}",686,246,311,0.4533527696793,TRUE,"","NULL","",5.94499999999999
2695,8319646,2,0.5,FALSE,NA,0,NA,0,9,0,"",686,246,305,0.444606413994169,TRUE,"","NULL","",4.42199999999997
2696,8319647,2,0.5,FALSE,NA,1,0.64,2,17,2,"!{size <= 29} & {er <= 30}",686,246,274,0.399416909620991,TRUE,"","NULL","",4.29599999999999
2697,8319648,2,0.5,FALSE,NA,1,0.81,24,123,24,"!{meno} & !{er <= 3}",686,246,280,0.408163265306122,TRUE,"","NULL","",6.03999999999996
2698,8319649,2,0.5,FALSE,NA,1,0.96,1,22,1,"!{er <= 70} & {er <= 100}",686,246,292,0.425655976676385,TRUE,"","NULL","",4.714
2699,8319650,2,0.5,FALSE,NA,1,0.87,82,427,82,"{nodes <= 3} & !{er <= 70}",686,246,294,0.428571428571429,TRUE,"","NULL","",9.60500000000002
2700,8319651,2,0.5,FALSE,NA,1,0.8,9,51,9,"{pgr <= 0} & {er <= 44}",686,246,293,0.427113702623907,TRUE,"","NULL","",3.54299999999995
2701,8319652,2,0.5,FALSE,NA,1,0.94,28,116,28,"{nodes <= 1} & {pgr <= 77}",686,246,310,0.451895043731778,TRUE,"","NULL","",5.923
2702,8319653,2,0.5,FALSE,NA,1,0.91,4,19,4,"!{nodes <= 5} & !{size <= 35}",686,246,285,0.415451895043732,TRUE,"","NULL","",4.54400000000004
2703,8319654,2,0.5,FALSE,NA,1,0.87,2,32,2,"{pgr <= 77} & !{pgr <= 45}",686,246,298,0.434402332361516,TRUE,"","NULL","",4.79200000000003
2704,8319655,2,0.5,FALSE,NA,1,0.92,10,81,10,"{nodes <= 3} & !{er <= 174}",686,246,296,0.431486880466472,TRUE,"","NULL","",4.89000000000004
2705,8319656,2,0.5,FALSE,NA,1,0.93,10,85,10,"!{pgr <= 77} & {pgr <= 114}",686,246,271,0.395043731778426,TRUE,"","NULL","",5.62800000000004
2706,8319657,2,0.5,FALSE,NA,1,0.66,1,19,1,"!{nodes <= 5} & {pgr <= 8}",686,246,287,0.418367346938776,TRUE,"","NULL","",4.44400000000002
2707,8319658,2,0.5,FALSE,NA,0,NA,0,3,0,"",686,246,290,0.422740524781341,TRUE,"","NULL","",4.09499999999997
2708,8319659,2,0.5,FALSE,NA,1,0.99,45,120,45,"{nodes <= 1} & {er <= 100}",686,246,309,0.450437317784257,TRUE,"","NULL","",5.637
2709,8319660,2,0.5,FALSE,NA,1,1,103,258,103,"!{meno} & !{pgr <= 77}",686,246,301,0.438775510204082,TRUE,"","NULL","",7.84499999999997
2710,8319661,2,0.5,FALSE,NA,1,0.54,1,13,1,"!{er <= 17} & {er <= 44}",686,246,284,0.41399416909621,TRUE,"","NULL","",4.738
2711,8319662,2,0.5,FALSE,NA,1,0.97,94,387,94,"{size <= 29} & !{er <= 70}",686,246,293,0.427113702623907,TRUE,"","NULL","",8.56400000000002
2712,8319663,2,0.5,FALSE,NA,1,0.94,25,104,25,"!{nodes <= 5} & !{er <= 70}",686,246,279,0.406705539358601,TRUE,"","NULL","",3.726
2713,8319664,2,0.5,FALSE,NA,1,0.92,90,347,90,"!{pgr <= 77} & {pgr <= 184}",686,246,288,0.419825072886297,TRUE,"","NULL","",9.05500000000001
2714,8319665,2,0.5,FALSE,NA,1,0.78,8,39,8,"{size <= 25} & !{er <= 70}",686,246,295,0.43002915451895,TRUE,"","NULL","",4.74899999999997
2715,8319666,2,0.5,FALSE,NA,1,0.94,19,64,19,"!{size <= 35} & !{pgr <= 45}",686,246,297,0.432944606413994,TRUE,"","NULL","",4.99099999999999
2716,8319667,2,0.5,FALSE,NA,1,0.99,69,198,69,"!{nodes <= 7} & {pgr <= 26}",686,246,309,0.450437317784257,TRUE,"","NULL","",5.33300000000003
2717,8319668,2,0.5,FALSE,NA,1,0.56,1,19,1,"!{grade3} & !{size <= 35}",686,246,316,0.46064139941691,TRUE,"","NULL","",4.67900000000003
2718,8319669,2,0.5,FALSE,NA,1,0.93,25,157,25,"!{er <= 9} & {er <= 17}",686,246,289,0.421282798833819,TRUE,"","NULL","",6.12699999999995
2719,8319670,2,0.5,FALSE,NA,1,0.96,47,154,47,"!{er <= 100} & !{pgr <= 77}",686,246,296,0.431486880466472,TRUE,"","NULL","",6.25
2720,8319671,2,0.5,FALSE,NA,1,0.86,7,60,7,"!{er <= 70} & {age <= 61}",686,246,285,0.415451895043732,TRUE,"","NULL","",4.34199999999998
2721,8319672,2,0.5,FALSE,NA,1,0.78,14,76,14,"!{meno} & {pgr <= 77}",686,246,301,0.438775510204082,TRUE,"","NULL","",5.65999999999997
2722,8319673,2,0.5,FALSE,NA,1,0.94,91,280,91,"!{er <= 44} & !{size <= 20}",686,246,313,0.456268221574344,TRUE,"","NULL","",8.05999999999995
2723,8319674,2,0.5,FALSE,NA,1,0.83,9,48,9,"{grade3} & {pgr <= 16}",686,246,296,0.431486880466472,TRUE,"","NULL","",4.98599999999999
2724,8319675,2,0.5,FALSE,NA,0,NA,0,26,0,"",686,246,293,0.427113702623907,TRUE,"","NULL","",3.69200000000001
2725,8319676,2,0.5,FALSE,NA,1,0.81,6,24,6,"{pgr <= 26} & !{er <= 17}",686,246,290,0.422740524781341,TRUE,"","NULL","",4.58500000000004
2726,8319677,2,0.5,FALSE,NA,1,0.81,2,10,2,"!{er <= 3} & {er <= 17}",686,246,316,0.46064139941691,TRUE,"","NULL","",4.45399999999995
2727,8319678,2,0.5,FALSE,NA,1,0.83,15,54,15,"!{meno} & {pgr <= 26}",686,246,275,0.400874635568513,TRUE,"","NULL","",4.83499999999998
2728,8319679,2,0.5,FALSE,NA,1,0.8,1,12,1,"!{size <= 29} & {er <= 9}",686,246,284,0.41399416909621,TRUE,"","NULL","",4.255
2729,8319680,2,0.5,FALSE,NA,1,0.92,16,76,16,"{pgr <= 45} & !{er <= 70}",686,246,307,0.447521865889213,TRUE,"","NULL","",5.721
2730,8319681,2,0.5,FALSE,NA,1,0.76,4,23,4,"!{pgr <= 77} & !{meno}",686,246,284,0.41399416909621,TRUE,"","NULL","",4.39400000000001
2731,8319682,2,0.5,FALSE,NA,0,NA,0,3,0,"",686,246,309,0.450437317784257,TRUE,"","NULL","",4.32999999999998
2732,8319683,2,0.5,FALSE,NA,1,0.99,49,204,49,"!{pgr <= 184} & !{size <= 20}",686,246,321,0.467930029154519,TRUE,"","NULL","",6.26299999999998
2733,8319684,2,0.5,FALSE,NA,1,0.89,29,126,29,"{pgr <= 2}",686,246,323,0.470845481049563,TRUE,"","NULL","",6.09199999999998
2734,8319685,2,0.5,FALSE,NA,1,0.99,34,189,34,"!{meno} & !{er <= 44}",686,246,316,0.46064139941691,TRUE,"","NULL","",6.64600000000002
2735,8319686,2,0.5,FALSE,NA,1,0.8,3,23,3,"!{pgr <= 184} & {er <= 174}",686,246,307,0.447521865889213,TRUE,"","NULL","",4.46499999999997
2736,8319687,2,0.5,FALSE,NA,1,0.94,68,161,68,"!{pgr <= 114} & {meno}",686,246,309,0.450437317784257,TRUE,"","NULL","",5.46299999999997
2737,8319688,2,0.5,FALSE,NA,1,0.59,1,31,1,"!{pgr <= 45} & !{nodes <= 5}",686,246,293,0.427113702623907,TRUE,"","NULL","",4.85700000000003
2738,8319689,2,0.5,FALSE,NA,0,NA,0,26,0,"",686,246,309,0.450437317784257,TRUE,"","NULL","",4.45499999999998
2739,8319690,2,0.5,FALSE,NA,1,0.92,20,111,20,"{pgr <= 2} & !{size <= 20}",686,246,294,0.428571428571429,TRUE,"","NULL","",5.43900000000002
2740,8319691,2,0.5,FALSE,NA,1,0.96,17,77,17,"{age <= 61} & {pgr <= 0}",686,246,288,0.419825072886297,TRUE,"","NULL","",4.99100000000004
2741,8319692,2,0.5,FALSE,NA,0,NA,0,19,0,"",686,246,302,0.440233236151603,TRUE,"","NULL","",4.45400000000001
2742,8319693,2,0.5,FALSE,NA,1,0.88,58,164,58,"!{pgr <= 45} & !{er <= 100}",686,246,298,0.434402332361516,TRUE,"","NULL","",6.17399999999998
2743,8319694,2,0.5,FALSE,NA,1,0.62,1,16,1,"{age <= 53} & !{er <= 44}",686,246,314,0.457725947521866,TRUE,"","NULL","",4.98399999999998
2744,8319695,2,0.5,FALSE,NA,1,0.55,1,5,1,"!{pgr <= 77} & !{meno}",686,246,300,0.43731778425656,TRUE,"","NULL","",4.149
2745,8319696,2,0.5,FALSE,NA,1,0.63,1,4,1,"!{er <= 17} & {pgr <= 16}",686,246,308,0.448979591836735,TRUE,"","NULL","",4.68299999999999
2746,8319697,2,0.5,FALSE,NA,1,0.75,17,102,17,"!{er <= 174}",686,246,306,0.446064139941691,TRUE,"","NULL","",5.65600000000001
2747,8319698,2,0.5,FALSE,NA,1,0.9,30,106,30,"{er <= 44} & {grade3}",686,246,312,0.454810495626822,TRUE,"","NULL","",5.625
2748,8319699,2,0.5,FALSE,NA,1,0.82,1,13,1,"!{er <= 100} & {er <= 174}",686,246,314,0.457725947521866,TRUE,"","NULL","",4.42399999999998
2749,8319700,2,0.5,FALSE,NA,1,0.9,21,228,21,"!{grade3} & !{pgr <= 184}",686,246,323,0.470845481049563,TRUE,"","NULL","",7.84300000000002
2750,8319701,2,0.5,FALSE,NA,0,NA,0,6,0,"",686,246,293,0.427113702623907,TRUE,"","NULL","",4.26900000000001
2751,8319702,2,0.5,FALSE,NA,1,0.68,17,77,17,"!{age <= 53} & {er <= 100}",686,246,291,0.424198250728863,TRUE,"","NULL","",5.02300000000002
2752,8319703,2,0.5,FALSE,NA,1,0.87,4,14,4,"{size <= 29} & {age <= 46}",686,246,287,0.418367346938776,TRUE,"","NULL","",4.26499999999999
2753,8319704,2,0.5,FALSE,NA,1,0.97,132,429,132,"!{age <= 61} & {size <= 35}",686,246,285,0.415451895043732,TRUE,"","NULL","",10.18
2754,8319705,2,0.5,FALSE,NA,1,0.92,25,102,25,"{er <= 3} & !{age <= 46}",686,246,323,0.470845481049563,TRUE,"","NULL","",5.43600000000004
2755,8319706,2,0.5,FALSE,NA,1,0.61,3,49,3,"{er <= 30} & !{er <= 3}",686,246,275,0.400874635568513,TRUE,"","NULL","",4.61199999999997
2756,8319707,2,0.5,FALSE,NA,1,0.65,3,13,3,"{age <= 53} & !{er <= 44}",686,246,291,0.424198250728863,TRUE,"","NULL","",3.29199999999997
2757,8319708,2,0.5,FALSE,NA,1,0.82,20,151,20,"!{meno} & !{nodes <= 5}",686,246,296,0.431486880466472,TRUE,"","NULL","",6.63999999999999
2758,8319709,2,0.5,FALSE,NA,1,0.5,1,5,1,"{meno} & !{nodes <= 5}",686,246,322,0.469387755102041,TRUE,"","NULL","",4.017
2759,8319710,2,0.5,FALSE,NA,1,0.9,55,182,55,"{age <= 53} & !{er <= 44}",686,246,311,0.4533527696793,TRUE,"","NULL","",6.71600000000001
2760,8319711,2,0.5,FALSE,NA,1,0.7,10,63,10,"{size <= 29} & !{er <= 70}",686,246,292,0.425655976676385,TRUE,"","NULL","",4.20500000000004
2761,8319712,2,0.5,FALSE,NA,1,0.94,44,177,44,"!{size <= 35}",686,246,290,0.422740524781341,TRUE,"","NULL","",6.887
2762,8319713,2,0.5,FALSE,NA,1,0.9,10,45,10,"!{er <= 100} & {er <= 174}",686,246,289,0.421282798833819,TRUE,"","NULL","",4.666
2763,8319714,2,0.5,FALSE,NA,1,0.86,9,53,9,"!{size <= 35} & !{grade3}",686,246,308,0.448979591836735,TRUE,"","NULL","",5.04200000000003
2764,8319715,2,0.5,FALSE,NA,1,0.9,22,91,22,"!{meno} & {size <= 25}",686,246,302,0.440233236151603,TRUE,"","NULL","",4.76599999999996
2765,8319716,2,0.5,FALSE,NA,1,0.62,3,45,3,"!{size <= 20} & !{er <= 70}",686,246,286,0.416909620991254,TRUE,"","NULL","",5.25900000000001
2766,8319717,2,0.5,FALSE,NA,1,1,77,222,77,"{pgr <= 0} & {age <= 61}",686,246,326,0.475218658892128,TRUE,"","NULL","",7.363
2767,8319718,2,0.5,FALSE,NA,1,0.7,5,33,5,"!{meno} & !{size <= 25}",686,246,304,0.443148688046647,TRUE,"","NULL","",4.63999999999999
2768,8319719,2,0.5,FALSE,NA,1,0.92,3,15,3,"{nodes <= 7} & !{nodes <= 5}",686,246,301,0.438775510204082,TRUE,"","NULL","",4.05599999999998
2769,8319720,2,0.5,FALSE,NA,1,0.87,8,76,8,"{nodes <= 1} & !{er <= 70}",686,246,306,0.446064139941691,TRUE,"","NULL","",6.03100000000001
2770,8319721,2,0.5,FALSE,NA,1,0.97,221,516,221,"!{pgr <= 184} & !{size <= 20}",686,246,294,0.428571428571429,TRUE,"","NULL","",10.879
2771,8319722,2,0.5,FALSE,NA,1,0.95,14,45,14,"{pgr <= 77} & !{pgr <= 45}",686,246,310,0.451895043731778,TRUE,"","NULL","",4.43800000000005
2772,8319723,2,0.5,FALSE,NA,1,0.97,27,82,27,"!{pgr <= 45} & {er <= 44}",686,246,317,0.462099125364431,TRUE,"","NULL","",3.52300000000002
2773,8319724,2,0.5,FALSE,NA,1,0.97,28,138,28,"{er <= 30} & !{er <= 17}",686,246,314,0.457725947521866,TRUE,"","NULL","",7.03100000000001
2774,8319725,2,0.5,FALSE,NA,1,0.62,1,36,1,"!{pgr <= 184} & {er <= 294}",686,246,319,0.465014577259475,TRUE,"","NULL","",4.77699999999999
2775,8319726,2,0.5,FALSE,NA,1,0.7,3,23,3,"{size <= 20} & {nodes <= 3}",686,246,292,0.425655976676385,TRUE,"","NULL","",4.56
2776,8319727,2,0.5,FALSE,NA,1,0.51,1,7,1,"{size <= 29} & !{nodes <= 5}",686,246,291,0.424198250728863,TRUE,"","NULL","",4
2777,8319728,2,0.5,FALSE,NA,1,0.93,16,110,16,"!{meno} & !{age <= 46}",686,246,302,0.440233236151603,TRUE,"","NULL","",6.15999999999997
2778,8319729,2,0.5,FALSE,NA,1,0.57,2,18,2,"{pgr <= 114} & !{pgr <= 45}",686,246,300,0.43731778425656,TRUE,"","NULL","",4.41300000000001
2779,8319730,2,0.5,FALSE,NA,1,0.96,74,286,74,"{nodes <= 1} & {er <= 44}",686,246,305,0.444606413994169,TRUE,"","NULL","",8.26999999999998
2780,8319731,2,0.5,FALSE,NA,1,0.78,9,58,9,"!{pgr <= 45} & {size <= 20}",686,246,294,0.428571428571429,TRUE,"","NULL","",3.86200000000002
2781,8319732,2,0.5,FALSE,NA,1,0.89,23,76,23,"!{er <= 174} & {nodes <= 3}",686,246,307,0.447521865889213,TRUE,"","NULL","",6.03900000000004
2782,8319733,2,0.5,FALSE,NA,1,0.87,22,74,22,"{er <= 0}",686,246,311,0.4533527696793,TRUE,"","NULL","",5.471
2783,8319734,2,0.5,FALSE,NA,1,0.96,17,54,17,"{pgr <= 16} & !{er <= 17}",686,246,285,0.415451895043732,TRUE,"","NULL","",4.82499999999999
2784,8319735,2,0.5,FALSE,NA,1,0.9,48,211,48,"{er <= 70} & !{size <= 35}",686,246,298,0.434402332361516,TRUE,"","NULL","Loglik converged before variable  1 ; coefficient may be infinite.  | Loglik converged before variable  1 ; coefficient may be infinite. ",5.916
2785,8319736,2,0.5,FALSE,NA,1,0.86,17,110,17,"!{age <= 53} & !{er <= 100}",686,246,295,0.43002915451895,TRUE,"","NULL","",6.76600000000002
2786,8319737,2,0.5,FALSE,NA,1,1,87,249,87,"{nodes <= 7} & {age <= 46}",686,246,301,0.438775510204082,TRUE,"","NULL","",7.00800000000004
2787,8319738,2,0.5,FALSE,NA,1,0.92,21,86,21,"!{er <= 174}",686,246,287,0.418367346938776,TRUE,"","NULL","",5.13900000000001
2788,8319739,2,0.5,FALSE,NA,1,0.98,33,102,33,"!{size <= 35} & {age <= 53}",686,246,305,0.444606413994169,TRUE,"","NULL","",4.53000000000003
2789,8319740,2,0.5,FALSE,NA,1,0.78,7,95,7,"{age <= 46} & !{er <= 0}",686,246,312,0.454810495626822,TRUE,"","NULL","",6.262
2790,8319741,2,0.5,FALSE,NA,0,NA,0,25,0,"",686,246,309,0.450437317784257,TRUE,"","NULL","",4.69800000000004
2791,8319742,2,0.5,FALSE,NA,1,0.99,76,256,76,"{pgr <= 8} & !{er <= 0}",686,246,306,0.446064139941691,TRUE,"","NULL","Loglik converged before variable  1 ; coefficient may be infinite. ",7.178
2792,8319743,2,0.5,FALSE,NA,1,0.84,14,116,14,"{size <= 29} & !{nodes <= 1}",686,246,286,0.416909620991254,TRUE,"","NULL","",4.56399999999996
2793,8319744,2,0.5,FALSE,NA,1,0.68,1,26,1,"!{grade3} & {age <= 46}",686,246,285,0.415451895043732,TRUE,"","NULL","",5.029
2794,8319745,2,0.5,FALSE,NA,1,0.71,2,47,2,"{age <= 61} & !{er <= 70}",686,246,288,0.419825072886297,TRUE,"","NULL","",4.709
2795,8319746,2,0.5,FALSE,NA,1,0.98,22,94,22,"!{er <= 174} & !{nodes <= 1}",686,246,292,0.425655976676385,TRUE,"","NULL","",5.23200000000003
2796,8319747,2,0.5,FALSE,NA,1,0.96,86,275,86,"{nodes <= 3} & {er <= 17}",686,246,319,0.465014577259475,TRUE,"","NULL","",7.11599999999999
2797,8319748,2,0.5,FALSE,NA,1,0.66,2,34,2,"{nodes <= 1} & {er <= 70}",686,246,258,0.376093294460641,TRUE,"","NULL","",4.81199999999995
2798,8319749,2,0.5,FALSE,NA,1,0.87,8,44,8,"{er <= 30} & {nodes <= 3}",686,246,282,0.411078717201166,TRUE,"","NULL","",4.46699999999998
2799,8319750,2,0.5,FALSE,NA,1,0.84,16,64,16,"{pgr <= 2} & !{size <= 20}",686,246,299,0.435860058309038,TRUE,"","NULL","",5.18299999999999
2800,8319751,2,0.5,FALSE,NA,1,0.7,1,11,1,"{size <= 35} & !{pgr <= 184}",686,246,301,0.438775510204082,TRUE,"","NULL","",4.34199999999998
2801,8319752,2,0.5,FALSE,NA,1,0.72,7,17,7,"{age <= 53} & !{nodes <= 5}",686,246,318,0.463556851311953,TRUE,"","NULL","",5.08799999999997
2802,8319753,2,0.5,FALSE,NA,1,0.97,60,168,60,"{nodes <= 3} & !{age <= 61}",686,246,303,0.441690962099125,TRUE,"","NULL","",6.49299999999999
2803,8319754,2,0.5,FALSE,NA,1,0.89,21,101,21,"!{pgr <= 0} & {size <= 20}",686,246,307,0.447521865889213,TRUE,"","NULL","",5.24799999999999
2804,8319755,2,0.5,FALSE,NA,1,0.89,34,93,34,"{pgr <= 2} & !{size <= 20}",686,246,300,0.43731778425656,TRUE,"","NULL","",5.02999999999997
2805,8319756,2,0.5,FALSE,NA,1,0.94,20,98,20,"!{pgr <= 114} & !{er <= 44}",686,246,286,0.416909620991254,TRUE,"","NULL","",6.43900000000002
2806,8319757,2,0.5,FALSE,NA,1,0.73,12,50,12,"!{pgr <= 114} & {size <= 29}",686,246,312,0.454810495626822,TRUE,"","NULL","",5.03399999999999
2807,8319758,2,0.5,FALSE,NA,1,0.92,4,26,4,"{pgr <= 8} & {grade3}",686,246,288,0.419825072886297,TRUE,"","NULL","",4.31700000000001
2808,8319759,2,0.5,FALSE,NA,1,0.93,26,102,26,"{nodes <= 7} & {age <= 46}",686,246,301,0.438775510204082,TRUE,"","NULL","",5.04699999999997
2809,8319760,2,0.5,FALSE,NA,1,1,97,227,97,"{size <= 29} & !{pgr <= 77}",686,246,295,0.43002915451895,TRUE,"","NULL","",8.20499999999998
2810,8319761,2,0.5,FALSE,NA,1,0.65,3,45,3,"!{size <= 35} & !{pgr <= 2}",686,246,290,0.422740524781341,TRUE,"","NULL","",4.55399999999997
2811,8319762,2,0.5,FALSE,NA,0,NA,0,10,0,"",686,246,305,0.444606413994169,TRUE,"","NULL","",4.21800000000002
2812,8319763,2,0.5,FALSE,NA,1,0.94,20,119,20,"{age <= 61} & !{er <= 70}",686,246,304,0.443148688046647,TRUE,"","NULL","",4.947
2813,8319764,2,0.5,FALSE,NA,1,0.93,23,88,23,"!{pgr <= 184} & {er <= 294}",686,246,284,0.41399416909621,TRUE,"","NULL","",6.02800000000002
2814,8319765,2,0.5,FALSE,NA,1,0.99,19,65,19,"!{er <= 174} & {pgr <= 184}",686,246,291,0.424198250728863,TRUE,"","NULL","",5.13799999999998
2815,8319766,2,0.5,FALSE,NA,1,0.97,76,244,76,"!{meno} & {size <= 29}",686,246,299,0.435860058309038,TRUE,"","NULL","",7.315
2816,8319767,2,0.5,FALSE,NA,0,NA,0,1,0,"",686,246,293,0.427113702623907,TRUE,"","NULL","",3.55400000000003
2817,8319768,2,0.5,FALSE,NA,1,0.56,3,15,3,"{er <= 30} & !{pgr <= 16}",686,246,317,0.462099125364431,TRUE,"","NULL","",5.113
2818,8319769,2,0.5,FALSE,NA,1,0.67,7,42,7,"!{size <= 25} & {pgr <= 26}",686,246,295,0.43002915451895,TRUE,"","NULL","",4.94
2819,8319770,2,0.5,FALSE,NA,1,0.79,6,21,6,"{er <= 30} & !{pgr <= 16}",686,246,298,0.434402332361516,TRUE,"","NULL","",4.50700000000001
2820,8319771,2,0.5,FALSE,NA,1,0.79,6,49,6,"{size <= 29} & !{er <= 100}",686,246,308,0.448979591836735,TRUE,"","NULL","",4.98099999999999
2821,8319772,2,0.5,FALSE,NA,1,0.82,12,41,12,"{size <= 35} & !{nodes <= 5}",686,246,304,0.443148688046647,TRUE,"","NULL","",5.09399999999999
2822,8319773,2,0.5,FALSE,NA,1,0.96,87,227,87,"{size <= 20} & !{er <= 44}",686,246,318,0.463556851311953,TRUE,"","NULL","",7.40499999999997
2823,8319774,2,0.5,FALSE,NA,1,0.64,7,79,7,"{er <= 17} & !{nodes <= 1}",686,246,312,0.454810495626822,TRUE,"","NULL","",5.49200000000002
2824,8319775,2,0.5,FALSE,NA,1,0.79,16,130,16,"!{er <= 17} & !{pgr <= 77}",686,246,287,0.418367346938776,TRUE,"","NULL","",4.69900000000001
2825,8319776,2,0.5,FALSE,NA,1,0.9,32,115,32,"{size <= 20} & !{pgr <= 8}",686,246,272,0.396501457725948,TRUE,"","NULL","",6.27199999999999
2826,8319777,2,0.5,FALSE,NA,1,0.71,5,29,5,"!{meno} & {pgr <= 26}",686,246,305,0.444606413994169,TRUE,"","NULL","",4.517
2827,8319778,2,0.5,FALSE,NA,1,0.86,5,34,5,"{grade3} & {pgr <= 8}",686,246,292,0.425655976676385,TRUE,"","NULL","",4.65199999999999
2828,8319779,2,0.5,FALSE,NA,1,0.91,11,42,11,"!{pgr <= 77} & {size <= 25}",686,246,304,0.443148688046647,TRUE,"","NULL","",4.53199999999998
2829,8319780,2,0.5,FALSE,NA,1,0.94,22,120,22,"!{size <= 35} & {age <= 53}",686,246,303,0.441690962099125,TRUE,"","NULL","",6.07799999999997
2830,8319781,2,0.5,FALSE,NA,1,0.95,15,53,15,"{age <= 46} & !{pgr <= 26}",686,246,300,0.43731778425656,TRUE,"","NULL","",4.839
2831,8319782,2,0.5,FALSE,NA,1,0.94,17,172,17,"!{size <= 20} & {age <= 46}",686,246,326,0.475218658892128,TRUE,"","NULL","",6.47200000000004
2832,8319783,2,0.5,FALSE,NA,1,0.7,10,50,10,"!{size <= 25} & {er <= 17}",686,246,306,0.446064139941691,TRUE,"","NULL","",4.03100000000001
2833,8319784,2,0.5,FALSE,NA,1,0.83,3,28,3,"!{er <= 17} & {er <= 44}",686,246,289,0.421282798833819,TRUE,"","NULL","",4.62399999999997
2834,8319785,2,0.5,FALSE,NA,1,0.95,64,157,64,"{age <= 46} & !{pgr <= 8}",686,246,297,0.432944606413994,TRUE,"","NULL","",6.221
2835,8319786,2,0.5,FALSE,NA,1,0.99,55,201,55,"!{er <= 9} & {er <= 17}",686,246,288,0.419825072886297,TRUE,"","NULL","",6.65800000000002
2836,8319787,2,0.5,FALSE,NA,1,0.95,58,239,58,"!{nodes <= 5} & {age <= 61}",686,246,309,0.450437317784257,TRUE,"","NULL","",5.79700000000003
2837,8319788,2,0.5,FALSE,NA,1,0.83,36,201,36,"{er <= 30} & !{size <= 25}",686,246,289,0.421282798833819,TRUE,"","NULL","",7.62200000000001
2838,8319789,2,0.5,FALSE,NA,1,0.99,130,372,130,"!{er <= 9} & {er <= 17}",686,246,314,0.457725947521866,TRUE,"","NULL","",8.96300000000002
2839,8319790,2,0.5,FALSE,NA,1,0.98,63,215,63,"!{meno} & {pgr <= 16}",686,246,303,0.441690962099125,TRUE,"","NULL","",5.89499999999998
2840,8319791,2,0.5,FALSE,NA,1,0.84,11,48,11,"{nodes <= 7} & !{pgr <= 184}",686,246,300,0.43731778425656,TRUE,"","NULL","",3.20699999999999
2841,8319792,2,0.5,FALSE,NA,1,0.92,8,24,8,"!{pgr <= 77} & {pgr <= 114}",686,246,282,0.411078717201166,TRUE,"","NULL","",5
2842,8319793,2,0.5,FALSE,NA,1,0.74,17,100,17,"!{grade3} & {er <= 294}",686,246,304,0.443148688046647,TRUE,"","NULL","",5.64799999999997
2843,8319794,2,0.5,FALSE,NA,1,0.95,84,358,84,"!{age <= 61} & {size <= 25}",686,246,292,0.425655976676385,TRUE,"","NULL","Loglik converged before variable  1 ; coefficient may be infinite. ",8.72300000000001
2844,8319795,2,0.5,FALSE,NA,1,0.71,14,54,14,"{pgr <= 0}",686,246,298,0.434402332361516,TRUE,"","NULL","",3.96699999999998
2845,8319796,2,0.5,FALSE,NA,1,0.96,67,231,67,"!{er <= 100} & {size <= 25}",686,246,310,0.451895043731778,TRUE,"","NULL","",7.76100000000002
2846,8319797,2,0.5,FALSE,NA,1,0.98,71,199,71,"{nodes <= 5} & {pgr <= 2}",686,246,299,0.435860058309038,TRUE,"","NULL","",6.29599999999999
2847,8319798,2,0.5,FALSE,NA,1,0.81,8,78,8,"{size <= 35} & !{pgr <= 184}",686,246,316,0.46064139941691,TRUE,"","NULL","",5.21199999999999
2848,8319799,2,0.5,FALSE,NA,1,0.85,6,50,6,"!{er <= 3} & {er <= 17}",686,246,300,0.43731778425656,TRUE,"","NULL","",3.59199999999998
2849,8319800,2,0.5,FALSE,NA,1,0.93,50,155,50,"!{pgr <= 114} & !{age <= 53}",686,246,312,0.454810495626822,TRUE,"","NULL","",6.92500000000001
2850,8319801,2,0.5,FALSE,NA,1,0.63,1,10,1,"!{er <= 17} & {er <= 30}",686,246,305,0.444606413994169,TRUE,"","NULL","",4.54000000000002
2851,8319802,2,0.5,FALSE,NA,1,0.83,21,76,21,"{nodes <= 1} & !{pgr <= 8}",686,246,285,0.415451895043732,TRUE,"","NULL","",4.916
2852,8319803,2,0.5,FALSE,NA,1,1,111,264,111,"{pgr <= 77} & {age <= 46}",686,246,282,0.411078717201166,TRUE,"","NULL","",6.40199999999999
2853,8319804,2,0.5,FALSE,NA,1,0.97,39,162,39,"!{er <= 70} & {er <= 100}",686,246,309,0.450437317784257,TRUE,"","NULL","",6.98700000000002
2854,8319805,2,0.5,FALSE,NA,1,0.95,5,31,5,"!{er <= 44} & {er <= 70}",686,246,301,0.438775510204082,TRUE,"","NULL","",4.303
2855,8319806,2,0.5,FALSE,NA,1,0.85,10,56,10,"!{er <= 70} & {er <= 174}",686,246,313,0.456268221574344,TRUE,"","NULL","",4.70600000000002
2856,8319807,2,0.5,FALSE,NA,1,0.58,1,22,1,"!{age <= 61} & !{pgr <= 8}",686,246,286,0.416909620991254,TRUE,"","NULL","",4.29199999999997
2857,8319808,2,0.5,FALSE,NA,1,0.97,30,105,30,"!{size <= 25} & {er <= 17}",686,246,268,0.39067055393586,TRUE,"","NULL","",5.89100000000002
2858,8319809,2,0.5,FALSE,NA,1,0.8,29,198,29,"{size <= 25} & !{pgr <= 77}",686,246,299,0.435860058309038,TRUE,"","NULL","",7.10899999999998
2859,8319810,2,0.5,FALSE,NA,1,0.67,4,34,4,"!{pgr <= 45} & !{age <= 61}",686,246,284,0.41399416909621,TRUE,"","NULL","",4.92399999999998
2860,8319811,2,0.5,FALSE,NA,1,0.6,4,36,4,"!{size <= 29} & {er <= 30}",686,246,295,0.43002915451895,TRUE,"","NULL","",3.89800000000002
2861,8319812,2,0.5,FALSE,NA,1,0.7,4,54,4,"{size <= 29} & !{er <= 100}",686,246,305,0.444606413994169,TRUE,"","NULL","",5.279
2862,8319813,2,0.5,FALSE,NA,1,0.65,10,39,10,"{nodes <= 1} & {age <= 61}",686,246,282,0.411078717201166,TRUE,"","NULL","",4.66500000000002
2863,8319814,2,0.5,FALSE,NA,1,0.81,8,53,8,"{age <= 53} & !{er <= 44}",686,246,297,0.432944606413994,TRUE,"","NULL","",5.53399999999999
2864,8319815,2,0.5,FALSE,NA,1,0.61,2,46,2,"{age <= 53} & !{pgr <= 26}",686,246,309,0.450437317784257,TRUE,"","NULL","",4.52700000000004
2865,8319816,2,0.5,FALSE,NA,0,NA,0,6,0,"",686,246,294,0.428571428571429,TRUE,"","NULL","",4.65000000000003
2866,8319817,2,0.5,FALSE,NA,1,0.95,9,51,9,"{pgr <= 26} & !{nodes <= 7}",686,246,287,0.418367346938776,TRUE,"","NULL","",4.88199999999995
2867,8319818,2,0.5,FALSE,NA,1,0.72,3,51,3,"!{meno} & {pgr <= 114}",686,246,303,0.441690962099125,TRUE,"","NULL","",4.851
2868,8319819,2,0.5,FALSE,NA,1,0.98,52,189,52,"!{meno} & {pgr <= 16}",686,246,335,0.488338192419825,TRUE,"","NULL","",6.27699999999999
2869,8319820,2,0.5,FALSE,NA,1,0.97,61,174,61,"{er <= 3} & !{age <= 46}",686,246,287,0.418367346938776,TRUE,"","NULL","",6.98199999999997
2870,8319821,2,0.5,FALSE,NA,1,0.94,11,83,11,"{er <= 70} & !{er <= 44}",686,246,304,0.443148688046647,TRUE,"","NULL","",5.28399999999999
2871,8319822,2,0.5,FALSE,NA,0,NA,0,15,0,"",686,246,334,0.486880466472303,TRUE,"","NULL","",4.47000000000003
2872,8319823,2,0.5,FALSE,NA,1,0.69,1,15,1,"!{er <= 3} & {er <= 9}",686,246,312,0.454810495626822,TRUE,"","NULL","",4.16400000000004
2873,8319824,2,0.5,FALSE,NA,1,0.69,5,40,5,"!{pgr <= 26} & !{er <= 174}",686,246,314,0.457725947521866,TRUE,"","NULL","",5.21800000000002
2874,8319825,2,0.5,FALSE,NA,1,0.71,4,25,4,"!{size <= 35} & {meno}",686,246,306,0.446064139941691,TRUE,"","NULL","",4.45499999999998
2875,8319826,2,0.5,FALSE,NA,1,0.77,4,22,4,"{pgr <= 114} & !{size <= 35}",686,246,308,0.448979591836735,TRUE,"","NULL","",4.52199999999999
2876,8319827,2,0.5,FALSE,NA,1,0.96,47,196,47,"{er <= 9} & {size <= 29}",686,246,286,0.416909620991254,TRUE,"","NULL","",6.21100000000001
2877,8319828,2,0.5,FALSE,NA,1,0.87,58,343,58,"{size <= 29} & !{er <= 44}",686,246,300,0.43731778425656,TRUE,"","NULL","",9.20999999999998
2878,8319829,2,0.5,FALSE,NA,1,0.83,19,122,19,"!{pgr <= 45} & !{er <= 100}",686,246,300,0.43731778425656,TRUE,"","NULL","",5.76600000000002
2879,8319830,2,0.5,FALSE,NA,1,0.99,56,152,56,"{pgr <= 0} & {age <= 61}",686,246,299,0.435860058309038,TRUE,"","NULL","",5.73399999999998
2880,8319831,2,0.5,FALSE,NA,0,NA,0,3,0,"",686,246,286,0.416909620991254,TRUE,"","NULL","",2.94900000000001
2881,8319832,2,0.5,FALSE,NA,1,0.91,41,141,41,"{size <= 29} & !{er <= 100}",686,246,298,0.434402332361516,TRUE,"","NULL","",6.52200000000005
2882,8319833,2,0.5,FALSE,NA,1,0.75,8,39,8,"{size <= 20} & !{er <= 9}",686,246,293,0.427113702623907,TRUE,"","NULL","",4.54300000000001
2883,8319834,2,0.5,FALSE,NA,0,NA,0,20,0,"",686,246,295,0.43002915451895,TRUE,"","NULL","",4.666
2884,8319835,2,0.5,FALSE,NA,1,0.94,37,259,37,"!{pgr <= 16} & {er <= 30}",686,246,308,0.448979591836735,TRUE,"","NULL","",6.69099999999997
2885,8319836,2,0.5,FALSE,NA,1,0.89,21,82,21,"!{er <= 70} & !{size <= 25}",686,246,283,0.412536443148688,TRUE,"","NULL","",5.44999999999999
2886,8319837,2,0.5,FALSE,NA,1,0.77,5,25,5,"!{pgr <= 114} & {er <= 100}",686,246,297,0.432944606413994,TRUE,"","NULL","",4.69999999999999
2887,8319838,2,0.5,FALSE,NA,1,0.95,8,60,8,"!{age <= 53} & {pgr <= 8}",686,246,301,0.438775510204082,TRUE,"","NULL","",5.50800000000004
2888,8319839,2,0.5,FALSE,NA,1,0.78,12,96,12,"!{size <= 29} & {er <= 30}",686,246,314,0.457725947521866,TRUE,"","NULL","",5.08699999999999
2889,8319840,2,0.5,FALSE,NA,1,0.86,16,63,16,"{nodes <= 1} & {er <= 294}",686,246,309,0.450437317784257,TRUE,"","NULL","",5.29899999999998
2890,8319841,2,0.5,FALSE,NA,1,0.81,6,28,6,"{er <= 30} & !{pgr <= 8}",686,246,299,0.435860058309038,TRUE,"","NULL","",4.60399999999998
2891,8319842,2,0.5,FALSE,NA,1,0.84,14,48,14,"{age <= 61} & !{nodes <= 7}",686,246,268,0.39067055393586,TRUE,"","NULL","",5.32600000000002
2892,8319843,2,0.5,FALSE,NA,1,0.6,1,27,1,"!{pgr <= 26} & !{size <= 35}",686,246,265,0.386297376093294,TRUE,"","NULL","",4.09399999999999
2893,8319844,2,0.5,FALSE,NA,1,0.9,15,50,15,"{nodes <= 3} & !{er <= 100}",686,246,284,0.41399416909621,TRUE,"","NULL","",5.173
2894,8319845,2,0.5,FALSE,NA,1,0.73,2,26,2,"!{pgr <= 26} & {pgr <= 77}",686,246,295,0.43002915451895,TRUE,"","NULL","",4.56400000000002
2895,8319846,2,0.5,FALSE,NA,1,0.65,5,27,5,"{age <= 53} & {pgr <= 16}",686,246,305,0.444606413994169,TRUE,"","NULL","",4.83099999999996
2896,8319847,2,0.5,FALSE,NA,1,0.99,18,65,18,"!{pgr <= 45} & {pgr <= 77}",686,246,295,0.43002915451895,TRUE,"","NULL","",4.67000000000002
2897,8319848,2,0.5,FALSE,NA,1,0.91,72,266,72,"{age <= 46} & {pgr <= 45}",686,246,297,0.432944606413994,TRUE,"","NULL","",8.42199999999997
2898,8319849,2,0.5,FALSE,NA,1,0.93,30,131,30,"!{er <= 100} & {pgr <= 184}",686,246,298,0.434402332361516,TRUE,"","NULL","",5.94200000000001
2899,8319850,2,0.5,FALSE,NA,1,0.99,121,260,121,"!{pgr <= 77} & {nodes <= 7}",686,246,303,0.441690962099125,TRUE,"","NULL","",7.05500000000001
2900,8319851,2,0.5,FALSE,NA,0,NA,0,12,0,"",686,246,286,0.416909620991254,TRUE,"","NULL","",3.30599999999998
2901,8319852,2,0.5,FALSE,NA,1,0.97,88,208,88,"{nodes <= 1} & {pgr <= 77}",686,246,276,0.402332361516035,TRUE,"","NULL","",7.464
2902,8319853,2,0.5,FALSE,NA,1,0.57,1,23,1,"!{er <= 17} & {pgr <= 16}",686,246,308,0.448979591836735,TRUE,"","NULL","",4.57599999999996
2903,8319854,2,0.5,FALSE,NA,1,0.96,113,466,113,"{nodes <= 3} & !{age <= 61}",686,246,295,0.43002915451895,TRUE,"","NULL","",9.57299999999998
2904,8319855,2,0.5,FALSE,NA,1,0.78,3,45,3,"{grade3} & {pgr <= 16}",686,246,306,0.446064139941691,TRUE,"","NULL","",3.44
2905,8319856,2,0.5,FALSE,NA,1,0.78,11,37,11,"!{size <= 35} & {er <= 100}",686,246,297,0.432944606413994,TRUE,"","NULL","",4.95499999999998
2906,8319857,2,0.5,FALSE,NA,1,0.53,1,13,1,"!{size <= 35} & !{pgr <= 45}",686,246,327,0.47667638483965,TRUE,"","NULL","",4.45699999999999
2907,8319858,2,0.5,FALSE,NA,1,0.55,1,8,1,"!{meno} & {er <= 9}",686,246,274,0.399416909620991,TRUE,"","NULL","",4.56900000000002
2908,8319859,2,0.5,FALSE,NA,0,NA,0,9,0,"",686,246,324,0.472303206997085,TRUE,"","NULL","",4.601
2909,8319860,2,0.5,FALSE,NA,1,0.95,128,567,128,"!{size <= 35} & {er <= 44}",686,246,302,0.440233236151603,TRUE,"","NULL","",11.733
2910,8319861,2,0.5,FALSE,NA,1,0.69,8,65,8,"!{size <= 20} & {grade3}",686,246,287,0.418367346938776,TRUE,"","NULL","",5.23199999999997
2911,8319862,2,0.5,FALSE,NA,1,0.88,4,21,4,"{pgr <= 2} & {size <= 29}",686,246,284,0.41399416909621,TRUE,"","NULL","",3.82300000000004
2912,8319863,2,0.5,FALSE,NA,1,0.85,24,110,24,"!{pgr <= 77} & {er <= 100}",686,246,319,0.465014577259475,TRUE,"","NULL","",4.029
2913,8319864,2,0.5,FALSE,NA,1,0.93,20,70,20,"{pgr <= 2} & {er <= 9}",686,246,304,0.443148688046647,TRUE,"","NULL","",5.46800000000002
2914,8319865,2,0.5,FALSE,NA,1,0.91,11,27,11,"!{size <= 25} & {nodes <= 1}",686,246,320,0.466472303206997,TRUE,"","NULL","",4.822
2915,8319866,2,0.5,FALSE,NA,1,0.97,130,418,130,"!{er <= 9} & !{size <= 35}",686,246,313,0.456268221574344,TRUE,"","NULL","",9.714
2916,8319867,2,0.5,FALSE,NA,1,0.83,2,29,2,"{age <= 53} & !{nodes <= 7}",686,246,306,0.446064139941691,TRUE,"","NULL","Loglik converged before variable  1 ; coefficient may be infinite. ",3.40600000000001
2917,8319868,2,0.5,FALSE,NA,1,0.79,12,71,12,"!{er <= 174} & {meno}",686,246,280,0.408163265306122,TRUE,"","NULL","",5.86500000000001
2918,8319869,2,0.5,FALSE,NA,1,1,41,135,41,"{size <= 35} & {er <= 0}",686,246,308,0.448979591836735,TRUE,"","NULL","Loglik converged before variable  1 ; coefficient may be infinite.  | Loglik converged before variable  1 ; coefficient may be infinite. ",6.13299999999998
2919,8319870,2,0.5,FALSE,NA,1,1,5,32,5,"!{meno} & {pgr <= 8}",686,246,295,0.43002915451895,TRUE,"","NULL","Loglik converged before variable  1 ; coefficient may be infinite.  | Loglik converged before variable  1 ; coefficient may be infinite. ",4.72899999999998
2920,8319871,2,0.5,FALSE,NA,1,0.95,23,111,23,"{nodes <= 3} & !{er <= 44}",686,246,285,0.415451895043732,TRUE,"","NULL","",5.02600000000001
2921,8319872,2,0.5,FALSE,NA,1,0.97,12,48,12,"{er <= 100} & !{er <= 70}",686,246,291,0.424198250728863,TRUE,"","NULL","",4.86799999999999
2922,8319873,2,0.5,FALSE,NA,1,0.52,1,26,1,"!{size <= 35} & !{pgr <= 26}",686,246,295,0.43002915451895,TRUE,"","NULL","",4.93700000000001
2923,8319874,2,0.5,FALSE,NA,1,0.95,3,28,3,"!{pgr <= 77} & {pgr <= 114}",686,246,296,0.431486880466472,TRUE,"","NULL","",4.51800000000003
2924,8319875,2,0.5,FALSE,NA,1,0.96,46,228,46,"!{meno} & !{er <= 44}",686,246,305,0.444606413994169,TRUE,"","NULL","",6.387
2925,8319876,2,0.5,FALSE,NA,1,0.88,38,145,38,"{size <= 29} & {pgr <= 8}",686,246,275,0.400874635568513,TRUE,"","NULL","",6.80900000000003
2926,8319877,2,0.5,FALSE,NA,1,0.93,50,226,50,"{age <= 46} & !{pgr <= 0}",686,246,311,0.4533527696793,TRUE,"","NULL","",6.90200000000004
2927,8319878,2,0.5,FALSE,NA,1,0.97,37,127,37,"{size <= 20} & {nodes <= 3}",686,246,296,0.431486880466472,TRUE,"","NULL","",5.47200000000004
2928,8319879,2,0.5,FALSE,NA,1,0.83,3,43,3,"{size <= 35} & {er <= 0}",686,246,283,0.412536443148688,TRUE,"","NULL","",3.59099999999995
2929,8319880,2,0.5,FALSE,NA,1,0.96,122,417,122,"!{pgr <= 184}",686,246,293,0.427113702623907,TRUE,"","NULL","",9.66900000000004
2930,8319881,2,0.5,FALSE,NA,1,0.51,1,22,1,"!{er <= 44} & {er <= 100}",686,246,301,0.438775510204082,TRUE,"","NULL","",4.476
2931,8319882,2,0.5,FALSE,NA,1,0.76,8,60,8,"{size <= 29} & !{er <= 70}",686,246,304,0.443148688046647,TRUE,"","NULL","",4.96899999999999
2932,8319883,2,0.5,FALSE,NA,1,0.87,6,51,6,"{pgr <= 77} & !{pgr <= 45}",686,246,294,0.428571428571429,TRUE,"","NULL","",3.85399999999998
2933,8319884,2,0.5,FALSE,NA,1,0.92,11,44,11,"{er <= 3} & {size <= 29}",686,246,291,0.424198250728863,TRUE,"","NULL","",5.161
2934,8319885,2,0.5,FALSE,NA,1,0.99,102,332,102,"{age <= 53} & {size <= 20}",686,246,306,0.446064139941691,TRUE,"","NULL","",8.76800000000003
2935,8319886,2,0.5,FALSE,NA,1,0.77,3,24,3,"{pgr <= 8} & !{pgr <= 0}",686,246,292,0.425655976676385,TRUE,"","NULL","",4.68299999999999
2936,8319887,2,0.5,FALSE,NA,1,0.65,3,32,3,"{nodes <= 1} & !{er <= 9}",686,246,298,0.434402332361516,TRUE,"","NULL","",4.09000000000003
2937,8319888,2,0.5,FALSE,NA,1,0.94,22,85,22,"{size <= 29} & !{nodes <= 5}",686,246,295,0.43002915451895,TRUE,"","NULL","",5.69999999999999
2938,8319889,2,0.5,FALSE,NA,1,0.73,6,41,6,"{nodes <= 3} & !{er <= 70}",686,246,313,0.456268221574344,TRUE,"","NULL","",4.92999999999995
2939,8319890,2,0.5,FALSE,NA,1,0.97,84,240,84,"!{meno} & {pgr <= 114}",686,246,308,0.448979591836735,TRUE,"","NULL","",7.31899999999996
2940,8319891,2,0.5,FALSE,NA,1,0.96,28,66,28,"{pgr <= 0} & {er <= 17}",686,246,300,0.43731778425656,TRUE,"","NULL","",4.13
2941,8319892,2,0.5,FALSE,NA,1,0.99,233,506,233,"{age <= 53} & {nodes <= 3}",686,246,291,0.424198250728863,TRUE,"","NULL","",11.1060000000001
2942,8319893,2,0.5,FALSE,NA,1,0.86,19,102,19,"{nodes <= 5} & {age <= 46}",686,246,314,0.457725947521866,TRUE,"","NULL","",6.00200000000001
2943,8319894,2,0.5,FALSE,NA,0,NA,0,6,0,"",686,246,309,0.450437317784257,TRUE,"","NULL","",3.69900000000001
2944,8319895,2,0.5,FALSE,NA,1,0.97,37,143,37,"{nodes <= 3} & {er <= 9}",686,246,304,0.443148688046647,TRUE,"","NULL","",4.39200000000005
2945,8319896,2,0.5,FALSE,NA,1,0.77,14,64,14,"{size <= 20} & !{pgr <= 8}",686,246,298,0.434402332361516,TRUE,"","NULL","",5.25200000000001
2946,8319897,2,0.5,FALSE,NA,1,0.87,25,113,25,"{pgr <= 8} & !{er <= 0}",686,246,287,0.418367346938776,TRUE,"","NULL","",5.74899999999997
2947,8319898,2,0.5,FALSE,NA,1,0.87,14,63,14,"{age <= 53} & {pgr <= 8}",686,246,306,0.446064139941691,TRUE,"","NULL","",5.30500000000001
2948,8319899,2,0.5,FALSE,NA,1,0.69,2,19,2,"!{er <= 174} & !{nodes <= 1}",686,246,298,0.434402332361516,TRUE,"","NULL","",4.08600000000001
2949,8319900,2,0.5,FALSE,NA,1,0.86,9,38,9,"{size <= 20} & {pgr <= 114}",686,246,283,0.412536443148688,TRUE,"","NULL","",4.755
2950,8319901,2,0.5,FALSE,NA,1,0.75,6,70,6,"!{er <= 174} & {pgr <= 337}",686,246,291,0.424198250728863,TRUE,"","NULL","",5.005
2951,8319902,2,0.5,FALSE,NA,1,0.62,2,6,2,"!{er <= 70} & {er <= 174}",686,246,289,0.421282798833819,TRUE,"","NULL","",4.18299999999999
2952,8319903,2,0.5,FALSE,NA,1,0.99,95,239,95,"{age <= 46} & {pgr <= 45}",686,246,301,0.438775510204082,TRUE,"","NULL","",6.97899999999998
2953,8319904,2,0.5,FALSE,NA,1,0.87,8,66,8,"{nodes <= 3} & {size <= 20}",686,246,295,0.43002915451895,TRUE,"","NULL","",5.83199999999999
2954,8319905,2,0.5,FALSE,NA,1,0.71,2,16,2,"{grade3} & {pgr <= 16}",686,246,284,0.41399416909621,TRUE,"","NULL","",4.01100000000002
2955,8319906,2,0.5,FALSE,NA,1,0.75,6,36,6,"{pgr <= 8} & {size <= 35}",686,246,294,0.428571428571429,TRUE,"","NULL","",4.90100000000001
2956,8319907,2,0.5,FALSE,NA,1,0.71,6,29,6,"{age <= 53} & !{er <= 44}",686,246,288,0.419825072886297,TRUE,"","NULL","",4.55099999999999
2957,8319908,2,0.5,FALSE,NA,1,0.69,1,23,1,"!{pgr <= 8} & {pgr <= 16}",686,246,313,0.456268221574344,TRUE,"","NULL","",4.93799999999999
2958,8319909,2,0.5,FALSE,NA,1,1,86,300,86,"!{er <= 9} & {er <= 17}",686,246,264,0.384839650145773,TRUE,"","NULL","",8.36900000000003
2959,8319910,2,0.5,FALSE,NA,1,0.71,7,78,7,"{nodes <= 5} & !{pgr <= 77}",686,246,295,0.43002915451895,TRUE,"","NULL","",5.30599999999998
2960,8319911,2,0.5,FALSE,NA,1,0.94,10,50,10,"{nodes <= 1} & !{pgr <= 77}",686,246,296,0.431486880466472,TRUE,"","NULL","",3.82400000000001
2961,8319912,2,0.5,FALSE,NA,1,0.89,22,117,22,"{er <= 9} & {pgr <= 0}",686,246,302,0.440233236151603,TRUE,"","NULL","",6.45800000000003
2962,8319913,2,0.5,FALSE,NA,1,0.97,18,101,18,"!{meno} & !{size <= 25}",686,246,278,0.405247813411079,TRUE,"","NULL","Loglik converged before variable  1 ; coefficient may be infinite. ",5.61599999999999
2963,8319914,2,0.5,FALSE,NA,1,0.69,3,20,3,"!{pgr <= 8} & {pgr <= 16}",686,246,300,0.43731778425656,TRUE,"","NULL","",4.65500000000003
2964,8319915,2,0.5,FALSE,NA,1,0.9,24,101,24,"!{pgr <= 77} & {er <= 100}",686,246,286,0.416909620991254,TRUE,"","NULL","",4.68200000000002
2965,8319916,2,0.5,FALSE,NA,1,0.99,169,485,169,"!{size <= 29} & {er <= 174}",686,246,303,0.441690962099125,TRUE,"","NULL","",11.163
2966,8319917,2,0.5,FALSE,NA,1,0.86,5,39,5,"{age <= 61} & {er <= 0}",686,246,292,0.425655976676385,TRUE,"","NULL","",4.84399999999999
2967,8319918,2,0.5,FALSE,NA,0,NA,0,2,0,"",686,246,293,0.427113702623907,TRUE,"","NULL","",3.92700000000002
2968,8319919,2,0.5,FALSE,NA,1,0.98,51,239,51,"{er <= 3} & !{nodes <= 3}",686,246,310,0.451895043731778,TRUE,"","NULL","",5.303
2969,8319920,2,0.5,FALSE,NA,1,0.56,2,11,2,"!{size <= 29} & {er <= 17}",686,246,276,0.402332361516035,TRUE,"","NULL","",4.44600000000003
2970,8319921,2,0.5,FALSE,NA,1,0.56,1,5,1,"!{size <= 35} & {er <= 30}",686,246,307,0.447521865889213,TRUE,"","NULL","",4.29599999999999
2971,8319922,2,0.5,FALSE,NA,1,0.63,2,12,2,"!{pgr <= 77} & {pgr <= 114}",686,246,289,0.421282798833819,TRUE,"","NULL","",4.34499999999997
2972,8319923,2,0.5,FALSE,NA,1,0.85,53,238,53,"{er <= 100} & !{size <= 25}",686,246,278,0.405247813411079,TRUE,"","NULL","",6.892
2973,8319924,2,0.5,FALSE,NA,1,0.99,218,465,218,"{er <= 17} & {size <= 20}",686,246,295,0.43002915451895,TRUE,"","NULL","",10.823
2974,8319925,2,0.5,FALSE,NA,1,0.78,7,44,7,"{age <= 46} & {pgr <= 77}",686,246,271,0.395043731778426,TRUE,"","NULL","",4.97800000000001
2975,8319926,2,0.5,FALSE,NA,1,0.95,32,150,32,"{age <= 46} & !{size <= 25}",686,246,295,0.43002915451895,TRUE,"","NULL","",5.62200000000001
2976,8319927,2,0.5,FALSE,NA,1,0.93,50,175,50,"{size <= 35} & {age <= 46}",686,246,281,0.409620991253644,TRUE,"","NULL","",4.46299999999997
2977,8319928,2,0.5,FALSE,NA,1,0.74,2,11,2,"{size <= 20} & {pgr <= 45}",686,246,293,0.427113702623907,TRUE,"","NULL","",4.71699999999998
2978,8319929,2,0.5,FALSE,NA,1,0.58,4,39,4,"{size <= 35} & !{pgr <= 184}",686,246,310,0.451895043731778,TRUE,"","NULL","",4.78299999999996
2979,8319930,2,0.5,FALSE,NA,0,NA,0,17,0,"",686,246,297,0.432944606413994,TRUE,"","NULL","",4.61000000000001
2980,8319931,2,0.5,FALSE,NA,1,0.85,10,57,10,"{size <= 29} & {er <= 9}",686,246,316,0.46064139941691,TRUE,"","NULL","",5.23000000000002
2981,8319932,2,0.5,FALSE,NA,1,0.98,10,114,10,"{er <= 17} & !{er <= 9}",686,246,273,0.397959183673469,TRUE,"","NULL","",6.58299999999997
2982,8319933,2,0.5,FALSE,NA,1,0.95,58,128,58,"!{meno} & {pgr <= 26}",686,246,297,0.432944606413994,TRUE,"","NULL","",5.45800000000003
2983,8319934,2,0.5,FALSE,NA,1,0.61,6,27,6,"{nodes <= 3} & !{nodes <= 1}",686,246,302,0.440233236151603,TRUE,"","NULL","",4.69300000000004
2984,8319935,2,0.5,FALSE,NA,1,0.67,1,7,1,"!{pgr <= 77} & {pgr <= 114}",686,246,288,0.419825072886297,TRUE,"","NULL","",3.68399999999997
2985,8319936,2,0.5,FALSE,NA,1,0.85,13,67,13,"{size <= 29} & {age <= 46}",686,246,309,0.450437317784257,TRUE,"","NULL","",5.346
2986,8319937,2,0.5,FALSE,NA,1,0.94,24,94,24,"!{er <= 3} & !{pgr <= 184}",686,246,317,0.462099125364431,TRUE,"","NULL","",5.44300000000004
2987,8319938,2,0.5,FALSE,NA,1,0.64,4,22,4,"!{meno} & {er <= 30}",686,246,306,0.446064139941691,TRUE,"","NULL","",4.88400000000001
2988,8319939,2,0.5,FALSE,NA,1,0.6,1,52,1,"{er <= 100} & !{er <= 70}",686,246,289,0.421282798833819,TRUE,"","NULL","",4.471
2989,8319940,2,0.5,FALSE,NA,1,0.7,2,21,2,"{size <= 25} & !{pgr <= 114}",686,246,304,0.443148688046647,TRUE,"","NULL","",4.875
2990,8319941,2,0.5,FALSE,NA,1,0.67,1,26,1,"!{er <= 70} & {er <= 100}",686,246,311,0.4533527696793,TRUE,"","NULL","",4.52600000000001
2991,8319942,2,0.5,FALSE,NA,1,0.86,6,54,6,"!{er <= 174} & {size <= 29}",686,246,287,0.418367346938776,TRUE,"","NULL","",5.16899999999998
2992,8319943,2,0.5,FALSE,NA,1,0.99,243,461,243,"{nodes <= 3} & !{er <= 174}",686,246,307,0.447521865889213,TRUE,"","NULL","",8.37400000000002
2993,8319944,2,0.5,FALSE,NA,1,0.92,26,69,26,"{size <= 35} & !{er <= 174}",686,246,296,0.431486880466472,TRUE,"","NULL","",5.99000000000001
2994,8319945,2,0.5,FALSE,NA,1,1,76,236,76,"{size <= 35} & {pgr <= 0}",686,246,318,0.463556851311953,TRUE,"","NULL","",7.21300000000002
2995,8319946,2,0.5,FALSE,NA,1,0.63,2,22,2,"!{age <= 61} & {pgr <= 26}",686,246,317,0.462099125364431,TRUE,"","NULL","",4.50299999999999
2996,8319947,2,0.5,FALSE,NA,1,0.54,2,20,2,"!{nodes <= 3} & {pgr <= 2}",686,246,299,0.435860058309038,TRUE,"","NULL","",3.916
2997,8319948,2,0.5,FALSE,NA,1,0.93,43,149,43,"!{meno} & {nodes <= 3}",686,246,314,0.457725947521866,TRUE,"","NULL","",6.846
2998,8319949,2,0.5,FALSE,NA,1,0.68,3,51,3,"!{grade3} & !{meno}",686,246,310,0.451895043731778,TRUE,"","NULL","",5.11899999999997
2999,8319950,2,0.5,FALSE,NA,1,0.91,104,410,104,"{size <= 25} & !{meno}",686,246,330,0.481049562682216,TRUE,"","NULL","",8.97199999999998
3000,8319951,2,0.5,FALSE,NA,1,0.95,187,479,187,"{age <= 53} & !{pgr <= 77}",686,246,285,0.415451895043732,TRUE,"","NULL","",6.74599999999998
3001,8319952,2,0.5,FALSE,NA,1,0.85,7,30,7,"{er <= 44} & !{pgr <= 45}",686,246,295,0.43002915451895,TRUE,"","NULL","",5.16700000000003
3002,8319953,2,0.5,FALSE,NA,1,0.84,10,79,10,"{nodes <= 5} & !{age <= 61}",686,246,297,0.432944606413994,TRUE,"","NULL","",5.49599999999998
3003,8319954,2,0.5,FALSE,NA,1,0.69,3,19,3,"!{pgr <= 184} & !{er <= 44}",686,246,296,0.431486880466472,TRUE,"","NULL","",4.81899999999996
3004,8319955,2,0.5,FALSE,NA,1,0.75,13,45,13,"{size <= 29} & !{er <= 30}",686,246,302,0.440233236151603,TRUE,"","NULL","",4.35399999999998
3005,8319956,2,0.5,FALSE,NA,1,0.93,77,267,77,"!{er <= 3} & {age <= 46}",686,246,290,0.422740524781341,TRUE,"","NULL","Loglik converged before variable  1 ; coefficient may be infinite. ",8.14799999999997
3006,8319957,2,0.5,FALSE,NA,1,0.88,2,16,2,"{age <= 61} & {er <= 0}",686,246,306,0.446064139941691,TRUE,"","NULL","",4.69200000000001
3007,8319958,2,0.5,FALSE,NA,1,0.85,7,32,7,"!{pgr <= 45} & !{er <= 174}",686,246,287,0.418367346938776,TRUE,"","NULL","",4.42499999999995
3008,8319959,2,0.5,FALSE,NA,1,0.99,52,179,52,"{size <= 29} & {pgr <= 8}",686,246,328,0.478134110787172,TRUE,"","NULL","",5.52600000000001
3009,8319960,2,0.5,FALSE,NA,1,0.95,80,289,80,"{grade3} & {pgr <= 45}",686,246,304,0.443148688046647,TRUE,"","NULL","",8.346
3010,8319961,2,0.5,FALSE,NA,1,0.77,6,46,6,"!{pgr <= 77} & {er <= 70}",686,246,318,0.463556851311953,TRUE,"","NULL","",5.154
3011,8319962,2,0.5,FALSE,NA,1,1,92,207,92,"{er <= 0} & {size <= 35}",686,246,305,0.444606413994169,TRUE,"","NULL","",6.52199999999999
3012,8319963,2,0.5,FALSE,NA,1,0.97,14,95,14,"{size <= 29} & {pgr <= 8}",686,246,317,0.462099125364431,TRUE,"","NULL","",4.20599999999996
3013,8319964,2,0.5,FALSE,NA,1,0.84,20,97,20,"!{pgr <= 114} & {nodes <= 3}",686,246,302,0.440233236151603,TRUE,"","NULL","",6.30600000000004
3014,8319965,2,0.5,FALSE,NA,0,NA,0,35,0,"",686,246,278,0.405247813411079,TRUE,"","NULL","",4.42500000000001
3015,8319966,2,0.5,FALSE,NA,1,0.77,4,22,4,"!{er <= 44} & {er <= 100}",686,246,303,0.441690962099125,TRUE,"","NULL","",4.90999999999997
3016,8319967,2,0.5,FALSE,NA,1,0.99,25,117,25,"{grade3} & {pgr <= 8}",686,246,296,0.431486880466472,TRUE,"","NULL","",5.23899999999998
3017,8319968,2,0.5,FALSE,NA,1,0.91,32,127,32,"{pgr <= 16} & !{er <= 0}",686,246,299,0.435860058309038,TRUE,"","NULL","",6.70699999999999
3018,8319969,2,0.5,FALSE,NA,1,0.94,13,62,13,"!{meno} & {pgr <= 26}",686,246,313,0.456268221574344,TRUE,"","NULL","",4.87299999999999
3019,8319970,2,0.5,FALSE,NA,0,NA,0,13,0,"",686,246,326,0.475218658892128,TRUE,"","NULL","",4.416
3020,8319971,2,0.5,FALSE,NA,1,0.91,16,70,16,"!{pgr <= 26} & !{nodes <= 5}",686,246,299,0.435860058309038,TRUE,"","NULL","",4.66699999999997
3021,8319972,2,0.5,FALSE,NA,1,0.96,33,121,33,"{pgr <= 26} & !{pgr <= 8}",686,246,315,0.459183673469388,TRUE,"","NULL","",6.09500000000003
3022,8319973,2,0.5,FALSE,NA,0,NA,0,1,0,"",686,246,286,0.416909620991254,TRUE,"","NULL","",3.589
3023,8319974,2,0.5,FALSE,NA,1,0.96,31,119,31,"!{er <= 44} & {er <= 70}",686,246,293,0.427113702623907,TRUE,"","NULL","",5.839
3024,8319975,2,0.5,FALSE,NA,1,0.89,6,30,6,"{nodes <= 7} & !{size <= 35}",686,246,288,0.419825072886297,TRUE,"","NULL","",4.38299999999998
3025,8319976,2,0.5,FALSE,NA,1,0.91,16,122,16,"{pgr <= 16} & {nodes <= 1}",686,246,301,0.438775510204082,TRUE,"","NULL","",6.25799999999998
3026,8319977,2,0.5,FALSE,NA,1,0.91,28,150,28,"{nodes <= 5} & {age <= 46}",686,246,300,0.43731778425656,TRUE,"","NULL","Loglik converged before variable  1 ; coefficient may be infinite.  | Loglik converged before variable  1 ; coefficient may be infinite. ",6.197
3027,8319978,2,0.5,FALSE,NA,1,0.78,1,15,1,"{nodes <= 5} & !{er <= 174}",686,246,296,0.431486880466472,TRUE,"","NULL","",4.14299999999997
3028,8319979,2,0.5,FALSE,NA,1,0.81,7,26,7,"!{er <= 17} & {pgr <= 26}",686,246,288,0.419825072886297,TRUE,"","NULL","",4.029
3029,8319980,2,0.5,FALSE,NA,1,0.95,17,44,17,"!{pgr <= 184} & !{grade3}",686,246,334,0.486880466472303,TRUE,"","NULL","",5.49699999999996
3030,8319981,2,0.5,FALSE,NA,1,0.75,4,47,4,"{size <= 35} & {grade3}",686,246,292,0.425655976676385,TRUE,"","NULL","",4.74100000000004
3031,8319982,2,0.5,FALSE,NA,1,0.97,27,110,27,"{nodes <= 5} & !{pgr <= 184}",686,246,305,0.444606413994169,TRUE,"","NULL","",5.685
3032,8319983,2,0.5,FALSE,NA,1,1,136,421,136,"!{er <= 9} & {er <= 17}",686,246,276,0.402332361516035,TRUE,"","NULL","",7.94200000000001
3033,8319984,2,0.5,FALSE,NA,1,0.94,39,160,39,"!{age <= 61} & !{pgr <= 8}",686,246,284,0.41399416909621,TRUE,"","NULL","",6.90499999999997
3034,8319985,2,0.5,FALSE,NA,1,0.86,24,114,24,"{size <= 29} & !{er <= 70}",686,246,288,0.419825072886297,TRUE,"","NULL","",5.57500000000005
3035,8319986,2,0.5,FALSE,NA,1,0.96,39,169,39,"{pgr <= 45} & !{er <= 70}",686,246,313,0.456268221574344,TRUE,"","NULL","",6.35000000000002
3036,8319987,2,0.5,FALSE,NA,1,0.89,3,30,3,"!{pgr <= 77} & {pgr <= 114}",686,246,304,0.443148688046647,TRUE,"","NULL","",3.65699999999998
3037,8319988,2,0.5,FALSE,NA,1,0.85,10,55,10,"{nodes <= 3} & !{nodes <= 1}",686,246,304,0.443148688046647,TRUE,"","NULL","",5.17699999999996
3038,8319989,2,0.5,FALSE,NA,1,0.8,18,114,18,"{size <= 20} & {nodes <= 5}",686,246,299,0.435860058309038,TRUE,"","NULL","",5.875
3039,8319990,2,0.5,FALSE,NA,1,0.98,50,216,50,"{er <= 17} & !{er <= 3}",686,246,298,0.434402332361516,TRUE,"","NULL","",6.87599999999998
3040,8319991,2,0.5,FALSE,NA,1,0.89,13,74,13,"{age <= 46} & !{er <= 0}",686,246,289,0.421282798833819,TRUE,"","NULL","Loglik converged before variable  1 ; coefficient may be infinite.  | Loglik converged before variable  1 ; coefficient may be infinite. ",4.02600000000001
3041,8319992,2,0.5,FALSE,NA,1,0.58,4,28,4,"{er <= 70} & !{er <= 44}",686,246,283,0.412536443148688,TRUE,"","NULL","",5.01999999999998
3042,8319993,2,0.5,FALSE,NA,1,0.99,51,147,51,"{pgr <= 16} & !{er <= 9}",686,246,298,0.434402332361516,TRUE,"","NULL","",6.392
3043,8319994,2,0.5,FALSE,NA,1,0.61,2,25,2,"{pgr <= 2} & !{size <= 25}",686,246,288,0.419825072886297,TRUE,"","NULL","",4.31100000000004
3044,8319995,2,0.5,FALSE,NA,1,0.92,21,64,21,"{er <= 70} & {pgr <= 0}",686,246,313,0.456268221574344,TRUE,"","NULL","",4.71699999999998
3045,8319996,2,0.5,FALSE,NA,1,1,51,143,51,"{age <= 46} & !{pgr <= 26}",686,246,327,0.47667638483965,TRUE,"","NULL","",6.69900000000001
3046,8319997,2,0.5,FALSE,NA,1,0.87,29,110,29,"{pgr <= 2} & {er <= 70}",686,246,304,0.443148688046647,TRUE,"","NULL","",5.59200000000004
3047,8319998,2,0.5,FALSE,NA,1,0.76,3,23,3,"!{er <= 44} & {pgr <= 26}",686,246,283,0.412536443148688,TRUE,"","NULL","",4.43599999999998
3048,8319999,2,0.5,FALSE,NA,1,0.96,24,69,24,"{age <= 46} & !{er <= 0}",686,246,308,0.448979591836735,TRUE,"","NULL","",4.505
3049,8320000,2,0.5,FALSE,NA,1,0.87,8,49,8,"{nodes <= 1} & !{er <= 70}",686,246,310,0.451895043731778,TRUE,"","NULL","",5.375
3050,8320001,2,0.5,FALSE,NA,1,0.84,8,36,8,"{nodes <= 1} & {er <= 100}",686,246,298,0.434402332361516,TRUE,"","NULL","",4.85300000000001
3051,8320002,2,0.5,FALSE,NA,1,0.88,29,107,29,"!{er <= 174}",686,246,303,0.441690962099125,TRUE,"","NULL","",5.81900000000002
3052,8320003,2,0.5,FALSE,NA,1,0.96,39,145,39,"!{pgr <= 45} & {pgr <= 114}",686,246,312,0.454810495626822,TRUE,"","NULL","",5.50400000000002
3053,8320004,2,0.5,FALSE,NA,1,0.8,4,25,4,"!{pgr <= 26} & {er <= 30}",686,246,299,0.435860058309038,TRUE,"","NULL","",4.82800000000003
3054,8320005,2,0.5,FALSE,NA,1,0.72,3,51,3,"{nodes <= 7} & !{nodes <= 5}",686,246,305,0.444606413994169,TRUE,"","NULL","Loglik converged before variable  1 ; coefficient may be infinite.  | Loglik converged before variable  1 ; coefficient may be infinite. ",5.23599999999999
3055,8320006,2,0.5,FALSE,NA,1,0.65,1,12,1,"{age <= 46} & {size <= 29}",686,246,304,0.443148688046647,TRUE,"","NULL","",4.73900000000003
3056,8320007,2,0.5,FALSE,NA,1,0.86,11,55,11,"{age <= 53} & !{nodes <= 7}",686,246,291,0.424198250728863,TRUE,"","NULL","",4.70999999999998
3057,8320008,2,0.5,FALSE,NA,1,0.79,9,46,9,"!{er <= 30} & {age <= 53}",686,246,285,0.415451895043732,TRUE,"","NULL","",5.18099999999998
3058,8320009,2,0.5,FALSE,NA,1,0.86,18,85,18,"{age <= 46} & !{size <= 20}",686,246,293,0.427113702623907,TRUE,"","NULL","",5.49799999999999
3059,8320010,2,0.5,FALSE,NA,0,NA,0,3,0,"",686,246,306,0.446064139941691,TRUE,"","NULL","",4.35599999999999
3060,8320011,2,0.5,FALSE,NA,1,0.9,47,206,47,"{pgr <= 45} & !{meno}",686,246,301,0.438775510204082,TRUE,"","NULL","Loglik converged before variable  1 ; coefficient may be infinite.  | Loglik converged before variable  1 ; coefficient may be infinite. ",6.00799999999998
3061,8320012,2,0.5,FALSE,NA,1,0.71,5,16,5,"!{pgr <= 16} & {pgr <= 45}",686,246,314,0.457725947521866,TRUE,"","NULL","",4.89600000000002
3062,8320013,2,0.5,FALSE,NA,1,0.94,53,230,53,"{nodes <= 3} & !{er <= 70}",686,246,279,0.406705539358601,TRUE,"","NULL","",7.37400000000002
3063,8320014,2,0.5,FALSE,NA,1,1,197,379,197,"!{meno} & !{pgr <= 77}",686,246,300,0.43731778425656,TRUE,"","NULL","Loglik converged before variable  1 ; coefficient may be infinite.  | Loglik converged before variable  1 ; coefficient may be infinite. ",8.44899999999996
3064,8320015,2,0.5,FALSE,NA,1,0.5,1,15,1,"!{pgr <= 45} & {er <= 30}",686,246,322,0.469387755102041,TRUE,"","NULL","",3.33000000000004
3065,8320016,2,0.5,FALSE,NA,0,NA,0,13,0,"",686,246,301,0.438775510204082,TRUE,"","NULL","",4.81799999999998
3066,8320017,2,0.5,FALSE,NA,1,0.68,8,55,8,"{nodes <= 3} & !{nodes <= 1}",686,246,320,0.466472303206997,TRUE,"","NULL","",5.15199999999999
3067,8320018,2,0.5,FALSE,NA,1,0.91,36,88,36,"{age <= 46} & {pgr <= 114}",686,246,294,0.428571428571429,TRUE,"","NULL","",5.22499999999997
3068,8320019,2,0.5,FALSE,NA,1,0.82,3,39,3,"{nodes <= 7} & !{er <= 174}",686,246,294,0.428571428571429,TRUE,"","NULL","",4.19799999999998
3069,8320020,2,0.5,FALSE,NA,1,0.81,27,92,27,"{age <= 53} & {pgr <= 45}",686,246,294,0.428571428571429,TRUE,"","NULL","",5.99600000000004
3070,8320021,2,0.5,FALSE,NA,1,0.9,4,36,4,"{grade3} & {size <= 29}",686,246,303,0.441690962099125,TRUE,"","NULL","",4.43700000000001
3071,8320022,2,0.5,FALSE,NA,1,0.88,31,206,31,"{age <= 46} & {size <= 35}",686,246,289,0.421282798833819,TRUE,"","NULL","",7.04200000000003
3072,8320023,2,0.5,FALSE,NA,1,0.97,10,68,10,"{size <= 20} & !{meno}",686,246,313,0.456268221574344,TRUE,"","NULL","",4.44599999999997
3073,8320024,2,0.5,FALSE,NA,1,0.75,10,40,10,"!{pgr <= 8} & {er <= 44}",686,246,300,0.43731778425656,TRUE,"","NULL","",5.07600000000002
3074,8320025,2,0.5,FALSE,NA,1,0.92,11,50,11,"{age <= 46} & {er <= 17}",686,246,300,0.43731778425656,TRUE,"","NULL","",5.01499999999999
3075,8320026,2,0.5,FALSE,NA,1,0.63,9,49,9,"!{size <= 20} & {er <= 17}",686,246,308,0.448979591836735,TRUE,"","NULL","",4.88299999999998
3076,8320027,2,0.5,FALSE,NA,1,0.85,16,92,16,"!{grade3} & {age <= 46}",686,246,306,0.446064139941691,TRUE,"","NULL","",5.47700000000003
3077,8320028,2,0.5,FALSE,NA,1,0.74,2,39,2,"{size <= 25} & !{pgr <= 77}",686,246,296,0.431486880466472,TRUE,"","NULL","",4.923
3078,8320029,2,0.5,FALSE,NA,1,0.58,3,23,3,"{size <= 25} & {grade3}",686,246,291,0.424198250728863,TRUE,"","NULL","",4.637
3079,8320030,2,0.5,FALSE,NA,1,0.98,75,252,75,"!{meno} & !{pgr <= 77}",686,246,315,0.459183673469388,TRUE,"","NULL","",7.435
3080,8320031,2,0.5,FALSE,NA,1,0.85,18,96,18,"!{er <= 44} & !{grade3}",686,246,297,0.432944606413994,TRUE,"","NULL","",4.58799999999997
3081,8320032,2,0.5,FALSE,NA,1,0.56,1,13,1,"{er <= 100} & !{er <= 70}",686,246,307,0.447521865889213,TRUE,"","NULL","",4.54699999999997
3082,8320033,2,0.5,FALSE,NA,1,0.59,2,22,2,"!{pgr <= 26} & {er <= 44}",686,246,305,0.444606413994169,TRUE,"","NULL","Loglik converged before variable  1 ; coefficient may be infinite. ",4.86000000000001
3083,8320034,2,0.5,FALSE,NA,1,0.9,27,174,27,"!{pgr <= 77} & {pgr <= 114}",686,246,297,0.432944606413994,TRUE,"","NULL","Loglik converged before variable  1 ; coefficient may be infinite.  | Loglik converged before variable  1 ; coefficient may be infinite. ",6.68200000000002
3084,8320035,2,0.5,FALSE,NA,1,0.96,58,142,58,"!{size <= 20} & !{pgr <= 184}",686,246,316,0.46064139941691,TRUE,"","NULL","",5.38999999999999
3085,8320036,2,0.5,FALSE,NA,1,0.68,1,20,1,"!{meno} & !{nodes <= 5}",686,246,285,0.415451895043732,TRUE,"","NULL","",4.62100000000004
3086,8320037,2,0.5,FALSE,NA,1,0.82,5,35,5,"{age <= 46} & !{nodes <= 1}",686,246,293,0.427113702623907,TRUE,"","NULL","",4.87100000000004
3087,8320038,2,0.5,FALSE,NA,1,0.84,6,43,6,"{age <= 53} & !{nodes <= 7}",686,246,312,0.454810495626822,TRUE,"","NULL","",4.98200000000003
3088,8320039,2,0.5,FALSE,NA,1,0.73,7,35,7,"{age <= 53} & {pgr <= 8}",686,246,298,0.434402332361516,TRUE,"","NULL","",4.32999999999998
3089,8320040,2,0.5,FALSE,NA,1,0.77,5,38,5,"{er <= 70} & !{er <= 17}",686,246,306,0.446064139941691,TRUE,"","NULL","",4.86599999999999
3090,8320041,2,0.5,FALSE,NA,1,0.99,172,522,172,"!{er <= 174} & {pgr <= 337}",686,246,311,0.4533527696793,TRUE,"","NULL","",11.434
3091,8320042,2,0.5,FALSE,NA,1,0.98,137,366,137,"{age <= 53} & {pgr <= 8}",686,246,276,0.402332361516035,TRUE,"","NULL","Loglik converged before variable  1 ; coefficient may be infinite. ",7.33599999999996
3092,8320043,2,0.5,FALSE,NA,1,0.96,153,339,153,"{size <= 29} & {pgr <= 16}",686,246,302,0.440233236151603,TRUE,"","NULL","",5.31600000000003
3093,8320044,2,0.5,FALSE,NA,1,0.83,23,79,23,"!{pgr <= 184}",686,246,298,0.434402332361516,TRUE,"","NULL","",5.67199999999997
3094,8320045,2,0.5,FALSE,NA,1,0.86,6,46,6,"!{pgr <= 77} & !{age <= 53}",686,246,314,0.457725947521866,TRUE,"","NULL","",5.27499999999998
3095,8320046,2,0.5,FALSE,NA,1,0.84,9,61,9,"{pgr <= 16} & !{pgr <= 2}",686,246,299,0.435860058309038,TRUE,"","NULL","",4.77000000000004
3096,8320047,2,0.5,FALSE,NA,1,0.76,2,45,2,"!{er <= 44} & {pgr <= 26}",686,246,315,0.459183673469388,TRUE,"","NULL","",4.68899999999996
3097,8320048,2,0.5,FALSE,NA,1,0.95,22,104,22,"!{size <= 29} & {pgr <= 45}",686,246,311,0.4533527696793,TRUE,"","NULL","",6.03199999999998
3098,8320049,2,0.5,FALSE,NA,1,0.99,30,170,30,"{er <= 17} & !{er <= 9}",686,246,298,0.434402332361516,TRUE,"","NULL","",6.35000000000002
3099,8320050,2,0.5,FALSE,NA,1,0.98,54,183,54,"!{size <= 25} & {er <= 9}",686,246,317,0.462099125364431,TRUE,"","NULL","",6.75700000000001
3100,8320051,2,0.5,FALSE,NA,1,0.65,1,3,1,"!{nodes <= 7} & !{er <= 30}",686,246,296,0.431486880466472,TRUE,"","NULL","",3.01499999999999
3101,8320052,2,0.5,FALSE,NA,1,0.82,12,38,12,"!{nodes <= 7} & {meno}",686,246,313,0.456268221574344,TRUE,"","NULL","",4.84800000000001
3102,8320053,2,0.5,FALSE,NA,1,0.86,43,148,43,"{age <= 46} & {er <= 174}",686,246,305,0.444606413994169,TRUE,"","NULL","",6.58099999999996
3103,8320054,2,0.5,FALSE,NA,1,1,11,57,11,"!{er <= 70} & {er <= 100}",686,246,283,0.412536443148688,TRUE,"","NULL","",4.56100000000004
3104,8320055,2,0.5,FALSE,NA,1,0.86,7,74,7,"!{size <= 25} & {grade3}",686,246,306,0.446064139941691,TRUE,"","NULL","",4.70400000000001
3105,8320056,2,0.5,FALSE,NA,1,0.95,9,42,9,"!{pgr <= 114} & {size <= 25}",686,246,315,0.459183673469388,TRUE,"","NULL","",5.11000000000001
3106,8320057,2,0.5,FALSE,NA,1,0.92,5,54,5,"!{pgr <= 45} & {pgr <= 77}",686,246,300,0.43731778425656,TRUE,"","NULL","",5.25400000000002
3107,8320058,2,0.5,FALSE,NA,1,0.99,17,85,17,"{nodes <= 1} & !{size <= 25}",686,246,286,0.416909620991254,TRUE,"","NULL","",5.303
3108,8320059,2,0.5,FALSE,NA,1,0.98,20,130,20,"{er <= 30} & !{er <= 17}",686,246,294,0.428571428571429,TRUE,"","NULL","",5.577
3109,8320060,2,0.5,FALSE,NA,1,0.91,3,25,3,"{age <= 53} & {meno}",686,246,305,0.444606413994169,TRUE,"","NULL","",4.88100000000003
3110,8320061,2,0.5,FALSE,NA,1,0.66,3,15,3,"{age <= 61} & {er <= 0}",686,246,298,0.434402332361516,TRUE,"","NULL","",4.89200000000005
3111,8320062,2,0.5,FALSE,NA,1,0.63,9,78,9,"{size <= 25} & {age <= 61}",686,246,292,0.425655976676385,TRUE,"","NULL","",5.101
3112,8320063,2,0.5,FALSE,NA,1,0.88,8,43,8,"{size <= 29} & {age <= 46}",686,246,318,0.463556851311953,TRUE,"","NULL","",4.73900000000003
3113,8320064,2,0.5,FALSE,NA,1,0.89,21,61,21,"{nodes <= 1} & {er <= 44}",686,246,314,0.457725947521866,TRUE,"","NULL","",5.399
3114,8320065,2,0.5,FALSE,NA,1,0.89,22,103,22,"!{size <= 25} & !{pgr <= 26}",686,246,304,0.443148688046647,TRUE,"","NULL","",5.87100000000004
3115,8320066,2,0.5,FALSE,NA,1,0.6,4,25,4,"{age <= 46} & !{size <= 20}",686,246,315,0.459183673469388,TRUE,"","NULL","",4.49899999999997
3116,8320067,2,0.5,FALSE,NA,1,0.98,71,273,71,"!{nodes <= 1} & !{er <= 174}",686,246,285,0.415451895043732,TRUE,"","NULL","",6.38600000000002
3117,8320068,2,0.5,FALSE,NA,1,0.91,9,47,9,"{grade3} & {er <= 3}",686,246,290,0.422740524781341,TRUE,"","NULL","",4.959
3118,8320069,2,0.5,FALSE,NA,1,0.96,33,69,33,"{pgr <= 0} & {er <= 9}",686,246,281,0.409620991253644,TRUE,"","NULL","",5.17099999999999
3119,8320070,2,0.5,FALSE,NA,1,0.92,3,37,3,"{nodes <= 1} & {er <= 30}",686,246,308,0.448979591836735,TRUE,"","NULL","",4.536
3120,8320071,2,0.5,FALSE,NA,1,0.9,33,197,33,"!{pgr <= 184} & !{size <= 20}",686,246,316,0.46064139941691,TRUE,"","NULL","",6.20100000000002
3121,8320072,2,0.5,FALSE,NA,1,0.87,17,98,17,"!{er <= 9} & {er <= 17}",686,246,292,0.425655976676385,TRUE,"","NULL","",5.63299999999998
3122,8320073,2,0.5,FALSE,NA,1,0.79,3,16,3,"{size <= 20} & !{pgr <= 16}",686,246,310,0.451895043731778,TRUE,"","NULL","",4.40999999999997
3123,8320074,2,0.5,FALSE,NA,1,0.64,4,84,4,"{age <= 53} & {pgr <= 26}",686,246,291,0.424198250728863,TRUE,"","NULL","",5.40900000000005
3124,8320075,2,0.5,FALSE,NA,1,0.83,12,57,12,"{size <= 25} & !{er <= 70}",686,246,297,0.432944606413994,TRUE,"","NULL","",4.75500000000005
3125,8320076,2,0.5,FALSE,NA,0,NA,0,9,0,"",686,246,297,0.432944606413994,TRUE,"","NULL","",4.75
3126,8320077,2,0.5,FALSE,NA,1,0.65,4,24,4,"{age <= 46} & !{size <= 25}",686,246,305,0.444606413994169,TRUE,"","NULL","",5.14600000000002
3127,8320078,2,0.5,FALSE,NA,1,0.9,25,163,25,"!{age <= 61} & !{pgr <= 45}",686,246,303,0.441690962099125,TRUE,"","NULL","",6.61500000000001
3128,8320079,2,0.5,FALSE,NA,1,0.89,60,158,60,"!{er <= 100} & {size <= 29}",686,246,319,0.465014577259475,TRUE,"","NULL","",5.51300000000003
3129,8320080,2,0.5,FALSE,NA,1,0.96,72,273,72,"!{pgr <= 77} & !{age <= 53}",686,246,308,0.448979591836735,TRUE,"","NULL","",8.70099999999996
3130,8320081,2,0.5,FALSE,NA,1,0.99,100,289,100,"{age <= 53} & {er <= 44}",686,246,299,0.435860058309038,TRUE,"","NULL","",7.87
3131,8320082,2,0.5,FALSE,NA,1,0.77,12,59,12,"!{size <= 25} & !{er <= 70}",686,246,298,0.434402332361516,TRUE,"","NULL","",4.58800000000002
3132,8320083,2,0.5,FALSE,NA,1,0.94,58,282,58,"!{pgr <= 184} & {age <= 53}",686,246,322,0.469387755102041,TRUE,"","NULL","",5.334
3133,8320084,2,0.5,FALSE,NA,1,0.98,117,277,117,"{age <= 61} & {er <= 0}",686,246,312,0.454810495626822,TRUE,"","NULL","",8.78199999999998
3134,8320085,2,0.5,FALSE,NA,1,0.77,1,35,1,"{size <= 20} & {er <= 17}",686,246,297,0.432944606413994,TRUE,"","NULL","",4.65200000000004
3135,8320086,2,0.5,FALSE,NA,1,0.97,37,168,37,"{nodes <= 1} & !{pgr <= 45}",686,246,312,0.454810495626822,TRUE,"","NULL","",6.18799999999999
3136,8320087,2,0.5,FALSE,NA,1,0.96,122,351,122,"{size <= 25} & !{pgr <= 77}",686,246,305,0.444606413994169,TRUE,"","NULL","",6.22300000000001
3137,8320088,2,0.5,FALSE,NA,1,0.99,49,150,49,"!{size <= 35} & !{pgr <= 8}",686,246,313,0.456268221574344,TRUE,"","NULL","",7.25600000000003
3138,8320089,2,0.5,FALSE,NA,1,0.95,24,110,24,"!{nodes <= 5} & !{size <= 35}",686,246,309,0.450437317784257,TRUE,"","NULL","",5.37200000000001
3139,8320090,2,0.5,FALSE,NA,1,0.99,138,442,138,"{grade3} & {age <= 53}",686,246,294,0.428571428571429,TRUE,"","NULL","",9.22399999999999
3140,8320091,2,0.5,FALSE,NA,1,0.86,14,99,14,"!{size <= 35} & !{pgr <= 45}",686,246,312,0.454810495626822,TRUE,"","NULL","",3.86099999999999
3141,8320092,2,0.5,FALSE,NA,1,0.57,2,8,2,"{nodes <= 5} & {age <= 46}",686,246,282,0.411078717201166,TRUE,"","NULL","",4.42900000000003
3142,8320093,2,0.5,FALSE,NA,1,0.62,4,26,4,"{size <= 29} & !{pgr <= 114}",686,246,316,0.46064139941691,TRUE,"","NULL","",4.46699999999998
3143,8320094,2,0.5,FALSE,NA,1,0.97,52,145,52,"{age <= 46} & {nodes <= 7}",686,246,308,0.448979591836735,TRUE,"","NULL","",6.05399999999997
3144,8320095,2,0.5,FALSE,NA,1,0.91,47,211,47,"!{meno} & {pgr <= 26}",686,246,309,0.450437317784257,TRUE,"","NULL","",6.29199999999997
3145,8320096,2,0.5,FALSE,NA,1,0.99,63,304,63,"!{er <= 70} & {er <= 100}",686,246,302,0.440233236151603,TRUE,"","NULL","",8.702
3146,8320097,2,0.5,FALSE,NA,1,0.79,7,23,7,"!{meno} & {pgr <= 26}",686,246,279,0.406705539358601,TRUE,"","NULL","",4.423
3147,8320098,2,0.5,FALSE,NA,1,0.85,2,19,2,"!{er <= 9} & {er <= 17}",686,246,303,0.441690962099125,TRUE,"","NULL","",4.42500000000001
3148,8320099,2,0.5,FALSE,NA,1,0.72,5,23,5,"{er <= 70} & !{er <= 30}",686,246,298,0.434402332361516,TRUE,"","NULL","",3.83999999999997
3149,8320100,2,0.5,FALSE,NA,1,0.93,10,46,10,"!{pgr <= 77} & {size <= 25}",686,246,328,0.478134110787172,TRUE,"","NULL","",5.45599999999996
3150,8320101,2,0.5,FALSE,NA,1,0.79,13,45,13,"!{age <= 61} & !{pgr <= 2}",686,246,293,0.427113702623907,TRUE,"","NULL","",4.72199999999998
3151,8320102,2,0.5,FALSE,NA,1,0.74,1,23,1,"{er <= 9} & !{size <= 29}",686,246,321,0.467930029154519,TRUE,"","NULL","",4.75800000000004
3152,8320103,2,0.5,FALSE,NA,1,0.87,7,47,7,"{er <= 0} & {size <= 35}",686,246,273,0.397959183673469,TRUE,"","NULL","",4.726
3153,8320104,2,0.5,FALSE,NA,1,0.83,10,70,10,"{nodes <= 1} & !{pgr <= 26}",686,246,296,0.431486880466472,TRUE,"","NULL","",5.79300000000001
3154,8320105,2,0.5,FALSE,NA,1,0.93,40,106,40,"{grade3} & !{pgr <= 0}",686,246,276,0.402332361516035,TRUE,"","NULL","",5.74899999999997
3155,8320106,2,0.5,FALSE,NA,1,0.75,7,57,7,"!{meno} & !{size <= 29}",686,246,277,0.403790087463557,TRUE,"","NULL","",5.04600000000005
3156,8320107,2,0.5,FALSE,NA,1,0.83,5,16,5,"{nodes <= 1} & {er <= 30}",686,246,308,0.448979591836735,TRUE,"","NULL","",4.125
3157,8320108,2,0.5,FALSE,NA,1,0.99,73,177,73,"!{er <= 100} & !{pgr <= 77}",686,246,294,0.428571428571429,TRUE,"","NULL","",7.36599999999999
3158,8320109,2,0.5,FALSE,NA,1,0.9,13,35,13,"!{pgr <= 184} & !{size <= 20}",686,246,315,0.459183673469388,TRUE,"","NULL","",4.928
3159,8320110,2,0.5,FALSE,NA,1,0.74,3,15,3,"{er <= 70} & !{er <= 30}",686,246,313,0.456268221574344,TRUE,"","NULL","",4.46899999999999
3160,8320111,2,0.5,FALSE,NA,1,0.51,1,42,1,"!{nodes <= 1} & !{er <= 174}",686,246,313,0.456268221574344,TRUE,"","NULL","",4.45800000000003
3161,8320112,2,0.5,FALSE,NA,1,0.95,36,132,36,"!{nodes <= 7} & !{er <= 3}",686,246,313,0.456268221574344,TRUE,"","NULL","",6.68099999999998
3162,8320113,2,0.5,FALSE,NA,1,0.95,11,57,11,"{age <= 46} & !{pgr <= 16}",686,246,308,0.448979591836735,TRUE,"","NULL","",5.089
3163,8320114,2,0.5,FALSE,NA,1,0.85,12,69,12,"{pgr <= 8} & !{pgr <= 2}",686,246,300,0.43731778425656,TRUE,"","NULL","",4.95599999999996
3164,8320115,2,0.5,FALSE,NA,1,0.97,20,44,20,"{er <= 0} & {age <= 61}",686,246,303,0.441690962099125,TRUE,"","NULL","",4.351
3165,8320116,2,0.5,FALSE,NA,1,0.81,18,113,18,"!{er <= 100} & {nodes <= 7}",686,246,304,0.443148688046647,TRUE,"","NULL","",6.42700000000002
3166,8320117,2,0.5,FALSE,NA,1,0.85,21,127,21,"{age <= 53} & {pgr <= 45}",686,246,314,0.457725947521866,TRUE,"","NULL","",6.01099999999997
3167,8320118,2,0.5,FALSE,NA,0,NA,0,1,0,"",686,246,324,0.472303206997085,TRUE,"","NULL","",4.27000000000004
3168,8320119,2,0.5,FALSE,NA,1,0.93,76,300,76,"!{er <= 30} & !{pgr <= 45}",686,246,307,0.447521865889213,TRUE,"","NULL","Loglik converged before variable  1 ; coefficient may be infinite.  | Loglik converged before variable  1 ; coefficient may be infinite. ",6.84700000000004
3169,8320120,2,0.5,FALSE,NA,1,0.94,63,162,63,"{pgr <= 26} & !{er <= 17}",686,246,299,0.435860058309038,TRUE,"","NULL","",6.89600000000002
3170,8320121,2,0.5,FALSE,NA,1,0.89,12,41,12,"!{meno} & {er <= 30}",686,246,289,0.421282798833819,TRUE,"","NULL","",4.83099999999996
3171,8320122,2,0.5,FALSE,NA,1,0.75,13,53,13,"{size <= 35} & {age <= 46}",686,246,317,0.462099125364431,TRUE,"","NULL","",4.858
3172,8320123,2,0.5,FALSE,NA,1,0.95,33,126,33,"!{size <= 35} & {nodes <= 7}",686,246,312,0.454810495626822,TRUE,"","NULL","",5.14600000000002
3173,8320124,2,0.5,FALSE,NA,1,0.69,6,51,6,"!{age <= 61} & {size <= 35}",686,246,296,0.431486880466472,TRUE,"","NULL","",5.03199999999998
3174,8320125,2,0.5,FALSE,NA,1,0.93,12,78,12,"{age <= 46} & {nodes <= 5}",686,246,316,0.46064139941691,TRUE,"","NULL","",5.93599999999998
3175,8320126,2,0.5,FALSE,NA,1,0.89,12,58,12,"!{nodes <= 7} & {age <= 53}",686,246,320,0.466472303206997,TRUE,"","NULL","",4.89099999999996
3176,8320127,2,0.5,FALSE,NA,1,0.6,2,24,2,"!{pgr <= 45} & {er <= 70}",686,246,296,0.431486880466472,TRUE,"","NULL","",4.19899999999996
3177,8320128,2,0.5,FALSE,NA,1,0.87,17,64,17,"{size <= 29} & {pgr <= 8}",686,246,278,0.405247813411079,TRUE,"","NULL","",5.29599999999999
3178,8320129,2,0.5,FALSE,NA,1,0.95,62,196,62,"{er <= 3} & {pgr <= 2}",686,246,284,0.41399416909621,TRUE,"","NULL","",6.82099999999997
3179,8320130,2,0.5,FALSE,NA,1,0.87,9,51,9,"!{er <= 100} & {size <= 25}",686,246,311,0.4533527696793,TRUE,"","NULL","",4.74599999999998
3180,8320131,2,0.5,FALSE,NA,0,NA,0,9,0,"",686,246,308,0.448979591836735,TRUE,"","NULL","",3.779
3181,8320132,2,0.5,FALSE,NA,1,0.98,95,297,95,"!{nodes <= 1} & !{er <= 100}",686,246,321,0.467930029154519,TRUE,"","NULL","",8.64400000000001
3182,8320133,2,0.5,FALSE,NA,1,0.94,27,83,27,"!{er <= 100} & !{age <= 53}",686,246,275,0.400874635568513,TRUE,"","NULL","",4.964
3183,8320134,2,0.5,FALSE,NA,0,NA,0,7,0,"",686,246,293,0.427113702623907,TRUE,"","NULL","",4.38799999999998
3184,8320135,2,0.5,FALSE,NA,1,0.62,3,34,3,"!{pgr <= 16} & {pgr <= 45}",686,246,307,0.447521865889213,TRUE,"","NULL","",3.73099999999999
3185,8320136,2,0.5,FALSE,NA,1,1,12,78,12,"{age <= 46} & {size <= 29}",686,246,316,0.46064139941691,TRUE,"","NULL","",5.97000000000003
3186,8320137,2,0.5,FALSE,NA,1,0.85,50,213,50,"!{pgr <= 114} & {er <= 174}",686,246,301,0.438775510204082,TRUE,"","NULL","",6.93599999999998
3187,8320138,2,0.5,FALSE,NA,1,0.99,45,221,45,"!{er <= 44} & {er <= 70}",686,246,301,0.438775510204082,TRUE,"","NULL","",6.81399999999996
3188,8320139,2,0.5,FALSE,NA,1,0.54,3,45,3,"!{pgr <= 114} & {pgr <= 184}",686,246,304,0.443148688046647,TRUE,"","NULL","",3.99599999999998
3189,8320140,2,0.5,FALSE,NA,1,0.81,9,79,9,"!{er <= 174} & !{pgr <= 45}",686,246,305,0.444606413994169,TRUE,"","NULL","",6.084
3190,8320141,2,0.5,FALSE,NA,1,0.93,42,209,42,"!{pgr <= 16} & {pgr <= 45}",686,246,307,0.447521865889213,TRUE,"","NULL","",6.96299999999997
3191,8320142,2,0.5,FALSE,NA,1,0.66,2,10,2,"!{age <= 61} & !{pgr <= 26}",686,246,325,0.473760932944606,TRUE,"","NULL","",4.34800000000001
3192,8320143,2,0.5,FALSE,NA,1,0.87,28,150,28,"!{pgr <= 77} & !{er <= 44}",686,246,298,0.434402332361516,TRUE,"","NULL","",5.24399999999997
3193,8320144,2,0.5,FALSE,NA,1,0.54,1,22,1,"!{size <= 20} & !{er <= 174}",686,246,308,0.448979591836735,TRUE,"","NULL","",4.76799999999997
3194,8320145,2,0.5,FALSE,NA,1,0.91,54,211,54,"!{pgr <= 26} & !{size <= 35}",686,246,292,0.425655976676385,TRUE,"","NULL","",7.00999999999999
3195,8320146,2,0.5,FALSE,NA,1,0.88,14,63,14,"!{pgr <= 114} & {size <= 29}",686,246,282,0.411078717201166,TRUE,"","NULL","",5.07899999999995
3196,8320147,2,0.5,FALSE,NA,1,0.89,10,58,10,"{er <= 44} & !{age <= 61}",686,246,321,0.467930029154519,TRUE,"","NULL","",4.63200000000001
3197,8320148,2,0.5,FALSE,NA,1,0.97,41,125,41,"!{grade3} & {nodes <= 1}",686,246,311,0.4533527696793,TRUE,"","NULL","",6.738
3198,8320149,2,0.5,FALSE,NA,1,0.81,6,36,6,"!{size <= 25} & {er <= 30}",686,246,304,0.443148688046647,TRUE,"","NULL","",4.61000000000001
3199,8320150,2,0.5,FALSE,NA,1,0.99,7,65,7,"{age <= 46} & !{size <= 25}",686,246,300,0.43731778425656,TRUE,"","NULL","",5.07400000000001
3200,8320151,2,0.5,FALSE,NA,1,0.97,35,113,35,"{grade3} & !{pgr <= 8}",686,246,284,0.41399416909621,TRUE,"","NULL","",5.08100000000002
3201,8320152,2,0.5,FALSE,NA,1,0.95,55,154,55,"{size <= 20} & {er <= 30}",686,246,304,0.443148688046647,TRUE,"","NULL","",6.87700000000001
3202,8320153,2,0.5,FALSE,NA,1,0.96,31,128,31,"!{pgr <= 77} & {pgr <= 114}",686,246,278,0.405247813411079,TRUE,"","NULL","",5.95600000000002
3203,8320154,2,0.5,FALSE,NA,1,0.78,17,113,17,"{nodes <= 1} & {size <= 25}",686,246,296,0.431486880466472,TRUE,"","NULL","",5.916
3204,8320155,2,0.5,FALSE,NA,1,0.92,45,227,45,"{age <= 46} & !{er <= 0}",686,246,295,0.43002915451895,TRUE,"","NULL","Loglik converged before variable  1 ; coefficient may be infinite.  | Loglik converged before variable  1 ; coefficient may be infinite. ",5.54599999999999
3205,8320156,2,0.5,FALSE,NA,1,0.59,2,25,2,"!{er <= 0} & {pgr <= 2}",686,246,312,0.454810495626822,TRUE,"","NULL","",4.80000000000001
3206,8320157,2,0.5,FALSE,NA,1,0.79,5,29,5,"{grade3} & {er <= 30}",686,246,289,0.421282798833819,TRUE,"","NULL","",4.86799999999999
3207,8320158,2,0.5,FALSE,NA,1,0.75,4,23,4,"!{pgr <= 77} & !{meno}",686,246,299,0.435860058309038,TRUE,"","NULL","",4.80399999999997
3208,8320159,2,0.5,FALSE,NA,1,0.91,26,119,26,"!{er <= 174}",686,246,307,0.447521865889213,TRUE,"","NULL","",5.49399999999997
3209,8320160,2,0.5,FALSE,NA,1,0.95,40,136,40,"{nodes <= 5} & {er <= 9}",686,246,300,0.43731778425656,TRUE,"","NULL","",6.654
3210,8320161,2,0.5,FALSE,NA,1,0.81,10,40,10,"!{meno} & !{er <= 30}",686,246,323,0.470845481049563,TRUE,"","NULL","",4.64999999999998
3211,8320162,2,0.5,FALSE,NA,1,0.99,194,545,194,"!{pgr <= 45} & {nodes <= 1}",686,246,293,0.427113702623907,TRUE,"","NULL","",10.272
3212,8320163,2,0.5,FALSE,NA,1,0.92,20,81,20,"{size <= 29} & {age <= 53}",686,246,310,0.451895043731778,TRUE,"","NULL","",3.55400000000003
3213,8320164,2,0.5,FALSE,NA,1,0.99,92,271,92,"!{grade3} & !{nodes <= 7}",686,246,295,0.43002915451895,TRUE,"","NULL","",7.82399999999996
3214,8320165,2,0.5,FALSE,NA,1,0.61,1,46,1,"{size <= 20} & !{er <= 44}",686,246,305,0.444606413994169,TRUE,"","NULL","",4.56100000000004
3215,8320166,2,0.5,FALSE,NA,1,0.9,42,119,42,"{age <= 46} & {pgr <= 184}",686,246,312,0.454810495626822,TRUE,"","NULL","",5.63600000000002
3216,8320167,2,0.5,FALSE,NA,1,0.85,9,46,9,"{er <= 70} & !{er <= 30}",686,246,307,0.447521865889213,TRUE,"","NULL","",4.11700000000002
3217,8320168,2,0.5,FALSE,NA,1,0.87,30,147,30,"!{er <= 174} & !{pgr <= 2}",686,246,273,0.397959183673469,TRUE,"","NULL","",6.45999999999998
3218,8320169,2,0.5,FALSE,NA,1,0.63,8,56,8,"!{age <= 61} & {nodes <= 5}",686,246,300,0.43731778425656,TRUE,"","NULL","",4.66899999999998
3219,8320170,2,0.5,FALSE,NA,1,0.94,95,437,95,"!{pgr <= 45} & {size <= 25}",686,246,302,0.440233236151603,TRUE,"","NULL","",9.113
3220,8320171,2,0.5,FALSE,NA,1,0.66,5,31,5,"!{er <= 44} & {size <= 25}",686,246,319,0.465014577259475,TRUE,"","NULL","",3.536
3221,8320172,2,0.5,FALSE,NA,1,0.95,73,257,73,"!{age <= 61} & {size <= 29}",686,246,284,0.41399416909621,TRUE,"","NULL","",8.39400000000001
3222,8320173,2,0.5,FALSE,NA,1,0.96,15,89,15,"!{er <= 17} & {pgr <= 16}",686,246,293,0.427113702623907,TRUE,"","NULL","",5.03899999999999
3223,8320174,2,0.5,FALSE,NA,1,0.88,4,38,4,"{age <= 53} & {meno}",686,246,290,0.422740524781341,TRUE,"","NULL","",4.649
3224,8320175,2,0.5,FALSE,NA,1,0.95,17,59,17,"{nodes <= 3} & !{age <= 61}",686,246,295,0.43002915451895,TRUE,"","NULL","",3.91199999999998
3225,8320176,2,0.5,FALSE,NA,1,0.99,43,163,43,"{pgr <= 2} & !{size <= 25}",686,246,271,0.395043731778426,TRUE,"","NULL","",7.01600000000002
3226,8320177,2,0.5,FALSE,NA,1,0.94,72,201,72,"!{grade3} & {age <= 46}",686,246,314,0.457725947521866,TRUE,"","NULL","",6.95699999999999
3227,8320178,2,0.5,FALSE,NA,1,0.97,51,155,51,"{grade3} & {pgr <= 26}",686,246,285,0.415451895043732,TRUE,"","NULL","",6.077
3228,8320179,2,0.5,FALSE,NA,1,0.96,47,162,47,"{pgr <= 8} & !{pgr <= 0}",686,246,301,0.438775510204082,TRUE,"","NULL","",4.62700000000001
3229,8320180,2,0.5,FALSE,NA,1,0.69,3,33,3,"!{age <= 46} & !{er <= 174}",686,246,288,0.419825072886297,TRUE,"","NULL","",4.78799999999995
3230,8320181,2,0.5,FALSE,NA,1,0.59,1,20,1,"!{age <= 53} & {er <= 9}",686,246,312,0.454810495626822,TRUE,"","NULL","",4.58100000000002
3231,8320182,2,0.5,FALSE,NA,1,0.88,16,48,16,"{age <= 53} & !{nodes <= 7}",686,246,299,0.435860058309038,TRUE,"","NULL","",4.81299999999999
3232,8320183,2,0.5,FALSE,NA,1,0.99,116,260,116,"{grade3} & {er <= 100}",686,246,290,0.422740524781341,TRUE,"","NULL","",6.62600000000003
3233,8320184,2,0.5,FALSE,NA,1,0.95,39,175,39,"!{pgr <= 77} & {pgr <= 114}",686,246,309,0.450437317784257,TRUE,"","NULL","",7.15499999999997
3234,8320185,2,0.5,FALSE,NA,1,0.98,39,122,39,"{size <= 29} & !{pgr <= 114}",686,246,290,0.422740524781341,TRUE,"","NULL","",5.80099999999999
3235,8320186,2,0.5,FALSE,NA,1,0.82,7,20,7,"{size <= 29} & !{er <= 70}",686,246,300,0.43731778425656,TRUE,"","NULL","",4.46800000000002
3236,8320187,2,0.5,FALSE,NA,1,0.9,40,172,40,"!{pgr <= 114} & {nodes <= 7}",686,246,281,0.409620991253644,TRUE,"","NULL","",5.07800000000003
3237,8320188,2,0.5,FALSE,NA,1,0.81,17,91,17,"{er <= 44} & !{er <= 17}",686,246,313,0.456268221574344,TRUE,"","NULL","",5.67599999999999
3238,8320189,2,0.5,FALSE,NA,0,NA,0,2,0,"",686,246,307,0.447521865889213,TRUE,"","NULL","",3.96900000000005
3239,8320190,2,0.5,FALSE,NA,1,0.86,10,70,10,"{age <= 53} & !{size <= 25}",686,246,271,0.395043731778426,TRUE,"","NULL","",5.18100000000004
3240,8320191,2,0.5,FALSE,NA,1,0.93,49,177,49,"{size <= 20} & {age <= 61}",686,246,289,0.421282798833819,TRUE,"","NULL","",6.02499999999998
3241,8320192,2,0.5,FALSE,NA,1,0.98,8,48,8,"!{er <= 9} & {er <= 17}",686,246,296,0.431486880466472,TRUE,"","NULL","",4.93099999999998
3242,8320193,2,0.5,FALSE,NA,1,0.89,2,31,2,"{pgr <= 114} & !{pgr <= 77}",686,246,294,0.428571428571429,TRUE,"","NULL","",5.06799999999998
3243,8320194,2,0.5,FALSE,NA,1,0.96,14,33,14,"{grade3} & {er <= 3}",686,246,296,0.431486880466472,TRUE,"","NULL","",4.62900000000002
3244,8320195,2,0.5,FALSE,NA,1,0.85,6,46,6,"!{pgr <= 184} & !{grade3}",686,246,292,0.425655976676385,TRUE,"","NULL","",4.71000000000004
3245,8320196,2,0.5,FALSE,NA,1,0.9,10,51,10,"!{nodes <= 5} & {er <= 17}",686,246,313,0.456268221574344,TRUE,"","NULL","",5.654
3246,8320197,2,0.5,FALSE,NA,1,0.89,26,135,26,"{er <= 70} & !{pgr <= 45}",686,246,286,0.416909620991254,TRUE,"","NULL","",6.00700000000001
3247,8320198,2,0.5,FALSE,NA,1,0.97,10,42,10,"!{pgr <= 184} & {nodes <= 7}",686,246,282,0.411078717201166,TRUE,"","NULL","",4.89400000000001
3248,8320199,2,0.5,FALSE,NA,1,0.99,84,251,84,"!{meno} & !{er <= 44}",686,246,289,0.421282798833819,TRUE,"","NULL","Loglik converged before variable  1 ; coefficient may be infinite.  | Loglik converged before variable  1 ; coefficient may be infinite. ",6.291
3249,8320200,2,0.5,FALSE,NA,1,0.72,3,25,3,"{size <= 25} & !{er <= 100}",686,246,305,0.444606413994169,TRUE,"","NULL","",4.77600000000001
3250,8320201,2,0.5,FALSE,NA,1,0.99,22,71,22,"{age <= 46} & !{size <= 20}",686,246,288,0.419825072886297,TRUE,"","NULL","",5.28800000000001
3251,8320202,2,0.5,FALSE,NA,1,0.93,109,305,109,"!{grade3} & {age <= 46}",686,246,306,0.446064139941691,TRUE,"","NULL","",8.005
3252,8320203,2,0.5,FALSE,NA,1,0.92,19,78,19,"!{pgr <= 184} & {er <= 294}",686,246,289,0.421282798833819,TRUE,"","NULL","",4.06999999999999
3253,8320204,2,0.5,FALSE,NA,1,0.92,11,48,11,"{er <= 100} & !{er <= 70}",686,246,279,0.406705539358601,TRUE,"","NULL","",5.43699999999995
3254,8320205,2,0.5,FALSE,NA,1,0.98,55,107,55,"!{pgr <= 114} & {size <= 35}",686,246,314,0.457725947521866,TRUE,"","NULL","",5.91400000000004
3255,8320206,2,0.5,FALSE,NA,1,0.82,5,31,5,"!{meno} & {pgr <= 45}",686,246,300,0.43731778425656,TRUE,"","NULL","Loglik converged before variable  1 ; coefficient may be infinite.  | Loglik converged before variable  1 ; coefficient may be infinite. ",4.601
3256,8320207,2,0.5,FALSE,NA,1,1,210,560,210,"!{er <= 100} & !{size <= 29}",686,246,308,0.448979591836735,TRUE,"","NULL","",9.23199999999997
3257,8320208,2,0.5,FALSE,NA,1,0.96,59,253,59,"!{grade3} & {age <= 46}",686,246,306,0.446064139941691,TRUE,"","NULL","",8.08600000000001
3258,8320209,2,0.5,FALSE,NA,1,0.91,10,78,10,"{grade3} & {pgr <= 8}",686,246,308,0.448979591836735,TRUE,"","NULL","",5.44
3259,8320210,2,0.5,FALSE,NA,1,0.89,4,26,4,"{nodes <= 1} & !{pgr <= 45}",686,246,311,0.4533527696793,TRUE,"","NULL","",4.66300000000001
3260,8320211,2,0.5,FALSE,NA,0,NA,0,6,0,"",686,246,276,0.402332361516035,TRUE,"","NULL","",3.30700000000002
3261,8320212,2,0.5,FALSE,NA,1,0.96,13,71,13,"{size <= 25} & !{pgr <= 114}",686,246,286,0.416909620991254,TRUE,"","NULL","",5.43700000000001
3262,8320213,2,0.5,FALSE,NA,1,0.54,1,3,1,"{nodes <= 3} & !{nodes <= 1}",686,246,287,0.418367346938776,TRUE,"","NULL","",4.04500000000002
3263,8320214,2,0.5,FALSE,NA,1,0.95,20,97,20,"!{pgr <= 184} & !{nodes <= 1}",686,246,293,0.427113702623907,TRUE,"","NULL","Loglik converged before variable  1 ; coefficient may be infinite. ",5.685
3264,8320215,2,0.5,FALSE,NA,1,0.73,6,37,6,"!{nodes <= 3} & {pgr <= 8}",686,246,312,0.454810495626822,TRUE,"","NULL","",4.53900000000004
3265,8320216,2,0.5,FALSE,NA,1,0.89,11,39,11,"!{age <= 61} & {nodes <= 5}",686,246,287,0.418367346938776,TRUE,"","NULL","",4.90499999999997
3266,8320217,2,0.5,FALSE,NA,1,0.82,5,26,5,"!{meno} & {nodes <= 3}",686,246,298,0.434402332361516,TRUE,"","NULL","",4.80500000000001
3267,8320218,2,0.5,FALSE,NA,1,0.95,23,132,23,"{pgr <= 8} & !{er <= 3}",686,246,304,0.443148688046647,TRUE,"","NULL","",6.33000000000004
3268,8320219,2,0.5,FALSE,NA,1,0.95,81,256,81,"{er <= 30} & !{pgr <= 26}",686,246,302,0.440233236151603,TRUE,"","NULL","",6.774
3269,8320220,2,0.5,FALSE,NA,1,0.78,13,52,13,"{grade3} & {er <= 174}",686,246,298,0.434402332361516,TRUE,"","NULL","",5.21199999999999
3270,8320221,2,0.5,FALSE,NA,1,0.95,61,247,61,"{pgr <= 8} & !{nodes <= 3}",686,246,286,0.416909620991254,TRUE,"","NULL","",7.19600000000003
3271,8320222,2,0.5,FALSE,NA,1,0.78,5,37,5,"{nodes <= 7} & !{size <= 35}",686,246,303,0.441690962099125,TRUE,"","NULL","",4.60700000000003
3272,8320223,2,0.5,FALSE,NA,1,0.92,51,147,51,"{er <= 44} & !{pgr <= 45}",686,246,298,0.434402332361516,TRUE,"","NULL","",5.096
3273,8320224,2,0.5,FALSE,NA,1,0.81,15,71,15,"{er <= 3} & {age <= 61}",686,246,294,0.428571428571429,TRUE,"","NULL","",5.36199999999997
3274,8320225,2,0.5,FALSE,NA,1,0.96,51,275,51,"{age <= 46} & {nodes <= 7}",686,246,319,0.465014577259475,TRUE,"","NULL","",8.40300000000002
3275,8320226,2,0.5,FALSE,NA,1,0.83,11,66,11,"!{pgr <= 8} & {pgr <= 45}",686,246,286,0.416909620991254,TRUE,"","NULL","",4.85500000000002
3276,8320227,2,0.5,FALSE,NA,1,0.98,44,134,44,"{pgr <= 0} & {age <= 61}",686,246,290,0.422740524781341,TRUE,"","NULL","",4.67099999999999
3277,8320228,2,0.5,FALSE,NA,1,0.97,60,197,60,"{size <= 29} & {er <= 3}",686,246,275,0.400874635568513,TRUE,"","NULL","",7.18200000000002
3278,8320229,2,0.5,FALSE,NA,1,0.97,54,193,54,"!{meno} & !{size <= 25}",686,246,310,0.451895043731778,TRUE,"","NULL","",6.45099999999996
3279,8320230,2,0.5,FALSE,NA,1,1,196,437,196,"{er <= 3} & {nodes <= 7}",686,246,296,0.431486880466472,TRUE,"","NULL","",8.72399999999999
3280,8320231,2,0.5,FALSE,NA,1,0.89,14,53,14,"{er <= 100} & !{er <= 70}",686,246,311,0.4533527696793,TRUE,"","NULL","",3.28199999999998
3281,8320232,2,0.5,FALSE,NA,1,0.78,5,33,5,"!{pgr <= 77} & {nodes <= 3}",686,246,317,0.462099125364431,TRUE,"","NULL","",4.89099999999996
3282,8320233,2,0.5,FALSE,NA,1,0.9,8,48,8,"{er <= 100} & !{er <= 70}",686,246,302,0.440233236151603,TRUE,"","NULL","",5.07999999999998
3283,8320234,2,0.5,FALSE,NA,1,0.99,29,88,29,"!{er <= 44} & {er <= 100}",686,246,291,0.424198250728863,TRUE,"","NULL","",5.07500000000005
3284,8320235,2,0.5,FALSE,NA,1,0.88,6,52,6,"{er <= 17} & !{er <= 9}",686,246,291,0.424198250728863,TRUE,"","NULL","",4.61400000000003
3285,8320236,2,0.5,FALSE,NA,1,0.86,2,17,2,"!{pgr <= 184} & {er <= 174}",686,246,315,0.459183673469388,TRUE,"","NULL","",4.93799999999999
3286,8320237,2,0.5,FALSE,NA,1,0.91,20,93,20,"!{pgr <= 77} & {pgr <= 114}",686,246,286,0.416909620991254,TRUE,"","NULL","",5.92200000000003
3287,8320238,2,0.5,FALSE,NA,1,0.93,98,301,98,"{pgr <= 2} & {er <= 44}",686,246,304,0.443148688046647,TRUE,"","NULL","",7.72399999999999
3288,8320239,2,0.5,FALSE,NA,0,NA,0,9,0,"",686,246,286,0.416909620991254,TRUE,"","NULL","",3.41000000000003
3289,8320240,2,0.5,FALSE,NA,1,0.87,9,76,9,"!{er <= 174} & {size <= 35}",686,246,296,0.431486880466472,TRUE,"","NULL","",5.87200000000001
3290,8320241,2,0.5,FALSE,NA,1,0.96,29,72,29,"{nodes <= 1} & {pgr <= 77}",686,246,303,0.441690962099125,TRUE,"","NULL","",5.13600000000002
3291,8320242,2,0.5,FALSE,NA,1,0.95,8,55,8,"{age <= 53} & !{nodes <= 7}",686,246,312,0.454810495626822,TRUE,"","NULL","",5.15999999999997
3292,8320243,2,0.5,FALSE,NA,1,0.84,23,99,23,"{age <= 46} & !{pgr <= 0}",686,246,306,0.446064139941691,TRUE,"","NULL","",5.07400000000001
3293,8320244,2,0.5,FALSE,NA,1,0.94,13,65,13,"{er <= 17} & !{pgr <= 8}",686,246,280,0.408163265306122,TRUE,"","NULL","",5.53100000000001
3294,8320245,2,0.5,FALSE,NA,0,NA,0,22,0,"",686,246,306,0.446064139941691,TRUE,"","NULL","",4.84400000000005
3295,8320246,2,0.5,FALSE,NA,1,0.93,26,126,26,"{nodes <= 1} & {pgr <= 77}",686,246,306,0.446064139941691,TRUE,"","NULL","",5.80500000000001
3296,8320247,2,0.5,FALSE,NA,1,0.96,34,178,34,"{nodes <= 1} & {size <= 20}",686,246,309,0.450437317784257,TRUE,"","NULL","",5.66700000000003
3297,8320248,2,0.5,FALSE,NA,1,0.91,20,110,20,"{age <= 46} & !{size <= 25}",686,246,323,0.470845481049563,TRUE,"","NULL","",6.26099999999997
3298,8320249,2,0.5,FALSE,NA,1,0.89,9,59,9,"{age <= 53} & {size <= 20}",686,246,285,0.415451895043732,TRUE,"","NULL","",5.06
3299,8320250,2,0.5,FALSE,NA,1,0.94,21,120,21,"{er <= 9} & {grade3}",686,246,310,0.451895043731778,TRUE,"","NULL","",5.86799999999999
3300,8320251,2,0.5,FALSE,NA,1,0.81,7,62,7,"{age <= 53} & {size <= 20}",686,246,313,0.456268221574344,TRUE,"","NULL","",4.43300000000005
3301,8320252,2,0.5,FALSE,NA,1,0.66,3,32,3,"{age <= 46} & {er <= 30}",686,246,308,0.448979591836735,TRUE,"","NULL","",5.09899999999999
3302,8320253,2,0.5,FALSE,NA,1,0.79,13,66,13,"!{pgr <= 26} & {pgr <= 114}",686,246,293,0.427113702623907,TRUE,"","NULL","",5.52199999999999
3303,8320254,2,0.5,FALSE,NA,1,0.72,5,21,5,"!{er <= 3} & {grade3}",686,246,309,0.450437317784257,TRUE,"","NULL","",4.89400000000001
3304,8320255,2,0.5,FALSE,NA,1,0.97,64,214,64,"!{pgr <= 114} & {pgr <= 337}",686,246,320,0.466472303206997,TRUE,"","NULL","",6.24199999999996
3305,8320256,2,0.5,FALSE,NA,1,0.79,8,56,8,"{er <= 70} & !{er <= 30}",686,246,281,0.409620991253644,TRUE,"","NULL","",5.298
3306,8320257,2,0.5,FALSE,NA,1,0.79,1,1,1,"{er <= 100} & !{er <= 70}",686,246,314,0.457725947521866,TRUE,"","NULL","",4.18900000000002
3307,8320258,2,0.5,FALSE,NA,1,0.99,72,226,72,"!{pgr <= 45} & {meno}",686,246,282,0.411078717201166,TRUE,"","NULL","",7.16500000000002
3308,8320259,2,0.5,FALSE,NA,1,0.89,15,93,15,"!{pgr <= 2} & {age <= 46}",686,246,299,0.435860058309038,TRUE,"","NULL","",4.721
3309,8320260,2,0.5,FALSE,NA,1,0.94,18,87,18,"{age <= 53} & {pgr <= 16}",686,246,285,0.415451895043732,TRUE,"","NULL","",5.38400000000001
3310,8320261,2,0.5,FALSE,NA,1,0.94,24,108,24,"{nodes <= 1} & !{age <= 53}",686,246,311,0.4533527696793,TRUE,"","NULL","",6.04700000000003
3311,8320262,2,0.5,FALSE,NA,1,0.99,112,234,112,"{age <= 53} & {grade3}",686,246,310,0.451895043731778,TRUE,"","NULL","",6.78100000000001
3312,8320263,2,0.5,FALSE,NA,1,0.99,174,352,174,"{er <= 17} & !{size <= 20}",686,246,315,0.459183673469388,TRUE,"","NULL","",6.78300000000002
3313,8320264,2,0.5,FALSE,NA,1,0.85,17,100,17,"{nodes <= 5} & !{size <= 35}",686,246,290,0.422740524781341,TRUE,"","NULL","",5.66800000000001
3314,8320265,2,0.5,FALSE,NA,1,0.87,27,142,27,"!{age <= 61} & !{pgr <= 0}",686,246,327,0.47667638483965,TRUE,"","NULL","",6.30900000000003
3315,8320266,2,0.5,FALSE,NA,1,0.93,38,162,38,"!{pgr <= 114} & {size <= 29}",686,246,296,0.431486880466472,TRUE,"","NULL","",6.44900000000001
3316,8320267,2,0.5,FALSE,NA,1,0.9,30,97,30,"!{size <= 35} & !{grade3}",686,246,276,0.402332361516035,TRUE,"","NULL","",4.22000000000003
3317,8320268,2,0.5,FALSE,NA,1,0.98,51,181,51,"{pgr <= 2} & !{grade3}",686,246,309,0.450437317784257,TRUE,"","NULL","",7.62200000000001
3318,8320269,2,0.5,FALSE,NA,0,NA,0,5,0,"",686,246,287,0.418367346938776,TRUE,"","NULL","",4.15499999999997
3319,8320270,2,0.5,FALSE,NA,1,0.75,7,96,7,"{age <= 46} & !{er <= 0}",686,246,298,0.434402332361516,TRUE,"","NULL","",5.67000000000002
3320,8320271,2,0.5,FALSE,NA,1,0.86,12,66,12,"{size <= 29} & {age <= 46}",686,246,307,0.447521865889213,TRUE,"","NULL","",4.47200000000004
3321,8320272,2,0.5,FALSE,NA,1,0.97,50,163,50,"!{pgr <= 184}",686,246,309,0.450437317784257,TRUE,"","NULL","",7.036
3322,8320273,2,0.5,FALSE,NA,1,0.9,21,124,21,"{age <= 53} & {er <= 17}",686,246,311,0.4533527696793,TRUE,"","NULL","",5.673
3323,8320274,2,0.5,FALSE,NA,1,0.75,1,5,1,"!{er <= 70} & {er <= 100}",686,246,287,0.418367346938776,TRUE,"","NULL","",4.113
3324,8320275,2,0.5,FALSE,NA,1,0.99,31,121,31,"{nodes <= 3} & {age <= 46}",686,246,299,0.435860058309038,TRUE,"","NULL","",5.32500000000005
3325,8320276,2,0.5,FALSE,NA,1,0.89,21,84,21,"!{pgr <= 2} & {er <= 17}",686,246,282,0.411078717201166,TRUE,"","NULL","",5.94900000000001
3326,8320277,2,0.5,FALSE,NA,1,0.85,4,9,4,"{size <= 20} & {er <= 30}",686,246,290,0.422740524781341,TRUE,"","NULL","",4.089
3327,8320278,2,0.5,FALSE,NA,1,0.89,5,38,5,"!{er <= 17} & {er <= 30}",686,246,296,0.431486880466472,TRUE,"","NULL","",4.77300000000002
3328,8320279,2,0.5,FALSE,NA,1,0.92,50,230,50,"{pgr <= 0} & !{nodes <= 1}",686,246,291,0.424198250728863,TRUE,"","NULL","",6.52999999999997
3329,8320280,2,0.5,FALSE,NA,1,0.96,23,98,23,"!{meno} & !{size <= 25}",686,246,321,0.467930029154519,TRUE,"","NULL","",6.64400000000001
3330,8320281,2,0.5,FALSE,NA,1,0.95,43,127,43,"!{er <= 174} & !{pgr <= 26}",686,246,322,0.469387755102041,TRUE,"","NULL","",5.90100000000001
3331,8320282,2,0.5,FALSE,NA,1,0.92,4,44,4,"!{meno} & !{pgr <= 77}",686,246,302,0.440233236151603,TRUE,"","NULL","",4.63999999999999
3332,8320283,2,0.5,FALSE,NA,1,0.91,61,151,61,"!{pgr <= 45} & {nodes <= 5}",686,246,315,0.459183673469388,TRUE,"","NULL","",5.28000000000003
3333,8320284,2,0.5,FALSE,NA,1,0.65,3,19,3,"!{er <= 17} & {er <= 44}",686,246,298,0.434402332361516,TRUE,"","NULL","",4.755
3334,8320285,2,0.5,FALSE,NA,1,0.87,6,58,6,"{age <= 53} & {meno}",686,246,289,0.421282798833819,TRUE,"","NULL","",4.63499999999999
3335,8320286,2,0.5,FALSE,NA,1,0.99,37,159,37,"{er <= 0} & {size <= 35}",686,246,312,0.454810495626822,TRUE,"","NULL","",6.02599999999995
3336,8320287,2,0.5,FALSE,NA,1,0.96,213,615,213,"!{pgr <= 114} & !{size <= 20}",686,246,303,0.441690962099125,TRUE,"","NULL","",9.75100000000003
3337,8320288,2,0.5,FALSE,NA,1,0.91,6,22,6,"{er <= 100} & !{er <= 70}",686,246,288,0.419825072886297,TRUE,"","NULL","",4.79599999999999
3338,8320289,2,0.5,FALSE,NA,1,0.67,5,61,5,"{nodes <= 3} & !{er <= 3}",686,246,299,0.435860058309038,TRUE,"","NULL","",5.37899999999996
3339,8320290,2,0.5,FALSE,NA,1,0.99,71,235,71,"!{nodes <= 5} & {nodes <= 7}",686,246,287,0.418367346938776,TRUE,"","NULL","",7.15899999999999
3340,8320291,2,0.5,FALSE,NA,1,0.74,13,53,13,"!{pgr <= 114} & {meno}",686,246,298,0.434402332361516,TRUE,"","NULL","",4.16500000000002
3341,8320292,2,0.5,FALSE,NA,1,0.73,11,54,11,"{nodes <= 1} & !{age <= 46}",686,246,285,0.415451895043732,TRUE,"","NULL","",5.649
3342,8320293,2,0.5,FALSE,NA,0,NA,0,6,0,"",686,246,317,0.462099125364431,TRUE,"","NULL","",4.30099999999999
3343,8320294,2,0.5,FALSE,NA,1,0.98,41,159,41,"!{pgr <= 16} & {er <= 17}",686,246,327,0.47667638483965,TRUE,"","NULL","",6.26600000000002
3344,8320295,2,0.5,FALSE,NA,0,NA,0,5,0,"",686,246,299,0.435860058309038,TRUE,"","NULL","",4.11399999999998
3345,8320296,2,0.5,FALSE,NA,1,0.71,3,21,3,"{er <= 3} & {size <= 35}",686,246,304,0.443148688046647,TRUE,"","NULL","",4.64400000000001
3346,8320297,2,0.5,FALSE,NA,1,0.83,8,79,8,"!{meno} & !{pgr <= 77}",686,246,293,0.427113702623907,TRUE,"","NULL","",5.44999999999999
3347,8320298,2,0.5,FALSE,NA,1,0.57,2,21,2,"{nodes <= 1} & !{pgr <= 16}",686,246,296,0.431486880466472,TRUE,"","NULL","",4.59000000000003
3348,8320299,2,0.5,FALSE,NA,1,0.89,38,175,38,"{nodes <= 5} & !{size <= 35}",686,246,284,0.41399416909621,TRUE,"","NULL","",6.18200000000002
3349,8320300,2,0.5,FALSE,NA,1,0.99,184,432,184,"{age <= 46} & {pgr <= 45}",686,246,309,0.450437317784257,TRUE,"","NULL","",10.358
3350,8320301,2,0.5,FALSE,NA,1,0.55,1,16,1,"{size <= 29} & !{er <= 100}",686,246,330,0.481049562682216,TRUE,"","NULL","",4.71000000000004
3351,8320302,2,0.5,FALSE,NA,1,0.97,57,222,57,"!{meno} & !{size <= 25}",686,246,297,0.432944606413994,TRUE,"","NULL","",6.55100000000004
3352,8320303,2,0.5,FALSE,NA,1,0.88,28,98,28,"{size <= 29} & !{er <= 100}",686,246,312,0.454810495626822,TRUE,"","NULL","",3.82900000000001
3353,8320304,2,0.5,FALSE,NA,1,0.79,2,17,2,"{nodes <= 1} & !{er <= 70}",686,246,308,0.448979591836735,TRUE,"","NULL","",4.73700000000002
3354,8320305,2,0.5,FALSE,NA,0,NA,0,6,0,"",686,246,305,0.444606413994169,TRUE,"","NULL","",4.416
3355,8320306,2,0.5,FALSE,NA,1,0.74,3,20,3,"!{age <= 53} & {age <= 61}",686,246,292,0.425655976676385,TRUE,"","NULL","",4.74400000000003
3356,8320307,2,0.5,FALSE,NA,1,0.9,8,56,8,"{size <= 35} & {er <= 0}",686,246,316,0.46064139941691,TRUE,"","NULL","",5.04599999999999
3357,8320308,2,0.5,FALSE,NA,1,0.9,7,62,7,"!{pgr <= 16} & {pgr <= 26}",686,246,306,0.446064139941691,TRUE,"","NULL","",5.38199999999995
3358,8320309,2,0.5,FALSE,NA,1,0.97,15,66,15,"!{size <= 25} & {er <= 17}",686,246,278,0.405247813411079,TRUE,"","NULL","",5.13299999999998
3359,8320310,2,0.5,FALSE,NA,1,0.97,151,396,151,"!{age <= 61} & !{pgr <= 8}",686,246,308,0.448979591836735,TRUE,"","NULL","",9.21700000000004
3360,8320311,2,0.5,FALSE,NA,1,0.94,81,216,81,"{age <= 46} & {pgr <= 114}",686,246,301,0.438775510204082,TRUE,"","NULL","",5.16699999999997
3361,8320312,2,0.5,FALSE,NA,1,0.87,20,113,20,"!{pgr <= 8} & {pgr <= 26}",686,246,306,0.446064139941691,TRUE,"","NULL","",6.48599999999999
3362,8320313,2,0.5,FALSE,NA,1,0.87,17,47,17,"{nodes <= 1} & !{pgr <= 8}",686,246,296,0.431486880466472,TRUE,"","NULL","",4.786
3363,8320314,2,0.5,FALSE,NA,1,0.88,18,59,18,"{grade3} & {er <= 44}",686,246,299,0.435860058309038,TRUE,"","NULL","",4.73999999999995
3364,8320315,2,0.5,FALSE,NA,1,0.53,1,3,1,"!{age <= 46} & !{meno}",686,246,325,0.473760932944606,TRUE,"","NULL","",4.113
3365,8320316,2,0.5,FALSE,NA,1,0.67,9,59,9,"{nodes <= 7} & {age <= 46}",686,246,307,0.447521865889213,TRUE,"","NULL","",5.57100000000003
3366,8320317,2,0.5,FALSE,NA,1,0.94,46,125,46,"{size <= 20} & {er <= 100}",686,246,294,0.428571428571429,TRUE,"","NULL","",6.30899999999997
3367,8320318,2,0.5,FALSE,NA,0,NA,0,25,0,"",686,246,290,0.422740524781341,TRUE,"","NULL","",4.18099999999998
3368,8320319,2,0.5,FALSE,NA,1,0.69,2,21,2,"!{er <= 17} & {er <= 30}",686,246,314,0.457725947521866,TRUE,"","NULL","",4.33699999999999
3369,8320320,2,0.5,FALSE,NA,1,0.79,5,47,5,"!{nodes <= 5} & {er <= 30}",686,246,298,0.434402332361516,TRUE,"","NULL","",5.52699999999999
3370,8320321,2,0.5,FALSE,NA,1,0.98,64,308,64,"{age <= 61} & {er <= 0}",686,246,293,0.427113702623907,TRUE,"","NULL","",8.06799999999998
3371,8320322,2,0.5,FALSE,NA,1,0.73,6,75,6,"{age <= 61} & {er <= 9}",686,246,294,0.428571428571429,TRUE,"","NULL","",4.92899999999997
3372,8320323,2,0.5,FALSE,NA,1,0.72,1,7,1,"!{pgr <= 184} & {age <= 61}",686,246,316,0.46064139941691,TRUE,"","NULL","",3.72500000000002
3373,8320324,2,0.5,FALSE,NA,1,0.99,39,155,39,"{er <= 0} & {age <= 61}",686,246,302,0.440233236151603,TRUE,"","NULL","",7.01500000000004
3374,8320325,2,0.5,FALSE,NA,1,0.55,1,21,1,"{size <= 25} & {age <= 46}",686,246,292,0.425655976676385,TRUE,"","NULL","",4.351
3375,8320326,2,0.5,FALSE,NA,1,0.87,18,102,18,"{size <= 25} & {age <= 53}",686,246,317,0.462099125364431,TRUE,"","NULL","",5.60699999999997
3376,8320327,2,0.5,FALSE,NA,1,0.94,55,158,55,"{nodes <= 1} & {pgr <= 77}",686,246,280,0.408163265306122,TRUE,"","NULL","",5.26399999999995
3377,8320328,2,0.5,FALSE,NA,1,0.96,48,193,48,"!{size <= 29} & !{nodes <= 5}",686,246,296,0.431486880466472,TRUE,"","NULL","Loglik converged before variable  1 ; coefficient may be infinite. ",7.38799999999998
3378,8320329,2,0.5,FALSE,NA,1,0.89,18,91,18,"!{pgr <= 184} & {nodes <= 7}",686,246,290,0.422740524781341,TRUE,"","NULL","",5.31399999999996
3379,8320330,2,0.5,FALSE,NA,1,0.92,30,129,30,"{age <= 46} & !{pgr <= 2}",686,246,296,0.431486880466472,TRUE,"","NULL","",6.26300000000003
3380,8320331,2,0.5,FALSE,NA,1,0.81,21,128,21,"!{er <= 44} & {age <= 61}",686,246,286,0.416909620991254,TRUE,"","NULL","",4.49499999999995
3381,8320332,2,0.5,FALSE,NA,1,0.95,34,183,34,"{pgr <= 2} & {size <= 29}",686,246,310,0.451895043731778,TRUE,"","NULL","",7.596
3382,8320333,2,0.5,FALSE,NA,1,0.83,6,36,6,"{age <= 61} & {er <= 0}",686,246,293,0.427113702623907,TRUE,"","NULL","",4.54699999999997
3383,8320334,2,0.5,FALSE,NA,1,0.94,43,125,43,"{age <= 46} & !{pgr <= 0}",686,246,294,0.428571428571429,TRUE,"","NULL","",5.71300000000002
3384,8320335,2,0.5,FALSE,NA,1,0.82,12,83,12,"!{er <= 3} & {er <= 17}",686,246,303,0.441690962099125,TRUE,"","NULL","",4.66800000000001
3385,8320336,2,0.5,FALSE,NA,1,0.98,70,228,70,"{nodes <= 3} & !{pgr <= 114}",686,246,289,0.421282798833819,TRUE,"","NULL","",7.779
3386,8320337,2,0.5,FALSE,NA,1,0.84,15,68,15,"!{pgr <= 2} & !{nodes <= 7}",686,246,300,0.43731778425656,TRUE,"","NULL","",5.178
3387,8320338,2,0.5,FALSE,NA,1,0.96,10,63,10,"{er <= 17} & !{er <= 9}",686,246,287,0.418367346938776,TRUE,"","NULL","",5.00099999999998
3388,8320339,2,0.5,FALSE,NA,1,0.71,4,22,4,"!{pgr <= 77} & {size <= 25}",686,246,293,0.427113702623907,TRUE,"","NULL","",3.62300000000005
3389,8320340,2,0.5,FALSE,NA,1,0.61,1,22,1,"{age <= 46} & !{size <= 20}",686,246,296,0.431486880466472,TRUE,"","NULL","",5.35399999999998
3390,8320341,2,0.5,FALSE,NA,1,0.89,47,105,47,"{pgr <= 8} & {size <= 35}",686,246,303,0.441690962099125,TRUE,"","NULL","",5.86799999999999
3391,8320342,2,0.5,FALSE,NA,1,0.89,17,125,17,"!{pgr <= 16} & {er <= 70}",686,246,306,0.446064139941691,TRUE,"","NULL","",5.73199999999997
3392,8320343,2,0.5,FALSE,NA,1,0.99,71,162,71,"{pgr <= 2} & {size <= 29}",686,246,294,0.428571428571429,TRUE,"","NULL","",5.42699999999996
3393,8320344,2,0.5,FALSE,NA,1,0.94,38,83,38,"{er <= 3} & {nodes <= 7}",686,246,287,0.418367346938776,TRUE,"","NULL","",6.06099999999998
3394,8320345,2,0.5,FALSE,NA,1,0.85,33,147,33,"!{er <= 100} & {nodes <= 5}",686,246,305,0.444606413994169,TRUE,"","NULL","Loglik converged before variable  1 ; coefficient may be infinite.  | Loglik converged before variable  1 ; coefficient may be infinite. ",6.50900000000001
3395,8320346,2,0.5,FALSE,NA,1,0.95,14,78,14,"!{age <= 61} & {er <= 174}",686,246,285,0.415451895043732,TRUE,"","NULL","",5.036
3396,8320347,2,0.5,FALSE,NA,0,NA,0,8,0,"",686,246,309,0.450437317784257,TRUE,"","NULL","",3.68899999999996
3397,8320348,2,0.5,FALSE,NA,1,0.63,2,26,2,"!{size <= 20} & !{pgr <= 184}",686,246,291,0.424198250728863,TRUE,"","NULL","",4.87799999999999
3398,8320349,2,0.5,FALSE,NA,1,0.7,6,41,6,"{grade3} & {age <= 53}",686,246,324,0.472303206997085,TRUE,"","NULL","",5.06100000000004
3399,8320350,2,0.5,FALSE,NA,1,0.78,3,20,3,"!{meno} & {pgr <= 8}",686,246,315,0.459183673469388,TRUE,"","NULL","",4.83700000000005
3400,8320351,2,0.5,FALSE,NA,1,0.95,4,26,4,"!{er <= 9} & {er <= 17}",686,246,284,0.41399416909621,TRUE,"","NULL","",4.42199999999997
3401,8320352,2,0.5,FALSE,NA,1,0.78,4,40,4,"{age <= 46} & !{er <= 0}",686,246,303,0.441690962099125,TRUE,"","NULL","",5.20499999999998
3402,8320353,2,0.5,FALSE,NA,0,NA,0,9,0,"",686,246,306,0.446064139941691,TRUE,"","NULL","",4.47800000000001
3403,8320354,2,0.5,FALSE,NA,1,0.76,18,130,18,"{age <= 53} & !{er <= 44}",686,246,293,0.427113702623907,TRUE,"","NULL","",5.67500000000001
3404,8320355,2,0.5,FALSE,NA,0,NA,0,7,0,"",686,246,311,0.4533527696793,TRUE,"","NULL","",4.15000000000003
3405,8320356,2,0.5,FALSE,NA,1,0.55,2,51,2,"!{er <= 17} & {er <= 44}",686,246,300,0.43731778425656,TRUE,"","NULL","",5.05700000000002
3406,8320357,2,0.5,FALSE,NA,1,0.99,10,73,10,"{er <= 0} & {age <= 61}",686,246,298,0.434402332361516,TRUE,"","NULL","",5.26999999999998
3407,8320358,2,0.5,FALSE,NA,1,0.97,45,195,45,"{nodes <= 5} & {pgr <= 2}",686,246,313,0.456268221574344,TRUE,"","NULL","",6.64300000000003
3408,8320359,2,0.5,FALSE,NA,1,0.87,7,81,7,"{age <= 53} & {pgr <= 2}",686,246,302,0.440233236151603,TRUE,"","NULL","",4.48399999999998
3409,8320360,2,0.5,FALSE,NA,1,0.96,29,105,29,"{pgr <= 8} & {grade3}",686,246,306,0.446064139941691,TRUE,"","NULL","",5.911
3410,8320361,2,0.5,FALSE,NA,1,0.82,5,47,5,"!{er <= 30} & {er <= 100}",686,246,291,0.424198250728863,TRUE,"","NULL","",4.67399999999998
3411,8320362,2,0.5,FALSE,NA,1,0.94,17,85,17,"!{pgr <= 184} & {er <= 174}",686,246,303,0.441690962099125,TRUE,"","NULL","",5.15600000000001
3412,8320363,2,0.5,FALSE,NA,1,0.72,3,48,3,"{grade3} & {pgr <= 26}",686,246,291,0.424198250728863,TRUE,"","NULL","",4.64600000000002
3413,8320364,2,0.5,FALSE,NA,1,0.91,17,73,17,"{er <= 70} & !{er <= 44}",686,246,300,0.43731778425656,TRUE,"","NULL","",6.33600000000001
3414,8320365,2,0.5,FALSE,NA,1,0.71,1,18,1,"!{er <= 3} & {pgr <= 8}",686,246,285,0.415451895043732,TRUE,"","NULL","",4.27800000000002
3415,8320366,2,0.5,FALSE,NA,1,0.67,7,38,7,"!{er <= 9} & !{nodes <= 5}",686,246,320,0.466472303206997,TRUE,"","NULL","",4.71800000000002
3416,8320367,2,0.5,FALSE,NA,1,0.7,6,31,6,"!{pgr <= 184}",686,246,309,0.450437317784257,TRUE,"","NULL","",4.54300000000001
3417,8320368,2,0.5,FALSE,NA,1,0.76,7,32,7,"!{nodes <= 3} & !{er <= 70}",686,246,318,0.463556851311953,TRUE,"","NULL","",4.96300000000002
3418,8320369,2,0.5,FALSE,NA,1,0.63,3,36,3,"{er <= 44} & !{er <= 17}",686,246,298,0.434402332361516,TRUE,"","NULL","",4.97500000000002
3419,8320370,2,0.5,FALSE,NA,1,0.72,11,46,11,"!{size <= 35} & {er <= 174}",686,246,297,0.432944606413994,TRUE,"","NULL","",4.88499999999999
3420,8320371,2,0.5,FALSE,NA,1,0.93,38,216,38,"{size <= 25} & !{pgr <= 114}",686,246,319,0.465014577259475,TRUE,"","NULL","",6.58600000000001
3421,8320372,2,0.5,FALSE,NA,1,0.94,31,150,31,"{nodes <= 5} & !{er <= 70}",686,246,296,0.431486880466472,TRUE,"","NULL","",7.012
3422,8320373,2,0.5,FALSE,NA,1,0.96,24,124,24,"!{size <= 29} & {age <= 53}",686,246,290,0.422740524781341,TRUE,"","NULL","",5.58600000000001
3423,8320374,2,0.5,FALSE,NA,1,0.82,16,76,16,"!{pgr <= 77} & {pgr <= 184}",686,246,299,0.435860058309038,TRUE,"","NULL","",5.09100000000001
3424,8320375,2,0.5,FALSE,NA,1,0.98,60,205,60,"{age <= 46} & {er <= 44}",686,246,296,0.431486880466472,TRUE,"","NULL","",5.28100000000001
3425,8320376,2,0.5,FALSE,NA,1,0.71,1,18,1,"{size <= 35} & {pgr <= 0}",686,246,310,0.451895043731778,TRUE,"","NULL","",5.18099999999998
3426,8320377,2,0.5,FALSE,NA,0,NA,0,8,0,"",686,246,295,0.43002915451895,TRUE,"","NULL","",4.30499999999995
3427,8320378,2,0.5,FALSE,NA,1,0.97,12,155,12,"{nodes <= 7} & !{nodes <= 5}",686,246,292,0.425655976676385,TRUE,"","NULL","",6.30600000000004
3428,8320379,2,0.5,FALSE,NA,1,0.72,3,20,3,"{age <= 53} & {meno}",686,246,266,0.387755102040816,TRUE,"","NULL","",4.22400000000005
3429,8320380,2,0.5,FALSE,NA,1,0.91,19,108,19,"{age <= 53} & {pgr <= 16}",686,246,271,0.395043731778426,TRUE,"","NULL","",6.03899999999999
3430,8320381,2,0.5,FALSE,NA,1,0.92,2,24,2,"{age <= 53} & !{nodes <= 7}",686,246,315,0.459183673469388,TRUE,"","NULL","",4.51400000000001
3431,8320382,2,0.5,FALSE,NA,1,0.76,18,163,18,"!{grade3} & !{er <= 100}",686,246,306,0.446064139941691,TRUE,"","NULL","",6.24000000000001
3432,8320383,2,0.5,FALSE,NA,1,0.98,23,66,23,"!{pgr <= 184} & {age <= 53}",686,246,305,0.444606413994169,TRUE,"","NULL","",4.37
3433,8320384,2,0.5,FALSE,NA,1,0.98,58,190,58,"!{nodes <= 5} & {size <= 35}",686,246,305,0.444606413994169,TRUE,"","NULL","",7.47300000000001
3434,8320385,2,0.5,FALSE,NA,1,0.95,29,60,29,"!{er <= 174} & {nodes <= 5}",686,246,304,0.443148688046647,TRUE,"","NULL","",5.05799999999999
3435,8320386,2,0.5,FALSE,NA,1,0.94,70,179,70,"{age <= 53} & {pgr <= 114}",686,246,284,0.41399416909621,TRUE,"","NULL","",6.51600000000002
3436,8320387,2,0.5,FALSE,NA,1,0.98,58,211,58,"!{pgr <= 184} & {nodes <= 7}",686,246,311,0.4533527696793,TRUE,"","NULL","",5.54300000000001
3437,8320388,2,0.5,FALSE,NA,1,0.9,53,198,53,"!{er <= 100} & !{pgr <= 45}",686,246,295,0.43002915451895,TRUE,"","NULL","",7.75799999999998
3438,8320389,2,0.5,FALSE,NA,1,0.75,8,84,8,"{er <= 44} & !{er <= 17}",686,246,293,0.427113702623907,TRUE,"","NULL","",5.5
3439,8320390,2,0.5,FALSE,NA,1,0.91,64,253,64,"{nodes <= 1} & {er <= 174}",686,246,317,0.462099125364431,TRUE,"","NULL","",7.15800000000002
3440,8320391,2,0.5,FALSE,NA,1,0.57,4,55,4,"!{pgr <= 114} & {size <= 35}",686,246,298,0.434402332361516,TRUE,"","NULL","",3.685
3441,8320392,2,0.5,FALSE,NA,1,0.63,7,44,7,"!{er <= 70} & {age <= 61}",686,246,291,0.424198250728863,TRUE,"","NULL","",4.87200000000001
3442,8320393,2,0.5,FALSE,NA,0,NA,0,14,0,"",686,246,307,0.447521865889213,TRUE,"","NULL","",4.63799999999998
3443,8320394,2,0.5,FALSE,NA,1,0.89,3,21,3,"{er <= 30} & !{er <= 17}",686,246,300,0.43731778425656,TRUE,"","NULL","",4.48200000000003
3444,8320395,2,0.5,FALSE,NA,1,0.96,57,157,57,"{grade3} & {er <= 17}",686,246,300,0.43731778425656,TRUE,"","NULL","",5.86399999999998
3445,8320396,2,0.5,FALSE,NA,1,0.6,2,36,2,"{nodes <= 3} & {er <= 17}",686,246,313,0.456268221574344,TRUE,"","NULL","",5.30599999999998
3446,8320397,2,0.5,FALSE,NA,1,0.77,7,77,7,"!{er <= 174} & {meno}",686,246,302,0.440233236151603,TRUE,"","NULL","",5.89600000000002
3447,8320398,2,0.5,FALSE,NA,1,0.99,94,224,94,"{nodes <= 3} & !{pgr <= 184}",686,246,310,0.451895043731778,TRUE,"","NULL","",6.98699999999997
3448,8320399,2,0.5,FALSE,NA,1,0.81,12,50,12,"{grade3} & {pgr <= 45}",686,246,294,0.428571428571429,TRUE,"","NULL","",3.85400000000004
3449,8320400,2,0.5,FALSE,NA,1,0.99,23,49,23,"{age <= 53} & !{pgr <= 184}",686,246,292,0.425655976676385,TRUE,"","NULL","",5.14699999999999
3450,8320401,2,0.5,FALSE,NA,1,0.86,22,104,22,"!{age <= 53} & {pgr <= 16}",686,246,316,0.46064139941691,TRUE,"","NULL","",5.77800000000002
3451,8320402,2,0.5,FALSE,NA,1,0.55,1,6,1,"{age <= 53} & !{nodes <= 7}",686,246,321,0.467930029154519,TRUE,"","NULL","",4.33199999999999
3452,8320403,2,0.5,FALSE,NA,1,0.92,1,5,1,"!{size <= 25} & {nodes <= 1}",686,246,302,0.440233236151603,TRUE,"","NULL","",4.26100000000002
3453,8320404,2,0.5,FALSE,NA,1,0.97,72,209,72,"{pgr <= 8} & {size <= 29}",686,246,296,0.431486880466472,TRUE,"","NULL","",7.46000000000004
3454,8320405,2,0.5,FALSE,NA,1,0.98,39,149,39,"{size <= 20} & !{pgr <= 45}",686,246,302,0.440233236151603,TRUE,"","NULL","",6.40199999999999
3455,8320406,2,0.5,FALSE,NA,1,0.92,22,117,22,"{age <= 61} & {er <= 30}",686,246,301,0.438775510204082,TRUE,"","NULL","",5.74799999999999
3456,8320407,2,0.5,FALSE,NA,1,0.92,55,287,55,"!{er <= 9} & {er <= 44}",686,246,313,0.456268221574344,TRUE,"","NULL","",5.53800000000001
3457,8320408,2,0.5,FALSE,NA,0,NA,0,9,0,"",686,246,325,0.473760932944606,TRUE,"","NULL","",4.71799999999996
3458,8320409,2,0.5,FALSE,NA,1,0.58,1,25,1,"{pgr <= 0} & !{size <= 20}",686,246,285,0.415451895043732,TRUE,"","NULL","",4.58600000000001
3459,8320410,2,0.5,FALSE,NA,0,NA,0,7,0,"",686,246,318,0.463556851311953,TRUE,"","NULL","",4.27099999999996
3460,8320411,2,0.5,FALSE,NA,1,0.99,22,132,22,"!{er <= 100} & {er <= 174}",686,246,310,0.451895043731778,TRUE,"","NULL","",6.024
3461,8320412,2,0.5,FALSE,NA,1,0.82,30,97,30,"!{pgr <= 114} & {er <= 174}",686,246,312,0.454810495626822,TRUE,"","NULL","",5.65600000000001
3462,8320413,2,0.5,FALSE,NA,1,0.92,43,179,43,"{er <= 17} & !{size <= 25}",686,246,290,0.422740524781341,TRUE,"","NULL","",6.59499999999991
3463,8320414,2,0.5,FALSE,NA,1,0.55,1,21,1,"{grade3} & {er <= 3}",686,246,319,0.465014577259475,TRUE,"","NULL","",4.58100000000002
3464,8320415,2,0.5,FALSE,NA,1,0.79,1,12,1,"!{er <= 3} & {er <= 17}",686,246,311,0.4533527696793,TRUE,"","NULL","",3.91300000000001
3465,8320416,2,0.5,FALSE,NA,1,0.84,7,33,7,"{age <= 46} & {nodes <= 7}",686,246,300,0.43731778425656,TRUE,"","NULL","",5.15400000000005
3466,8320417,2,0.5,FALSE,NA,1,0.77,11,61,11,"{age <= 53} & !{er <= 17}",686,246,299,0.435860058309038,TRUE,"","NULL","",5.06799999999998
3467,8320418,2,0.5,FALSE,NA,1,0.89,16,104,16,"!{meno} & {nodes <= 3}",686,246,309,0.450437317784257,TRUE,"","NULL","",5.60500000000002
3468,8320419,2,0.5,FALSE,NA,1,0.92,18,49,18,"{age <= 46} & !{pgr <= 0}",686,246,302,0.440233236151603,TRUE,"","NULL","",4.74000000000001
3469,8320420,2,0.5,FALSE,NA,0,NA,0,5,0,"",686,246,309,0.450437317784257,TRUE,"","NULL","",4.55099999999999
3470,8320421,2,0.5,FALSE,NA,1,0.91,12,82,12,"!{pgr <= 45} & {er <= 44}",686,246,317,0.462099125364431,TRUE,"","NULL","",5.39600000000007
3471,8320422,2,0.5,FALSE,NA,1,0.79,7,47,7,"!{pgr <= 114} & {size <= 29}",686,246,310,0.451895043731778,TRUE,"","NULL","",4.84900000000005
3472,8320423,2,0.5,FALSE,NA,0,NA,0,2,0,"",686,246,288,0.419825072886297,TRUE,"","NULL","",3.96699999999998
3473,8320424,2,0.5,FALSE,NA,1,0.95,239,534,239,"{er <= 30} & {nodes <= 1}",686,246,293,0.427113702623907,TRUE,"","NULL","",11.8170000000001
3474,8320425,2,0.5,FALSE,NA,1,0.53,1,21,1,"{size <= 29} & {pgr <= 2}",686,246,287,0.418367346938776,TRUE,"","NULL","",4.33299999999997
3475,8320426,2,0.5,FALSE,NA,1,0.68,5,49,5,"{age <= 46} & !{er <= 3}",686,246,308,0.448979591836735,TRUE,"","NULL","",4.68799999999999
3476,8320427,2,0.5,FALSE,NA,1,0.56,1,17,1,"!{meno} & {pgr <= 16}",686,246,298,0.434402332361516,TRUE,"","NULL","",3.12200000000007
3477,8320428,2,0.5,FALSE,NA,1,1,161,313,161,"!{nodes <= 5} & !{pgr <= 26}",686,246,281,0.409620991253644,TRUE,"","NULL","",8.85700000000003
3478,8320429,2,0.5,FALSE,NA,1,0.58,1,13,1,"!{size <= 29} & {er <= 30}",686,246,297,0.432944606413994,TRUE,"","NULL","",4.29300000000001
3479,8320430,2,0.5,FALSE,NA,1,0.99,15,92,15,"{age <= 53} & !{pgr <= 77}",686,246,290,0.422740524781341,TRUE,"","NULL","",5.37
3480,8320431,2,0.5,FALSE,NA,1,0.89,6,70,6,"!{meno} & !{pgr <= 77}",686,246,290,0.422740524781341,TRUE,"","NULL","",4.1869999999999
3481,8320432,2,0.5,FALSE,NA,0,NA,0,15,0,"",686,246,283,0.412536443148688,TRUE,"","NULL","",4.53100000000006
3482,8320433,2,0.5,FALSE,NA,0,NA,0,15,0,"",686,246,296,0.431486880466472,TRUE,"","NULL","",4.80100000000004
3483,8320434,2,0.5,FALSE,NA,1,0.66,3,16,3,"{size <= 29} & !{er <= 174}",686,246,296,0.431486880466472,TRUE,"","NULL","",4.37900000000002
3484,8320435,2,0.5,FALSE,NA,1,0.89,5,70,5,"{grade3} & {size <= 25}",686,246,320,0.466472303206997,TRUE,"","NULL","",5.18000000000006
3485,8320436,2,0.5,FALSE,NA,1,0.91,12,50,12,"!{pgr <= 114} & {size <= 29}",686,246,305,0.444606413994169,TRUE,"","NULL","",5.16800000000001
3486,8320437,2,0.5,FALSE,NA,1,0.81,9,55,9,"{nodes <= 3} & !{er <= 44}",686,246,317,0.462099125364431,TRUE,"","NULL","Loglik converged before variable  1 ; coefficient may be infinite. ",5.27199999999993
3487,8320438,2,0.5,FALSE,NA,1,0.82,10,70,10,"!{pgr <= 77} & {er <= 44}",686,246,311,0.4533527696793,TRUE,"","NULL","",5.05899999999997
3488,8320439,2,0.5,FALSE,NA,1,0.65,5,20,5,"!{nodes <= 5} & {size <= 29}",686,246,308,0.448979591836735,TRUE,"","NULL","",4.48900000000003
3489,8320440,2,0.5,FALSE,NA,1,0.93,15,77,15,"{age <= 46} & {er <= 174}",686,246,291,0.424198250728863,TRUE,"","NULL","",5.58999999999997
3490,8320441,2,0.5,FALSE,NA,1,0.96,15,59,15,"{er <= 30} & !{er <= 9}",686,246,320,0.466472303206997,TRUE,"","NULL","",5.298
3491,8320442,2,0.5,FALSE,NA,1,0.84,5,21,5,"{nodes <= 3} & {grade3}",686,246,295,0.43002915451895,TRUE,"","NULL","",4.16499999999996
3492,8320443,2,0.5,FALSE,NA,0,NA,0,20,0,"",686,246,298,0.434402332361516,TRUE,"","NULL","",4.54900000000009
3493,8320444,2,0.5,FALSE,NA,1,0.98,28,105,28,"!{age <= 61} & {er <= 44}",686,246,308,0.448979591836735,TRUE,"","NULL","",6.35600000000005
3494,8320445,2,0.5,FALSE,NA,1,0.98,106,370,106,"!{er <= 70} & {pgr <= 77}",686,246,317,0.462099125364431,TRUE,"","NULL","",8.91699999999992
3495,8320446,2,0.5,FALSE,NA,1,0.93,52,114,52,"!{pgr <= 184} & {nodes <= 7}",686,246,329,0.479591836734694,TRUE,"","NULL","",5.66300000000001
3496,8320447,2,0.5,FALSE,NA,1,0.76,16,88,16,"{er <= 100} & !{er <= 44}",686,246,326,0.475218658892128,TRUE,"","NULL","",3.80499999999995
3497,8320448,2,0.5,FALSE,NA,1,0.92,36,115,36,"!{meno} & !{pgr <= 8}",686,246,294,0.428571428571429,TRUE,"","NULL","",6.21000000000004
3498,8320449,2,0.5,FALSE,NA,1,0.91,33,153,33,"!{pgr <= 114} & {nodes <= 7}",686,246,302,0.440233236151603,TRUE,"","NULL","",5.89400000000001
3499,8320450,2,0.5,FALSE,NA,1,1,88,222,88,"{nodes <= 1} & {pgr <= 184}",686,246,289,0.421282798833819,TRUE,"","NULL","",6.75300000000004
3500,8320451,2,0.5,FALSE,NA,1,0.93,7,24,7,"{er <= 3} & {size <= 25}",686,246,303,0.441690962099125,TRUE,"","NULL","",3.65599999999995
3501,8320452,2,0.5,FALSE,NA,1,0.72,4,15,4,"{age <= 46} & !{er <= 9}",686,246,313,0.456268221574344,TRUE,"","NULL","",4.61200000000002
3502,8320453,2,0.5,FALSE,NA,1,0.75,6,22,6,"!{er <= 174} & !{pgr <= 2}",686,246,290,0.422740524781341,TRUE,"","NULL","",4.45899999999995
3503,8320454,2,0.5,FALSE,NA,1,0.88,35,135,35,"!{pgr <= 45} & {er <= 174}",686,246,288,0.419825072886297,TRUE,"","NULL","",5.88299999999992
3504,8320455,2,0.5,FALSE,NA,1,0.88,4,20,4,"{size <= 35} & {pgr <= 0}",686,246,283,0.412536443148688,TRUE,"","NULL","",4.26199999999994
3505,8320456,2,0.5,FALSE,NA,1,0.69,1,13,1,"{size <= 20} & {pgr <= 45}",686,246,285,0.415451895043732,TRUE,"","NULL","",4.548
3506,8320457,2,0.5,FALSE,NA,1,0.89,7,41,7,"{age <= 53} & !{pgr <= 114}",686,246,312,0.454810495626822,TRUE,"","NULL","",5.01299999999992
3507,8320458,2,0.5,FALSE,NA,1,0.75,7,65,7,"!{pgr <= 184} & {nodes <= 7}",686,246,296,0.431486880466472,TRUE,"","NULL","",4.96399999999994
3508,8320459,2,0.5,FALSE,NA,1,0.55,4,38,4,"{nodes <= 1} & !{age <= 53}",686,246,287,0.418367346938776,TRUE,"","NULL","",4.57599999999991
3509,8320460,2,0.5,FALSE,NA,1,0.98,72,276,72,"{size <= 20} & {nodes <= 3}",686,246,314,0.457725947521866,TRUE,"","NULL","",8.21099999999996
3510,8320461,2,0.5,FALSE,NA,1,0.96,8,41,8,"{age <= 61} & {er <= 0}",686,246,291,0.424198250728863,TRUE,"","NULL","",5.15699999999993
3511,8320462,2,0.5,FALSE,NA,1,0.95,31,179,31,"{pgr <= 0} & {er <= 70}",686,246,301,0.438775510204082,TRUE,"","NULL","",6.26800000000003
3512,8320463,2,0.5,FALSE,NA,1,0.99,97,299,97,"{er <= 17} & !{er <= 9}",686,246,290,0.422740524781341,TRUE,"","NULL","",5.69200000000001
3513,8320464,2,0.5,FALSE,NA,1,0.8,6,54,6,"{size <= 25} & !{age <= 61}",686,246,271,0.395043731778426,TRUE,"","NULL","",5.12100000000004
3514,8320465,2,0.5,FALSE,NA,1,0.77,7,41,7,"!{pgr <= 114} & {age <= 61}",686,246,291,0.424198250728863,TRUE,"","NULL","",5.05899999999997
3515,8320466,2,0.5,FALSE,NA,1,1,91,267,91,"!{pgr <= 184} & {nodes <= 7}",686,246,299,0.435860058309038,TRUE,"","NULL","",7.59400000000005
3516,8320467,2,0.5,FALSE,NA,1,0.79,13,91,13,"{size <= 29} & !{size <= 20}",686,246,302,0.440233236151603,TRUE,"","NULL","Loglik converged before variable  1 ; coefficient may be infinite.  | Loglik converged before variable  1 ; coefficient may be infinite. ",4.50900000000001
3517,8320468,2,0.5,FALSE,NA,1,0.86,50,179,50,"!{grade3} & !{nodes <= 5}",686,246,292,0.425655976676385,TRUE,"","NULL","Loglik converged before variable  1 ; coefficient may be infinite. ",7.346
3518,8320469,2,0.5,FALSE,NA,1,0.97,86,337,86,"{size <= 25} & !{pgr <= 114}",686,246,311,0.4533527696793,TRUE,"","NULL","",8.58600000000001
3519,8320470,2,0.5,FALSE,NA,1,0.91,55,285,55,"{er <= 17} & !{grade3}",686,246,297,0.432944606413994,TRUE,"","NULL","",6.70799999999997
3520,8320471,2,0.5,FALSE,NA,1,0.82,5,23,5,"{nodes <= 1} & {age <= 61}",686,246,302,0.440233236151603,TRUE,"","NULL","",2.96399999999994
3521,8320472,2,0.5,FALSE,NA,1,0.91,9,42,9,"!{pgr <= 184}",686,246,308,0.448979591836735,TRUE,"","NULL","",5.36499999999995
3522,8320473,2,0.5,FALSE,NA,1,0.87,11,81,11,"{grade3} & {pgr <= 8}",686,246,324,0.472303206997085,TRUE,"","NULL","",5.82499999999993
3523,8320474,2,0.5,FALSE,NA,1,0.55,1,27,1,"!{er <= 174} & {size <= 35}",686,246,296,0.431486880466472,TRUE,"","NULL","",4.524
3524,8320475,2,0.5,FALSE,NA,1,0.8,25,123,25,"{size <= 25} & !{meno}",686,246,300,0.43731778425656,TRUE,"","NULL","",5.35199999999998
3525,8320476,2,0.5,FALSE,NA,0,NA,0,4,0,"",686,246,306,0.446064139941691,TRUE,"","NULL","",4.375
3526,8320477,2,0.5,FALSE,NA,1,0.88,4,26,4,"!{pgr <= 77} & {pgr <= 114}",686,246,281,0.409620991253644,TRUE,"","NULL","",4.63200000000006
3527,8320478,2,0.5,FALSE,NA,1,0.95,95,196,95,"!{er <= 70} & {nodes <= 3}",686,246,292,0.425655976676385,TRUE,"","NULL","",6.11599999999999
3528,8320479,2,0.5,FALSE,NA,1,0.82,5,28,5,"{nodes <= 3} & !{er <= 100}",686,246,288,0.419825072886297,TRUE,"","NULL","",4.40199999999993
3529,8320480,2,0.5,FALSE,NA,1,0.86,17,92,17,"{nodes <= 3} & !{er <= 100}",686,246,298,0.434402332361516,TRUE,"","NULL","",5.84300000000002
3530,8320481,2,0.5,FALSE,NA,1,0.73,6,71,6,"!{pgr <= 184} & {nodes <= 7}",686,246,301,0.438775510204082,TRUE,"","NULL","",5.60000000000002
3531,8320482,2,0.5,FALSE,NA,1,0.85,16,125,16,"{nodes <= 3} & !{age <= 53}",686,246,304,0.443148688046647,TRUE,"","NULL","",5.77799999999991
3532,8320483,2,0.5,FALSE,NA,1,0.86,61,132,61,"!{er <= 70} & {meno}",686,246,289,0.421282798833819,TRUE,"","NULL","",4.90499999999997
3533,8320484,2,0.5,FALSE,NA,1,0.58,3,21,3,"{age <= 53} & !{er <= 44}",686,246,299,0.435860058309038,TRUE,"","NULL","",4.709
3534,8320485,2,0.5,FALSE,NA,1,0.99,82,218,82,"{pgr <= 8} & {grade3}",686,246,290,0.422740524781341,TRUE,"","NULL","",7.274
3535,8320486,2,0.5,FALSE,NA,1,0.82,10,57,10,"!{age <= 61} & !{er <= 30}",686,246,295,0.43002915451895,TRUE,"","NULL","",4.98699999999997
3536,8320487,2,0.5,FALSE,NA,1,0.83,2,45,2,"!{pgr <= 45} & !{meno}",686,246,283,0.412536443148688,TRUE,"","NULL","",4.27099999999996
3537,8320488,2,0.5,FALSE,NA,1,0.97,10,57,10,"{er <= 3} & {pgr <= 0}",686,246,287,0.418367346938776,TRUE,"","NULL","",5.17399999999998
3538,8320489,2,0.5,FALSE,NA,1,0.6,1,16,1,"{size <= 20} & {nodes <= 3}",686,246,291,0.424198250728863,TRUE,"","NULL","",4.54300000000001
3539,8320490,2,0.5,FALSE,NA,1,0.96,63,201,63,"{nodes <= 7} & {size <= 20}",686,246,325,0.473760932944606,TRUE,"","NULL","",6.84499999999991
3540,8320491,2,0.5,FALSE,NA,1,0.96,1,18,1,"!{pgr <= 77} & {pgr <= 114}",686,246,301,0.438775510204082,TRUE,"","NULL","",3.88900000000001
3541,8320492,2,0.5,FALSE,NA,1,0.94,43,114,43,"!{er <= 100} & !{pgr <= 26}",686,246,309,0.450437317784257,TRUE,"","NULL","",6.61499999999995
3542,8320493,2,0.5,FALSE,NA,1,0.91,17,104,17,"!{meno} & {pgr <= 114}",686,246,291,0.424198250728863,TRUE,"","NULL","",6.00299999999993
3543,8320494,2,0.5,FALSE,NA,1,0.97,12,55,12,"{pgr <= 0} & !{size <= 20}",686,246,283,0.412536443148688,TRUE,"","NULL","",4.76700000000005
3544,8320495,2,0.5,FALSE,NA,1,0.98,57,230,57,"{pgr <= 2} & {size <= 29}",686,246,279,0.406705539358601,TRUE,"","NULL","",5.53599999999994
3545,8320496,2,0.5,FALSE,NA,1,0.86,17,88,17,"!{pgr <= 184} & {age <= 61}",686,246,318,0.463556851311953,TRUE,"","NULL","",6.45800000000003
3546,8320497,2,0.5,FALSE,NA,1,0.99,46,230,46,"{size <= 29} & {grade3}",686,246,295,0.43002915451895,TRUE,"","NULL","Loglik converged before variable  1 ; coefficient may be infinite.  | Loglik converged before variable  1 ; coefficient may be infinite. ",7.08699999999999
3547,8320498,2,0.5,FALSE,NA,1,0.88,16,79,16,"!{er <= 9} & {pgr <= 16}",686,246,292,0.425655976676385,TRUE,"","NULL","",5.226
3548,8320499,2,0.5,FALSE,NA,1,0.96,59,181,59,"{nodes <= 1} & !{pgr <= 26}",686,246,294,0.428571428571429,TRUE,"","NULL","",4.85299999999995
3549,8320500,2,0.5,FALSE,NA,1,0.61,3,43,3,"{age <= 53} & {pgr <= 26}",686,246,294,0.428571428571429,TRUE,"","NULL","",5.274
3550,8320501,2,0.5,FALSE,NA,1,0.89,28,136,28,"{age <= 46} & !{pgr <= 16}",686,246,325,0.473760932944606,TRUE,"","NULL","",6.59700000000009
3551,8320502,2,0.5,FALSE,NA,1,0.99,144,260,144,"!{size <= 29} & {pgr <= 16}",686,246,291,0.424198250728863,TRUE,"","NULL","",7.26900000000001
3552,8320503,2,0.5,FALSE,NA,1,0.66,1,18,1,"{size <= 35} & !{nodes <= 7}",686,246,309,0.450437317784257,TRUE,"","NULL","",3.60500000000002
3553,8320504,2,0.5,FALSE,NA,1,0.63,2,33,2,"{grade3} & {pgr <= 16}",686,246,297,0.432944606413994,TRUE,"","NULL","Loglik converged before variable  1 ; coefficient may be infinite. ",5.49199999999996
3554,8320505,2,0.5,FALSE,NA,1,0.71,9,120,9,"{nodes <= 1} & !{pgr <= 0}",686,246,299,0.435860058309038,TRUE,"","NULL","",5.59699999999998
3555,8320506,2,0.5,FALSE,NA,0,NA,0,14,0,"",686,246,270,0.393586005830904,TRUE,"","NULL","",3.94499999999994
3556,8320507,2,0.5,FALSE,NA,1,0.96,90,326,90,"!{nodes <= 3} & {size <= 20}",686,246,295,0.43002915451895,TRUE,"","NULL","",7.47199999999998
3557,8320508,2,0.5,FALSE,NA,1,0.89,20,80,20,"!{pgr <= 184} & !{grade3}",686,246,325,0.473760932944606,TRUE,"","NULL","",6.52900000000005
3558,8320509,2,0.5,FALSE,NA,1,0.77,4,23,4,"!{er <= 174} & {nodes <= 7}",686,246,295,0.43002915451895,TRUE,"","NULL","",4.21199999999999
3559,8320510,2,0.5,FALSE,NA,1,0.9,26,98,26,"!{er <= 100} & !{nodes <= 1}",686,246,318,0.463556851311953,TRUE,"","NULL","",5.24099999999999
3560,8320511,2,0.5,FALSE,NA,1,0.5,1,36,1,"{age <= 53} & {er <= 17}",686,246,295,0.43002915451895,TRUE,"","NULL","",4.29399999999998
3561,8320512,2,0.5,FALSE,NA,1,0.84,16,82,16,"!{pgr <= 114} & {meno}",686,246,311,0.4533527696793,TRUE,"","NULL","",5.59399999999999
3562,8320513,2,0.5,FALSE,NA,1,0.84,17,78,17,"{nodes <= 3} & !{size <= 25}",686,246,279,0.406705539358601,TRUE,"","NULL","",4.88599999999997
3563,8320514,2,0.5,FALSE,NA,1,0.86,13,71,13,"{age <= 46} & {pgr <= 45}",686,246,308,0.448979591836735,TRUE,"","NULL","",5.13999999999999
3564,8320515,2,0.5,FALSE,NA,0,NA,0,25,0,"",686,246,302,0.440233236151603,TRUE,"","NULL","",4.14099999999996
3565,8320516,2,0.5,FALSE,NA,1,0.97,20,91,20,"{nodes <= 1} & {pgr <= 45}",686,246,284,0.41399416909621,TRUE,"","NULL","",5.77400000000006
3566,8320517,2,0.5,FALSE,NA,1,0.96,66,198,66,"{size <= 25} & !{pgr <= 77}",686,246,299,0.435860058309038,TRUE,"","NULL","",6.702
3567,8320518,2,0.5,FALSE,NA,1,0.69,2,10,2,"!{er <= 70} & {age <= 61}",686,246,320,0.466472303206997,TRUE,"","NULL","",4.55999999999995
3568,8320519,2,0.5,FALSE,NA,1,0.89,32,184,32,"!{size <= 25} & {er <= 30}",686,246,295,0.43002915451895,TRUE,"","NULL","",5.30399999999997
3569,8320520,2,0.5,FALSE,NA,1,0.68,4,51,4,"!{meno} & {er <= 44}",686,246,316,0.46064139941691,TRUE,"","NULL","",5.87200000000001
3570,8320521,2,0.5,FALSE,NA,1,0.98,20,80,20,"!{er <= 44} & {er <= 70}",686,246,300,0.43731778425656,TRUE,"","NULL","",5.12699999999995
3571,8320522,2,0.5,FALSE,NA,1,0.87,6,57,6,"!{er <= 70} & !{nodes <= 5}",686,246,294,0.428571428571429,TRUE,"","NULL","",4.79300000000001
3572,8320523,2,0.5,FALSE,NA,1,0.88,24,136,24,"{er <= 70} & !{er <= 30}",686,246,322,0.469387755102041,TRUE,"","NULL","",5.57100000000003
3573,8320524,2,0.5,FALSE,NA,1,0.66,1,16,1,"{pgr <= 26} & !{pgr <= 16}",686,246,300,0.43731778425656,TRUE,"","NULL","",5.005
3574,8320525,2,0.5,FALSE,NA,1,0.84,11,71,11,"{size <= 20} & !{pgr <= 8}",686,246,324,0.472303206997085,TRUE,"","NULL","",5.50300000000004
3575,8320526,2,0.5,FALSE,NA,1,0.89,33,117,33,"{age <= 46} & {size <= 29}",686,246,285,0.415451895043732,TRUE,"","NULL","",5.80200000000002
3576,8320527,2,0.5,FALSE,NA,1,0.86,12,81,12,"{age <= 53} & !{er <= 44}",686,246,288,0.419825072886297,TRUE,"","NULL","",4.93399999999997
3577,8320528,2,0.5,FALSE,NA,1,0.68,5,44,5,"{nodes <= 5} & {pgr <= 8}",686,246,289,0.421282798833819,TRUE,"","NULL","",5.78199999999998
3578,8320529,2,0.5,FALSE,NA,1,0.93,19,133,19,"!{pgr <= 16} & {pgr <= 26}",686,246,294,0.428571428571429,TRUE,"","NULL","",6.03700000000003
3579,8320530,2,0.5,FALSE,NA,1,0.74,1,30,1,"!{er <= 44} & !{meno}",686,246,301,0.438775510204082,TRUE,"","NULL","",4.87400000000002
3580,8320531,2,0.5,FALSE,NA,1,0.66,5,16,5,"!{nodes <= 5} & {pgr <= 16}",686,246,292,0.425655976676385,TRUE,"","NULL","",3.67600000000004
3581,8320532,2,0.5,FALSE,NA,1,1,307,547,307,"{pgr <= 8} & !{nodes <= 3}",686,246,314,0.457725947521866,TRUE,"","NULL","",11.909
3582,8320533,2,0.5,FALSE,NA,1,0.81,18,70,18,"!{er <= 100} & {er <= 294}",686,246,274,0.399416909620991,TRUE,"","NULL","",5.01499999999999
3583,8320534,2,0.5,FALSE,NA,1,0.77,26,87,26,"{age <= 46} & !{pgr <= 0}",686,246,294,0.428571428571429,TRUE,"","NULL","",4.57799999999997
3584,8320535,2,0.5,FALSE,NA,1,0.72,4,83,4,"!{age <= 53} & {size <= 20}",686,246,319,0.465014577259475,TRUE,"","NULL","",3.81200000000001
3585,8320536,2,0.5,FALSE,NA,1,0.79,7,54,7,"{er <= 30} & !{pgr <= 26}",686,246,296,0.431486880466472,TRUE,"","NULL","",5.77100000000002
3586,8320537,2,0.5,FALSE,NA,1,0.99,123,350,123,"{er <= 17} & {age <= 46}",686,246,277,0.403790087463557,TRUE,"","NULL","",8.67899999999997
3587,8320538,2,0.5,FALSE,NA,1,0.99,57,147,57,"{size <= 20} & !{age <= 46}",686,246,287,0.418367346938776,TRUE,"","NULL","",5.88
3588,8320539,2,0.5,FALSE,NA,1,0.52,1,38,1,"{age <= 53} & !{er <= 44}",686,246,307,0.447521865889213,TRUE,"","NULL","",3.47499999999991
3589,8320540,2,0.5,FALSE,NA,1,0.96,83,246,83,"{nodes <= 3} & {er <= 17}",686,246,291,0.424198250728863,TRUE,"","NULL","",8.09099999999995
3590,8320541,2,0.5,FALSE,NA,1,0.98,87,227,87,"{er <= 9} & !{age <= 46}",686,246,295,0.43002915451895,TRUE,"","NULL","",6.90699999999993
3591,8320542,2,0.5,FALSE,NA,1,0.71,2,40,2,"{age <= 53} & {pgr <= 2}",686,246,299,0.435860058309038,TRUE,"","NULL","",5.03700000000003
3592,8320543,2,0.5,FALSE,NA,1,0.79,7,49,7,"{size <= 20} & !{pgr <= 16}",686,246,283,0.412536443148688,TRUE,"","NULL","Loglik converged before variable  1 ; coefficient may be infinite. ",3.52700000000004
3593,8320544,2,0.5,FALSE,NA,1,0.96,10,44,10,"{nodes <= 1} & {er <= 17}",686,246,295,0.43002915451895,TRUE,"","NULL","",4.89699999999999
3594,8320545,2,0.5,FALSE,NA,1,0.58,3,33,3,"{er <= 17} & !{pgr <= 8}",686,246,281,0.409620991253644,TRUE,"","NULL","",4.84899999999993
3595,8320546,2,0.5,FALSE,NA,0,NA,0,17,0,"",686,246,299,0.435860058309038,TRUE,"","NULL","",4.39800000000002
3596,8320547,2,0.5,FALSE,NA,1,0.84,6,50,6,"{er <= 9} & {grade3}",686,246,327,0.47667638483965,TRUE,"","NULL","",4.65199999999993
3597,8320548,2,0.5,FALSE,NA,1,0.9,70,223,70,"{age <= 46} & {er <= 174}",686,246,298,0.434402332361516,TRUE,"","NULL","",7.70899999999995
3598,8320549,2,0.5,FALSE,NA,1,0.96,45,150,45,"!{grade3} & {age <= 46}",686,246,306,0.446064139941691,TRUE,"","NULL","",5.69100000000003
3599,8320550,2,0.5,FALSE,NA,0,NA,0,4,0,"",686,246,302,0.440233236151603,TRUE,"","NULL","",4.33499999999992
3600,8320551,2,0.5,FALSE,NA,1,0.9,42,133,42,"{pgr <= 0} & {er <= 9}",686,246,290,0.422740524781341,TRUE,"","NULL","",4.53599999999994
3601,8320552,2,0.5,FALSE,NA,1,0.65,7,74,7,"{size <= 35} & !{er <= 70}",686,246,289,0.421282798833819,TRUE,"","NULL","",5.48000000000008
3602,8320553,2,0.5,FALSE,NA,1,0.57,2,24,2,"{pgr <= 26} & !{er <= 9}",686,246,299,0.435860058309038,TRUE,"","NULL","",4.50900000000001
3603,8320554,2,0.5,FALSE,NA,1,0.67,6,41,6,"{nodes <= 5} & {er <= 9}",686,246,298,0.434402332361516,TRUE,"","NULL","",4.68399999999997
3604,8320555,2,0.5,FALSE,NA,1,0.72,8,56,8,"{nodes <= 1} & {pgr <= 77}",686,246,311,0.4533527696793,TRUE,"","NULL","",4.96399999999994
3605,8320556,2,0.5,FALSE,NA,1,0.91,27,147,27,"!{pgr <= 114} & {age <= 61}",686,246,316,0.46064139941691,TRUE,"","NULL","",6.94500000000005
3606,8320557,2,0.5,FALSE,NA,1,0.94,18,77,18,"!{er <= 100} & {er <= 174}",686,246,297,0.432944606413994,TRUE,"","NULL","",4.928
3607,8320558,2,0.5,FALSE,NA,1,0.98,10,74,10,"!{er <= 100} & {er <= 174}",686,246,300,0.43731778425656,TRUE,"","NULL","",5.37699999999995
3608,8320559,2,0.5,FALSE,NA,1,0.89,19,55,19,"{age <= 46} & {pgr <= 77}",686,246,304,0.443148688046647,TRUE,"","NULL","",4.26499999999999
3609,8320560,2,0.5,FALSE,NA,1,0.69,2,28,2,"{nodes <= 1} & !{er <= 70}",686,246,285,0.415451895043732,TRUE,"","NULL","",5.42799999999994
3610,8320561,2,0.5,FALSE,NA,1,0.96,16,80,16,"{grade3} & {er <= 44}",686,246,291,0.424198250728863,TRUE,"","NULL","",5.34799999999996
3611,8320562,2,0.5,FALSE,NA,1,0.93,54,197,54,"{age <= 61} & !{pgr <= 77}",686,246,278,0.405247813411079,TRUE,"","NULL","",6.90300000000002
3612,8320563,2,0.5,FALSE,NA,1,0.79,4,29,4,"!{pgr <= 77} & !{age <= 53}",686,246,294,0.428571428571429,TRUE,"","NULL","",3.93399999999997
3613,8320564,2,0.5,FALSE,NA,1,0.78,7,37,7,"{age <= 53} & !{pgr <= 114}",686,246,316,0.46064139941691,TRUE,"","NULL","",4.97399999999999
3614,8320565,2,0.5,FALSE,NA,1,0.84,8,41,8,"{age <= 53} & !{pgr <= 77}",686,246,309,0.450437317784257,TRUE,"","NULL","",4.75900000000001
3615,8320566,2,0.5,FALSE,NA,1,0.82,5,30,5,"!{pgr <= 45} & {er <= 30}",686,246,286,0.416909620991254,TRUE,"","NULL","",4.46399999999994
3616,8320567,2,0.5,FALSE,NA,1,0.81,16,64,16,"!{pgr <= 45} & !{size <= 25}",686,246,306,0.446064139941691,TRUE,"","NULL","",5.02999999999997
3617,8320568,2,0.5,FALSE,NA,1,0.83,16,89,16,"!{pgr <= 77} & {er <= 100}",686,246,302,0.440233236151603,TRUE,"","NULL","",6.54199999999997
3618,8320569,2,0.5,FALSE,NA,1,0.98,3,28,3,"!{pgr <= 45} & {pgr <= 77}",686,246,319,0.465014577259475,TRUE,"","NULL","",4.34699999999998
3619,8320570,2,0.5,FALSE,NA,1,0.94,21,72,21,"{grade3} & {nodes <= 7}",686,246,305,0.444606413994169,TRUE,"","NULL","",5.399
3620,8320571,2,0.5,FALSE,NA,1,0.75,1,24,1,"!{pgr <= 114} & !{age <= 53}",686,246,297,0.432944606413994,TRUE,"","NULL","",4.18100000000004
3621,8320572,2,0.5,FALSE,NA,1,0.89,38,177,38,"!{pgr <= 77} & {size <= 25}",686,246,290,0.422740524781341,TRUE,"","NULL","",7.14100000000002
3622,8320573,2,0.5,FALSE,NA,1,0.73,4,26,4,"!{meno} & {er <= 17}",686,246,306,0.446064139941691,TRUE,"","NULL","",4.29499999999996
3623,8320574,2,0.5,FALSE,NA,1,0.97,52,181,52,"{er <= 100} & !{er <= 70}",686,246,283,0.412536443148688,TRUE,"","NULL","",6.41300000000001
3624,8320575,2,0.5,FALSE,NA,1,0.51,1,15,1,"{er <= 0}",686,246,299,0.435860058309038,TRUE,"","NULL","",3.53300000000002
3625,8320576,2,0.5,FALSE,NA,1,0.9,12,47,12,"!{meno} & {pgr <= 26}",686,246,309,0.450437317784257,TRUE,"","NULL","",5.61900000000003
3626,8320577,2,0.5,FALSE,NA,1,0.74,6,29,6,"{pgr <= 77} & {age <= 53}",686,246,288,0.419825072886297,TRUE,"","NULL","",4.62699999999995
3627,8320578,2,0.5,FALSE,NA,1,0.69,6,63,6,"{nodes <= 3} & {size <= 29}",686,246,314,0.457725947521866,TRUE,"","NULL","",5.16500000000008
3628,8320579,2,0.5,FALSE,NA,1,0.76,6,39,6,"{size <= 20} & {er <= 44}",686,246,296,0.431486880466472,TRUE,"","NULL","Loglik converged before variable  1 ; coefficient may be infinite.  | Loglik converged before variable  1 ; coefficient may be infinite. ",4.54300000000001
3629,8320580,2,0.5,FALSE,NA,1,0.59,4,48,4,"!{pgr <= 26} & {pgr <= 114}",686,246,296,0.431486880466472,TRUE,"","NULL","",5.327
3630,8320581,2,0.5,FALSE,NA,1,0.97,22,110,22,"{size <= 29} & !{nodes <= 5}",686,246,278,0.405247813411079,TRUE,"","NULL","",6.11500000000001
3631,8320582,2,0.5,FALSE,NA,1,1,172,413,172,"!{nodes <= 5} & !{grade3}",686,246,288,0.419825072886297,TRUE,"","NULL","",8.875
3632,8320583,2,0.5,FALSE,NA,1,0.86,4,29,4,"!{er <= 174} & !{size <= 25}",686,246,314,0.457725947521866,TRUE,"","NULL","",3.40700000000004
3633,8320584,2,0.5,FALSE,NA,1,0.84,8,72,8,"!{er <= 70} & {er <= 174}",686,246,291,0.424198250728863,TRUE,"","NULL","",5.21299999999997
3634,8320585,2,0.5,FALSE,NA,0,NA,0,17,0,"",686,246,304,0.443148688046647,TRUE,"","NULL","",4.48199999999997
3635,8320586,2,0.5,FALSE,NA,1,0.86,15,132,15,"!{grade3} & {age <= 46}",686,246,308,0.448979591836735,TRUE,"","NULL","",5.90599999999995
3636,8320587,2,0.5,FALSE,NA,1,0.95,19,103,19,"!{pgr <= 184} & {er <= 294}",686,246,305,0.444606413994169,TRUE,"","NULL","",4.96299999999997
3637,8320588,2,0.5,FALSE,NA,1,0.62,1,6,1,"!{er <= 70} & {er <= 100}",686,246,297,0.432944606413994,TRUE,"","NULL","",4.94499999999994
3638,8320589,2,0.5,FALSE,NA,1,0.79,9,72,9,"!{pgr <= 184} & !{size <= 20}",686,246,302,0.440233236151603,TRUE,"","NULL","",5.36199999999997
3639,8320590,2,0.5,FALSE,NA,1,0.84,5,31,5,"{grade3} & {er <= 9}",686,246,321,0.467930029154519,TRUE,"","NULL","",4.46499999999992
3640,8320591,2,0.5,FALSE,NA,1,0.91,7,53,7,"{nodes <= 3} & {size <= 20}",686,246,295,0.43002915451895,TRUE,"","NULL","",5.02300000000002
3641,8320592,2,0.5,FALSE,NA,1,0.96,22,97,22,"{nodes <= 1} & !{size <= 20}",686,246,306,0.446064139941691,TRUE,"","NULL","",6.50399999999996
3642,8320593,2,0.5,FALSE,NA,1,0.99,215,419,215,"!{er <= 174}",686,246,292,0.425655976676385,TRUE,"","NULL","",8.97699999999998
3643,8320594,2,0.5,FALSE,NA,1,0.72,4,14,4,"{age <= 53} & {pgr <= 16}",686,246,304,0.443148688046647,TRUE,"","NULL","",4.30000000000007
3644,8320595,2,0.5,FALSE,NA,1,0.93,12,63,12,"{age <= 61} & {pgr <= 0}",686,246,292,0.425655976676385,TRUE,"","NULL","",3.59199999999998
3645,8320596,2,0.5,FALSE,NA,1,0.89,30,98,30,"{size <= 29} & !{er <= 100}",686,246,298,0.434402332361516,TRUE,"","NULL","",5.69800000000004
3646,8320597,2,0.5,FALSE,NA,1,0.86,32,145,32,"!{er <= 17} & {er <= 44}",686,246,306,0.446064139941691,TRUE,"","NULL","",6.58300000000008
3647,8320598,2,0.5,FALSE,NA,1,1,55,137,55,"!{pgr <= 16} & {er <= 17}",686,246,305,0.444606413994169,TRUE,"","NULL","",5.851
3648,8320599,2,0.5,FALSE,NA,0,NA,0,15,0,"",686,246,304,0.443148688046647,TRUE,"","NULL","",3.48200000000008
3649,8320600,2,0.5,FALSE,NA,1,0.62,7,48,7,"{grade3} & {pgr <= 184}",686,246,307,0.447521865889213,TRUE,"","NULL","",5.18600000000004
3650,8320601,2,0.5,FALSE,NA,1,0.82,18,80,18,"!{grade3} & !{nodes <= 5}",686,246,297,0.432944606413994,TRUE,"","NULL","",5.32100000000003
3651,8320602,2,0.5,FALSE,NA,1,0.86,4,14,4,"!{er <= 70} & !{nodes <= 5}",686,246,280,0.408163265306122,TRUE,"","NULL","",4.33499999999992
3652,8320603,2,0.5,FALSE,NA,1,0.99,77,185,77,"{age <= 46} & {size <= 35}",686,246,301,0.438775510204082,TRUE,"","NULL","",6.11299999999994
3653,8320604,2,0.5,FALSE,NA,1,0.96,73,311,73,"!{pgr <= 45} & {nodes <= 1}",686,246,308,0.448979591836735,TRUE,"","NULL","Loglik converged before variable  1 ; coefficient may be infinite. ",8.57800000000009
3654,8320605,2,0.5,FALSE,NA,0,NA,0,4,0,"",686,246,314,0.457725947521866,TRUE,"","NULL","",4.10699999999997
3655,8320606,2,0.5,FALSE,NA,1,0.8,5,53,5,"{nodes <= 3} & !{er <= 174}",686,246,285,0.415451895043732,TRUE,"","NULL","",4.92200000000003
3656,8320607,2,0.5,FALSE,NA,1,0.98,113,312,113,"{size <= 29} & {grade3}",686,246,317,0.462099125364431,TRUE,"","NULL","",6.30399999999997
3657,8320608,2,0.5,FALSE,NA,1,0.59,3,29,3,"{age <= 46} & {pgr <= 45}",686,246,291,0.424198250728863,TRUE,"","NULL","",4.7360000000001
3658,8320609,2,0.5,FALSE,NA,1,0.97,52,182,52,"{size <= 35} & {pgr <= 2}",686,246,322,0.469387755102041,TRUE,"","NULL","",6.74799999999993
3659,8320610,2,0.5,FALSE,NA,1,0.95,14,84,14,"{er <= 17} & !{er <= 3}",686,246,292,0.425655976676385,TRUE,"","NULL","",5.33899999999994
3660,8320611,2,0.5,FALSE,NA,1,0.87,5,46,5,"{er <= 70} & !{er <= 30}",686,246,309,0.450437317784257,TRUE,"","NULL","",4.43600000000004
3661,8320612,2,0.5,FALSE,NA,1,0.96,36,107,36,"{age <= 46} & {er <= 100}",686,246,309,0.450437317784257,TRUE,"","NULL","",6.30700000000002
3662,8320613,2,0.5,FALSE,NA,1,0.98,74,178,74,"{age <= 46} & {er <= 100}",686,246,321,0.467930029154519,TRUE,"","NULL","",6.29199999999992
3663,8320614,2,0.5,FALSE,NA,1,0.89,31,91,31,"!{meno} & !{pgr <= 77}",686,246,291,0.424198250728863,TRUE,"","NULL","",5.55200000000002
3664,8320615,2,0.5,FALSE,NA,1,0.93,14,65,14,"{er <= 70} & !{er <= 44}",686,246,306,0.446064139941691,TRUE,"","NULL","",3.99900000000002
3665,8320616,2,0.5,FALSE,NA,1,0.96,61,172,61,"!{size <= 29} & !{er <= 70}",686,246,324,0.472303206997085,TRUE,"","NULL","",7.38199999999995
3666,8320617,2,0.5,FALSE,NA,1,0.99,152,449,152,"!{size <= 29} & {er <= 17}",686,246,310,0.451895043731778,TRUE,"","NULL","Loglik converged before variable  1 ; coefficient may be infinite. ",10.091
3667,8320618,2,0.5,FALSE,NA,1,0.88,8,48,8,"!{pgr <= 184} & !{size <= 20}",686,246,306,0.446064139941691,TRUE,"","NULL","",4.27200000000005
3668,8320619,2,0.5,FALSE,NA,0,NA,0,4,0,"",686,246,326,0.475218658892128,TRUE,"","NULL","",3.04199999999992
3669,8320620,2,0.5,FALSE,NA,1,0.91,17,74,17,"{pgr <= 0} & {er <= 9}",686,246,288,0.419825072886297,TRUE,"","NULL","",5.88
3670,8320621,2,0.5,FALSE,NA,1,0.94,11,71,11,"!{er <= 9} & {er <= 30}",686,246,310,0.451895043731778,TRUE,"","NULL","",5.13599999999997
3671,8320622,2,0.5,FALSE,NA,1,0.98,33,175,33,"{er <= 70} & !{er <= 44}",686,246,290,0.422740524781341,TRUE,"","NULL","",6.55499999999995
3672,8320623,2,0.5,FALSE,NA,1,0.54,1,8,1,"!{grade3} & !{pgr <= 184}",686,246,297,0.432944606413994,TRUE,"","NULL","",3.79300000000001
3673,8320624,2,0.5,FALSE,NA,1,0.98,109,298,109,"!{meno} & {pgr <= 45}",686,246,315,0.459183673469388,TRUE,"","NULL","",8.55600000000004
3674,8320625,2,0.5,FALSE,NA,1,0.7,2,33,2,"!{age <= 61} & {er <= 174}",686,246,295,0.43002915451895,TRUE,"","NULL","",4.71600000000001
3675,8320626,2,0.5,FALSE,NA,1,0.81,27,99,27,"{nodes <= 3} & {pgr <= 114}",686,246,285,0.415451895043732,TRUE,"","NULL","",5.31499999999994
3676,8320627,2,0.5,FALSE,NA,1,0.86,6,71,6,"{age <= 53} & !{er <= 44}",686,246,285,0.415451895043732,TRUE,"","NULL","",3.88999999999999
3677,8320628,2,0.5,FALSE,NA,1,0.96,7,53,7,"{pgr <= 114} & !{pgr <= 77}",686,246,289,0.421282798833819,TRUE,"","NULL","",4.99099999999999
3678,8320629,2,0.5,FALSE,NA,1,0.88,7,44,7,"{age <= 46} & {nodes <= 5}",686,246,279,0.406705539358601,TRUE,"","NULL","",4.63900000000001
3679,8320630,2,0.5,FALSE,NA,1,0.82,17,114,17,"{nodes <= 1} & !{grade3}",686,246,325,0.473760932944606,TRUE,"","NULL","",5.78800000000001
3680,8320631,2,0.5,FALSE,NA,1,0.54,2,12,2,"{size <= 25} & !{pgr <= 114}",686,246,291,0.424198250728863,TRUE,"","NULL","",4.31700000000001
3681,8320632,2,0.5,FALSE,NA,1,0.9,44,149,44,"{age <= 53} & {pgr <= 45}",686,246,299,0.435860058309038,TRUE,"","NULL","",6.88300000000004
3682,8320633,2,0.5,FALSE,NA,1,0.92,7,24,7,"!{pgr <= 2} & {age <= 46}",686,246,308,0.448979591836735,TRUE,"","NULL","",4.35900000000004
3683,8320634,2,0.5,FALSE,NA,1,0.85,14,109,14,"{age <= 53} & !{pgr <= 114}",686,246,309,0.450437317784257,TRUE,"","NULL","Loglik converged before variable  1 ; coefficient may be infinite. ",5.755
3684,8320635,2,0.5,FALSE,NA,1,0.88,37,135,37,"!{er <= 3} & !{pgr <= 184}",686,246,281,0.409620991253644,TRUE,"","NULL","",5.09299999999996
3685,8320636,2,0.5,FALSE,NA,1,0.95,38,151,38,"{pgr <= 26} & !{er <= 30}",686,246,323,0.470845481049563,TRUE,"","NULL","",6.66899999999998
3686,8320637,2,0.5,FALSE,NA,1,0.92,15,50,15,"{er <= 30} & !{er <= 17}",686,246,312,0.454810495626822,TRUE,"","NULL","",5.005
3687,8320638,2,0.5,FALSE,NA,1,0.86,3,45,3,"!{pgr <= 184} & {er <= 294}",686,246,295,0.43002915451895,TRUE,"","NULL","",5.00199999999995
3688,8320639,2,0.5,FALSE,NA,1,0.91,3,25,3,"!{er <= 9} & {er <= 17}",686,246,300,0.43731778425656,TRUE,"","NULL","",4.12600000000009
3689,8320640,2,0.5,FALSE,NA,1,0.54,1,6,1,"!{pgr <= 114} & {size <= 25}",686,246,301,0.438775510204082,TRUE,"","NULL","",4.72299999999996
3690,8320641,2,0.5,FALSE,NA,1,0.83,3,10,3,"{age <= 53} & !{nodes <= 7}",686,246,304,0.443148688046647,TRUE,"","NULL","",4.37399999999991
3691,8320642,2,0.5,FALSE,NA,1,0.82,14,68,14,"!{size <= 25} & {er <= 30}",686,246,285,0.415451895043732,TRUE,"","NULL","Loglik converged before variable  1 ; coefficient may be infinite. ",4.88099999999997
3692,8320643,2,0.5,FALSE,NA,1,0.7,5,49,5,"{pgr <= 8} & {size <= 35}",686,246,327,0.47667638483965,TRUE,"","NULL","",4.83299999999997
3693,8320644,2,0.5,FALSE,NA,1,0.95,11,39,11,"{pgr <= 2} & {size <= 29}",686,246,291,0.424198250728863,TRUE,"","NULL","",4.84000000000003
3694,8320645,2,0.5,FALSE,NA,1,0.81,8,68,8,"!{er <= 44} & {er <= 70}",686,246,305,0.444606413994169,TRUE,"","NULL","",5.23500000000001
3695,8320646,2,0.5,FALSE,NA,1,0.66,5,38,5,"{er <= 30} & !{nodes <= 3}",686,246,292,0.425655976676385,TRUE,"","NULL","",4.84100000000001
3696,8320647,2,0.5,FALSE,NA,1,0.7,3,37,3,"!{er <= 44} & {size <= 25}",686,246,304,0.443148688046647,TRUE,"","NULL","",4.5089999999999
3697,8320648,2,0.5,FALSE,NA,1,0.62,2,42,2,"!{grade3} & !{er <= 174}",686,246,298,0.434402332361516,TRUE,"","NULL","",5.13900000000001
3698,8320649,2,0.5,FALSE,NA,1,0.98,18,77,18,"!{pgr <= 45} & {pgr <= 77}",686,246,300,0.43731778425656,TRUE,"","NULL","",5.15100000000007
3699,8320650,2,0.5,FALSE,NA,1,0.81,5,50,5,"!{size <= 25} & {age <= 46}",686,246,279,0.406705539358601,TRUE,"","NULL","",4.64300000000003
3700,8320651,2,0.5,FALSE,NA,1,0.98,15,77,15,"!{size <= 25} & {pgr <= 26}",686,246,318,0.463556851311953,TRUE,"","NULL","",5.21400000000006
3701,8320652,2,0.5,FALSE,NA,1,0.83,3,25,3,"!{er <= 17} & !{pgr <= 184}",686,246,281,0.409620991253644,TRUE,"","NULL","",4.70100000000002
3702,8320653,2,0.5,FALSE,NA,1,0.94,7,37,7,"!{age <= 61} & {size <= 25}",686,246,268,0.39067055393586,TRUE,"","NULL","",4.99000000000001
3703,8320654,2,0.5,FALSE,NA,1,0.85,12,56,12,"{size <= 20} & {meno}",686,246,314,0.457725947521866,TRUE,"","NULL","",5.24600000000009
3704,8320655,2,0.5,FALSE,NA,1,0.74,1,67,1,"{nodes <= 3} & !{age <= 61}",686,246,321,0.467930029154519,TRUE,"","NULL","",4.93500000000006
3705,8320656,2,0.5,FALSE,NA,1,0.94,69,224,69,"!{pgr <= 45} & !{size <= 25}",686,246,285,0.415451895043732,TRUE,"","NULL","",7.91999999999996
3706,8320657,2,0.5,FALSE,NA,1,0.85,10,72,10,"{nodes <= 3} & {size <= 20}",686,246,296,0.431486880466472,TRUE,"","NULL","",4.99599999999998
3707,8320658,2,0.5,FALSE,NA,1,0.57,2,35,2,"!{nodes <= 7} & {pgr <= 45}",686,246,298,0.434402332361516,TRUE,"","NULL","",4.49300000000005
3708,8320659,2,0.5,FALSE,NA,1,0.84,12,62,12,"!{meno} & {nodes <= 3}",686,246,293,0.427113702623907,TRUE,"","NULL","",4.38400000000001
3709,8320660,2,0.5,FALSE,NA,1,0.96,32,101,32,"{nodes <= 7} & {pgr <= 0}",686,246,297,0.432944606413994,TRUE,"","NULL","",6.28199999999993
3710,8320661,2,0.5,FALSE,NA,1,0.97,15,51,15,"{nodes <= 1} & {er <= 44}",686,246,282,0.411078717201166,TRUE,"","NULL","",4.79199999999992
3711,8320662,2,0.5,FALSE,NA,1,0.92,7,44,7,"!{er <= 9} & {pgr <= 16}",686,246,308,0.448979591836735,TRUE,"","NULL","",4.90199999999993
3712,8320663,2,0.5,FALSE,NA,1,0.97,15,73,15,"{nodes <= 7} & {er <= 0}",686,246,287,0.418367346938776,TRUE,"","NULL","",4.69899999999996
3713,8320664,2,0.5,FALSE,NA,1,0.72,3,24,3,"!{age <= 61} & {nodes <= 3}",686,246,293,0.427113702623907,TRUE,"","NULL","",4.87099999999998
3714,8320665,2,0.5,FALSE,NA,1,0.76,3,21,3,"{nodes <= 5} & !{age <= 61}",686,246,323,0.470845481049563,TRUE,"","NULL","",4.79900000000009
3715,8320666,2,0.5,FALSE,NA,1,0.91,8,32,8,"{nodes <= 1} & {er <= 70}",686,246,294,0.428571428571429,TRUE,"","NULL","",4.63499999999999
3716,8320667,2,0.5,FALSE,NA,1,0.95,27,63,27,"{age <= 46} & {pgr <= 45}",686,246,271,0.395043731778426,TRUE,"","NULL","",5.15699999999993
3717,8320668,2,0.5,FALSE,NA,1,0.88,32,113,32,"!{er <= 44} & {age <= 61}",686,246,294,0.428571428571429,TRUE,"","NULL","",6.23099999999999
3718,8320669,2,0.5,FALSE,NA,1,0.69,6,63,6,"{nodes <= 3} & !{er <= 100}",686,246,300,0.43731778425656,TRUE,"","NULL","",4.85400000000004
3719,8320670,2,0.5,FALSE,NA,1,0.97,24,120,24,"!{pgr <= 77} & {er <= 100}",686,246,291,0.424198250728863,TRUE,"","NULL","",5.77999999999997
3720,8320671,2,0.5,FALSE,NA,1,0.98,32,183,32,"!{size <= 25} & {er <= 9}",686,246,317,0.462099125364431,TRUE,"","NULL","",5.52799999999991
3721,8320672,2,0.5,FALSE,NA,1,0.81,14,144,14,"!{er <= 174} & {meno}",686,246,311,0.4533527696793,TRUE,"","NULL","",6.97200000000009
3722,8320673,2,0.5,FALSE,NA,0,NA,0,39,0,"",686,246,300,0.43731778425656,TRUE,"","NULL","",4.71299999999997
3723,8320674,2,0.5,FALSE,NA,1,0.94,22,60,22,"!{meno} & !{pgr <= 45}",686,246,317,0.462099125364431,TRUE,"","NULL","",4.79200000000003
3724,8320675,2,0.5,FALSE,NA,1,0.95,31,67,31,"{grade3} & {age <= 53}",686,246,318,0.463556851311953,TRUE,"","NULL","",4.83400000000006
3725,8320676,2,0.5,FALSE,NA,1,0.77,4,30,4,"{size <= 29} & !{nodes <= 5}",686,246,298,0.434402332361516,TRUE,"","NULL","",5.26400000000001
3726,8320677,2,0.5,FALSE,NA,1,0.94,87,231,87,"!{size <= 29} & {nodes <= 5}",686,246,311,0.4533527696793,TRUE,"","NULL","",7.52200000000005
3727,8320678,2,0.5,FALSE,NA,1,0.89,10,66,10,"!{size <= 20} & {pgr <= 2}",686,246,319,0.465014577259475,TRUE,"","NULL","",5.00800000000004
3728,8320679,2,0.5,FALSE,NA,1,0.66,1,8,1,"{size <= 20} & {pgr <= 26}",686,246,304,0.443148688046647,TRUE,"","NULL","",3.58600000000001
3729,8320680,2,0.5,FALSE,NA,1,0.91,20,101,20,"{grade3} & {nodes <= 5}",686,246,308,0.448979591836735,TRUE,"","NULL","",6.05100000000004
3730,8320681,2,0.5,FALSE,NA,1,0.72,3,18,3,"!{er <= 174} & !{pgr <= 26}",686,246,285,0.415451895043732,TRUE,"","NULL","",4.15800000000002
3731,8320682,2,0.5,FALSE,NA,1,0.92,47,157,47,"{nodes <= 5} & !{er <= 100}",686,246,314,0.457725947521866,TRUE,"","NULL","",6.37400000000002
3732,8320683,2,0.5,FALSE,NA,1,0.84,9,56,9,"!{size <= 20} & {er <= 17}",686,246,295,0.43002915451895,TRUE,"","NULL","",4.29700000000003
3733,8320684,2,0.5,FALSE,NA,1,0.51,1,8,1,"{nodes <= 1} & !{pgr <= 45}",686,246,312,0.454810495626822,TRUE,"","NULL","",4.9910000000001
3734,8320685,2,0.5,FALSE,NA,1,0.79,15,76,15,"!{pgr <= 114} & !{nodes <= 1}",686,246,289,0.421282798833819,TRUE,"","NULL","",5.72400000000005
3735,8320686,2,0.5,FALSE,NA,1,0.52,1,11,1,"{size <= 25} & !{er <= 100}",686,246,300,0.43731778425656,TRUE,"","NULL","",4.46799999999996
3736,8320687,2,0.5,FALSE,NA,1,0.74,9,88,9,"{er <= 174} & !{er <= 70}",686,246,298,0.434402332361516,TRUE,"","NULL","",5.17499999999995
3737,8320688,2,0.5,FALSE,NA,1,0.5,1,7,1,"{er <= 17} & !{er <= 9}",686,246,296,0.431486880466472,TRUE,"","NULL","",4.71500000000003
3738,8320689,2,0.5,FALSE,NA,1,0.64,5,31,5,"{nodes <= 1} & {pgr <= 114}",686,246,316,0.46064139941691,TRUE,"","NULL","",4.904
3739,8320690,2,0.5,FALSE,NA,1,0.98,71,319,71,"!{pgr <= 114} & {age <= 53}",686,246,304,0.443148688046647,TRUE,"","NULL","Loglik converged before variable  1 ; coefficient may be infinite. ",8.50999999999999
3740,8320691,2,0.5,FALSE,NA,1,0.96,59,212,59,"{pgr <= 2} & {age <= 61}",686,246,294,0.428571428571429,TRUE,"","NULL","Loglik converged before variable  1 ; coefficient may be infinite.  | Loglik converged before variable  1 ; coefficient may be infinite.  | Loglik converged before variable  1 ; coefficient may be infinite.  | Loglik converged before variable  1 ; coefficient may be infinite. ",5.41999999999996
3741,8320692,2,0.5,FALSE,NA,1,0.75,5,18,5,"{size <= 20} & {er <= 44}",686,246,310,0.451895043731778,TRUE,"","NULL","",4.62400000000002
3742,8320693,2,0.5,FALSE,NA,1,0.96,145,430,145,"!{age <= 61} & {nodes <= 7}",686,246,298,0.434402332361516,TRUE,"","NULL","",9.82600000000002
3743,8320694,2,0.5,FALSE,NA,1,0.82,9,52,9,"!{er <= 44} & {age <= 53}",686,246,322,0.469387755102041,TRUE,"","NULL","",5.05399999999997
3744,8320695,2,0.5,FALSE,NA,1,0.76,1,23,1,"!{pgr <= 114} & !{nodes <= 3}",686,246,343,0.5,TRUE,"","NULL","",3.78100000000006
3745,8320696,2,0.5,FALSE,NA,1,0.84,69,308,69,"!{pgr <= 77} & {size <= 29}",686,246,298,0.434402332361516,TRUE,"","NULL","",8.70999999999992
3746,8320697,2,0.5,FALSE,NA,1,0.94,6,44,6,"!{pgr <= 26} & {er <= 30}",686,246,309,0.450437317784257,TRUE,"","NULL","",4.78300000000002
3747,8320698,2,0.5,FALSE,NA,1,0.87,21,114,21,"!{nodes <= 7} & {er <= 174}",686,246,306,0.446064139941691,TRUE,"","NULL","",5.66399999999999
3748,8320699,2,0.5,FALSE,NA,1,0.92,52,150,52,"!{nodes <= 5} & !{size <= 20}",686,246,282,0.411078717201166,TRUE,"","NULL","",4.58000000000004
3749,8320700,2,0.5,FALSE,NA,1,0.7,7,60,7,"!{size <= 25} & !{pgr <= 45}",686,246,285,0.415451895043732,TRUE,"","NULL","Loglik converged before variable  1 ; coefficient may be infinite. ",5.70899999999995
3750,8320701,2,0.5,FALSE,NA,1,0.93,44,172,44,"{nodes <= 1} & {er <= 174}",686,246,293,0.427113702623907,TRUE,"","NULL","",6.47699999999998
3751,8320702,2,0.5,FALSE,NA,1,0.98,227,596,227,"!{grade3} & !{er <= 100}",686,246,292,0.425655976676385,TRUE,"","NULL","",10.3820000000001
3752,8320703,2,0.5,FALSE,NA,1,0.97,43,157,43,"{size <= 29} & {age <= 53}",686,246,288,0.419825072886297,TRUE,"","NULL","Loglik converged before variable  1 ; coefficient may be infinite.  | Loglik converged before variable  1 ; coefficient may be infinite. ",4.21100000000001
3753,8320704,2,0.5,FALSE,NA,1,0.62,5,72,5,"{age <= 53} & !{er <= 44}",686,246,294,0.428571428571429,TRUE,"","NULL","",5.33899999999994
3754,8320705,2,0.5,FALSE,NA,1,0.87,14,102,14,"{nodes <= 7} & {age <= 46}",686,246,284,0.41399416909621,TRUE,"","NULL","",5.54300000000001
3755,8320706,2,0.5,FALSE,NA,1,0.7,6,46,6,"{age <= 61} & !{er <= 44}",686,246,294,0.428571428571429,TRUE,"","NULL","",4.71400000000006
3756,8320707,2,0.5,FALSE,NA,1,0.92,23,124,23,"!{age <= 61} & {size <= 25}",686,246,281,0.409620991253644,TRUE,"","NULL","",5.09300000000007
3757,8320708,2,0.5,FALSE,NA,1,0.94,45,219,45,"!{er <= 30} & {age <= 53}",686,246,286,0.416909620991254,TRUE,"","NULL","",7.28399999999999
3758,8320709,2,0.5,FALSE,NA,1,0.83,16,84,16,"!{pgr <= 184}",686,246,311,0.4533527696793,TRUE,"","NULL","",5.19200000000001
3759,8320710,2,0.5,FALSE,NA,1,0.83,43,139,43,"!{pgr <= 114} & !{grade3}",686,246,309,0.450437317784257,TRUE,"","NULL","",5.95500000000004
3760,8320711,2,0.5,FALSE,NA,1,0.82,16,74,16,"{age <= 46} & !{pgr <= 8}",686,246,309,0.450437317784257,TRUE,"","NULL","",4.07299999999998
3761,8320712,2,0.5,FALSE,NA,1,0.94,42,370,42,"{nodes <= 3} & !{er <= 44}",686,246,300,0.43731778425656,TRUE,"","NULL","",9.49900000000002
3762,8320713,2,0.5,FALSE,NA,1,0.92,80,289,80,"!{pgr <= 77} & !{er <= 44}",686,246,317,0.462099125364431,TRUE,"","NULL","",8.38300000000004
3763,8320714,2,0.5,FALSE,NA,1,0.89,45,255,45,"{nodes <= 3} & !{pgr <= 77}",686,246,276,0.402332361516035,TRUE,"","NULL","",5.75
3764,8320715,2,0.5,FALSE,NA,1,0.88,16,62,16,"{age <= 53} & {pgr <= 114}",686,246,314,0.457725947521866,TRUE,"","NULL","",3.08899999999994
3765,8320716,2,0.5,FALSE,NA,1,0.91,41,167,41,"!{er <= 174} & {nodes <= 5}",686,246,294,0.428571428571429,TRUE,"","NULL","",6.85599999999999
3766,8320717,2,0.5,FALSE,NA,1,0.59,4,26,4,"!{er <= 100} & {nodes <= 3}",686,246,299,0.435860058309038,TRUE,"","NULL","",4.33400000000006
3767,8320718,2,0.5,FALSE,NA,1,0.83,8,51,8,"{size <= 35} & {pgr <= 0}",686,246,324,0.472303206997085,TRUE,"","NULL","",5.36200000000008
3768,8320719,2,0.5,FALSE,NA,1,0.96,176,461,176,"!{age <= 53} & !{pgr <= 45}",686,246,307,0.447521865889213,TRUE,"","NULL","",7.96299999999997
3769,8320720,2,0.5,FALSE,NA,1,0.56,3,34,3,"{size <= 20} & {er <= 70}",686,246,310,0.451895043731778,TRUE,"","NULL","",4.96699999999998
3770,8320721,2,0.5,FALSE,NA,1,0.97,33,144,33,"{nodes <= 1} & {er <= 174}",686,246,310,0.451895043731778,TRUE,"","NULL","",6.52099999999996
3771,8320722,2,0.5,FALSE,NA,1,0.76,14,53,14,"{age <= 53} & {pgr <= 26}",686,246,285,0.415451895043732,TRUE,"","NULL","",4.88099999999997
3772,8320723,2,0.5,FALSE,NA,1,0.59,3,29,3,"{size <= 29} & !{er <= 100}",686,246,289,0.421282798833819,TRUE,"","NULL","",3.99400000000003
3773,8320724,2,0.5,FALSE,NA,0,NA,0,31,0,"",686,246,289,0.421282798833819,TRUE,"","NULL","",5.19999999999993
3774,8320725,2,0.5,FALSE,NA,1,0.88,12,59,12,"!{meno} & {pgr <= 77}",686,246,306,0.446064139941691,TRUE,"","NULL","",5.21699999999998
3775,8320726,2,0.5,FALSE,NA,1,0.89,15,47,15,"{size <= 20} & {nodes <= 7}",686,246,300,0.43731778425656,TRUE,"","NULL","",5.08999999999992
3776,8320727,2,0.5,FALSE,NA,1,0.8,22,97,22,"{age <= 53} & !{er <= 30}",686,246,289,0.421282798833819,TRUE,"","NULL","",5.15700000000004
3777,8320728,2,0.5,FALSE,NA,1,0.76,13,78,13,"{size <= 29} & {er <= 9}",686,246,298,0.434402332361516,TRUE,"","NULL","",5.85800000000006
3778,8320729,2,0.5,FALSE,NA,1,0.76,1,7,1,"!{pgr <= 2} & {pgr <= 8}",686,246,314,0.457725947521866,TRUE,"","NULL","",4.41999999999996
3779,8320730,2,0.5,FALSE,NA,1,0.85,15,65,15,"!{er <= 174}",686,246,279,0.406705539358601,TRUE,"","NULL","",5.35699999999997
3780,8320731,2,0.5,FALSE,NA,1,1,91,263,91,"{age <= 46} & {size <= 25}",686,246,298,0.434402332361516,TRUE,"","NULL","",6.50099999999998
3781,8320732,2,0.5,FALSE,NA,1,0.86,17,93,17,"!{pgr <= 184} & {nodes <= 7}",686,246,304,0.443148688046647,TRUE,"","NULL","",6.59699999999998
3782,8320733,2,0.5,FALSE,NA,1,0.97,47,189,47,"{grade3} & {er <= 9}",686,246,290,0.422740524781341,TRUE,"","NULL","",6.49399999999991
3783,8320734,2,0.5,FALSE,NA,1,0.96,6,47,6,"{er <= 0} & {age <= 61}",686,246,299,0.435860058309038,TRUE,"","NULL","",4.91499999999996
3784,8320735,2,0.5,FALSE,NA,1,0.89,7,37,7,"{age <= 53} & {size <= 20}",686,246,315,0.459183673469388,TRUE,"","NULL","",3.88900000000001
3785,8320736,2,0.5,FALSE,NA,1,0.82,1,5,1,"{age <= 53} & {meno}",686,246,278,0.405247813411079,TRUE,"","NULL","",4.6339999999999
3786,8320737,2,0.5,FALSE,NA,1,0.67,2,27,2,"!{pgr <= 8} & {pgr <= 26}",686,246,293,0.427113702623907,TRUE,"","NULL","",4.87900000000002
3787,8320738,2,0.5,FALSE,NA,0,NA,0,10,0,"",686,246,288,0.419825072886297,TRUE,"","NULL","",4.14499999999998
3788,8320739,2,0.5,FALSE,NA,1,0.92,35,118,35,"!{pgr <= 184} & !{er <= 30}",686,246,292,0.425655976676385,TRUE,"","NULL","",5.43000000000006
3789,8320740,2,0.5,FALSE,NA,1,0.94,6,64,6,"{nodes <= 1} & !{size <= 25}",686,246,291,0.424198250728863,TRUE,"","NULL","",5.52499999999998
3790,8320741,2,0.5,FALSE,NA,1,0.85,20,83,20,"{age <= 46} & !{pgr <= 0}",686,246,293,0.427113702623907,TRUE,"","NULL","",5.11400000000003
3791,8320742,2,0.5,FALSE,NA,1,0.73,4,18,4,"{age <= 53} & !{er <= 30}",686,246,307,0.447521865889213,TRUE,"","NULL","",4.58199999999999
3792,8320743,2,0.5,FALSE,NA,0,NA,0,14,0,"",686,246,304,0.443148688046647,TRUE,"","NULL","",4.14199999999994
3793,8320744,2,0.5,FALSE,NA,1,0.96,37,138,37,"!{pgr <= 77} & {pgr <= 114}",686,246,299,0.435860058309038,TRUE,"","NULL","",6.69900000000007
3794,8320745,2,0.5,FALSE,NA,1,0.86,14,30,14,"{nodes <= 1} & {pgr <= 77}",686,246,299,0.435860058309038,TRUE,"","NULL","",4.221
3795,8320746,2,0.5,FALSE,NA,1,0.88,20,126,20,"!{grade3} & !{age <= 61}",686,246,308,0.448979591836735,TRUE,"","NULL","",5.78300000000002
3796,8320747,2,0.5,FALSE,NA,1,0.87,40,158,40,"{age <= 46} & {size <= 35}",686,246,311,0.4533527696793,TRUE,"","NULL","",5.303
3797,8320748,2,0.5,FALSE,NA,1,0.72,6,63,6,"{nodes <= 1} & {pgr <= 114}",686,246,308,0.448979591836735,TRUE,"","NULL","",5.77099999999996
3798,8320749,2,0.5,FALSE,NA,1,0.97,72,338,72,"!{meno} & {size <= 29}",686,246,298,0.434402332361516,TRUE,"","NULL","",8.36400000000003
3799,8320750,2,0.5,FALSE,NA,0,NA,0,7,0,"",686,246,297,0.432944606413994,TRUE,"","NULL","",4.36799999999994
3800,8320751,2,0.5,FALSE,NA,1,0.89,23,100,23,"!{nodes <= 7} & {pgr <= 45}",686,246,277,0.403790087463557,TRUE,"","NULL","",4.21900000000005
3801,8320752,2,0.5,FALSE,NA,1,0.55,3,32,3,"!{meno} & !{nodes <= 3}",686,246,309,0.450437317784257,TRUE,"","NULL","",5.529
3802,8320753,2,0.5,FALSE,NA,1,0.88,8,54,8,"!{pgr <= 2} & {pgr <= 16}",686,246,305,0.444606413994169,TRUE,"","NULL","",4.90599999999995
3803,8320754,2,0.5,FALSE,NA,1,0.82,15,52,15,"{grade3} & {pgr <= 184}",686,246,273,0.397959183673469,TRUE,"","NULL","",4.78999999999996
3804,8320755,2,0.5,FALSE,NA,1,0.58,2,46,2,"!{pgr <= 77} & !{er <= 100}",686,246,297,0.432944606413994,TRUE,"","NULL","",4.96800000000007
3805,8320756,2,0.5,FALSE,NA,1,0.97,31,103,31,"!{pgr <= 114} & {er <= 70}",686,246,299,0.435860058309038,TRUE,"","NULL","",5.96399999999994
3806,8320757,2,0.5,FALSE,NA,1,0.54,1,18,1,"!{er <= 70} & !{size <= 29}",686,246,310,0.451895043731778,TRUE,"","NULL","",4.13299999999992
3807,8320758,2,0.5,FALSE,NA,1,0.66,3,16,3,"{grade3} & {er <= 3}",686,246,287,0.418367346938776,TRUE,"","NULL","",4.28200000000004
3808,8320759,2,0.5,FALSE,NA,1,0.95,28,120,28,"!{nodes <= 5} & !{pgr <= 26}",686,246,302,0.440233236151603,TRUE,"","NULL","",5.36199999999997
3809,8320760,2,0.5,FALSE,NA,1,0.92,20,130,20,"{age <= 46} & !{size <= 20}",686,246,288,0.419825072886297,TRUE,"","NULL","",6.45699999999999
3810,8320761,2,0.5,FALSE,NA,1,0.84,27,94,27,"!{er <= 100} & !{pgr <= 8}",686,246,289,0.421282798833819,TRUE,"","NULL","",5.35299999999995
3811,8320762,2,0.5,FALSE,NA,1,0.96,20,96,20,"{size <= 20} & {pgr <= 114}",686,246,291,0.424198250728863,TRUE,"","NULL","",5.33999999999992
3812,8320763,2,0.5,FALSE,NA,1,0.98,66,160,66,"{age <= 46} & {nodes <= 5}",686,246,325,0.473760932944606,TRUE,"","NULL","",5.48099999999999
3813,8320764,2,0.5,FALSE,NA,1,0.88,32,152,32,"!{er <= 0} & {pgr <= 8}",686,246,291,0.424198250728863,TRUE,"","NULL","",7.00799999999992
3814,8320765,2,0.5,FALSE,NA,1,0.55,1,23,1,"{size <= 25} & {pgr <= 2}",686,246,303,0.441690962099125,TRUE,"","NULL","",4.26900000000001
3815,8320766,2,0.5,FALSE,NA,1,0.56,1,18,1,"{pgr <= 16} & !{pgr <= 8}",686,246,306,0.446064139941691,TRUE,"","NULL","",4.202
3816,8320767,2,0.5,FALSE,NA,1,0.84,25,92,25,"!{meno} & {size <= 29}",686,246,300,0.43731778425656,TRUE,"","NULL","",5.08600000000001
3817,8320768,2,0.5,FALSE,NA,1,0.92,65,241,65,"{age <= 53} & {pgr <= 8}",686,246,285,0.415451895043732,TRUE,"","NULL","",7.98699999999997
3818,8320769,2,0.5,FALSE,NA,1,0.89,18,123,18,"{size <= 29} & !{nodes <= 5}",686,246,309,0.450437317784257,TRUE,"","NULL","",6.04700000000003
3819,8320770,2,0.5,FALSE,NA,1,0.93,22,169,22,"{age <= 53} & {meno}",686,246,284,0.41399416909621,TRUE,"","NULL","",6.08000000000004
3820,8320771,2,0.5,FALSE,NA,1,0.92,34,180,34,"{pgr <= 26} & {size <= 20}",686,246,298,0.434402332361516,TRUE,"","NULL","",4.57299999999998
3821,8320772,2,0.5,FALSE,NA,1,0.81,7,16,7,"{er <= 3} & {size <= 35}",686,246,292,0.425655976676385,TRUE,"","NULL","",5.173
3822,8320773,2,0.5,FALSE,NA,1,0.83,28,116,28,"!{meno} & {nodes <= 5}",686,246,323,0.470845481049563,TRUE,"","NULL","",5.89300000000003
3823,8320774,2,0.5,FALSE,NA,1,0.62,3,32,3,"!{er <= 174} & !{pgr <= 26}",686,246,292,0.425655976676385,TRUE,"","NULL","",4.60500000000002
3824,8320775,2,0.5,FALSE,NA,1,0.9,32,116,32,"!{pgr <= 114} & !{er <= 70}",686,246,306,0.446064139941691,TRUE,"","NULL","",5.48599999999999
3825,8320776,2,0.5,FALSE,NA,1,0.71,8,24,8,"{pgr <= 26} & !{meno}",686,246,297,0.432944606413994,TRUE,"","NULL","",4.71699999999998
3826,8320777,2,0.5,FALSE,NA,1,0.82,12,64,12,"!{grade3} & {age <= 46}",686,246,293,0.427113702623907,TRUE,"","NULL","",5.04300000000001
3827,8320778,2,0.5,FALSE,NA,1,0.99,46,158,46,"{grade3} & {er <= 44}",686,246,292,0.425655976676385,TRUE,"","NULL","",6.25399999999991
3828,8320779,2,0.5,FALSE,NA,1,0.84,8,50,8,"{er <= 17} & !{er <= 9}",686,246,296,0.431486880466472,TRUE,"","NULL","",4.255
3829,8320780,2,0.5,FALSE,NA,1,0.54,1,24,1,"{er <= 30} & !{pgr <= 16}",686,246,305,0.444606413994169,TRUE,"","NULL","",4.93299999999999
3830,8320781,2,0.5,FALSE,NA,1,0.97,43,111,43,"{er <= 0}",686,246,306,0.446064139941691,TRUE,"","NULL","",5.90499999999997
3831,8320782,2,0.5,FALSE,NA,1,0.7,1,9,1,"{grade3} & {size <= 25}",686,246,310,0.451895043731778,TRUE,"","NULL","",4.26599999999996
3832,8320783,2,0.5,FALSE,NA,1,0.85,13,63,13,"{age <= 46} & {size <= 35}",686,246,312,0.454810495626822,TRUE,"","NULL","",4.72199999999998
3833,8320784,2,0.5,FALSE,NA,1,0.63,1,12,1,"{age <= 53} & !{nodes <= 7}",686,246,285,0.415451895043732,TRUE,"","NULL","",4.45899999999995
3834,8320785,2,0.5,FALSE,NA,1,0.93,152,429,152,"!{pgr <= 16} & !{er <= 100}",686,246,309,0.450437317784257,TRUE,"","NULL","",9.99599999999998
3835,8320786,2,0.5,FALSE,NA,1,0.87,16,88,16,"{nodes <= 1} & !{grade3}",686,246,307,0.447521865889213,TRUE,"","NULL","",5.26900000000001
3836,8320787,2,0.5,FALSE,NA,1,0.58,2,8,2,"!{size <= 20} & {er <= 3}",686,246,321,0.467930029154519,TRUE,"","NULL","",3.15700000000004
3837,8320788,2,0.5,FALSE,NA,1,0.9,14,67,14,"{nodes <= 3} & !{size <= 25}",686,246,279,0.406705539358601,TRUE,"","NULL","",5.56200000000001
3838,8320789,2,0.5,FALSE,NA,1,0.6,1,10,1,"{pgr <= 16} & !{pgr <= 8}",686,246,304,0.443148688046647,TRUE,"","NULL","",4.3309999999999
3839,8320790,2,0.5,FALSE,NA,1,0.59,2,9,2,"{grade3} & {size <= 25}",686,246,304,0.443148688046647,TRUE,"","NULL","",4.19100000000003
3840,8320791,2,0.5,FALSE,NA,1,0.99,28,64,28,"{size <= 20} & {age <= 53}",686,246,289,0.421282798833819,TRUE,"","NULL","",5.17200000000003
3841,8320792,2,0.5,FALSE,NA,1,0.64,2,10,2,"!{nodes <= 3} & {size <= 20}",686,246,295,0.43002915451895,TRUE,"","NULL","",4.76800000000003
3842,8320793,2,0.5,FALSE,NA,1,0.91,71,214,71,"!{er <= 70} & {nodes <= 5}",686,246,303,0.441690962099125,TRUE,"","NULL","",7.06399999999996
3843,8320794,2,0.5,FALSE,NA,0,NA,0,6,0,"",686,246,283,0.412536443148688,TRUE,"","NULL","",4.28699999999992
3844,8320795,2,0.5,FALSE,NA,1,0.93,5,25,5,"!{nodes <= 3} & {pgr <= 8}",686,246,310,0.451895043731778,TRUE,"","NULL","",4.12799999999993
3845,8320796,2,0.5,FALSE,NA,1,0.94,27,122,27,"{size <= 29} & {nodes <= 1}",686,246,317,0.462099125364431,TRUE,"","NULL","",6.51300000000003
3846,8320797,2,0.5,FALSE,NA,1,0.99,15,87,15,"{er <= 100} & !{er <= 70}",686,246,310,0.451895043731778,TRUE,"","NULL","",5.12300000000005
3847,8320798,2,0.5,FALSE,NA,1,0.93,24,147,24,"!{er <= 70} & {age <= 53}",686,246,312,0.454810495626822,TRUE,"","NULL","",6.01200000000006
3848,8320799,2,0.5,FALSE,NA,1,0.99,7,32,7,"!{pgr <= 16} & {pgr <= 26}",686,246,312,0.454810495626822,TRUE,"","NULL","",3.97800000000007
3849,8320800,2,0.5,FALSE,NA,1,0.99,98,274,98,"!{size <= 25} & {er <= 17}",686,246,314,0.457725947521866,TRUE,"","NULL","",8.43799999999999
3850,8320801,2,0.5,FALSE,NA,1,0.98,42,161,42,"{age <= 46} & !{size <= 25}",686,246,302,0.440233236151603,TRUE,"","NULL","",6.42399999999998
3851,8320802,2,0.5,FALSE,NA,1,0.96,52,195,52,"{nodes <= 1} & {er <= 30}",686,246,287,0.418367346938776,TRUE,"","NULL","",6.10199999999998
3852,8320803,2,0.5,FALSE,NA,1,0.77,16,63,16,"{nodes <= 3} & !{pgr <= 45}",686,246,294,0.428571428571429,TRUE,"","NULL","",3.41899999999998
3853,8320804,2,0.5,FALSE,NA,1,0.94,36,123,36,"!{pgr <= 45} & {er <= 30}",686,246,303,0.441690962099125,TRUE,"","NULL","",6.32000000000005
3854,8320805,2,0.5,FALSE,NA,1,0.9,3,26,3,"{er <= 0} & {size <= 35}",686,246,295,0.43002915451895,TRUE,"","NULL","",4.39700000000005
3855,8320806,2,0.5,FALSE,NA,0,NA,0,13,0,"",686,246,293,0.427113702623907,TRUE,"","NULL","",4.56600000000003
3856,8320807,2,0.5,FALSE,NA,1,0.65,1,10,1,"!{meno} & {er <= 9}",686,246,313,0.456268221574344,TRUE,"","NULL","",4.31999999999994
3857,8320808,2,0.5,FALSE,NA,1,0.89,8,55,8,"{er <= 3} & !{pgr <= 0}",686,246,284,0.41399416909621,TRUE,"","NULL","",5.06799999999998
3858,8320809,2,0.5,FALSE,NA,1,0.8,12,71,12,"{nodes <= 7} & {pgr <= 8}",686,246,303,0.441690962099125,TRUE,"","NULL","",5.44899999999996
3859,8320810,2,0.5,FALSE,NA,1,0.73,7,79,7,"{size <= 25} & !{age <= 61}",686,246,286,0.416909620991254,TRUE,"","NULL","",5.226
3860,8320811,2,0.5,FALSE,NA,1,0.55,3,34,3,"{nodes <= 7} & {er <= 3}",686,246,297,0.432944606413994,TRUE,"","NULL","Loglik converged before variable  1 ; coefficient may be infinite. ",4.40300000000002
3861,8320812,2,0.5,FALSE,NA,0,NA,0,2,0,"",686,246,299,0.435860058309038,TRUE,"","NULL","",4.44399999999996
3862,8320813,2,0.5,FALSE,NA,1,0.64,5,27,5,"{nodes <= 3} & !{nodes <= 1}",686,246,298,0.434402332361516,TRUE,"","NULL","",4.82899999999995
3863,8320814,2,0.5,FALSE,NA,1,0.91,17,67,17,"!{pgr <= 114} & {nodes <= 7}",686,246,283,0.412536443148688,TRUE,"","NULL","",5.11000000000001
3864,8320815,2,0.5,FALSE,NA,1,0.89,3,21,3,"!{nodes <= 7} & !{grade3}",686,246,280,0.408163265306122,TRUE,"","NULL","",4.38499999999999
3865,8320816,2,0.5,FALSE,NA,1,0.73,5,52,5,"{nodes <= 5} & !{er <= 100}",686,246,284,0.41399416909621,TRUE,"","NULL","",5.13300000000004
3866,8320817,2,0.5,FALSE,NA,1,0.95,91,321,91,"{er <= 44} & {size <= 25}",686,246,286,0.416909620991254,TRUE,"","NULL","",8.51999999999998
3867,8320818,2,0.5,FALSE,NA,1,0.89,20,81,20,"!{pgr <= 77} & !{age <= 53}",686,246,291,0.424198250728863,TRUE,"","NULL","",5.45299999999997
3868,8320819,2,0.5,FALSE,NA,1,0.81,15,67,15,"!{size <= 20} & {er <= 17}",686,246,289,0.421282798833819,TRUE,"","NULL","",3.83000000000004
3869,8320820,2,0.5,FALSE,NA,1,0.94,105,489,105,"!{pgr <= 45} & !{size <= 29}",686,246,307,0.447521865889213,TRUE,"","NULL","",10.5669999999999
3870,8320821,2,0.5,FALSE,NA,1,0.78,15,95,15,"{size <= 35} & !{size <= 25}",686,246,309,0.450437317784257,TRUE,"","NULL","",5.68100000000004
3871,8320822,2,0.5,FALSE,NA,1,0.94,25,83,25,"!{er <= 174} & !{pgr <= 2}",686,246,286,0.416909620991254,TRUE,"","NULL","",4.56200000000001
3872,8320823,2,0.5,FALSE,NA,1,0.9,21,119,21,"{er <= 17} & !{pgr <= 8}",686,246,290,0.422740524781341,TRUE,"","NULL","",3.90900000000011
3873,8320824,2,0.5,FALSE,NA,1,0.75,18,102,18,"!{nodes <= 3} & {pgr <= 16}",686,246,310,0.451895043731778,TRUE,"","NULL","",6.202
3874,8320825,2,0.5,FALSE,NA,0,NA,0,NA,NA,"",686,246,309,0.450437317784257,TRUE,"","NULL","",3.89099999999996
3875,8320826,2,0.5,FALSE,NA,1,0.89,6,31,6,"!{pgr <= 45} & !{size <= 35}",686,246,304,0.443148688046647,TRUE,"","NULL","",4.86699999999996
3876,8320827,2,0.5,FALSE,NA,1,0.65,6,46,6,"{nodes <= 1} & !{grade3}",686,246,267,0.389212827988338,TRUE,"","NULL","",4.70099999999991
3877,8320828,2,0.5,FALSE,NA,1,0.82,7,46,7,"!{er <= 70} & {er <= 100}",686,246,305,0.444606413994169,TRUE,"","NULL","",5.00900000000001
3878,8320829,2,0.5,FALSE,NA,1,0.8,5,19,5,"{age <= 46} & !{size <= 20}",686,246,303,0.441690962099125,TRUE,"","NULL","",4.95899999999995
3879,8320830,2,0.5,FALSE,NA,1,0.63,1,14,1,"{age <= 46} & {nodes <= 5}",686,246,300,0.43731778425656,TRUE,"","NULL","",4.5
3880,8320831,2,0.5,FALSE,NA,1,0.69,3,16,3,"!{pgr <= 26} & {er <= 30}",686,246,307,0.447521865889213,TRUE,"","NULL","Loglik converged before variable  1 ; coefficient may be infinite. ",4.39999999999998
3881,8320832,2,0.5,FALSE,NA,1,0.99,14,71,14,"{pgr <= 16} & !{meno}",686,246,286,0.416909620991254,TRUE,"","NULL","",5.15499999999997
3882,8320833,2,0.5,FALSE,NA,1,0.98,55,198,55,"!{size <= 35} & !{pgr <= 0}",686,246,300,0.43731778425656,TRUE,"","NULL","",6.97899999999993
3883,8320834,2,0.5,FALSE,NA,1,0.89,45,295,45,"!{pgr <= 114} & {nodes <= 7}",686,246,296,0.431486880466472,TRUE,"","NULL","",7.50199999999995
3884,8320835,2,0.5,FALSE,NA,1,0.99,244,612,244,"{er <= 174} & !{er <= 70}",686,246,308,0.448979591836735,TRUE,"","NULL","",8.04399999999998
3885,8320836,2,0.5,FALSE,NA,1,0.67,3,34,3,"!{size <= 35} & {er <= 44}",686,246,313,0.456268221574344,TRUE,"","NULL","",5.26600000000008
3886,8320837,2,0.5,FALSE,NA,1,0.99,14,55,14,"!{meno} & {pgr <= 8}",686,246,324,0.472303206997085,TRUE,"","NULL","",4.73500000000001
3887,8320838,2,0.5,FALSE,NA,1,0.8,3,16,3,"!{pgr <= 26} & {pgr <= 114}",686,246,306,0.446064139941691,TRUE,"","NULL","",4.44400000000007
3888,8320839,2,0.5,FALSE,NA,1,0.9,12,39,12,"{age <= 46} & {pgr <= 45}",686,246,302,0.440233236151603,TRUE,"","NULL","",4.78499999999997
3889,8320840,2,0.5,FALSE,NA,1,0.9,31,163,31,"{nodes <= 5} & {age <= 46}",686,246,288,0.419825072886297,TRUE,"","NULL","",7.03800000000001
3890,8320841,2,0.5,FALSE,NA,1,0.94,21,97,21,"{age <= 53} & {pgr <= 16}",686,246,312,0.454810495626822,TRUE,"","NULL","",5.34299999999996
3891,8320842,2,0.5,FALSE,NA,1,0.69,2,12,2,"!{pgr <= 45} & {pgr <= 114}",686,246,297,0.432944606413994,TRUE,"","NULL","",4.10599999999999
3892,8320843,2,0.5,FALSE,NA,1,0.85,17,91,17,"{pgr <= 26} & !{pgr <= 8}",686,246,282,0.411078717201166,TRUE,"","NULL","",4.60500000000002
3893,8320844,2,0.5,FALSE,NA,1,0.81,7,28,7,"{nodes <= 1} & {pgr <= 184}",686,246,304,0.443148688046647,TRUE,"","NULL","",4.99900000000002
3894,8320845,2,0.5,FALSE,NA,1,0.8,10,57,10,"!{pgr <= 114} & {er <= 100}",686,246,278,0.405247813411079,TRUE,"","NULL","",5.16899999999998
3895,8320846,2,0.5,FALSE,NA,1,0.89,6,19,6,"!{er <= 17} & {er <= 30}",686,246,307,0.447521865889213,TRUE,"","NULL","",4.94100000000003
3896,8320847,2,0.5,FALSE,NA,1,0.95,31,115,31,"{size <= 20} & !{pgr <= 16}",686,246,319,0.465014577259475,TRUE,"","NULL","",5.40300000000002
3897,8320848,2,0.5,FALSE,NA,1,0.91,63,209,63,"!{size <= 35} & !{age <= 46}",686,246,294,0.428571428571429,TRUE,"","NULL","",7.54200000000003
3898,8320849,2,0.5,FALSE,NA,1,0.55,2,13,2,"!{pgr <= 8} & {er <= 17}",686,246,280,0.408163265306122,TRUE,"","NULL","",4.04099999999994
3899,8320850,2,0.5,FALSE,NA,1,0.95,65,208,65,"{er <= 17} & !{grade3}",686,246,295,0.43002915451895,TRUE,"","NULL","Loglik converged before variable  1 ; coefficient may be infinite. ",6.80799999999999
3900,8320851,2,0.5,FALSE,NA,1,0.99,205,616,205,"!{pgr <= 16} & {pgr <= 26}",686,246,317,0.462099125364431,TRUE,"","NULL","Loglik converged before variable  1 ; coefficient may be infinite.  | Loglik converged before variable  1 ; coefficient may be infinite. ",8.70299999999997
3901,8320852,2,0.5,FALSE,NA,1,0.83,18,55,18,"!{meno} & !{pgr <= 45}",686,246,292,0.425655976676385,TRUE,"","NULL","",5.52600000000007
3902,8320853,2,0.5,FALSE,NA,1,0.78,6,33,6,"{er <= 70} & !{pgr <= 45}",686,246,301,0.438775510204082,TRUE,"","NULL","",4.43000000000006
3903,8320854,2,0.5,FALSE,NA,1,0.65,2,27,2,"!{pgr <= 8} & {er <= 17}",686,246,306,0.446064139941691,TRUE,"","NULL","",4.71199999999999
3904,8320855,2,0.5,FALSE,NA,1,0.95,17,46,17,"!{size <= 35} & {er <= 44}",686,246,303,0.441690962099125,TRUE,"","NULL","",4.928
3905,8320856,2,0.5,FALSE,NA,1,0.87,7,77,7,"{nodes <= 3} & {grade3}",686,246,303,0.441690962099125,TRUE,"","NULL","",5.58000000000004
3906,8320857,2,0.5,FALSE,NA,1,0.88,5,49,5,"{size <= 20} & {er <= 70}",686,246,305,0.444606413994169,TRUE,"","NULL","",4.92399999999998
3907,8320858,2,0.5,FALSE,NA,1,0.89,30,110,30,"{size <= 29} & {pgr <= 45}",686,246,298,0.434402332361516,TRUE,"","NULL","",5.70100000000002
3908,8320859,2,0.5,FALSE,NA,1,0.96,15,47,15,"{nodes <= 1} & !{pgr <= 2}",686,246,303,0.441690962099125,TRUE,"","NULL","",4.38300000000004
3909,8320860,2,0.5,FALSE,NA,1,0.76,14,87,14,"{age <= 46} & {er <= 174}",686,246,303,0.441690962099125,TRUE,"","NULL","",5.774
3910,8320861,2,0.5,FALSE,NA,1,0.87,10,33,10,"{grade3} & {er <= 174}",686,246,284,0.41399416909621,TRUE,"","NULL","",4.36200000000008
3911,8320862,2,0.5,FALSE,NA,1,0.97,118,272,118,"!{er <= 100} & {size <= 29}",686,246,309,0.450437317784257,TRUE,"","NULL","",7.76999999999998
3912,8320863,2,0.5,FALSE,NA,1,0.88,13,68,13,"{age <= 61} & !{pgr <= 184}",686,246,323,0.470845481049563,TRUE,"","NULL","",4.35599999999999
3913,8320864,2,0.5,FALSE,NA,1,0.76,9,69,9,"!{meno} & !{er <= 9}",686,246,309,0.450437317784257,TRUE,"","NULL","",5.34199999999998
3914,8320865,2,0.5,FALSE,NA,1,0.56,1,22,1,"!{age <= 61} & !{size <= 25}",686,246,311,0.4533527696793,TRUE,"","NULL","",4.53800000000001
3915,8320866,2,0.5,FALSE,NA,1,0.97,32,89,32,"{age <= 46} & {nodes <= 5}",686,246,302,0.440233236151603,TRUE,"","NULL","",5.75
3916,8320867,2,0.5,FALSE,NA,1,0.79,8,71,8,"!{age <= 46} & !{meno}",686,246,302,0.440233236151603,TRUE,"","NULL","",4.97500000000002
3917,8320868,2,0.5,FALSE,NA,1,0.75,8,68,8,"!{pgr <= 114} & {size <= 35}",686,246,318,0.463556851311953,TRUE,"","NULL","",5.67900000000009
3918,8320869,2,0.5,FALSE,NA,1,0.83,21,155,21,"!{age <= 53} & !{er <= 100}",686,246,298,0.434402332361516,TRUE,"","NULL","",6.81200000000001
3919,8320870,2,0.5,FALSE,NA,1,0.95,101,285,101,"!{pgr <= 77} & {age <= 61}",686,246,307,0.447521865889213,TRUE,"","NULL","",7.77699999999993
3920,8320871,2,0.5,FALSE,NA,1,0.96,61,115,61,"{pgr <= 2} & !{grade3}",686,246,292,0.425655976676385,TRUE,"","NULL","",4.07600000000002
3921,8320872,2,0.5,FALSE,NA,1,0.69,8,93,8,"{size <= 20} & {er <= 100}",686,246,302,0.440233236151603,TRUE,"","NULL","",5.80899999999997
3922,8320873,2,0.5,FALSE,NA,1,0.95,60,258,60,"!{meno} & {nodes <= 3}",686,246,300,0.43731778425656,TRUE,"","NULL","",7.75799999999992
3923,8320874,2,0.5,FALSE,NA,1,0.98,22,75,22,"!{pgr <= 8} & {pgr <= 16}",686,246,304,0.443148688046647,TRUE,"","NULL","",5.00400000000002
3924,8320875,2,0.5,FALSE,NA,1,0.95,49,173,49,"!{er <= 100} & {size <= 29}",686,246,314,0.457725947521866,TRUE,"","NULL","Loglik converged before variable  1 ; coefficient may be infinite. ",5.06100000000004
3925,8320876,2,0.5,FALSE,NA,1,0.98,215,500,215,"{er <= 9} & {age <= 53}",686,246,305,0.444606413994169,TRUE,"","NULL","",11.457
3926,8320877,2,0.5,FALSE,NA,1,0.95,63,246,63,"!{pgr <= 45} & {er <= 100}",686,246,293,0.427113702623907,TRUE,"","NULL","",7.63
3927,8320878,2,0.5,FALSE,NA,1,0.99,95,324,95,"{size <= 35} & !{er <= 100}",686,246,301,0.438775510204082,TRUE,"","NULL","",6.02999999999997
3928,8320879,2,0.5,FALSE,NA,1,0.98,188,541,188,"!{size <= 25} & {er <= 9}",686,246,317,0.462099125364431,TRUE,"","NULL","",6.52599999999995
3929,8320880,2,0.5,FALSE,NA,1,0.99,28,85,28,"{nodes <= 3} & {age <= 46}",686,246,299,0.435860058309038,TRUE,"","NULL","",5.91600000000005
3930,8320881,2,0.5,FALSE,NA,0,NA,0,4,0,"",686,246,316,0.46064139941691,TRUE,"","NULL","",4.08199999999999
3931,8320882,2,0.5,FALSE,NA,1,0.93,2,21,2,"{pgr <= 16} & !{pgr <= 8}",686,246,295,0.43002915451895,TRUE,"","NULL","",4.67200000000003
3932,8320883,2,0.5,FALSE,NA,1,0.81,5,28,5,"!{size <= 35} & !{er <= 17}",686,246,309,0.450437317784257,TRUE,"","NULL","",4.83299999999997
3933,8320884,2,0.5,FALSE,NA,1,0.93,33,134,33,"{nodes <= 1} & !{grade3}",686,246,305,0.444606413994169,TRUE,"","NULL","",6.79999999999995
3934,8320885,2,0.5,FALSE,NA,1,0.86,61,218,61,"{grade3} & {er <= 44}",686,246,296,0.431486880466472,TRUE,"","NULL","",7.00300000000004
3935,8320886,2,0.5,FALSE,NA,0,NA,0,2,0,"",686,246,294,0.428571428571429,TRUE,"","NULL","",4.08199999999999
3936,8320887,2,0.5,FALSE,NA,1,0.73,7,43,7,"!{er <= 17} & {er <= 44}",686,246,305,0.444606413994169,TRUE,"","NULL","",4.07100000000003
3937,8320888,2,0.5,FALSE,NA,1,0.76,6,31,6,"{age <= 53} & !{size <= 29}",686,246,312,0.454810495626822,TRUE,"","NULL","",4.95999999999992
3938,8320889,2,0.5,FALSE,NA,1,0.83,13,79,13,"{age <= 53} & !{er <= 17}",686,246,297,0.432944606413994,TRUE,"","NULL","Loglik converged before variable  1 ; coefficient may be infinite.  | Loglik converged before variable  1 ; coefficient may be infinite. ",5.73500000000001
3939,8320890,2,0.5,FALSE,NA,1,0.8,4,48,4,"!{pgr <= 184} & {er <= 294}",686,246,316,0.46064139941691,TRUE,"","NULL","",4.79899999999998
3940,8320891,2,0.5,FALSE,NA,1,0.91,106,345,106,"{er <= 70} & !{grade3}",686,246,315,0.459183673469388,TRUE,"","NULL","",7.35900000000004
3941,8320892,2,0.5,FALSE,NA,1,0.99,55,212,55,"!{pgr <= 45} & {pgr <= 114}",686,246,299,0.435860058309038,TRUE,"","NULL","",7.375
3942,8320893,2,0.5,FALSE,NA,1,0.62,2,21,2,"{grade3} & {age <= 53}",686,246,299,0.435860058309038,TRUE,"","NULL","",4.23400000000004
3943,8320894,2,0.5,FALSE,NA,1,0.94,51,143,51,"!{pgr <= 184}",686,246,315,0.459183673469388,TRUE,"","NULL","",6.31499999999994
3944,8320895,2,0.5,FALSE,NA,1,0.75,14,100,14,"{size <= 25} & !{pgr <= 77}",686,246,311,0.4533527696793,TRUE,"","NULL","",4.50099999999998
3945,8320896,2,0.5,FALSE,NA,1,0.82,10,28,10,"{meno} & !{pgr <= 184}",686,246,304,0.443148688046647,TRUE,"","NULL","",4.91099999999994
3946,8320897,2,0.5,FALSE,NA,1,0.95,35,120,35,"{pgr <= 16} & {grade3}",686,246,326,0.475218658892128,TRUE,"","NULL","",5.93499999999995
3947,8320898,2,0.5,FALSE,NA,1,0.85,27,91,27,"!{grade3} & !{size <= 35}",686,246,306,0.446064139941691,TRUE,"","NULL","",5.2829999999999
3948,8320899,2,0.5,FALSE,NA,1,0.66,3,17,3,"{grade3} & {er <= 17}",686,246,285,0.415451895043732,TRUE,"","NULL","",3.95699999999999
3949,8320900,2,0.5,FALSE,NA,1,0.9,6,35,6,"{age <= 53} & {er <= 9}",686,246,305,0.444606413994169,TRUE,"","NULL","",4.80199999999991
3950,8320901,2,0.5,FALSE,NA,1,0.9,59,288,59,"!{pgr <= 2} & {nodes <= 1}",686,246,321,0.467930029154519,TRUE,"","NULL","",8.27299999999991
3951,8320902,2,0.5,FALSE,NA,1,0.68,2,32,2,"!{pgr <= 26} & {pgr <= 77}",686,246,313,0.456268221574344,TRUE,"","NULL","",4.32799999999997
3952,8320903,2,0.5,FALSE,NA,1,0.97,28,147,28,"{er <= 17} & !{er <= 9}",686,246,309,0.450437317784257,TRUE,"","NULL","",5.08800000000008
3953,8320904,2,0.5,FALSE,NA,1,0.89,7,41,7,"{pgr <= 16} & !{meno}",686,246,317,0.462099125364431,TRUE,"","NULL","",5.26099999999997
3954,8320905,2,0.5,FALSE,NA,1,0.93,7,22,7,"!{er <= 3} & {er <= 17}",686,246,312,0.454810495626822,TRUE,"","NULL","",4.471
3955,8320906,2,0.5,FALSE,NA,1,0.67,3,29,3,"!{er <= 174} & !{nodes <= 1}",686,246,304,0.443148688046647,TRUE,"","NULL","",4.81999999999994
3956,8320907,2,0.5,FALSE,NA,1,0.88,26,93,26,"!{nodes <= 5} & {er <= 17}",686,246,290,0.422740524781341,TRUE,"","NULL","",5.18299999999999
3957,8320908,2,0.5,FALSE,NA,1,0.84,17,102,17,"!{age <= 61} & !{pgr <= 16}",686,246,282,0.411078717201166,TRUE,"","NULL","",6.36099999999999
3958,8320909,2,0.5,FALSE,NA,1,0.92,2,27,2,"!{er <= 70} & {er <= 100}",686,246,292,0.425655976676385,TRUE,"","NULL","",4.65999999999997
3959,8320910,2,0.5,FALSE,NA,1,0.91,49,162,49,"!{meno} & {pgr <= 26}",686,246,308,0.448979591836735,TRUE,"","NULL","",6.43799999999999
3960,8320911,2,0.5,FALSE,NA,1,0.73,5,54,5,"{nodes <= 3} & {size <= 20}",686,246,336,0.489795918367347,TRUE,"","NULL","",4.35300000000007
3961,8320912,2,0.5,FALSE,NA,1,0.51,3,26,3,"!{size <= 35} & {age <= 53}",686,246,298,0.434402332361516,TRUE,"","NULL","",4.82300000000009
3962,8320913,2,0.5,FALSE,NA,0,NA,0,17,0,"",686,246,290,0.422740524781341,TRUE,"","NULL","",4.54399999999998
3963,8320914,2,0.5,FALSE,NA,1,0.98,80,205,80,"{age <= 46} & !{nodes <= 1}",686,246,292,0.425655976676385,TRUE,"","NULL","",7.03600000000006
3964,8320915,2,0.5,FALSE,NA,1,0.53,1,30,1,"{nodes <= 1} & !{pgr <= 45}",686,246,328,0.478134110787172,TRUE,"","NULL","",4.38
3965,8320916,2,0.5,FALSE,NA,1,0.97,59,166,59,"{nodes <= 7} & {age <= 46}",686,246,307,0.447521865889213,TRUE,"","NULL","",7.42700000000002
3966,8320917,2,0.5,FALSE,NA,1,0.77,7,55,7,"{er <= 100} & !{er <= 30}",686,246,301,0.438775510204082,TRUE,"","NULL","",4.91600000000005
3967,8320918,2,0.5,FALSE,NA,1,0.56,1,36,1,"!{er <= 70} & {er <= 100}",686,246,301,0.438775510204082,TRUE,"","NULL","",4.66399999999999
3968,8320919,2,0.5,FALSE,NA,1,0.82,5,39,5,"{nodes <= 7} & {er <= 3}",686,246,310,0.451895043731778,TRUE,"","NULL","",4.08399999999995
3969,8320920,2,0.5,FALSE,NA,1,0.85,11,68,11,"!{nodes <= 7} & {size <= 35}",686,246,302,0.440233236151603,TRUE,"","NULL","",5.81600000000003
3970,8320921,2,0.5,FALSE,NA,1,0.8,6,36,6,"{nodes <= 1} & {pgr <= 45}",686,246,297,0.432944606413994,TRUE,"","NULL","",4.83800000000008
3971,8320922,2,0.5,FALSE,NA,1,0.86,1,11,1,"{er <= 0} & {size <= 35}",686,246,323,0.470845481049563,TRUE,"","NULL","",4.63900000000001
3972,8320923,2,0.5,FALSE,NA,1,0.93,11,52,11,"{grade3} & {size <= 29}",686,246,279,0.406705539358601,TRUE,"","NULL","",4.64199999999994
3973,8320924,2,0.5,FALSE,NA,1,0.68,6,46,6,"{size <= 20} & {nodes <= 3}",686,246,326,0.475218658892128,TRUE,"","NULL","",5.55399999999997
3974,8320925,2,0.5,FALSE,NA,1,0.92,26,116,26,"!{age <= 61} & !{er <= 70}",686,246,300,0.43731778425656,TRUE,"","NULL","",5.94100000000003
3975,8320926,2,0.5,FALSE,NA,1,0.9,16,86,16,"!{pgr <= 77} & {nodes <= 3}",686,246,301,0.438775510204082,TRUE,"","NULL","",5.4430000000001
3976,8320927,2,0.5,FALSE,NA,1,0.61,1,8,1,"{grade3} & !{nodes <= 5}",686,246,323,0.470845481049563,TRUE,"","NULL","",3.89299999999992
3977,8320928,2,0.5,FALSE,NA,1,0.65,7,47,7,"!{age <= 53} & !{er <= 174}",686,246,306,0.446064139941691,TRUE,"","NULL","",5.47899999999993
3978,8320929,2,0.5,FALSE,NA,1,0.87,10,68,10,"{size <= 20} & !{nodes <= 1}",686,246,289,0.421282798833819,TRUE,"","NULL","",5.31499999999994
3979,8320930,2,0.5,FALSE,NA,1,0.8,13,49,13,"{size <= 20} & {er <= 70}",686,246,302,0.440233236151603,TRUE,"","NULL","Loglik converged before variable  1 ; coefficient may be infinite. ",4.74199999999996
3980,8320931,2,0.5,FALSE,NA,1,0.91,32,84,32,"{size <= 20} & {er <= 294}",686,246,308,0.448979591836735,TRUE,"","NULL","",4.86099999999999
3981,8320932,2,0.5,FALSE,NA,1,0.93,16,75,16,"{nodes <= 1} & !{size <= 25}",686,246,305,0.444606413994169,TRUE,"","NULL","",5.625
3982,8320933,2,0.5,FALSE,NA,1,0.69,3,16,3,"{size <= 20} & !{nodes <= 1}",686,246,287,0.418367346938776,TRUE,"","NULL","",4.30200000000002
3983,8320934,2,0.5,FALSE,NA,1,0.86,2,15,2,"{nodes <= 5} & !{nodes <= 3}",686,246,311,0.4533527696793,TRUE,"","NULL","",4.399
3984,8320935,2,0.5,FALSE,NA,1,0.96,61,198,61,"{pgr <= 2} & !{nodes <= 1}",686,246,310,0.451895043731778,TRUE,"","NULL","",6.30100000000004
3985,8320936,2,0.5,FALSE,NA,1,0.96,25,75,25,"{nodes <= 1} & !{age <= 53}",686,246,315,0.459183673469388,TRUE,"","NULL","",5.57999999999993
3986,8320937,2,0.5,FALSE,NA,1,0.91,27,117,27,"{size <= 20} & {nodes <= 1}",686,246,300,0.43731778425656,TRUE,"","NULL","",5.947
3987,8320938,2,0.5,FALSE,NA,1,0.94,5,34,5,"{er <= 17} & !{er <= 9}",686,246,306,0.446064139941691,TRUE,"","NULL","",4.50700000000006
3988,8320939,2,0.5,FALSE,NA,1,0.79,11,63,11,"!{grade3} & !{pgr <= 114}",686,246,313,0.456268221574344,TRUE,"","NULL","",4.70799999999997
3989,8320940,2,0.5,FALSE,NA,1,0.57,1,16,1,"{meno} & {age <= 53}",686,246,282,0.411078717201166,TRUE,"","NULL","",4.85699999999997
3990,8320941,2,0.5,FALSE,NA,1,0.59,2,33,2,"{meno} & {size <= 20}",686,246,298,0.434402332361516,TRUE,"","NULL","",4.76900000000001
3991,8320942,2,0.5,FALSE,NA,1,0.93,33,114,33,"!{size <= 20} & {er <= 9}",686,246,288,0.419825072886297,TRUE,"","NULL","",5.85800000000006
3992,8320943,2,0.5,FALSE,NA,1,0.67,4,32,4,"{size <= 20} & {er <= 174}",686,246,311,0.4533527696793,TRUE,"","NULL","",4.42600000000004
3993,8320944,2,0.5,FALSE,NA,1,0.94,12,56,12,"!{pgr <= 77} & {er <= 44}",686,246,292,0.425655976676385,TRUE,"","NULL","",5.41399999999999
3994,8320945,2,0.5,FALSE,NA,1,0.77,14,122,14,"{er <= 100} & !{pgr <= 77}",686,246,308,0.448979591836735,TRUE,"","NULL","",6.18500000000006
3995,8320946,2,0.5,FALSE,NA,1,0.94,32,141,32,"!{size <= 35} & {pgr <= 114}",686,246,293,0.427113702623907,TRUE,"","NULL","",6.37200000000007
3996,8320947,2,0.5,FALSE,NA,1,0.99,112,286,112,"!{pgr <= 45} & !{meno}",686,246,285,0.415451895043732,TRUE,"","NULL","",6.33800000000008
3997,8320948,2,0.5,FALSE,NA,1,0.99,19,105,19,"{er <= 100} & !{er <= 70}",686,246,302,0.440233236151603,TRUE,"","NULL","",6.49700000000007
3998,8320949,2,0.5,FALSE,NA,1,0.86,4,39,4,"{nodes <= 3} & {er <= 9}",686,246,305,0.444606413994169,TRUE,"","NULL","",4.31799999999998
3999,8320950,2,0.5,FALSE,NA,1,0.93,82,237,82,"!{er <= 174} & !{grade3}",686,246,314,0.457725947521866,TRUE,"","NULL","",7.05600000000004
4000,8320951,2,0.5,FALSE,NA,1,0.77,14,91,14,"!{size <= 20} & !{er <= 100}",686,246,286,0.416909620991254,TRUE,"","NULL","",4.20699999999999
4001,8320952,2,0.5,FALSE,NA,1,0.81,4,50,4,"!{pgr <= 45} & !{size <= 35}",686,246,309,0.450437317784257,TRUE,"","NULL","",5.35699999999997
4002,8320953,2,0.5,FALSE,NA,1,0.77,22,168,22,"{nodes <= 3} & {pgr <= 26}",686,246,303,0.441690962099125,TRUE,"","NULL","",6.79700000000003
4003,8320954,2,0.5,FALSE,NA,1,0.98,12,68,12,"!{er <= 3} & {er <= 9}",686,246,291,0.424198250728863,TRUE,"","NULL","",5.02699999999993
4004,8320955,2,0.5,FALSE,NA,1,0.9,11,63,11,"!{meno} & {pgr <= 45}",686,246,284,0.41399416909621,TRUE,"","NULL","",4.18399999999997
4005,8320956,2,0.5,FALSE,NA,1,0.96,33,70,33,"{pgr <= 0} & {er <= 9}",686,246,312,0.454810495626822,TRUE,"","NULL","",5.65200000000004
4006,8320957,2,0.5,FALSE,NA,1,0.93,13,48,13,"{er <= 0}",686,246,293,0.427113702623907,TRUE,"","NULL","",4.78499999999997
4007,8320958,2,0.5,FALSE,NA,1,0.65,3,46,3,"!{size <= 29} & !{pgr <= 45}",686,246,306,0.446064139941691,TRUE,"","NULL","",4.68600000000004
4008,8320959,2,0.5,FALSE,NA,0,NA,0,6,0,"",686,246,313,0.456268221574344,TRUE,"","NULL","",4.25
4009,8320960,2,0.5,FALSE,NA,1,0.92,52,200,52,"!{age <= 53} & {nodes <= 3}",686,246,289,0.421282798833819,TRUE,"","NULL","",7.62700000000007
4010,8320961,2,0.5,FALSE,NA,1,0.96,42,130,42,"!{er <= 174} & !{pgr <= 26}",686,246,307,0.447521865889213,TRUE,"","NULL","",6.029
4011,8320962,2,0.5,FALSE,NA,1,0.97,57,227,57,"{size <= 29} & {age <= 46}",686,246,302,0.440233236151603,TRUE,"","NULL","",6.72700000000009
4012,8320963,2,0.5,FALSE,NA,1,0.93,36,174,36,"!{meno} & !{er <= 30}",686,246,283,0.412536443148688,TRUE,"","NULL","",4.55399999999997
4013,8320964,2,0.5,FALSE,NA,1,0.97,51,190,51,"{age <= 46} & !{size <= 29}",686,246,290,0.422740524781341,TRUE,"","NULL","",7.55800000000011
4014,8320965,2,0.5,FALSE,NA,1,0.7,5,41,5,"!{size <= 20} & !{pgr <= 114}",686,246,311,0.4533527696793,TRUE,"","NULL","",4.73799999999994
4015,8320966,2,0.5,FALSE,NA,1,0.77,24,156,24,"{er <= 294} & !{pgr <= 114}",686,246,304,0.443148688046647,TRUE,"","NULL","",6.327
4016,8320967,2,0.5,FALSE,NA,1,0.74,1,28,1,"{nodes <= 1} & !{er <= 44}",686,246,313,0.456268221574344,TRUE,"","NULL","",3.80200000000002
4017,8320968,2,0.5,FALSE,NA,1,0.96,33,161,33,"!{pgr <= 184} & !{size <= 20}",686,246,295,0.43002915451895,TRUE,"","NULL","",6.89699999999993
4018,8320969,2,0.5,FALSE,NA,1,0.99,48,143,48,"{grade3} & {pgr <= 16}",686,246,301,0.438775510204082,TRUE,"","NULL","",5.99699999999996
4019,8320970,2,0.5,FALSE,NA,1,0.54,1,9,1,"!{pgr <= 26} & {er <= 44}",686,246,304,0.443148688046647,TRUE,"","NULL","",4.41200000000003
4020,8320971,2,0.5,FALSE,NA,1,0.96,65,174,65,"!{pgr <= 77} & !{er <= 44}",686,246,306,0.446064139941691,TRUE,"","NULL","",5.10800000000006
4021,8320972,2,0.5,FALSE,NA,1,0.85,4,29,4,"!{pgr <= 45} & {er <= 30}",686,246,309,0.450437317784257,TRUE,"","NULL","",5.34500000000003
4022,8320973,2,0.5,FALSE,NA,1,0.98,51,132,51,"!{meno} & !{size <= 25}",686,246,283,0.412536443148688,TRUE,"","NULL","",6.02699999999993
4023,8320974,2,0.5,FALSE,NA,1,0.68,1,14,1,"!{size <= 25} & {er <= 3}",686,246,266,0.387755102040816,TRUE,"","NULL","",4.12099999999998
4024,8320975,2,0.5,FALSE,NA,1,0.93,57,250,57,"!{size <= 35} & {er <= 70}",686,246,296,0.431486880466472,TRUE,"","NULL","",6.69500000000005
4025,8320976,2,0.5,FALSE,NA,1,0.98,144,303,144,"!{meno} & {pgr <= 26}",686,246,313,0.456268221574344,TRUE,"","NULL","",8.37
4026,8320977,2,0.5,FALSE,NA,1,0.73,8,57,8,"!{meno} & {er <= 30}",686,246,290,0.422740524781341,TRUE,"","NULL","",5.04700000000003
4027,8320978,2,0.5,FALSE,NA,1,0.94,17,83,17,"{age <= 46} & !{size <= 20}",686,246,294,0.428571428571429,TRUE,"","NULL","",5.13300000000004
4028,8320979,2,0.5,FALSE,NA,1,0.97,93,253,93,"!{pgr <= 114} & !{grade3}",686,246,298,0.434402332361516,TRUE,"","NULL","",5.48799999999994
4029,8320980,2,0.5,FALSE,NA,1,0.96,19,101,19,"!{meno} & !{pgr <= 45}",686,246,327,0.47667638483965,TRUE,"","NULL","",6.64600000000007
4030,8320981,2,0.5,FALSE,NA,1,0.99,43,76,43,"{size <= 35} & {age <= 46}",686,246,280,0.408163265306122,TRUE,"","NULL","",4.75700000000006
4031,8320982,2,0.5,FALSE,NA,1,0.98,35,103,35,"{age <= 46} & !{pgr <= 2}",686,246,298,0.434402332361516,TRUE,"","NULL","",5.79100000000005
4032,8320983,2,0.5,FALSE,NA,1,0.5,1,37,1,"!{nodes <= 7} & {pgr <= 16}",686,246,315,0.459183673469388,TRUE,"","NULL","",3.99099999999999
4033,8320984,2,0.5,FALSE,NA,1,0.72,1,9,1,"{er <= 17} & !{er <= 9}",686,246,296,0.431486880466472,TRUE,"","NULL","",4.46899999999994
4034,8320985,2,0.5,FALSE,NA,1,0.89,16,74,16,"{age <= 46} & !{er <= 17}",686,246,302,0.440233236151603,TRUE,"","NULL","",5.20799999999997
4035,8320986,2,0.5,FALSE,NA,1,0.99,59,194,59,"{size <= 29} & {age <= 46}",686,246,295,0.43002915451895,TRUE,"","NULL","Loglik converged before variable  1 ; coefficient may be infinite.  | Loglik converged before variable  1 ; coefficient may be infinite. ",7.10900000000004
4036,8320987,2,0.5,FALSE,NA,1,0.9,28,81,28,"{age <= 46} & {er <= 174}",686,246,287,0.418367346938776,TRUE,"","NULL","",4.54600000000005
4037,8320988,2,0.5,FALSE,NA,1,0.6,1,4,1,"{size <= 25} & !{er <= 174}",686,246,312,0.454810495626822,TRUE,"","NULL","",4.73899999999992
4038,8320989,2,0.5,FALSE,NA,1,0.73,12,80,12,"{size <= 35} & !{nodes <= 5}",686,246,296,0.431486880466472,TRUE,"","NULL","",5.03399999999999
4039,8320990,2,0.5,FALSE,NA,1,0.99,45,111,45,"{size <= 20} & {pgr <= 26}",686,246,268,0.39067055393586,TRUE,"","NULL","",5.48099999999999
4040,8320991,2,0.5,FALSE,NA,1,0.84,21,70,21,"{size <= 20} & !{pgr <= 8}",686,246,308,0.448979591836735,TRUE,"","NULL","",5.11500000000001
4041,8320992,2,0.5,FALSE,NA,1,0.58,2,14,2,"!{pgr <= 26} & !{size <= 35}",686,246,342,0.498542274052478,TRUE,"","NULL","",5.00099999999998
4042,8320993,2,0.5,FALSE,NA,1,0.91,5,43,5,"{grade3} & {size <= 29}",686,246,301,0.438775510204082,TRUE,"","NULL","",4.702
4043,8320994,2,0.5,FALSE,NA,1,0.8,20,64,20,"{size <= 20} & !{grade3}",686,246,295,0.43002915451895,TRUE,"","NULL","",5.11700000000008
4044,8320995,2,0.5,FALSE,NA,1,0.56,1,24,1,"!{er <= 17} & {pgr <= 16}",686,246,303,0.441690962099125,TRUE,"","NULL","",4.45400000000006
4045,8320996,2,0.5,FALSE,NA,0,NA,0,17,0,"",686,246,290,0.422740524781341,TRUE,"","NULL","",4.61099999999999
4046,8320997,2,0.5,FALSE,NA,1,0.85,28,163,28,"{age <= 46} & {size <= 35}",686,246,309,0.450437317784257,TRUE,"","NULL","",6.2829999999999
4047,8320998,2,0.5,FALSE,NA,1,0.96,51,182,51,"{nodes <= 7} & !{pgr <= 114}",686,246,291,0.424198250728863,TRUE,"","NULL","",6.44299999999998
4048,8320999,2,0.5,FALSE,NA,1,0.85,12,75,12,"!{er <= 30} & {pgr <= 77}",686,246,300,0.43731778425656,TRUE,"","NULL","",4.24300000000005
4049,8321000,2,0.5,FALSE,NA,1,0.73,6,43,6,"{grade3} & {pgr <= 184}",686,246,314,0.457725947521866,TRUE,"","NULL","",4.81999999999994
4050,8321001,2,0.5,FALSE,NA,1,0.84,10,78,10,"{age <= 61} & {nodes <= 1}",686,246,291,0.424198250728863,TRUE,"","NULL","",5.31100000000004
4051,8321002,2,0.5,FALSE,NA,0,NA,0,4,0,"",686,246,288,0.419825072886297,TRUE,"","NULL","",4.45699999999999
4052,8321003,2,0.5,FALSE,NA,1,0.78,1,10,1,"{pgr <= 16} & !{er <= 17}",686,246,285,0.415451895043732,TRUE,"","NULL","",4.26600000000008
4053,8321004,2,0.5,FALSE,NA,1,0.9,1,7,1,"!{er <= 70} & {er <= 100}",686,246,303,0.441690962099125,TRUE,"","NULL","",4.66100000000006
4054,8321005,2,0.5,FALSE,NA,1,0.89,8,35,8,"{size <= 29} & {age <= 46}",686,246,303,0.441690962099125,TRUE,"","NULL","",5.05100000000004
4055,8321006,2,0.5,FALSE,NA,1,0.91,17,96,17,"{nodes <= 5} & !{age <= 61}",686,246,307,0.447521865889213,TRUE,"","NULL","",5.62300000000005
4056,8321007,2,0.5,FALSE,NA,1,0.74,2,13,2,"{age <= 46} & {pgr <= 114}",686,246,272,0.396501457725948,TRUE,"","NULL","",4.36000000000001
4057,8321008,2,0.5,FALSE,NA,1,0.96,112,322,112,"!{meno} & {er <= 17}",686,246,316,0.46064139941691,TRUE,"","NULL","",8.58199999999999
4058,8321009,2,0.5,FALSE,NA,1,0.98,23,110,23,"{nodes <= 5} & !{size <= 35}",686,246,314,0.457725947521866,TRUE,"","NULL","",5.67899999999997
4059,8321010,2,0.5,FALSE,NA,1,0.85,4,77,4,"!{er <= 3} & {er <= 17}",686,246,327,0.47667638483965,TRUE,"","NULL","",5.47199999999998
4060,8321011,2,0.5,FALSE,NA,1,0.79,6,32,6,"!{pgr <= 114} & {size <= 29}",686,246,332,0.483965014577259,TRUE,"","NULL","",3.40800000000002
4061,8321012,2,0.5,FALSE,NA,1,0.75,10,94,10,"!{grade3} & {age <= 46}",686,246,279,0.406705539358601,TRUE,"","NULL","",6.029
4062,8321013,2,0.5,FALSE,NA,1,0.97,83,252,83,"{pgr <= 45} & {nodes <= 5}",686,246,290,0.422740524781341,TRUE,"","NULL","",7.08000000000004
4063,8321014,2,0.5,FALSE,NA,1,0.92,5,39,5,"!{pgr <= 77} & {pgr <= 114}",686,246,293,0.427113702623907,TRUE,"","NULL","",4.60199999999998
4064,8321015,2,0.5,FALSE,NA,1,0.87,9,116,9,"{nodes <= 1} & {age <= 53}",686,246,307,0.447521865889213,TRUE,"","NULL","",4.851
4065,8321016,2,0.5,FALSE,NA,1,0.81,7,50,7,"!{age <= 46} & !{meno}",686,246,303,0.441690962099125,TRUE,"","NULL","",5.56500000000005
4066,8321017,2,0.5,FALSE,NA,1,0.8,13,122,13,"{size <= 29} & !{pgr <= 114}",686,246,295,0.43002915451895,TRUE,"","NULL","",6.11500000000001
4067,8321018,2,0.5,FALSE,NA,1,0.74,12,33,12,"{grade3} & {pgr <= 337}",686,246,283,0.412536443148688,TRUE,"","NULL","",4.50200000000007
4068,8321019,2,0.5,FALSE,NA,1,0.98,33,120,33,"!{pgr <= 114} & {size <= 29}",686,246,323,0.470845481049563,TRUE,"","NULL","",5.14499999999998
4069,8321020,2,0.5,FALSE,NA,1,0.97,17,69,17,"!{er <= 9} & {pgr <= 16}",686,246,295,0.43002915451895,TRUE,"","NULL","",5.57600000000002
4070,8321021,2,0.5,FALSE,NA,1,1,33,121,33,"!{size <= 25} & {age <= 46}",686,246,307,0.447521865889213,TRUE,"","NULL","",6.173
4071,8321022,2,0.5,FALSE,NA,1,0.99,114,292,114,"{nodes <= 1} & {er <= 30}",686,246,302,0.440233236151603,TRUE,"","NULL","",7.72500000000002
4072,8321023,2,0.5,FALSE,NA,1,0.84,11,55,11,"!{age <= 53} & {size <= 25}",686,246,316,0.46064139941691,TRUE,"","NULL","",3.75400000000002
4073,8321024,2,0.5,FALSE,NA,1,0.88,10,46,10,"{nodes <= 3} & !{pgr <= 45}",686,246,310,0.451895043731778,TRUE,"","NULL","",5.38100000000009
4074,8321025,2,0.5,FALSE,NA,1,0.91,15,100,15,"!{age <= 53} & {nodes <= 5}",686,246,306,0.446064139941691,TRUE,"","NULL","",5.41100000000006
4075,8321026,2,0.5,FALSE,NA,1,0.99,108,313,108,"!{meno} & !{pgr <= 77}",686,246,308,0.448979591836735,TRUE,"","NULL","",7.96699999999998
4076,8321027,2,0.5,FALSE,NA,1,0.96,49,140,49,"!{pgr <= 114} & {nodes <= 3}",686,246,299,0.435860058309038,TRUE,"","NULL","",4.44999999999993
4077,8321028,2,0.5,FALSE,NA,1,0.79,6,31,6,"{age <= 53} & {er <= 3}",686,246,301,0.438775510204082,TRUE,"","NULL","",5.40699999999993
4078,8321029,2,0.5,FALSE,NA,1,0.96,56,184,56,"{size <= 20} & !{pgr <= 16}",686,246,321,0.467930029154519,TRUE,"","NULL","",6.69999999999993
4079,8321030,2,0.5,FALSE,NA,1,0.82,4,31,4,"{er <= 17} & !{er <= 0}",686,246,303,0.441690962099125,TRUE,"","NULL","",4.37700000000007
4080,8321031,2,0.5,FALSE,NA,1,0.85,22,139,22,"!{er <= 44} & {size <= 25}",686,246,292,0.425655976676385,TRUE,"","NULL","",5.08699999999999
4081,8321032,2,0.5,FALSE,NA,1,0.93,8,44,8,"!{er <= 17} & {er <= 30}",686,246,293,0.427113702623907,TRUE,"","NULL","",5.3069999999999
4082,8321033,2,0.5,FALSE,NA,1,0.88,17,83,17,"{size <= 35} & {age <= 46}",686,246,285,0.415451895043732,TRUE,"","NULL","",5.34899999999993
4083,8321034,2,0.5,FALSE,NA,1,0.83,9,43,9,"!{grade3} & {er <= 9}",686,246,308,0.448979591836735,TRUE,"","NULL","",4.56700000000001
4084,8321035,2,0.5,FALSE,NA,1,0.77,23,104,23,"{er <= 44} & {nodes <= 5}",686,246,283,0.412536443148688,TRUE,"","NULL","Loglik converged before variable  1 ; coefficient may be infinite. ",4.96600000000001
4085,8321036,2,0.5,FALSE,NA,1,0.74,5,29,5,"!{size <= 20} & !{pgr <= 184}",686,246,301,0.438775510204082,TRUE,"","NULL","",4.94999999999993
4086,8321037,2,0.5,FALSE,NA,0,NA,0,7,0,"",686,246,306,0.446064139941691,TRUE,"","NULL","",4.56399999999996
4087,8321038,2,0.5,FALSE,NA,0,NA,0,22,0,"",686,246,301,0.438775510204082,TRUE,"","NULL","",4.69200000000001
4088,8321039,2,0.5,FALSE,NA,1,0.97,33,132,33,"{age <= 46} & {nodes <= 7}",686,246,295,0.43002915451895,TRUE,"","NULL","",5.87299999999993
4089,8321040,2,0.5,FALSE,NA,1,0.98,14,77,14,"{pgr <= 16} & !{er <= 9}",686,246,309,0.450437317784257,TRUE,"","NULL","",5.68099999999993
4090,8321041,2,0.5,FALSE,NA,0,NA,0,16,0,"",686,246,301,0.438775510204082,TRUE,"","NULL","",4.41999999999996
4091,8321042,2,0.5,FALSE,NA,0,NA,0,NA,NA,"",686,246,288,0.419825072886297,TRUE,"","NULL","",4.21400000000006
4092,8321043,2,0.5,FALSE,NA,1,0.87,7,64,7,"{nodes <= 7} & {age <= 46}",686,246,288,0.419825072886297,TRUE,"","NULL","",5.04100000000005
4093,8321044,2,0.5,FALSE,NA,1,0.97,41,154,41,"{size <= 20} & {pgr <= 26}",686,246,289,0.421282798833819,TRUE,"","NULL","",6.875
4094,8321045,2,0.5,FALSE,NA,1,0.98,32,91,32,"{age <= 46} & {pgr <= 26}",686,246,292,0.425655976676385,TRUE,"","NULL","",5.17200000000003
4095,8321046,2,0.5,FALSE,NA,1,0.72,4,21,4,"!{er <= 174} & !{size <= 20}",686,246,291,0.424198250728863,TRUE,"","NULL","",4.32899999999995
4096,8321047,2,0.5,FALSE,NA,1,0.99,13,87,13,"{er <= 9} & !{age <= 53}",686,246,296,0.431486880466472,TRUE,"","NULL","",4.67199999999991
4097,8321048,2,0.5,FALSE,NA,0,NA,0,17,0,"",686,246,303,0.441690962099125,TRUE,"","NULL","",4.64300000000003
4098,8321049,2,0.5,FALSE,NA,1,0.91,22,76,22,"!{pgr <= 114} & {size <= 29}",686,246,295,0.43002915451895,TRUE,"","NULL","",5.42100000000005
4099,8321050,2,0.5,FALSE,NA,1,0.59,1,10,1,"{nodes <= 1} & !{pgr <= 45}",686,246,288,0.419825072886297,TRUE,"","NULL","",4.29200000000003
4100,8321051,2,0.5,FALSE,NA,1,0.97,42,148,42,"{age <= 46} & {nodes <= 5}",686,246,290,0.422740524781341,TRUE,"","NULL","",5.93799999999999
4101,8321052,2,0.5,FALSE,NA,1,0.51,1,21,1,"{grade3} & {pgr <= 8}",686,246,315,0.459183673469388,TRUE,"","NULL","",4.67699999999991
4102,8321053,2,0.5,FALSE,NA,1,0.83,10,36,10,"{er <= 30} & !{pgr <= 16}",686,246,288,0.419825072886297,TRUE,"","NULL","",4.51400000000001
4103,8321054,2,0.5,FALSE,NA,1,0.9,3,15,3,"{er <= 17} & !{er <= 9}",686,246,310,0.451895043731778,TRUE,"","NULL","",4.6930000000001
4104,8321055,2,0.5,FALSE,NA,1,0.97,150,406,150,"!{pgr <= 77} & !{size <= 29}",686,246,300,0.43731778425656,TRUE,"","NULL","",8.15300000000002
4105,8321056,2,0.5,FALSE,NA,1,0.88,27,94,27,"!{pgr <= 45} & {pgr <= 114}",686,246,306,0.446064139941691,TRUE,"","NULL","",5.86699999999996
4106,8321057,2,0.5,FALSE,NA,1,0.87,25,107,25,"!{size <= 25} & {er <= 17}",686,246,291,0.424198250728863,TRUE,"","NULL","",5.89300000000003
4107,8321058,2,0.5,FALSE,NA,1,0.76,2,17,2,"!{er <= 9} & {er <= 17}",686,246,292,0.425655976676385,TRUE,"","NULL","",4.23900000000003
4108,8321059,2,0.5,FALSE,NA,1,0.97,7,42,7,"!{size <= 35} & {er <= 30}",686,246,316,0.46064139941691,TRUE,"","NULL","",4.54799999999989
4109,8321060,2,0.5,FALSE,NA,1,0.92,23,50,23,"!{size <= 35} & !{er <= 0}",686,246,304,0.443148688046647,TRUE,"","NULL","",5.66599999999994
4110,8321061,2,0.5,FALSE,NA,1,0.96,100,378,100,"!{meno} & !{er <= 30}",686,246,321,0.467930029154519,TRUE,"","NULL","",8.99000000000001
4111,8321062,2,0.5,FALSE,NA,1,0.98,182,440,182,"{nodes <= 3} & !{er <= 100}",686,246,304,0.443148688046647,TRUE,"","NULL","",8.52599999999995
4112,8321063,2,0.5,FALSE,NA,1,0.92,47,138,47,"!{grade3} & !{nodes <= 5}",686,246,301,0.438775510204082,TRUE,"","NULL","",3.96199999999999
4113,8321064,2,0.5,FALSE,NA,1,0.83,16,70,16,"{size <= 20} & {er <= 174}",686,246,329,0.479591836734694,TRUE,"","NULL","",5.48000000000002
4114,8321065,2,0.5,FALSE,NA,1,0.79,13,45,13,"{size <= 20} & {er <= 100}",686,246,303,0.441690962099125,TRUE,"","NULL","",4.80200000000002
4115,8321066,2,0.5,FALSE,NA,1,0.91,8,41,8,"!{nodes <= 7} & !{pgr <= 8}",686,246,298,0.434402332361516,TRUE,"","NULL","",4.87899999999991
4116,8321067,2,0.5,FALSE,NA,1,0.77,2,30,2,"!{size <= 29} & {er <= 17}",686,246,300,0.43731778425656,TRUE,"","NULL","",4.30100000000004
4117,8321068,2,0.5,FALSE,NA,1,0.86,13,116,13,"{size <= 29} & {er <= 3}",686,246,304,0.443148688046647,TRUE,"","NULL","",6.46699999999998
4118,8321069,2,0.5,FALSE,NA,1,0.62,1,11,1,"{pgr <= 8} & !{pgr <= 2}",686,246,288,0.419825072886297,TRUE,"","NULL","",4.03199999999993
4119,8321070,2,0.5,FALSE,NA,1,0.98,57,234,57,"{nodes <= 1} & {er <= 17}",686,246,317,0.462099125364431,TRUE,"","NULL","",7.37199999999996
4120,8321071,2,0.5,FALSE,NA,1,0.97,23,61,23,"{age <= 46} & {size <= 35}",686,246,282,0.411078717201166,TRUE,"","NULL","",4.07499999999993
4121,8321072,2,0.5,FALSE,NA,1,0.92,23,101,23,"{age <= 46} & !{grade3}",686,246,272,0.396501457725948,TRUE,"","NULL","",5.99300000000005
4122,8321073,2,0.5,FALSE,NA,1,0.93,36,270,36,"{nodes <= 7} & !{pgr <= 184}",686,246,290,0.422740524781341,TRUE,"","NULL","",7.70500000000004
4123,8321074,2,0.5,FALSE,NA,1,0.99,56,241,56,"{nodes <= 7} & !{nodes <= 5}",686,246,303,0.441690962099125,TRUE,"","NULL","",6.98300000000006
4124,8321075,2,0.5,FALSE,NA,1,0.9,28,135,28,"{size <= 35} & {age <= 46}",686,246,301,0.438775510204082,TRUE,"","NULL","",4.13200000000006
4125,8321076,2,0.5,FALSE,NA,1,0.99,95,341,95,"!{er <= 9} & {er <= 17}",686,246,305,0.444606413994169,TRUE,"","NULL","",9.48000000000002
4126,8321077,2,0.5,FALSE,NA,1,0.76,3,29,3,"{pgr <= 0} & !{age <= 46}",686,246,311,0.4533527696793,TRUE,"","NULL","",4.71900000000005
4127,8321078,2,0.5,FALSE,NA,1,0.96,25,83,25,"!{size <= 29} & !{er <= 70}",686,246,289,0.421282798833819,TRUE,"","NULL","",5.39199999999994
4128,8321079,2,0.5,FALSE,NA,1,0.95,15,57,15,"{er <= 100} & !{er <= 70}",686,246,307,0.447521865889213,TRUE,"","NULL","",3.63799999999992
4129,8321080,2,0.5,FALSE,NA,1,0.82,11,68,11,"!{pgr <= 77} & {nodes <= 3}",686,246,280,0.408163265306122,TRUE,"","NULL","",5.63699999999994
4130,8321081,2,0.5,FALSE,NA,1,0.92,6,33,6,"!{er <= 44} & {er <= 70}",686,246,293,0.427113702623907,TRUE,"","NULL","",4.68899999999996
4131,8321082,2,0.5,FALSE,NA,1,0.96,67,190,67,"!{nodes <= 5} & !{er <= 70}",686,246,320,0.466472303206997,TRUE,"","NULL","",6.726
4132,8321083,2,0.5,FALSE,NA,1,0.99,46,192,46,"{er <= 17} & !{er <= 9}",686,246,306,0.446064139941691,TRUE,"","NULL","",5.505
4133,8321084,2,0.5,FALSE,NA,1,0.9,22,92,22,"{nodes <= 7} & !{pgr <= 114}",686,246,303,0.441690962099125,TRUE,"","NULL","",5.93500000000006
4134,8321085,2,0.5,FALSE,NA,0,NA,0,10,0,"",686,246,322,0.469387755102041,TRUE,"","NULL","",4.67500000000007
4135,8321086,2,0.5,FALSE,NA,1,0.95,4,29,4,"!{er <= 9} & {er <= 17}",686,246,323,0.470845481049563,TRUE,"","NULL","",4.67600000000004
4136,8321087,2,0.5,FALSE,NA,1,0.56,2,14,2,"!{er <= 17} & !{nodes <= 5}",686,246,296,0.431486880466472,TRUE,"","NULL","",3.96300000000008
4137,8321088,2,0.5,FALSE,NA,1,0.56,1,35,1,"!{grade3} & !{er <= 174}",686,246,309,0.450437317784257,TRUE,"","NULL","",4.846
4138,8321089,2,0.5,FALSE,NA,1,1,154,311,154,"{er <= 9} & {nodes <= 5}",686,246,334,0.486880466472303,TRUE,"","NULL","",8.35599999999999
4139,8321090,2,0.5,FALSE,NA,1,0.84,29,136,29,"!{nodes <= 5} & !{grade3}",686,246,310,0.451895043731778,TRUE,"","NULL","",5.64800000000002
4140,8321091,2,0.5,FALSE,NA,1,0.97,20,59,20,"{age <= 46} & {pgr <= 16}",686,246,315,0.459183673469388,TRUE,"","NULL","",3.89400000000001
4141,8321092,2,0.5,FALSE,NA,1,0.99,66,230,66,"!{size <= 35} & {nodes <= 5}",686,246,284,0.41399416909621,TRUE,"","NULL","",7.49599999999998
4142,8321093,2,0.5,FALSE,NA,1,0.89,5,30,5,"{pgr <= 26} & !{nodes <= 7}",686,246,320,0.466472303206997,TRUE,"","NULL","",4.35199999999998
4143,8321094,2,0.5,FALSE,NA,1,0.68,3,34,3,"{grade3} & {age <= 61}",686,246,316,0.46064139941691,TRUE,"","NULL","",4.82900000000006
4144,8321095,2,0.5,FALSE,NA,1,0.73,2,11,2,"!{nodes <= 5} & {size <= 25}",686,246,292,0.425655976676385,TRUE,"","NULL","",3.85500000000002
4145,8321096,2,0.5,FALSE,NA,1,0.91,8,61,8,"{pgr <= 114} & !{pgr <= 77}",686,246,314,0.457725947521866,TRUE,"","NULL","",5.52099999999996
4146,8321097,2,0.5,FALSE,NA,1,0.75,9,44,9,"{grade3} & {pgr <= 26}",686,246,306,0.446064139941691,TRUE,"","NULL","",4.94200000000001
4147,8321098,2,0.5,FALSE,NA,1,0.86,14,53,14,"{grade3} & {pgr <= 16}",686,246,292,0.425655976676385,TRUE,"","NULL","",4.99799999999993
4148,8321099,2,0.5,FALSE,NA,1,0.69,10,105,10,"{age <= 53} & {pgr <= 114}",686,246,311,0.4533527696793,TRUE,"","NULL","Loglik converged before variable  1 ; coefficient may be infinite.  | Loglik converged before variable  1 ; coefficient may be infinite. ",5.04699999999991
4149,8321100,2,0.5,FALSE,NA,1,0.98,97,308,97,"!{pgr <= 26} & {age <= 46}",686,246,309,0.450437317784257,TRUE,"","NULL","",8.69800000000009
4150,8321101,2,0.5,FALSE,NA,0,NA,0,9,0,"",686,246,314,0.457725947521866,TRUE,"","NULL","",4.54300000000001
4151,8321102,2,0.5,FALSE,NA,1,0.91,3,61,3,"!{pgr <= 0} & {er <= 3}",686,246,310,0.451895043731778,TRUE,"","NULL","",5.16999999999996
4152,8321103,2,0.5,FALSE,NA,1,0.92,2,16,2,"!{meno} & !{nodes <= 5}",686,246,282,0.411078717201166,TRUE,"","NULL","",3.60900000000004
4153,8321104,2,0.5,FALSE,NA,1,0.89,28,96,28,"!{pgr <= 45} & {er <= 70}",686,246,294,0.428571428571429,TRUE,"","NULL","",6.01699999999994
4154,8321105,2,0.5,FALSE,NA,1,0.79,25,96,25,"!{er <= 30} & !{pgr <= 114}",686,246,292,0.425655976676385,TRUE,"","NULL","",5.279
4155,8321106,2,0.5,FALSE,NA,1,0.8,13,67,13,"!{er <= 3} & {pgr <= 16}",686,246,304,0.443148688046647,TRUE,"","NULL","",5.00700000000006
4156,8321107,2,0.5,FALSE,NA,1,0.91,17,102,17,"!{er <= 174} & !{nodes <= 1}",686,246,321,0.467930029154519,TRUE,"","NULL","",5.22500000000002
4157,8321108,2,0.5,FALSE,NA,1,0.85,9,80,9,"!{er <= 100} & {size <= 25}",686,246,297,0.432944606413994,TRUE,"","NULL","",6.27300000000002
4158,8321109,2,0.5,FALSE,NA,0,NA,0,7,0,"",686,246,296,0.431486880466472,TRUE,"","NULL","",4.13400000000001
4159,8321110,2,0.5,FALSE,NA,1,0.68,10,71,10,"!{er <= 44} & {pgr <= 77}",686,246,315,0.459183673469388,TRUE,"","NULL","",5.24399999999991
4160,8321111,2,0.5,FALSE,NA,1,0.66,6,50,6,"!{pgr <= 77} & {er <= 100}",686,246,314,0.457725947521866,TRUE,"","NULL","",4.58199999999999
4161,8321112,2,0.5,FALSE,NA,1,0.96,21,115,21,"!{pgr <= 26} & !{nodes <= 5}",686,246,318,0.463556851311953,TRUE,"","NULL","",6.85399999999993
4162,8321113,2,0.5,FALSE,NA,1,0.73,14,108,14,"{age <= 53} & {pgr <= 16}",686,246,314,0.457725947521866,TRUE,"","NULL","",5.71999999999991
4163,8321114,2,0.5,FALSE,NA,1,0.68,3,17,3,"{nodes <= 3} & !{er <= 100}",686,246,321,0.467930029154519,TRUE,"","NULL","",4.42399999999998
4164,8321115,2,0.5,FALSE,NA,1,0.92,7,70,7,"{age <= 46} & !{size <= 25}",686,246,285,0.415451895043732,TRUE,"","NULL","",4.42099999999994
4165,8321116,2,0.5,FALSE,NA,1,0.86,37,129,37,"!{size <= 25} & {er <= 30}",686,246,300,0.43731778425656,TRUE,"","NULL","",6.34199999999998
4166,8321117,2,0.5,FALSE,NA,1,0.77,6,41,6,"{size <= 25} & {pgr <= 8}",686,246,292,0.425655976676385,TRUE,"","NULL","",4.82900000000006
4167,8321118,2,0.5,FALSE,NA,1,0.89,38,195,38,"!{age <= 46} & {age <= 53}",686,246,287,0.418367346938776,TRUE,"","NULL","",6.84300000000007
4168,8321119,2,0.5,FALSE,NA,1,0.87,14,62,14,"{age <= 46} & !{size <= 25}",686,246,297,0.432944606413994,TRUE,"","NULL","",4.11699999999996
4169,8321120,2,0.5,FALSE,NA,1,0.89,20,92,20,"!{pgr <= 184}",686,246,294,0.428571428571429,TRUE,"","NULL","",6.07799999999997
4170,8321121,2,0.5,FALSE,NA,1,0.98,132,422,132,"!{pgr <= 184} & !{grade3}",686,246,315,0.459183673469388,TRUE,"","NULL","",9.57099999999991
4171,8321122,2,0.5,FALSE,NA,1,0.83,21,128,21,"!{pgr <= 184} & {nodes <= 7}",686,246,304,0.443148688046647,TRUE,"","NULL","",5.09100000000001
4172,8321123,2,0.5,FALSE,NA,1,0.93,14,81,14,"!{er <= 30} & {age <= 53}",686,246,280,0.408163265306122,TRUE,"","NULL","",3.58899999999994
4173,8321124,2,0.5,FALSE,NA,1,0.74,18,94,18,"!{size <= 29} & {pgr <= 45}",686,246,302,0.440233236151603,TRUE,"","NULL","",5.83799999999997
4174,8321125,2,0.5,FALSE,NA,1,0.94,19,104,19,"{er <= 0} & {size <= 35}",686,246,316,0.46064139941691,TRUE,"","NULL","",5.71400000000006
4175,8321126,2,0.5,FALSE,NA,1,0.94,3,27,3,"{size <= 29} & {pgr <= 2}",686,246,323,0.470845481049563,TRUE,"","NULL","",4.40499999999997
4176,8321127,2,0.5,FALSE,NA,1,0.9,69,262,69,"!{pgr <= 184} & !{er <= 17}",686,246,316,0.46064139941691,TRUE,"","NULL","",6.39599999999996
4177,8321128,2,0.5,FALSE,NA,1,0.83,15,65,15,"{er <= 44} & !{size <= 35}",686,246,330,0.481049562682216,TRUE,"","NULL","",5.45000000000005
4178,8321129,2,0.5,FALSE,NA,1,0.71,13,68,13,"{pgr <= 2} & !{age <= 46}",686,246,285,0.415451895043732,TRUE,"","NULL","",5.47699999999998
4179,8321130,2,0.5,FALSE,NA,1,0.74,3,29,3,"!{nodes <= 1} & !{pgr <= 114}",686,246,285,0.415451895043732,TRUE,"","NULL","",4.16600000000005
4180,8321131,2,0.5,FALSE,NA,1,0.97,43,126,43,"!{pgr <= 184} & {nodes <= 7}",686,246,307,0.447521865889213,TRUE,"","NULL","",5.30200000000002
4181,8321132,2,0.5,FALSE,NA,1,0.83,8,93,8,"!{meno} & {pgr <= 45}",686,246,275,0.400874635568513,TRUE,"","NULL","",5.86599999999999
4182,8321133,2,0.5,FALSE,NA,0,NA,0,9,0,"",686,246,304,0.443148688046647,TRUE,"","NULL","",4.27200000000005
4183,8321134,2,0.5,FALSE,NA,1,0.88,16,81,16,"!{pgr <= 45} & {pgr <= 114}",686,246,295,0.43002915451895,TRUE,"","NULL","",5.73400000000004
4184,8321135,2,0.5,FALSE,NA,1,0.83,15,66,15,"!{size <= 20} & {pgr <= 2}",686,246,289,0.421282798833819,TRUE,"","NULL","",4.4079999999999
4185,8321136,2,0.5,FALSE,NA,1,0.55,1,24,1,"!{age <= 61} & {er <= 44}",686,246,300,0.43731778425656,TRUE,"","NULL","",5.10700000000008
4186,8321137,2,0.5,FALSE,NA,1,0.91,7,27,7,"!{nodes <= 1} & {size <= 20}",686,246,287,0.418367346938776,TRUE,"","NULL","",4.50900000000001
4187,8321138,2,0.5,FALSE,NA,1,0.99,76,313,76,"{er <= 17} & {size <= 20}",686,246,298,0.434402332361516,TRUE,"","NULL","",8.476
4188,8321139,2,0.5,FALSE,NA,1,0.79,7,36,7,"!{er <= 3} & {age <= 46}",686,246,296,0.431486880466472,TRUE,"","NULL","",4.04300000000001
4189,8321140,2,0.5,FALSE,NA,1,0.97,95,369,95,"!{er <= 70} & {er <= 100}",686,246,294,0.428571428571429,TRUE,"","NULL","Loglik converged before variable  1 ; coefficient may be infinite.  | Loglik converged before variable  1 ; coefficient may be infinite. ",9.21699999999998
4190,8321141,2,0.5,FALSE,NA,1,0.84,2,13,2,"!{pgr <= 184} & {size <= 35}",686,246,287,0.418367346938776,TRUE,"","NULL","",4.23699999999997
4191,8321142,2,0.5,FALSE,NA,1,0.92,83,331,83,"{nodes <= 3} & !{age <= 53}",686,246,271,0.395043731778426,TRUE,"","NULL","",7.38400000000001
4192,8321143,2,0.5,FALSE,NA,1,0.92,25,205,25,"!{er <= 30} & {size <= 20}",686,246,293,0.427113702623907,TRUE,"","NULL","",4.49800000000005
4193,8321144,2,0.5,FALSE,NA,1,0.96,52,163,52,"{age <= 53} & {meno}",686,246,293,0.427113702623907,TRUE,"","NULL","",7.29499999999996
4194,8321145,2,0.5,FALSE,NA,1,0.71,2,27,2,"{size <= 25} & !{pgr <= 114}",686,246,305,0.444606413994169,TRUE,"","NULL","",4.35700000000008
4195,8321146,2,0.5,FALSE,NA,1,0.97,37,153,37,"{er <= 17} & !{er <= 9}",686,246,298,0.434402332361516,TRUE,"","NULL","",6.31799999999998
4196,8321147,2,0.5,FALSE,NA,1,0.93,14,95,14,"!{size <= 35} & !{pgr <= 45}",686,246,283,0.412536443148688,TRUE,"","NULL","",4.28800000000001
4197,8321148,2,0.5,FALSE,NA,1,0.73,3,27,3,"!{pgr <= 45} & !{nodes <= 5}",686,246,290,0.422740524781341,TRUE,"","NULL","",4.99099999999999
4198,8321149,2,0.5,FALSE,NA,1,0.89,19,67,19,"{meno} & {er <= 17}",686,246,297,0.432944606413994,TRUE,"","NULL","",5.08300000000008
4199,8321150,2,0.5,FALSE,NA,1,0.74,2,26,2,"!{er <= 174} & !{nodes <= 1}",686,246,289,0.421282798833819,TRUE,"","NULL","",4.38999999999999
4200,8321151,2,0.5,FALSE,NA,1,0.91,19,139,19,"{nodes <= 3} & !{meno}",686,246,312,0.454810495626822,TRUE,"","NULL","",5.62599999999998
4201,8321152,2,0.5,FALSE,NA,1,0.94,42,115,42,"!{pgr <= 114} & {size <= 25}",686,246,308,0.448979591836735,TRUE,"","NULL","",6.50999999999999
4202,8321153,2,0.5,FALSE,NA,1,0.85,6,32,6,"!{nodes <= 7} & {age <= 53}",686,246,309,0.450437317784257,TRUE,"","NULL","Loglik converged before variable  1 ; coefficient may be infinite.  | Loglik converged before variable  1 ; coefficient may be infinite. ",4.74200000000008
4203,8321154,2,0.5,FALSE,NA,1,0.99,47,194,47,"{er <= 3} & !{pgr <= 0}",686,246,297,0.432944606413994,TRUE,"","NULL","",7.05700000000002
4204,8321155,2,0.5,FALSE,NA,1,0.99,148,417,148,"{pgr <= 77} & !{meno}",686,246,320,0.466472303206997,TRUE,"","NULL","",6.91700000000003
4205,8321156,2,0.5,FALSE,NA,1,0.98,125,329,125,"!{pgr <= 77} & !{age <= 53}",686,246,312,0.454810495626822,TRUE,"","NULL","",8.93200000000002
4206,8321157,2,0.5,FALSE,NA,1,0.94,16,49,16,"!{pgr <= 77} & {er <= 100}",686,246,304,0.443148688046647,TRUE,"","NULL","",5.04899999999998
4207,8321158,2,0.5,FALSE,NA,1,1,11,88,11,"{pgr <= 16} & !{pgr <= 8}",686,246,301,0.438775510204082,TRUE,"","NULL","",5.32400000000007
4208,8321159,2,0.5,FALSE,NA,1,0.94,8,30,8,"{age <= 53} & {size <= 20}",686,246,287,0.418367346938776,TRUE,"","NULL","",3.63900000000001
4209,8321160,2,0.5,FALSE,NA,1,1,80,255,80,"{grade3} & {er <= 3}",686,246,299,0.435860058309038,TRUE,"","NULL","",8.04200000000003
4210,8321161,2,0.5,FALSE,NA,1,0.83,8,63,8,"{size <= 20} & !{nodes <= 1}",686,246,303,0.441690962099125,TRUE,"","NULL","",4.89300000000003
4211,8321162,2,0.5,FALSE,NA,1,0.88,13,113,13,"!{er <= 44} & {age <= 61}",686,246,311,0.4533527696793,TRUE,"","NULL","",6.28700000000003
4212,8321163,2,0.5,FALSE,NA,1,0.86,11,38,11,"!{pgr <= 114} & {size <= 25}",686,246,295,0.43002915451895,TRUE,"","NULL","",3.51800000000003
4213,8321164,2,0.5,FALSE,NA,0,NA,0,6,0,"",686,246,303,0.441690962099125,TRUE,"","NULL","",4.64699999999993
4214,8321165,2,0.5,FALSE,NA,1,0.76,19,62,19,"{size <= 25} & {pgr <= 16}",686,246,310,0.451895043731778,TRUE,"","NULL","",5.05899999999997
4215,8321166,2,0.5,FALSE,NA,1,0.93,79,231,79,"!{pgr <= 77} & {age <= 53}",686,246,306,0.446064139941691,TRUE,"","NULL","",7.404
4216,8321167,2,0.5,FALSE,NA,1,0.86,26,131,26,"!{pgr <= 77} & !{er <= 70}",686,246,300,0.43731778425656,TRUE,"","NULL","",4.77599999999995
4217,8321168,2,0.5,FALSE,NA,1,0.95,68,232,68,"!{pgr <= 77} & !{nodes <= 1}",686,246,295,0.43002915451895,TRUE,"","NULL","",7.91499999999996
4218,8321169,2,0.5,FALSE,NA,1,0.87,24,82,24,"!{size <= 35} & {age <= 61}",686,246,290,0.422740524781341,TRUE,"","NULL","",5.02200000000005
4219,8321170,2,0.5,FALSE,NA,1,0.91,29,100,29,"{nodes <= 1} & {pgr <= 77}",686,246,313,0.456268221574344,TRUE,"","NULL","",5.13400000000001
4220,8321171,2,0.5,FALSE,NA,1,0.95,19,83,19,"{er <= 9} & {nodes <= 7}",686,246,272,0.396501457725948,TRUE,"","NULL","",4.14400000000001
4221,8321172,2,0.5,FALSE,NA,1,0.58,2,11,2,"!{nodes <= 7} & !{size <= 25}",686,246,323,0.470845481049563,TRUE,"","NULL","",4.83199999999999
4222,8321173,2,0.5,FALSE,NA,1,0.85,33,113,33,"!{pgr <= 77} & {er <= 44}",686,246,314,0.457725947521866,TRUE,"","NULL","",5.83600000000001
4223,8321174,2,0.5,FALSE,NA,1,0.91,7,30,7,"!{pgr <= 16} & {age <= 46}",686,246,302,0.440233236151603,TRUE,"","NULL","",4.78399999999999
4224,8321175,2,0.5,FALSE,NA,1,0.99,33,100,33,"!{meno} & {size <= 20}",686,246,307,0.447521865889213,TRUE,"","NULL","",5.45399999999995
4225,8321176,2,0.5,FALSE,NA,1,0.95,16,69,16,"{age <= 53} & !{nodes <= 7}",686,246,293,0.427113702623907,TRUE,"","NULL","",6.08100000000002
4226,8321177,2,0.5,FALSE,NA,1,0.92,97,391,97,"{age <= 53} & {pgr <= 45}",686,246,288,0.419825072886297,TRUE,"","NULL","",9.029
4227,8321178,2,0.5,FALSE,NA,1,0.99,38,87,38,"!{size <= 35} & {nodes <= 7}",686,246,311,0.4533527696793,TRUE,"","NULL","",5.28800000000001
4228,8321179,2,0.5,FALSE,NA,1,0.99,124,337,124,"{er <= 70} & !{nodes <= 7}",686,246,307,0.447521865889213,TRUE,"","NULL","",5.69099999999992
4229,8321180,2,0.5,FALSE,NA,1,0.81,35,144,35,"{age <= 53} & {size <= 29}",686,246,294,0.428571428571429,TRUE,"","NULL","",6.21899999999994
4230,8321181,2,0.5,FALSE,NA,1,0.72,4,25,4,"!{grade3} & {age <= 46}",686,246,283,0.412536443148688,TRUE,"","NULL","",3.97799999999995
4231,8321182,2,0.5,FALSE,NA,1,0.94,24,100,24,"{er <= 3} & {pgr <= 2}",686,246,305,0.444606413994169,TRUE,"","NULL","",5.95499999999993
4232,8321183,2,0.5,FALSE,NA,1,0.97,36,111,36,"!{size <= 25} & {size <= 35}",686,246,284,0.41399416909621,TRUE,"","NULL","",4.95600000000002
4233,8321184,2,0.5,FALSE,NA,1,0.75,4,35,4,"{size <= 29} & !{er <= 100}",686,246,301,0.438775510204082,TRUE,"","NULL","",4.86400000000003
4234,8321185,2,0.5,FALSE,NA,1,0.66,9,38,9,"!{pgr <= 8} & !{er <= 174}",686,246,286,0.416909620991254,TRUE,"","NULL","",4.85300000000007
4235,8321186,2,0.5,FALSE,NA,1,0.98,174,475,174,"{size <= 25} & {er <= 9}",686,246,296,0.431486880466472,TRUE,"","NULL","",10.374
4236,8321187,2,0.5,FALSE,NA,1,0.87,16,82,16,"{pgr <= 114} & !{pgr <= 45}",686,246,307,0.447521865889213,TRUE,"","NULL","",3.86500000000001
4237,8321188,2,0.5,FALSE,NA,1,0.9,3,13,3,"{er <= 17} & !{er <= 9}",686,246,308,0.448979591836735,TRUE,"","NULL","",4.63499999999999
4238,8321189,2,0.5,FALSE,NA,1,0.99,38,149,38,"!{er <= 174} & !{pgr <= 16}",686,246,300,0.43731778425656,TRUE,"","NULL","",5.96100000000001
4239,8321190,2,0.5,FALSE,NA,1,0.98,102,308,102,"{nodes <= 5} & {size <= 20}",686,246,289,0.421282798833819,TRUE,"","NULL","",8.01499999999999
4240,8321191,2,0.5,FALSE,NA,1,0.65,2,26,2,"{er <= 17} & !{size <= 25}",686,246,316,0.46064139941691,TRUE,"","NULL","",3.79300000000001
4241,8321192,2,0.5,FALSE,NA,1,0.86,10,63,10,"!{meno} & {pgr <= 16}",686,246,319,0.465014577259475,TRUE,"","NULL","",5.63099999999997
4242,8321193,2,0.5,FALSE,NA,1,0.91,9,34,9,"!{pgr <= 45} & {er <= 70}",686,246,298,0.434402332361516,TRUE,"","NULL","",4.42200000000003
4243,8321194,2,0.5,FALSE,NA,1,0.91,8,32,8,"{size <= 29} & !{er <= 100}",686,246,290,0.422740524781341,TRUE,"","NULL","",4.59799999999996
4244,8321195,2,0.5,FALSE,NA,0,NA,0,9,0,"",686,246,295,0.43002915451895,TRUE,"","NULL","",4.13199999999995
4245,8321196,2,0.5,FALSE,NA,1,0.71,3,53,3,"!{size <= 20} & {er <= 17}",686,246,291,0.424198250728863,TRUE,"","NULL","",5.072
4246,8321197,2,0.5,FALSE,NA,1,0.65,2,10,2,"{grade3} & {er <= 3}",686,246,307,0.447521865889213,TRUE,"","NULL","",4.68399999999997
4247,8321198,2,0.5,FALSE,NA,1,0.8,13,68,13,"!{pgr <= 77} & {size <= 29}",686,246,276,0.402332361516035,TRUE,"","NULL","",5.51499999999999
4248,8321199,2,0.5,FALSE,NA,0,NA,0,4,0,"",686,246,302,0.440233236151603,TRUE,"","NULL","",4.23599999999999
4249,8321200,2,0.5,FALSE,NA,0,NA,0,12,0,"",686,246,297,0.432944606413994,TRUE,"","NULL","",4.43499999999995
4250,8321201,2,0.5,FALSE,NA,1,0.92,26,100,26,"!{size <= 25} & {er <= 9}",686,246,310,0.451895043731778,TRUE,"","NULL","",5.60199999999998
4251,8321202,2,0.5,FALSE,NA,1,0.68,3,40,3,"!{pgr <= 16} & {pgr <= 45}",686,246,309,0.450437317784257,TRUE,"","NULL","",4.98800000000006
4252,8321203,2,0.5,FALSE,NA,1,0.88,20,68,20,"!{size <= 29} & {er <= 9}",686,246,306,0.446064139941691,TRUE,"","NULL","",4.97899999999993
4253,8321204,2,0.5,FALSE,NA,1,0.97,83,306,83,"{age <= 46} & {nodes <= 5}",686,246,307,0.447521865889213,TRUE,"","NULL","Loglik converged before variable  1 ; coefficient may be infinite.  | Loglik converged before variable  1 ; coefficient may be infinite. ",8.28199999999993
4254,8321205,2,0.5,FALSE,NA,1,0.86,5,8,5,"!{pgr <= 77} & {er <= 100}",686,246,284,0.41399416909621,TRUE,"","NULL","",4.12699999999995
4255,8321206,2,0.5,FALSE,NA,1,0.97,62,174,62,"{size <= 25} & !{size <= 20}",686,246,315,0.459183673469388,TRUE,"","NULL","",6.25099999999998
4256,8321207,2,0.5,FALSE,NA,1,0.75,3,20,3,"{size <= 20} & !{er <= 30}",686,246,310,0.451895043731778,TRUE,"","NULL","",3.59699999999998
4257,8321208,2,0.5,FALSE,NA,1,0.95,39,144,39,"!{meno} & !{pgr <= 45}",686,246,299,0.435860058309038,TRUE,"","NULL","",6.70299999999997
4258,8321209,2,0.5,FALSE,NA,1,0.94,28,140,28,"!{pgr <= 77} & {pgr <= 114}",686,246,305,0.444606413994169,TRUE,"","NULL","",6.00700000000006
4259,8321210,2,0.5,FALSE,NA,1,0.63,3,36,3,"{age <= 53} & {pgr <= 114}",686,246,286,0.416909620991254,TRUE,"","NULL","",4.62599999999998
4260,8321211,2,0.5,FALSE,NA,1,0.95,15,79,15,"!{er <= 17} & {er <= 30}",686,246,324,0.472303206997085,TRUE,"","NULL","",4.73099999999999
4261,8321212,2,0.5,FALSE,NA,1,1,17,86,17,"!{er <= 44} & !{meno}",686,246,273,0.397959183673469,TRUE,"","NULL","",5.59300000000007
4262,8321213,2,0.5,FALSE,NA,1,0.86,13,73,13,"{pgr <= 0} & {er <= 9}",686,246,305,0.444606413994169,TRUE,"","NULL","",5.33299999999997
4263,8321214,2,0.5,FALSE,NA,0,NA,0,6,0,"",686,246,298,0.434402332361516,TRUE,"","NULL","",4.25900000000001
4264,8321215,2,0.5,FALSE,NA,1,0.98,90,294,90,"{grade3} & {pgr <= 114}",686,246,302,0.440233236151603,TRUE,"","NULL","",7.21100000000001
4265,8321216,2,0.5,FALSE,NA,1,1,40,125,40,"!{size <= 25} & {age <= 46}",686,246,308,0.448979591836735,TRUE,"","NULL","",6.54999999999995
4266,8321217,2,0.5,FALSE,NA,1,0.96,57,192,57,"!{size <= 29} & {size <= 35}",686,246,284,0.41399416909621,TRUE,"","NULL","",6.13599999999997
4267,8321218,2,0.5,FALSE,NA,1,0.8,3,36,3,"!{size <= 35} & !{nodes <= 5}",686,246,301,0.438775510204082,TRUE,"","NULL","",4.51099999999997
4268,8321219,2,0.5,FALSE,NA,1,0.97,21,109,21,"!{nodes <= 5} & !{meno}",686,246,286,0.416909620991254,TRUE,"","NULL","",4.55700000000002
4269,8321220,2,0.5,FALSE,NA,1,0.95,38,135,38,"{pgr <= 26} & !{er <= 44}",686,246,317,0.462099125364431,TRUE,"","NULL","",7.16099999999994
4270,8321221,2,0.5,FALSE,NA,1,0.65,6,36,6,"!{er <= 30} & {age <= 53}",686,246,307,0.447521865889213,TRUE,"","NULL","",4.36399999999992
4271,8321222,2,0.5,FALSE,NA,1,0.78,2,12,2,"{age <= 61} & {pgr <= 0}",686,246,298,0.434402332361516,TRUE,"","NULL","",3.98399999999992
4272,8321223,2,0.5,FALSE,NA,1,0.93,22,102,22,"!{pgr <= 45} & !{size <= 35}",686,246,295,0.43002915451895,TRUE,"","NULL","",5.02800000000002
4273,8321224,2,0.5,FALSE,NA,1,1,45,299,45,"!{er <= 9} & {er <= 17}",686,246,294,0.428571428571429,TRUE,"","NULL","",8.64100000000008
4274,8321225,2,0.5,FALSE,NA,1,1,70,196,70,"{pgr <= 26} & !{er <= 30}",686,246,280,0.408163265306122,TRUE,"","NULL","",6.06100000000004
4275,8321226,2,0.5,FALSE,NA,1,0.86,4,33,4,"!{er <= 70} & {er <= 174}",686,246,322,0.469387755102041,TRUE,"","NULL","",4.61599999999999
4276,8321227,2,0.5,FALSE,NA,1,0.95,20,68,20,"{size <= 20} & {er <= 17}",686,246,308,0.448979591836735,TRUE,"","NULL","",3.83399999999995
4277,8321228,2,0.5,FALSE,NA,1,0.85,12,91,12,"!{nodes <= 5} & !{pgr <= 16}",686,246,290,0.422740524781341,TRUE,"","NULL","",5.98800000000006
4278,8321229,2,0.5,FALSE,NA,0,NA,0,5,0,"",686,246,297,0.432944606413994,TRUE,"","NULL","",4.26800000000003
4279,8321230,2,0.5,FALSE,NA,1,0.58,2,22,2,"!{pgr <= 45} & {er <= 44}",686,246,283,0.412536443148688,TRUE,"","NULL","",4.702
4280,8321231,2,0.5,FALSE,NA,0,NA,0,3,0,"",686,246,303,0.441690962099125,TRUE,"","NULL","",4.29200000000003
4281,8321232,2,0.5,FALSE,NA,1,0.79,18,124,18,"!{er <= 100} & {meno}",686,246,318,0.463556851311953,TRUE,"","NULL","",6.23799999999994
4282,8321233,2,0.5,FALSE,NA,1,0.71,2,26,2,"{grade3} & {age <= 53}",686,246,304,0.443148688046647,TRUE,"","NULL","",4.48699999999997
4283,8321234,2,0.5,FALSE,NA,1,0.72,9,50,9,"!{size <= 35} & {age <= 61}",686,246,305,0.444606413994169,TRUE,"","NULL","",4.95899999999995
4284,8321235,2,0.5,FALSE,NA,1,0.87,10,99,10,"{size <= 20} & !{er <= 30}",686,246,285,0.415451895043732,TRUE,"","NULL","",5.29199999999992
4285,8321236,2,0.5,FALSE,NA,1,0.96,16,67,16,"!{pgr <= 77} & {pgr <= 114}",686,246,301,0.438775510204082,TRUE,"","NULL","",5.58399999999995
4286,8321237,2,0.5,FALSE,NA,1,0.94,8,54,8,"!{age <= 53} & !{size <= 35}",686,246,304,0.443148688046647,TRUE,"","NULL","",5.08399999999995
4287,8321238,2,0.5,FALSE,NA,1,0.94,4,43,4,"!{pgr <= 45} & {pgr <= 114}",686,246,304,0.443148688046647,TRUE,"","NULL","",4.92399999999998
4288,8321239,2,0.5,FALSE,NA,1,0.98,33,126,33,"!{pgr <= 45} & {pgr <= 77}",686,246,288,0.419825072886297,TRUE,"","NULL","",5.34000000000003
4289,8321240,2,0.5,FALSE,NA,1,0.93,8,43,8,"{nodes <= 3} & !{age <= 61}",686,246,303,0.441690962099125,TRUE,"","NULL","",5.25099999999998
4290,8321241,2,0.5,FALSE,NA,1,0.82,10,54,10,"!{size <= 35} & {er <= 70}",686,246,319,0.465014577259475,TRUE,"","NULL","",5.04700000000003
4291,8321242,2,0.5,FALSE,NA,1,0.82,9,67,9,"!{nodes <= 1} & !{pgr <= 184}",686,246,290,0.422740524781341,TRUE,"","NULL","",5.03599999999994
4292,8321243,2,0.5,FALSE,NA,1,0.88,9,84,9,"{age <= 61} & {pgr <= 0}",686,246,293,0.427113702623907,TRUE,"","NULL","",5.2349999999999
4293,8321244,2,0.5,FALSE,NA,1,0.76,13,59,13,"!{pgr <= 184}",686,246,290,0.422740524781341,TRUE,"","NULL","",5.36799999999994
4294,8321245,2,0.5,FALSE,NA,1,0.52,2,21,2,"{size <= 29} & {age <= 53}",686,246,306,0.446064139941691,TRUE,"","NULL","",4.524
4295,8321246,2,0.5,FALSE,NA,1,0.91,6,43,6,"!{pgr <= 45} & !{age <= 53}",686,246,294,0.428571428571429,TRUE,"","NULL","",4.65600000000006
4296,8321247,2,0.5,FALSE,NA,1,0.77,6,32,6,"{nodes <= 3} & {size <= 20}",686,246,277,0.403790087463557,TRUE,"","NULL","",4.59100000000001
4297,8321248,2,0.5,FALSE,NA,0,NA,0,8,0,"",686,246,308,0.448979591836735,TRUE,"","NULL","",4.88400000000001
4298,8321249,2,0.5,FALSE,NA,1,0.95,18,89,18,"!{meno} & !{nodes <= 5}",686,246,308,0.448979591836735,TRUE,"","NULL","",5.40999999999997
4299,8321250,2,0.5,FALSE,NA,1,0.91,14,83,14,"{age <= 61} & !{er <= 70}",686,246,297,0.432944606413994,TRUE,"","NULL","",5.38999999999999
4300,8321251,2,0.5,FALSE,NA,1,0.77,3,15,3,"{pgr <= 8} & {size <= 29}",686,246,302,0.440233236151603,TRUE,"","NULL","",4.39700000000005
4301,8321252,2,0.5,FALSE,NA,1,0.85,2,19,2,"{size <= 25} & {grade3}",686,246,286,0.416909620991254,TRUE,"","NULL","",4.79100000000005
4302,8321253,2,0.5,FALSE,NA,1,0.9,22,106,22,"{nodes <= 1} & !{pgr <= 2}",686,246,325,0.473760932944606,TRUE,"","NULL","",5.93700000000001
4303,8321254,2,0.5,FALSE,NA,0,NA,0,10,0,"",686,246,305,0.444606413994169,TRUE,"","NULL","",4.63199999999995
4304,8321255,2,0.5,FALSE,NA,1,0.88,23,81,23,"{age <= 46} & {nodes <= 5}",686,246,297,0.432944606413994,TRUE,"","NULL","",5.12800000000004
4305,8321256,2,0.5,FALSE,NA,0,NA,0,4,0,"",686,246,311,0.4533527696793,TRUE,"","NULL","",4.80899999999997
4306,8321257,2,0.5,FALSE,NA,1,0.78,8,66,8,"!{nodes <= 1} & !{er <= 100}",686,246,312,0.454810495626822,TRUE,"","NULL","",5.16800000000001
4307,8321258,2,0.5,FALSE,NA,1,0.99,87,213,87,"{er <= 70} & !{pgr <= 45}",686,246,317,0.462099125364431,TRUE,"","NULL","",7.65099999999995
4308,8321259,2,0.5,FALSE,NA,1,0.95,80,208,80,"{size <= 20} & !{pgr <= 77}",686,246,274,0.399416909620991,TRUE,"","NULL","",5.33699999999999
4309,8321260,2,0.5,FALSE,NA,1,0.76,7,49,7,"{age <= 46} & {nodes <= 7}",686,246,304,0.443148688046647,TRUE,"","NULL","",5.82900000000006
4310,8321261,2,0.5,FALSE,NA,1,0.95,25,122,25,"!{grade3} & {er <= 3}",686,246,300,0.43731778425656,TRUE,"","NULL","",5.65200000000004
4311,8321262,2,0.5,FALSE,NA,1,0.77,5,33,5,"{nodes <= 1} & !{er <= 44}",686,246,286,0.416909620991254,TRUE,"","NULL","",4.63999999999999
4312,8321263,2,0.5,FALSE,NA,1,0.83,5,25,5,"{age <= 53} & !{pgr <= 77}",686,246,307,0.447521865889213,TRUE,"","NULL","",4.46199999999999
4313,8321264,2,0.5,FALSE,NA,1,0.92,93,424,93,"{size <= 29} & {age <= 46}",686,246,306,0.446064139941691,TRUE,"","NULL","",10.432
4314,8321265,2,0.5,FALSE,NA,1,0.99,71,167,71,"{nodes <= 1} & {er <= 70}",686,246,293,0.427113702623907,TRUE,"","NULL","",6.68399999999997
4315,8321266,2,0.5,FALSE,NA,1,0.99,66,179,66,"!{nodes <= 5} & {pgr <= 16}",686,246,288,0.419825072886297,TRUE,"","NULL","",5.38199999999995
4316,8321267,2,0.5,FALSE,NA,1,0.95,11,78,11,"{nodes <= 5} & {age <= 46}",686,246,291,0.424198250728863,TRUE,"","NULL","",3.44100000000003
4317,8321268,2,0.5,FALSE,NA,1,0.81,16,81,16,"{size <= 25} & {pgr <= 26}",686,246,309,0.450437317784257,TRUE,"","NULL","",6.33500000000004
4318,8321269,2,0.5,FALSE,NA,1,0.71,2,29,2,"!{grade3} & !{er <= 174}",686,246,295,0.43002915451895,TRUE,"","NULL","",4.35400000000004
4319,8321270,2,0.5,FALSE,NA,1,0.86,8,48,8,"{size <= 35} & {er <= 0}",686,246,302,0.440233236151603,TRUE,"","NULL","",4.84100000000001
4320,8321271,2,0.5,FALSE,NA,1,0.83,4,41,4,"!{meno} & {size <= 29}",686,246,296,0.431486880466472,TRUE,"","NULL","",4.61400000000003
4321,8321272,2,0.5,FALSE,NA,1,0.9,57,195,57,"{pgr <= 16} & {grade3}",686,246,277,0.403790087463557,TRUE,"","NULL","",7.53499999999997
4322,8321273,2,0.5,FALSE,NA,1,0.97,101,298,101,"{nodes <= 5} & {age <= 46}",686,246,286,0.416909620991254,TRUE,"","NULL","",7.81299999999999
4323,8321274,2,0.5,FALSE,NA,1,0.88,3,25,3,"{pgr <= 0} & !{age <= 46}",686,246,316,0.46064139941691,TRUE,"","NULL","",4.38900000000001
4324,8321275,2,0.5,FALSE,NA,1,0.78,27,134,27,"{size <= 25} & !{er <= 30}",686,246,297,0.432944606413994,TRUE,"","NULL","",4.3549999999999
4325,8321276,2,0.5,FALSE,NA,1,0.81,1,26,1,"{pgr <= 114} & !{pgr <= 77}",686,246,285,0.415451895043732,TRUE,"","NULL","",4.70100000000002
4326,8321277,2,0.5,FALSE,NA,1,0.66,2,13,2,"!{nodes <= 5} & !{size <= 35}",686,246,296,0.431486880466472,TRUE,"","NULL","",4.61199999999997
4327,8321278,2,0.5,FALSE,NA,1,0.93,21,86,21,"{pgr <= 2} & {size <= 29}",686,246,296,0.431486880466472,TRUE,"","NULL","",5.21299999999997
4328,8321279,2,0.5,FALSE,NA,1,0.99,134,381,134,"!{size <= 29} & {nodes <= 5}",686,246,303,0.441690962099125,TRUE,"","NULL","",7.94500000000005
4329,8321280,2,0.5,FALSE,NA,1,0.72,4,52,4,"{size <= 29} & !{age <= 61}",686,246,288,0.419825072886297,TRUE,"","NULL","",5.18799999999999
4330,8321281,2,0.5,FALSE,NA,1,0.88,8,66,8,"{age <= 53} & {pgr <= 2}",686,246,292,0.425655976676385,TRUE,"","NULL","",4.93500000000006
4331,8321282,2,0.5,FALSE,NA,1,0.94,21,101,21,"{grade3} & {er <= 44}",686,246,308,0.448979591836735,TRUE,"","NULL","",5.65000000000009
4332,8321283,2,0.5,FALSE,NA,1,0.9,27,96,27,"!{er <= 174} & !{pgr <= 26}",686,246,325,0.473760932944606,TRUE,"","NULL","",4.84300000000007
4333,8321284,2,0.5,FALSE,NA,1,0.8,4,75,4,"{er <= 17} & !{size <= 29}",686,246,300,0.43731778425656,TRUE,"","NULL","",5.47399999999993
4334,8321285,2,0.5,FALSE,NA,1,0.98,65,163,65,"{age <= 53} & !{er <= 44}",686,246,305,0.444606413994169,TRUE,"","NULL","",6.62099999999998
4335,8321286,2,0.5,FALSE,NA,1,0.9,32,167,32,"!{meno} & {pgr <= 77}",686,246,311,0.4533527696793,TRUE,"","NULL","",6.03100000000006
4336,8321287,2,0.5,FALSE,NA,1,0.74,6,31,6,"!{pgr <= 114} & {nodes <= 3}",686,246,294,0.428571428571429,TRUE,"","NULL","",3.68799999999999
4337,8321288,2,0.5,FALSE,NA,1,0.6,2,16,2,"{age <= 53} & {pgr <= 45}",686,246,300,0.43731778425656,TRUE,"","NULL","",4.73000000000002
4338,8321289,2,0.5,FALSE,NA,1,0.83,13,34,13,"{nodes <= 1} & !{pgr <= 16}",686,246,295,0.43002915451895,TRUE,"","NULL","",4.62600000000009
4339,8321290,2,0.5,FALSE,NA,1,0.96,7,58,7,"!{er <= 44} & {er <= 70}",686,246,297,0.432944606413994,TRUE,"","NULL","",4.90899999999999
4340,8321291,2,0.5,FALSE,NA,1,0.96,28,86,28,"{pgr <= 0} & {er <= 9}",686,246,313,0.456268221574344,TRUE,"","NULL","",5.572
4341,8321292,2,0.5,FALSE,NA,1,0.51,1,27,1,"{nodes <= 7} & {pgr <= 0}",686,246,301,0.438775510204082,TRUE,"","NULL","",4.745
4342,8321293,2,0.5,FALSE,NA,1,0.84,33,109,33,"!{pgr <= 114} & !{age <= 46}",686,246,319,0.465014577259475,TRUE,"","NULL","",6.05099999999993
4343,8321294,2,0.5,FALSE,NA,1,0.78,5,18,5,"!{pgr <= 184} & {nodes <= 7}",686,246,285,0.415451895043732,TRUE,"","NULL","",4.20299999999997
4344,8321295,2,0.5,FALSE,NA,1,0.57,1,18,1,"{age <= 53} & !{er <= 70}",686,246,305,0.444606413994169,TRUE,"","NULL","Loglik converged before variable  1 ; coefficient may be infinite.  | Loglik converged before variable  1 ; coefficient may be infinite. ",4.39100000000008
4345,8321296,2,0.5,FALSE,NA,1,0.98,59,193,59,"{pgr <= 16} & {age <= 53}",686,246,294,0.428571428571429,TRUE,"","NULL","",7.08899999999994
4346,8321297,2,0.5,FALSE,NA,1,0.79,17,86,17,"{nodes <= 7} & {er <= 3}",686,246,287,0.418367346938776,TRUE,"","NULL","",5.327
4347,8321298,2,0.5,FALSE,NA,0,NA,0,7,0,"",686,246,277,0.403790087463557,TRUE,"","NULL","",3.99599999999998
4348,8321299,2,0.5,FALSE,NA,1,0.98,89,321,89,"!{er <= 70} & !{pgr <= 114}",686,246,299,0.435860058309038,TRUE,"","NULL","",6.745
4349,8321300,2,0.5,FALSE,NA,1,0.59,1,14,1,"{age <= 53} & !{nodes <= 7}",686,246,325,0.473760932944606,TRUE,"","NULL","",5.0440000000001
4350,8321301,2,0.5,FALSE,NA,1,0.86,8,65,8,"!{grade3} & {age <= 46}",686,246,289,0.421282798833819,TRUE,"","NULL","",4.96199999999999
4351,8321302,2,0.5,FALSE,NA,1,0.93,5,32,5,"{er <= 30} & !{pgr <= 26}",686,246,325,0.473760932944606,TRUE,"","NULL","",4.93499999999995
4352,8321303,2,0.5,FALSE,NA,1,0.82,23,116,23,"{pgr <= 16} & !{size <= 25}",686,246,319,0.465014577259475,TRUE,"","NULL","",5.58399999999995
4353,8321304,2,0.5,FALSE,NA,0,NA,0,5,0,"",686,246,311,0.4533527696793,TRUE,"","NULL","",4.53499999999997
4354,8321305,2,0.5,FALSE,NA,1,0.98,112,293,112,"{er <= 17} & !{size <= 25}",686,246,295,0.43002915451895,TRUE,"","NULL","",8.48199999999997
4355,8321306,2,0.5,FALSE,NA,1,0.73,7,33,7,"{er <= 100} & {pgr <= 0}",686,246,313,0.456268221574344,TRUE,"","NULL","",4.54499999999996
4356,8321307,2,0.5,FALSE,NA,1,0.72,27,178,27,"!{pgr <= 77} & {er <= 174}",686,246,280,0.408163265306122,TRUE,"","NULL","",5.21500000000003
4357,8321308,2,0.5,FALSE,NA,1,0.97,17,81,17,"{age <= 53} & !{nodes <= 7}",686,246,292,0.425655976676385,TRUE,"","NULL","Loglik converged before variable  1 ; coefficient may be infinite.  | Loglik converged before variable  1 ; coefficient may be infinite. ",5.93100000000004
4358,8321309,2,0.5,FALSE,NA,1,0.82,25,157,25,"{er <= 30} & !{nodes <= 5}",686,246,302,0.440233236151603,TRUE,"","NULL","",6.678
4359,8321310,2,0.5,FALSE,NA,1,0.95,113,338,113,"{nodes <= 5} & {age <= 46}",686,246,298,0.434402332361516,TRUE,"","NULL","",8.18499999999995
4360,8321311,2,0.5,FALSE,NA,0,NA,0,19,0,"",686,246,313,0.456268221574344,TRUE,"","NULL","",3.27699999999993
4361,8321312,2,0.5,FALSE,NA,1,0.99,27,90,27,"!{er <= 70} & {pgr <= 114}",686,246,296,0.431486880466472,TRUE,"","NULL","",5.79599999999994
4362,8321313,2,0.5,FALSE,NA,0,NA,0,8,0,"",686,246,282,0.411078717201166,TRUE,"","NULL","",4.21400000000006
4363,8321314,2,0.5,FALSE,NA,1,0.86,16,44,16,"{age <= 46} & !{pgr <= 0}",686,246,297,0.432944606413994,TRUE,"","NULL","",4.71199999999999
4364,8321315,2,0.5,FALSE,NA,1,0.5,1,6,1,"!{pgr <= 114} & {meno}",686,246,293,0.427113702623907,TRUE,"","NULL","",4.221
4365,8321316,2,0.5,FALSE,NA,1,0.83,26,111,26,"!{grade3} & {size <= 20}",686,246,301,0.438775510204082,TRUE,"","NULL","",6.13300000000004
4366,8321317,2,0.5,FALSE,NA,1,0.97,39,153,39,"{er <= 44} & {nodes <= 1}",686,246,312,0.454810495626822,TRUE,"","NULL","",5.923
4367,8321318,2,0.5,FALSE,NA,1,0.97,25,117,25,"{nodes <= 7} & {age <= 46}",686,246,301,0.438775510204082,TRUE,"","NULL","",6.01699999999994
4368,8321319,2,0.5,FALSE,NA,1,0.96,17,45,17,"{grade3} & {er <= 9}",686,246,280,0.408163265306122,TRUE,"","NULL","",3.66700000000003
4369,8321320,2,0.5,FALSE,NA,1,0.7,4,36,4,"{size <= 25} & !{pgr <= 77}",686,246,269,0.392128279883382,TRUE,"","NULL","",5.01999999999998
4370,8321321,2,0.5,FALSE,NA,1,0.92,19,75,19,"!{er <= 44} & {pgr <= 77}",686,246,297,0.432944606413994,TRUE,"","NULL","",5.20499999999993
4371,8321322,2,0.5,FALSE,NA,1,0.83,21,76,21,"!{er <= 44} & {age <= 61}",686,246,291,0.424198250728863,TRUE,"","NULL","",5.11299999999994
4372,8321323,2,0.5,FALSE,NA,1,0.77,8,62,8,"{age <= 53} & !{age <= 46}",686,246,274,0.399416909620991,TRUE,"","NULL","",4.83699999999999
4373,8321324,2,0.5,FALSE,NA,1,0.96,112,333,112,"{age <= 61} & !{pgr <= 77}",686,246,301,0.438775510204082,TRUE,"","NULL","",9.14400000000001
4374,8321325,2,0.5,FALSE,NA,1,0.98,5,52,5,"!{pgr <= 77} & {pgr <= 114}",686,246,307,0.447521865889213,TRUE,"","NULL","",4.87
4375,8321326,2,0.5,FALSE,NA,1,1,130,303,130,"{er <= 17} & {age <= 46}",686,246,308,0.448979591836735,TRUE,"","NULL","",7.58100000000002
4376,8321327,2,0.5,FALSE,NA,1,0.72,1,14,1,"!{nodes <= 5} & {nodes <= 7}",686,246,298,0.434402332361516,TRUE,"","NULL","",3.16899999999998
4377,8321328,2,0.5,FALSE,NA,1,0.89,21,118,21,"{pgr <= 2} & !{size <= 20}",686,246,305,0.444606413994169,TRUE,"","NULL","",6.60000000000002
4378,8321329,2,0.5,FALSE,NA,1,0.94,28,88,28,"!{er <= 174} & {size <= 35}",686,246,301,0.438775510204082,TRUE,"","NULL","",5.17200000000003
4379,8321330,2,0.5,FALSE,NA,1,0.98,3,25,3,"!{er <= 30} & {er <= 70}",686,246,314,0.457725947521866,TRUE,"","NULL","",5.13400000000001
4380,8321331,2,0.5,FALSE,NA,1,0.87,18,101,18,"{size <= 29} & !{er <= 174}",686,246,297,0.432944606413994,TRUE,"","NULL","",4.85000000000002
4381,8321332,2,0.5,FALSE,NA,1,0.69,3,63,3,"!{size <= 29} & {er <= 17}",686,246,270,0.393586005830904,TRUE,"","NULL","",5.66200000000003
4382,8321333,2,0.5,FALSE,NA,1,0.97,28,147,28,"!{meno} & {er <= 30}",686,246,315,0.459183673469388,TRUE,"","NULL","",5.93000000000006
4383,8321334,2,0.5,FALSE,NA,1,0.64,5,59,5,"!{pgr <= 77} & !{size <= 20}",686,246,303,0.441690962099125,TRUE,"","NULL","",4.827
4384,8321335,2,0.5,FALSE,NA,1,0.51,2,27,2,"!{pgr <= 114} & {nodes <= 5}",686,246,294,0.428571428571429,TRUE,"","NULL","",4.00300000000004
4385,8321336,2,0.5,FALSE,NA,1,0.67,4,25,4,"{pgr <= 114} & !{er <= 100}",686,246,307,0.447521865889213,TRUE,"","NULL","",5.20500000000004
4386,8321337,2,0.5,FALSE,NA,1,0.98,120,395,120,"{nodes <= 1} & !{pgr <= 45}",686,246,315,0.459183673469388,TRUE,"","NULL","",9.30799999999999
4387,8321338,2,0.5,FALSE,NA,1,0.91,17,117,17,"{size <= 29} & {er <= 70}",686,246,313,0.456268221574344,TRUE,"","NULL","",5.851
4388,8321339,2,0.5,FALSE,NA,1,0.85,4,32,4,"!{age <= 61} & {size <= 29}",686,246,303,0.441690962099125,TRUE,"","NULL","",3.29600000000005
4389,8321340,2,0.5,FALSE,NA,0,NA,0,2,0,"",686,246,325,0.473760932944606,TRUE,"","NULL","",4.55000000000007
4390,8321341,2,0.5,FALSE,NA,1,0.93,59,213,59,"{size <= 29} & !{meno}",686,246,295,0.43002915451895,TRUE,"","NULL","",7.14400000000001
4391,8321342,2,0.5,FALSE,NA,1,0.91,33,102,33,"{nodes <= 1} & {er <= 44}",686,246,300,0.43731778425656,TRUE,"","NULL","",5.34100000000001
4392,8321343,2,0.5,FALSE,NA,1,0.93,6,28,6,"!{meno} & !{er <= 30}",686,246,306,0.446064139941691,TRUE,"","NULL","",4.00299999999993
4393,8321344,2,0.5,FALSE,NA,1,0.78,5,38,5,"{pgr <= 114} & !{er <= 70}",686,246,294,0.428571428571429,TRUE,"","NULL","",5.16200000000003
4394,8321345,2,0.5,FALSE,NA,1,0.93,36,116,36,"!{pgr <= 77} & {er <= 70}",686,246,297,0.432944606413994,TRUE,"","NULL","",6.29399999999998
4395,8321346,2,0.5,FALSE,NA,1,0.98,26,44,26,"{age <= 46} & {er <= 174}",686,246,302,0.440233236151603,TRUE,"","NULL","",4.83699999999999
4396,8321347,2,0.5,FALSE,NA,1,0.87,12,57,12,"{size <= 29} & !{pgr <= 114}",686,246,297,0.432944606413994,TRUE,"","NULL","",4.63699999999994
4397,8321348,2,0.5,FALSE,NA,1,0.84,14,69,14,"{size <= 25} & !{er <= 30}",686,246,301,0.438775510204082,TRUE,"","NULL","",6.029
4398,8321349,2,0.5,FALSE,NA,1,0.89,9,84,9,"!{size <= 20} & {age <= 46}",686,246,282,0.411078717201166,TRUE,"","NULL","",5.49700000000007
4399,8321350,2,0.5,FALSE,NA,1,0.68,4,72,4,"!{age <= 61} & !{pgr <= 45}",686,246,311,0.4533527696793,TRUE,"","NULL","",5.33699999999999
4400,8321351,2,0.5,FALSE,NA,1,0.75,7,50,7,"!{pgr <= 77} & !{er <= 44}",686,246,281,0.409620991253644,TRUE,"","NULL","Loglik converged before variable  1 ; coefficient may be infinite. ",4.221
4401,8321352,2,0.5,FALSE,NA,1,0.96,118,328,118,"{size <= 25} & !{pgr <= 114}",686,246,323,0.470845481049563,TRUE,"","NULL","",8.62900000000002
4402,8321353,2,0.5,FALSE,NA,1,0.8,14,80,14,"!{er <= 174} & !{pgr <= 8}",686,246,288,0.419825072886297,TRUE,"","NULL","",5.12099999999998
4403,8321354,2,0.5,FALSE,NA,1,0.85,1,15,1,"{size <= 20} & {nodes <= 1}",686,246,295,0.43002915451895,TRUE,"","NULL","",4.43299999999999
4404,8321355,2,0.5,FALSE,NA,1,0.89,31,114,31,"!{er <= 44} & {age <= 53}",686,246,309,0.450437317784257,TRUE,"","NULL","",4.55200000000002
4405,8321356,2,0.5,FALSE,NA,1,0.98,77,228,77,"!{er <= 174} & !{age <= 53}",686,246,301,0.438775510204082,TRUE,"","NULL","Loglik converged before variable  1 ; coefficient may be infinite.  | Loglik converged before variable  1 ; coefficient may be infinite. ",7.84100000000001
4406,8321357,2,0.5,FALSE,NA,1,0.6,1,10,1,"{nodes <= 1} & !{size <= 25}",686,246,317,0.462099125364431,TRUE,"","NULL","",4.54100000000005
4407,8321358,2,0.5,FALSE,NA,1,0.99,145,375,145,"!{meno} & {er <= 17}",686,246,318,0.463556851311953,TRUE,"","NULL","",8.29999999999995
4408,8321359,2,0.5,FALSE,NA,1,0.96,5,41,5,"!{er <= 70} & {er <= 100}",686,246,287,0.418367346938776,TRUE,"","NULL","",3.44699999999989
4409,8321360,2,0.5,FALSE,NA,1,0.94,58,209,58,"{age <= 53} & !{size <= 35}",686,246,280,0.408163265306122,TRUE,"","NULL","",7.45100000000002
4410,8321361,2,0.5,FALSE,NA,1,0.98,29,117,29,"{grade3} & {pgr <= 8}",686,246,290,0.422740524781341,TRUE,"","NULL","",5.78800000000001
4411,8321362,2,0.5,FALSE,NA,1,0.76,14,98,14,"{size <= 35} & !{pgr <= 114}",686,246,318,0.463556851311953,TRUE,"","NULL","",5.28800000000001
4412,8321363,2,0.5,FALSE,NA,1,0.86,7,50,7,"!{pgr <= 8} & {pgr <= 16}",686,246,309,0.450437317784257,TRUE,"","NULL","",3.85699999999997
4413,8321364,2,0.5,FALSE,NA,1,0.85,12,64,12,"!{pgr <= 26} & !{size <= 35}",686,246,293,0.427113702623907,TRUE,"","NULL","",5.35800000000006
4414,8321365,2,0.5,FALSE,NA,1,0.91,41,180,41,"!{pgr <= 26} & {er <= 174}",686,246,296,0.431486880466472,TRUE,"","NULL","",6.59800000000007
4415,8321366,2,0.5,FALSE,NA,1,0.91,26,90,26,"!{pgr <= 184} & {er <= 294}",686,246,295,0.43002915451895,TRUE,"","NULL","",5.625
4416,8321367,2,0.5,FALSE,NA,1,0.88,15,68,15,"!{meno} & {pgr <= 26}",686,246,297,0.432944606413994,TRUE,"","NULL","",4.33100000000002
4417,8321368,2,0.5,FALSE,NA,1,0.97,24,83,24,"{size <= 35} & {er <= 0}",686,246,297,0.432944606413994,TRUE,"","NULL","",5.84400000000005
4418,8321369,2,0.5,FALSE,NA,1,1,265,446,265,"{pgr <= 2} & {nodes <= 5}",686,246,279,0.406705539358601,TRUE,"","NULL","",9.84799999999996
4419,8321370,2,0.5,FALSE,NA,1,0.82,3,24,3,"{er <= 30} & !{er <= 9}",686,246,313,0.456268221574344,TRUE,"","NULL","",4.41499999999996
4420,8321371,2,0.5,FALSE,NA,1,0.93,5,41,5,"{size <= 25} & {grade3}",686,246,320,0.466472303206997,TRUE,"","NULL","",3.98199999999997
4421,8321372,2,0.5,FALSE,NA,1,0.88,6,28,6,"{grade3} & {pgr <= 16}",686,246,293,0.427113702623907,TRUE,"","NULL","",4.60599999999999
4422,8321373,2,0.5,FALSE,NA,1,0.52,1,4,1,"{age <= 53} & !{nodes <= 7}",686,246,299,0.435860058309038,TRUE,"","NULL","",4.33799999999997
4423,8321374,2,0.5,FALSE,NA,0,NA,0,11,0,"",686,246,308,0.448979591836735,TRUE,"","NULL","",4.43200000000002
4424,8321375,2,0.5,FALSE,NA,1,0.72,2,32,2,"!{er <= 174} & {pgr <= 337}",686,246,322,0.469387755102041,TRUE,"","NULL","",4.65100000000007
4425,8321376,2,0.5,FALSE,NA,1,0.78,12,61,12,"!{er <= 9} & {age <= 53}",686,246,284,0.41399416909621,TRUE,"","NULL","",5.65199999999993
4426,8321377,2,0.5,FALSE,NA,1,0.93,73,297,73,"!{grade3} & {age <= 46}",686,246,304,0.443148688046647,TRUE,"","NULL","Loglik converged before variable  1 ; coefficient may be infinite. ",8.06200000000001
4427,8321378,2,0.5,FALSE,NA,1,0.68,3,24,3,"{size <= 20} & {pgr <= 114}",686,246,309,0.450437317784257,TRUE,"","NULL","",4.31600000000003
4428,8321379,2,0.5,FALSE,NA,1,0.8,9,46,9,"!{er <= 174} & !{pgr <= 16}",686,246,297,0.432944606413994,TRUE,"","NULL","",3.88200000000006
4429,8321380,2,0.5,FALSE,NA,1,0.98,99,322,99,"{size <= 25} & !{age <= 61}",686,246,304,0.443148688046647,TRUE,"","NULL","",8.51499999999999
4430,8321381,2,0.5,FALSE,NA,1,0.89,26,71,26,"!{size <= 35} & {age <= 61}",686,246,308,0.448979591836735,TRUE,"","NULL","",5.11300000000006
4431,8321382,2,0.5,FALSE,NA,1,0.93,60,242,60,"!{er <= 44} & {nodes <= 3}",686,246,302,0.440233236151603,TRUE,"","NULL","Loglik converged before variable  1 ; coefficient may be infinite. ",6.7299999999999
4432,8321383,2,0.5,FALSE,NA,1,0.94,24,88,24,"!{nodes <= 5} & {size <= 35}",686,246,309,0.450437317784257,TRUE,"","NULL","",4.03300000000002
4433,8321384,2,0.5,FALSE,NA,1,0.92,66,200,66,"{age <= 53} & !{age <= 46}",686,246,311,0.4533527696793,TRUE,"","NULL","",7.73899999999992
4434,8321385,2,0.5,FALSE,NA,1,1,134,279,134,"{age <= 53} & {pgr <= 45}",686,246,312,0.454810495626822,TRUE,"","NULL","",7.84699999999998
4435,8321386,2,0.5,FALSE,NA,1,0.98,79,369,79,"{pgr <= 16} & !{er <= 9}",686,246,305,0.444606413994169,TRUE,"","NULL","",7.61199999999997
4436,8321387,2,0.5,FALSE,NA,1,0.75,1,24,1,"{age <= 46} & !{nodes <= 3}",686,246,289,0.421282798833819,TRUE,"","NULL","",3.13400000000001
4437,8321388,2,0.5,FALSE,NA,1,0.78,7,47,7,"!{er <= 17} & {er <= 44}",686,246,313,0.456268221574344,TRUE,"","NULL","",5.26400000000001
4438,8321389,2,0.5,FALSE,NA,1,0.97,70,268,70,"{pgr <= 26} & !{er <= 9}",686,246,304,0.443148688046647,TRUE,"","NULL","",8.101
4439,8321390,2,0.5,FALSE,NA,1,0.71,6,34,6,"{age <= 53} & {pgr <= 26}",686,246,313,0.456268221574344,TRUE,"","NULL","",4.721
4440,8321391,2,0.5,FALSE,NA,1,0.98,160,466,160,"!{pgr <= 77} & {pgr <= 114}",686,246,310,0.451895043731778,TRUE,"","NULL","Loglik converged before variable  1 ; coefficient may be infinite. ",7.54399999999998
4441,8321392,2,0.5,FALSE,NA,0,NA,0,16,0,"",686,246,289,0.421282798833819,TRUE,"","NULL","",5.125
4442,8321393,2,0.5,FALSE,NA,1,0.93,24,131,24,"!{nodes <= 5} & {age <= 53}",686,246,305,0.444606413994169,TRUE,"","NULL","",5.98000000000002
4443,8321394,2,0.5,FALSE,NA,1,0.8,2,16,2,"!{size <= 29} & {er <= 9}",686,246,302,0.440233236151603,TRUE,"","NULL","",4.39800000000002
4444,8321395,2,0.5,FALSE,NA,1,0.89,7,53,7,"{nodes <= 3} & !{er <= 44}",686,246,284,0.41399416909621,TRUE,"","NULL","",4.87199999999996
4445,8321396,2,0.5,FALSE,NA,1,0.74,3,26,3,"!{nodes <= 1} & !{er <= 174}",686,246,286,0.416909620991254,TRUE,"","NULL","",4.65800000000002
4446,8321397,2,0.5,FALSE,NA,1,0.92,40,155,40,"!{pgr <= 114} & {size <= 29}",686,246,313,0.456268221574344,TRUE,"","NULL","",6.42999999999995
4447,8321398,2,0.5,FALSE,NA,1,0.88,27,87,27,"!{size <= 35} & {er <= 100}",686,246,310,0.451895043731778,TRUE,"","NULL","",5.15599999999995
4448,8321399,2,0.5,FALSE,NA,1,0.97,25,99,25,"{age <= 53} & {pgr <= 16}",686,246,288,0.419825072886297,TRUE,"","NULL","",4.774
4449,8321400,2,0.5,FALSE,NA,1,0.81,16,126,16,"!{size <= 29} & {er <= 30}",686,246,288,0.419825072886297,TRUE,"","NULL","",6.68099999999993
4450,8321401,2,0.5,FALSE,NA,1,0.82,12,100,12,"{size <= 35} & !{er <= 174}",686,246,275,0.400874635568513,TRUE,"","NULL","",5.55200000000002
4451,8321402,2,0.5,FALSE,NA,1,0.93,34,86,34,"{age <= 46} & {size <= 35}",686,246,301,0.438775510204082,TRUE,"","NULL","Loglik converged before variable  1 ; coefficient may be infinite.  | Loglik converged before variable  1 ; coefficient may be infinite. ",5.17200000000003
4452,8321403,2,0.5,FALSE,NA,1,0.95,53,156,53,"{age <= 53} & {meno}",686,246,286,0.416909620991254,TRUE,"","NULL","",5.00999999999999
4453,8321404,2,0.5,FALSE,NA,1,0.92,16,104,16,"!{pgr <= 77} & {er <= 44}",686,246,323,0.470845481049563,TRUE,"","NULL","",6.16300000000001
4454,8321405,2,0.5,FALSE,NA,1,0.55,1,12,1,"!{pgr <= 77} & {pgr <= 114}",686,246,300,0.43731778425656,TRUE,"","NULL","",4.22399999999993
4455,8321406,2,0.5,FALSE,NA,1,1,67,215,67,"!{er <= 9} & {er <= 17}",686,246,313,0.456268221574344,TRUE,"","NULL","",7.07100000000003
4456,8321407,2,0.5,FALSE,NA,1,0.9,12,51,12,"!{pgr <= 45} & !{age <= 61}",686,246,317,0.462099125364431,TRUE,"","NULL","",4.577
4457,8321408,2,0.5,FALSE,NA,1,0.83,34,172,34,"{er <= 44} & {size <= 29}",686,246,280,0.408163265306122,TRUE,"","NULL","",7.13199999999995
4458,8321409,2,0.5,FALSE,NA,1,0.84,5,44,5,"!{er <= 9} & {er <= 30}",686,246,299,0.435860058309038,TRUE,"","NULL","",4.19000000000005
4459,8321410,2,0.5,FALSE,NA,0,NA,0,9,0,"",686,246,283,0.412536443148688,TRUE,"","NULL","",3.96000000000004
4460,8321411,2,0.5,FALSE,NA,1,0.62,4,24,4,"{nodes <= 7} & {er <= 3}",686,246,248,0.361516034985423,TRUE,"","NULL","",4.15300000000002
4461,8321412,2,0.5,FALSE,NA,1,0.89,20,85,20,"!{er <= 100} & !{age <= 61}",686,246,316,0.46064139941691,TRUE,"","NULL","",5.822
4462,8321413,2,0.5,FALSE,NA,1,1,20,80,20,"{er <= 17} & {age <= 46}",686,246,282,0.411078717201166,TRUE,"","NULL","",5.17700000000002
4463,8321414,2,0.5,FALSE,NA,1,0.87,22,88,22,"!{meno} & !{er <= 30}",686,246,321,0.467930029154519,TRUE,"","NULL","",5.1350000000001
4464,8321415,2,0.5,FALSE,NA,0,NA,0,35,0,"",686,246,303,0.441690962099125,TRUE,"","NULL","",4.24900000000002
4465,8321416,2,0.5,FALSE,NA,1,0.52,2,21,2,"!{pgr <= 26} & {er <= 44}",686,246,281,0.409620991253644,TRUE,"","NULL","",4.52800000000002
4466,8321417,2,0.5,FALSE,NA,1,0.72,6,23,6,"{size <= 35} & {age <= 46}",686,246,316,0.46064139941691,TRUE,"","NULL","",4.79000000000008
4467,8321418,2,0.5,FALSE,NA,1,0.77,15,92,15,"{nodes <= 3} & !{er <= 100}",686,246,298,0.434402332361516,TRUE,"","NULL","",5.17600000000004
4468,8321419,2,0.5,FALSE,NA,1,0.74,5,46,5,"!{nodes <= 7} & {pgr <= 45}",686,246,289,0.421282798833819,TRUE,"","NULL","",4.57900000000006
4469,8321420,2,0.5,FALSE,NA,1,0.99,135,375,135,"!{pgr <= 114} & !{er <= 30}",686,246,277,0.403790087463557,TRUE,"","NULL","",9.86199999999997
4470,8321421,2,0.5,FALSE,NA,1,0.91,20,136,20,"{age <= 61} & !{size <= 35}",686,246,303,0.441690962099125,TRUE,"","NULL","",5.88200000000006
4471,8321422,2,0.5,FALSE,NA,1,0.81,1,27,1,"{er <= 0} & {size <= 35}",686,246,283,0.412536443148688,TRUE,"","NULL","",4.47199999999998
4472,8321423,2,0.5,FALSE,NA,1,0.83,16,84,16,"{nodes <= 5} & {pgr <= 16}",686,246,310,0.451895043731778,TRUE,"","NULL","",4.01300000000003
4473,8321424,2,0.5,FALSE,NA,1,0.71,6,58,6,"{age <= 53} & !{age <= 46}",686,246,274,0.399416909620991,TRUE,"","NULL","",5.32100000000003
4474,8321425,2,0.5,FALSE,NA,1,1,213,390,213,"!{er <= 174} & !{grade3}",686,246,310,0.451895043731778,TRUE,"","NULL","",9.346
4475,8321426,2,0.5,FALSE,NA,1,0.57,1,5,1,"!{er <= 70} & {er <= 100}",686,246,297,0.432944606413994,TRUE,"","NULL","",4.60399999999993
4476,8321427,2,0.5,FALSE,NA,1,0.81,8,57,8,"{pgr <= 8} & !{nodes <= 1}",686,246,314,0.457725947521866,TRUE,"","NULL","",3.76900000000001
4477,8321428,2,0.5,FALSE,NA,1,0.99,45,122,45,"{age <= 46} & {nodes <= 3}",686,246,307,0.447521865889213,TRUE,"","NULL","",6.67100000000005
4478,8321429,2,0.5,FALSE,NA,1,0.92,2,10,2,"!{er <= 9} & {er <= 17}",686,246,305,0.444606413994169,TRUE,"","NULL","",4.024
4479,8321430,2,0.5,FALSE,NA,1,0.91,13,65,13,"{er <= 9} & !{er <= 3}",686,246,310,0.451895043731778,TRUE,"","NULL","",5.38300000000004
4480,8321431,2,0.5,FALSE,NA,1,0.59,4,41,4,"{nodes <= 3} & {size <= 20}",686,246,315,0.459183673469388,TRUE,"","NULL","",4.34800000000007
4481,8321432,2,0.5,FALSE,NA,1,0.93,41,147,41,"!{age <= 61} & {er <= 44}",686,246,286,0.416909620991254,TRUE,"","NULL","",6.726
4482,8321433,2,0.5,FALSE,NA,1,0.94,37,122,37,"{nodes <= 1} & {er <= 70}",686,246,284,0.41399416909621,TRUE,"","NULL","",5.47900000000004
4483,8321434,2,0.5,FALSE,NA,1,0.94,8,44,8,"!{er <= 70} & {er <= 100}",686,246,298,0.434402332361516,TRUE,"","NULL","",4.92399999999998
4484,8321435,2,0.5,FALSE,NA,1,0.87,16,81,16,"!{er <= 17} & {size <= 25}",686,246,283,0.412536443148688,TRUE,"","NULL","",4.452
4485,8321436,2,0.5,FALSE,NA,1,0.85,8,67,8,"!{pgr <= 8} & !{size <= 35}",686,246,302,0.440233236151603,TRUE,"","NULL","",5.33699999999999
4486,8321437,2,0.5,FALSE,NA,1,0.92,2,20,2,"{age <= 61} & {er <= 0}",686,246,301,0.438775510204082,TRUE,"","NULL","",4.47699999999998
4487,8321438,2,0.5,FALSE,NA,1,0.87,6,53,6,"!{grade3} & {er <= 3}",686,246,291,0.424198250728863,TRUE,"","NULL","",4.79100000000005
4488,8321439,2,0.5,FALSE,NA,1,0.91,32,85,32,"!{meno} & {pgr <= 16}",686,246,283,0.412536443148688,TRUE,"","NULL","",5.10199999999998
4489,8321440,2,0.5,FALSE,NA,0,NA,0,4,0,"",686,246,300,0.43731778425656,TRUE,"","NULL","",4.62300000000005
4490,8321441,2,0.5,FALSE,NA,1,0.72,6,43,6,"!{age <= 61} & {nodes <= 3}",686,246,304,0.443148688046647,TRUE,"","NULL","",5.18700000000001
4491,8321442,2,0.5,FALSE,NA,1,0.85,15,105,15,"{pgr <= 114} & !{pgr <= 45}",686,246,314,0.457725947521866,TRUE,"","NULL","",5.58199999999999
4492,8321443,2,0.5,FALSE,NA,1,0.71,13,57,13,"{pgr <= 45} & !{pgr <= 2}",686,246,330,0.481049562682216,TRUE,"","NULL","",4.72699999999998
4493,8321444,2,0.5,FALSE,NA,1,0.56,1,52,1,"{age <= 53} & {pgr <= 8}",686,246,319,0.465014577259475,TRUE,"","NULL","Loglik converged before variable  1 ; coefficient may be infinite.  | Loglik converged before variable  1 ; coefficient may be infinite. ",5.59299999999996
4494,8321445,2,0.5,FALSE,NA,1,0.93,80,270,80,"{age <= 46} & {pgr <= 77}",686,246,271,0.395043731778426,TRUE,"","NULL","",7.65099999999995
4495,8321446,2,0.5,FALSE,NA,1,0.94,92,341,92,"{size <= 20} & {meno}",686,246,281,0.409620991253644,TRUE,"","NULL","",8.03899999999999
4496,8321447,2,0.5,FALSE,NA,1,0.8,5,44,5,"{er <= 70} & !{er <= 30}",686,246,316,0.46064139941691,TRUE,"","NULL","",3.38499999999999
4497,8321448,2,0.5,FALSE,NA,1,0.76,19,162,19,"{size <= 35} & {pgr <= 26}",686,246,265,0.386297376093294,TRUE,"","NULL","",6.89300000000003
4498,8321449,2,0.5,FALSE,NA,1,0.68,4,20,4,"{er <= 100} & !{er <= 44}",686,246,277,0.403790087463557,TRUE,"","NULL","",4.255
4499,8321450,2,0.5,FALSE,NA,1,0.94,25,112,25,"!{pgr <= 77} & {er <= 100}",686,246,297,0.432944606413994,TRUE,"","NULL","",5.63400000000001
4500,8321451,2,0.5,FALSE,NA,1,0.64,2,29,2,"{nodes <= 7} & !{nodes <= 5}",686,246,294,0.428571428571429,TRUE,"","NULL","",4.22500000000002
4501,8321452,2,0.5,FALSE,NA,1,0.99,40,78,40,"{pgr <= 2} & {nodes <= 7}",686,246,280,0.408163265306122,TRUE,"","NULL","",5.92200000000003
4502,8321453,2,0.5,FALSE,NA,1,0.99,69,158,69,"!{pgr <= 77} & !{er <= 9}",686,246,280,0.408163265306122,TRUE,"","NULL","Loglik converged before variable  1 ; coefficient may be infinite.  | Loglik converged before variable  1 ; coefficient may be infinite. ",6.18100000000004
4503,8321454,2,0.5,FALSE,NA,1,0.78,14,63,14,"!{pgr <= 8} & !{er <= 100}",686,246,296,0.431486880466472,TRUE,"","NULL","",5.15100000000007
4504,8321455,2,0.5,FALSE,NA,1,0.78,15,78,15,"{age <= 53} & {er <= 9}",686,246,292,0.425655976676385,TRUE,"","NULL","",4.65999999999997
4505,8321456,2,0.5,FALSE,NA,1,0.88,6,55,6,"{er <= 9} & {pgr <= 2}",686,246,310,0.451895043731778,TRUE,"","NULL","",5.47199999999998
4506,8321457,2,0.5,FALSE,NA,1,0.99,217,627,217,"!{er <= 17} & {er <= 30}",686,246,295,0.43002915451895,TRUE,"","NULL","",12.895
4507,8321458,2,0.5,FALSE,NA,1,0.87,11,84,11,"!{age <= 53} & !{er <= 100}",686,246,290,0.422740524781341,TRUE,"","NULL","",4.13799999999992
4508,8321459,2,0.5,FALSE,NA,1,0.93,20,63,20,"{age <= 53} & {size <= 20}",686,246,290,0.422740524781341,TRUE,"","NULL","",3.33300000000008
4509,8321460,2,0.5,FALSE,NA,1,1,56,224,56,"{age <= 53} & !{nodes <= 5}",686,246,301,0.438775510204082,TRUE,"","NULL","",7.95299999999997
4510,8321461,2,0.5,FALSE,NA,1,0.89,20,84,20,"{size <= 25} & !{pgr <= 77}",686,246,301,0.438775510204082,TRUE,"","NULL","",5.08499999999992
4511,8321462,2,0.5,FALSE,NA,0,NA,0,3,0,"",686,246,306,0.446064139941691,TRUE,"","NULL","",4.32299999999998
4512,8321463,2,0.5,FALSE,NA,1,0.78,8,61,8,"!{pgr <= 114} & {nodes <= 3}",686,246,291,0.424198250728863,TRUE,"","NULL","",4.43299999999999
4513,8321464,2,0.5,FALSE,NA,1,0.86,20,81,20,"!{pgr <= 114} & {er <= 174}",686,246,304,0.443148688046647,TRUE,"","NULL","",5.97300000000007
4514,8321465,2,0.5,FALSE,NA,1,0.73,6,29,6,"!{meno} & {size <= 25}",686,246,302,0.440233236151603,TRUE,"","NULL","",4.65700000000004
4515,8321466,2,0.5,FALSE,NA,1,0.95,69,226,69,"!{meno} & {pgr <= 8}",686,246,297,0.432944606413994,TRUE,"","NULL","",7.00300000000004
4516,8321467,2,0.5,FALSE,NA,1,0.99,53,148,53,"!{pgr <= 77} & {er <= 100}",686,246,321,0.467930029154519,TRUE,"","NULL","",4.97500000000002
4517,8321468,2,0.5,FALSE,NA,1,0.9,16,103,16,"{nodes <= 3} & !{pgr <= 77}",686,246,308,0.448979591836735,TRUE,"","NULL","",6.04200000000003
4518,8321469,2,0.5,FALSE,NA,1,0.96,104,436,104,"{age <= 46} & {size <= 35}",686,246,290,0.422740524781341,TRUE,"","NULL","",9.63199999999995
4519,8321470,2,0.5,FALSE,NA,1,0.97,75,268,75,"{age <= 46} & {nodes <= 7}",686,246,308,0.448979591836735,TRUE,"","NULL","",6.53100000000006
4520,8321471,2,0.5,FALSE,NA,1,0.99,143,461,143,"!{size <= 20} & {age <= 46}",686,246,294,0.428571428571429,TRUE,"","NULL","",6.20100000000002
4521,8321472,2,0.5,FALSE,NA,1,0.9,22,108,22,"{er <= 70} & !{pgr <= 77}",686,246,293,0.427113702623907,TRUE,"","NULL","",6.29200000000003
4522,8321473,2,0.5,FALSE,NA,1,0.88,32,178,32,"!{er <= 17} & {er <= 44}",686,246,275,0.400874635568513,TRUE,"","NULL","",6.08100000000002
4523,8321474,2,0.5,FALSE,NA,1,0.83,26,94,26,"{age <= 46} & {pgr <= 114}",686,246,294,0.428571428571429,TRUE,"","NULL","",5.4369999999999
4524,8321475,2,0.5,FALSE,NA,1,0.84,4,58,4,"{er <= 0} & {size <= 35}",686,246,301,0.438775510204082,TRUE,"","NULL","",4.26999999999998
4525,8321476,2,0.5,FALSE,NA,1,0.71,6,25,6,"!{pgr <= 184}",686,246,294,0.428571428571429,TRUE,"","NULL","Loglik converged before variable  1 ; coefficient may be infinite.  | Loglik converged before variable  1 ; coefficient may be infinite. ",5.27300000000002
4526,8321477,2,0.5,FALSE,NA,1,0.78,2,15,2,"{age <= 61} & {nodes <= 1}",686,246,309,0.450437317784257,TRUE,"","NULL","",4.38700000000006
4527,8321478,2,0.5,FALSE,NA,1,0.72,9,91,9,"!{er <= 9} & {er <= 30}",686,246,311,0.4533527696793,TRUE,"","NULL","",5.21299999999997
4528,8321479,2,0.5,FALSE,NA,1,1,66,163,66,"!{nodes <= 7} & {er <= 44}",686,246,293,0.427113702623907,TRUE,"","NULL","",5.86199999999997
4529,8321480,2,0.5,FALSE,NA,1,0.81,9,44,9,"!{meno} & !{pgr <= 45}",686,246,291,0.424198250728863,TRUE,"","NULL","",5.11900000000003
4530,8321481,2,0.5,FALSE,NA,1,0.87,4,58,4,"{nodes <= 3} & {grade3}",686,246,283,0.412536443148688,TRUE,"","NULL","",4.91000000000008
4531,8321482,2,0.5,FALSE,NA,1,0.9,38,90,38,"{pgr <= 0}",686,246,297,0.432944606413994,TRUE,"","NULL","",5.39800000000002
4532,8321483,2,0.5,FALSE,NA,1,0.91,89,456,89,"{age <= 53} & {pgr <= 114}",686,246,303,0.441690962099125,TRUE,"","NULL","",8.53800000000001
4533,8321484,2,0.5,FALSE,NA,1,0.96,3,33,3,"{er <= 30} & !{pgr <= 16}",686,246,292,0.425655976676385,TRUE,"","NULL","",5.07899999999995
4534,8321485,2,0.5,FALSE,NA,1,0.99,23,56,23,"!{pgr <= 45} & {er <= 30}",686,246,317,0.462099125364431,TRUE,"","NULL","",5.38
4535,8321486,2,0.5,FALSE,NA,1,0.97,2,19,2,"{nodes <= 7} & !{nodes <= 5}",686,246,291,0.424198250728863,TRUE,"","NULL","",4.2589999999999
4536,8321487,2,0.5,FALSE,NA,1,0.92,11,69,11,"{nodes <= 5} & {pgr <= 8}",686,246,322,0.469387755102041,TRUE,"","NULL","",5.01699999999994
4537,8321488,2,0.5,FALSE,NA,1,0.83,5,44,5,"!{er <= 44} & {er <= 100}",686,246,304,0.443148688046647,TRUE,"","NULL","",5.62300000000005
4538,8321489,2,0.5,FALSE,NA,0,NA,0,10,0,"",686,246,290,0.422740524781341,TRUE,"","NULL","",4.18000000000006
4539,8321490,2,0.5,FALSE,NA,1,0.9,20,94,20,"!{pgr <= 184} & {size <= 35}",686,246,307,0.447521865889213,TRUE,"","NULL","",5.399
4540,8321491,2,0.5,FALSE,NA,1,0.81,28,139,28,"{age <= 46} & {pgr <= 184}",686,246,288,0.419825072886297,TRUE,"","NULL","",5.57100000000003
4541,8321492,2,0.5,FALSE,NA,1,0.95,22,56,22,"{er <= 0} & {pgr <= 8}",686,246,295,0.43002915451895,TRUE,"","NULL","",5.53800000000001
4542,8321493,2,0.5,FALSE,NA,1,0.79,6,49,6,"!{size <= 29} & {er <= 9}",686,246,321,0.467930029154519,TRUE,"","NULL","",4.88400000000001
4543,8321494,2,0.5,FALSE,NA,1,0.96,7,40,7,"{nodes <= 5} & {age <= 46}",686,246,319,0.465014577259475,TRUE,"","NULL","",4.97500000000002
4544,8321495,2,0.5,FALSE,NA,1,0.97,22,60,22,"!{pgr <= 114} & {size <= 29}",686,246,317,0.462099125364431,TRUE,"","NULL","",5.19399999999996
4545,8321496,2,0.5,FALSE,NA,0,NA,0,6,0,"",686,246,288,0.419825072886297,TRUE,"","NULL","",4.68799999999999
4546,8321497,2,0.5,FALSE,NA,0,NA,0,6,0,"",686,246,323,0.470845481049563,TRUE,"","NULL","",4.55999999999995
4547,8321498,2,0.5,FALSE,NA,1,0.87,25,96,25,"!{pgr <= 77} & !{er <= 100}",686,246,306,0.446064139941691,TRUE,"","NULL","",5.69200000000001
4548,8321499,2,0.5,FALSE,NA,1,0.99,85,183,85,"{er <= 0} & {age <= 61}",686,246,294,0.428571428571429,TRUE,"","NULL","",6.16200000000003
4549,8321500,2,0.5,FALSE,NA,1,0.9,39,175,39,"{age <= 46} & {pgr <= 114}",686,246,307,0.447521865889213,TRUE,"","NULL","",7.399
4550,8321501,2,0.5,FALSE,NA,1,0.79,5,46,5,"!{size <= 35} & !{pgr <= 45}",686,246,308,0.448979591836735,TRUE,"","NULL","",4.63999999999999
4551,8321502,2,0.5,FALSE,NA,1,0.68,5,25,5,"!{pgr <= 77} & {er <= 100}",686,246,289,0.421282798833819,TRUE,"","NULL","",4.68299999999999
4552,8321503,2,0.5,FALSE,NA,1,0.88,6,35,6,"{age <= 46} & !{nodes <= 1}",686,246,276,0.402332361516035,TRUE,"","NULL","",4.16200000000003
4553,8321504,2,0.5,FALSE,NA,1,0.53,1,7,1,"!{grade3} & !{size <= 35}",686,246,298,0.434402332361516,TRUE,"","NULL","",4.77699999999993
4554,8321505,2,0.5,FALSE,NA,0,NA,0,9,0,"",686,246,313,0.456268221574344,TRUE,"","NULL","",4.39999999999998
4555,8321506,2,0.5,FALSE,NA,1,0.72,2,21,2,"!{er <= 9} & {er <= 17}",686,246,307,0.447521865889213,TRUE,"","NULL","",4.61400000000003
4556,8321507,2,0.5,FALSE,NA,1,0.75,8,61,8,"!{pgr <= 77} & {age <= 53}",686,246,299,0.435860058309038,TRUE,"","NULL","",4.81000000000006
4557,8321508,2,0.5,FALSE,NA,1,0.94,10,36,10,"{grade3} & {er <= 17}",686,246,292,0.425655976676385,TRUE,"","NULL","",4.93499999999995
4558,8321509,2,0.5,FALSE,NA,1,0.9,17,92,17,"!{meno} & {pgr <= 16}",686,246,308,0.448979591836735,TRUE,"","NULL","",5.51100000000008
4559,8321510,2,0.5,FALSE,NA,0,NA,0,8,0,"",686,246,312,0.454810495626822,TRUE,"","NULL","",4.37700000000007
4560,8321511,2,0.5,FALSE,NA,1,0.72,19,54,19,"{size <= 20} & {nodes <= 7}",686,246,294,0.428571428571429,TRUE,"","NULL","",4.88900000000001
4561,8321512,2,0.5,FALSE,NA,1,0.89,40,155,40,"!{nodes <= 7} & {age <= 53}",686,246,293,0.427113702623907,TRUE,"","NULL","",6.70600000000002
4562,8321513,2,0.5,FALSE,NA,1,0.91,15,155,15,"{age <= 53} & !{er <= 70}",686,246,301,0.438775510204082,TRUE,"","NULL","",5.94200000000001
4563,8321514,2,0.5,FALSE,NA,0,NA,0,3,0,"",686,246,280,0.408163265306122,TRUE,"","NULL","",4.35000000000002
4564,8321515,2,0.5,FALSE,NA,1,0.88,45,123,45,"{size <= 20} & {nodes <= 5}",686,246,304,0.443148688046647,TRUE,"","NULL","",4.70000000000005
4565,8321516,2,0.5,FALSE,NA,1,0.82,6,41,6,"!{pgr <= 8} & !{size <= 35}",686,246,314,0.457725947521866,TRUE,"","NULL","",5.21900000000005
4566,8321517,2,0.5,FALSE,NA,1,0.97,55,150,55,"{nodes <= 1} & {er <= 174}",686,246,290,0.422740524781341,TRUE,"","NULL","",6.24400000000003
4567,8321518,2,0.5,FALSE,NA,1,0.75,9,95,9,"!{pgr <= 45} & !{size <= 20}",686,246,296,0.431486880466472,TRUE,"","NULL","",5.43499999999995
4568,8321519,2,0.5,FALSE,NA,1,0.99,36,338,36,"!{er <= 44} & {er <= 70}",686,246,294,0.428571428571429,TRUE,"","NULL","",7.23400000000004
4569,8321520,2,0.5,FALSE,NA,1,0.98,16,79,16,"!{pgr <= 45} & !{nodes <= 5}",686,246,299,0.435860058309038,TRUE,"","NULL","",5.46900000000005
4570,8321521,2,0.5,FALSE,NA,1,0.53,2,5,2,"!{er <= 9} & {er <= 17}",686,246,330,0.481049562682216,TRUE,"","NULL","",4.428
4571,8321522,2,0.5,FALSE,NA,1,0.53,2,30,2,"{pgr <= 2} & {size <= 35}",686,246,292,0.425655976676385,TRUE,"","NULL","",5.125
4572,8321523,2,0.5,FALSE,NA,1,0.94,149,351,149,"!{size <= 25} & {er <= 30}",686,246,304,0.443148688046647,TRUE,"","NULL","",7.548
4573,8321524,2,0.5,FALSE,NA,1,0.97,36,202,36,"!{er <= 3} & {er <= 9}",686,246,290,0.422740524781341,TRUE,"","NULL","",7.39600000000007
4574,8321525,2,0.5,FALSE,NA,1,0.94,3,28,3,"{pgr <= 16} & !{pgr <= 8}",686,246,313,0.456268221574344,TRUE,"","NULL","",4.298
4575,8321526,2,0.5,FALSE,NA,1,0.67,6,60,6,"{nodes <= 3} & !{nodes <= 1}",686,246,279,0.406705539358601,TRUE,"","NULL","",4.85299999999995
4576,8321527,2,0.5,FALSE,NA,1,0.95,41,189,41,"!{age <= 61} & {size <= 35}",686,246,305,0.444606413994169,TRUE,"","NULL","",5.50699999999995
4577,8321528,2,0.5,FALSE,NA,1,0.92,14,82,14,"!{nodes <= 3} & {size <= 29}",686,246,305,0.444606413994169,TRUE,"","NULL","",5.85299999999995
4578,8321529,2,0.5,FALSE,NA,1,0.99,70,180,70,"{size <= 25} & !{age <= 61}",686,246,295,0.43002915451895,TRUE,"","NULL","",6.476
4579,8321530,2,0.5,FALSE,NA,1,0.9,20,83,20,"{nodes <= 1} & !{pgr <= 45}",686,246,296,0.431486880466472,TRUE,"","NULL","",5.697
4580,8321531,2,0.5,FALSE,NA,0,NA,0,20,0,"",686,246,307,0.447521865889213,TRUE,"","NULL","",3.62099999999998
4581,8321532,2,0.5,FALSE,NA,1,0.84,1,26,1,"{nodes <= 7} & !{nodes <= 5}",686,246,290,0.422740524781341,TRUE,"","NULL","",5.06899999999996
4582,8321533,2,0.5,FALSE,NA,1,0.96,71,214,71,"{size <= 25} & !{er <= 100}",686,246,313,0.456268221574344,TRUE,"","NULL","",7.26199999999994
4583,8321534,2,0.5,FALSE,NA,1,0.8,28,150,28,"!{meno} & !{pgr <= 16}",686,246,296,0.431486880466472,TRUE,"","NULL","",6.27699999999993
4584,8321535,2,0.5,FALSE,NA,1,0.75,4,39,4,"!{pgr <= 16} & {pgr <= 45}",686,246,281,0.409620991253644,TRUE,"","NULL","",3.47699999999998
4585,8321536,2,0.5,FALSE,NA,1,0.89,22,85,22,"{er <= 17} & !{er <= 3}",686,246,283,0.412536443148688,TRUE,"","NULL","",6.00599999999997
4586,8321537,2,0.5,FALSE,NA,1,0.96,123,343,123,"!{grade3} & !{er <= 100}",686,246,301,0.438775510204082,TRUE,"","NULL","",8.88
4587,8321538,2,0.5,FALSE,NA,1,0.93,9,108,9,"{pgr <= 2} & {age <= 53}",686,246,294,0.428571428571429,TRUE,"","NULL","",5.46800000000007
4588,8321539,2,0.5,FALSE,NA,1,0.88,6,53,6,"{er <= 0} & {age <= 61}",686,246,319,0.465014577259475,TRUE,"","NULL","",3.524
4589,8321540,2,0.5,FALSE,NA,1,0.93,23,88,23,"!{nodes <= 7} & {age <= 53}",686,246,320,0.466472303206997,TRUE,"","NULL","",6.42600000000004
4590,8321541,2,0.5,FALSE,NA,1,0.65,6,36,6,"{nodes <= 1} & {pgr <= 77}",686,246,276,0.402332361516035,TRUE,"","NULL","",4.28300000000002
4591,8321542,2,0.5,FALSE,NA,1,0.98,10,64,10,"!{size <= 20} & {er <= 0}",686,246,301,0.438775510204082,TRUE,"","NULL","",5.12099999999998
4592,8321543,2,0.5,FALSE,NA,1,0.57,1,8,1,"{nodes <= 5} & !{nodes <= 3}",686,246,297,0.432944606413994,TRUE,"","NULL","",4.51499999999999
4593,8321544,2,0.5,FALSE,NA,1,0.96,39,116,39,"!{size <= 25} & {er <= 30}",686,246,304,0.443148688046647,TRUE,"","NULL","",6.45499999999993
4594,8321545,2,0.5,FALSE,NA,1,0.89,27,151,27,"{size <= 20} & {pgr <= 45}",686,246,281,0.409620991253644,TRUE,"","NULL","",5.75399999999991
4595,8321546,2,0.5,FALSE,NA,1,0.96,48,235,48,"!{pgr <= 26} & {er <= 100}",686,246,291,0.424198250728863,TRUE,"","NULL","",7.05499999999995
4596,8321547,2,0.5,FALSE,NA,1,0.68,3,50,3,"{er <= 70} & {age <= 46}",686,246,285,0.415451895043732,TRUE,"","NULL","",3.70399999999995
4597,8321548,2,0.5,FALSE,NA,0,NA,0,11,0,"",686,246,306,0.446064139941691,TRUE,"","NULL","",4.88999999999999
4598,8321549,2,0.5,FALSE,NA,1,0.87,30,153,30,"!{pgr <= 184} & !{er <= 17}",686,246,289,0.421282798833819,TRUE,"","NULL","",6.649
4599,8321550,2,0.5,FALSE,NA,1,0.93,9,35,9,"{size <= 25} & !{pgr <= 114}",686,246,296,0.431486880466472,TRUE,"","NULL","",4.5680000000001
4600,8321551,2,0.5,FALSE,NA,0,NA,0,4,0,"",686,246,310,0.451895043731778,TRUE,"","NULL","",3.93899999999996
4601,8321552,2,0.5,FALSE,NA,1,0.89,47,225,47,"!{er <= 174} & !{pgr <= 45}",686,246,321,0.467930029154519,TRUE,"","NULL","",7.67500000000007
4602,8321553,2,0.5,FALSE,NA,1,0.9,9,71,9,"!{pgr <= 8} & {pgr <= 16}",686,246,305,0.444606413994169,TRUE,"","NULL","",4.96299999999997
4603,8321554,2,0.5,FALSE,NA,1,0.9,42,174,42,"{nodes <= 3} & !{er <= 70}",686,246,284,0.41399416909621,TRUE,"","NULL","",6.25
4604,8321555,2,0.5,FALSE,NA,1,0.86,5,37,5,"{age <= 46} & {nodes <= 5}",686,246,293,0.427113702623907,TRUE,"","NULL","",3.63099999999997
4605,8321556,2,0.5,FALSE,NA,1,0.98,41,113,41,"{grade3} & {pgr <= 337}",686,246,284,0.41399416909621,TRUE,"","NULL","",6.15499999999997
4606,8321557,2,0.5,FALSE,NA,1,0.83,13,46,13,"{age <= 46} & !{pgr <= 0}",686,246,303,0.441690962099125,TRUE,"","NULL","",4.702
4607,8321558,2,0.5,FALSE,NA,1,0.93,52,215,52,"!{pgr <= 77} & {size <= 20}",686,246,294,0.428571428571429,TRUE,"","NULL","",7.08300000000008
4608,8321559,2,0.5,FALSE,NA,1,0.97,121,383,121,"!{nodes <= 5} & !{pgr <= 8}",686,246,287,0.418367346938776,TRUE,"","NULL","",7.03200000000004
4609,8321560,2,0.5,FALSE,NA,1,0.58,3,43,3,"{er <= 70} & !{pgr <= 26}",686,246,270,0.393586005830904,TRUE,"","NULL","",4.91899999999998
4610,8321561,2,0.5,FALSE,NA,1,0.93,22,102,22,"!{size <= 20} & {age <= 46}",686,246,291,0.424198250728863,TRUE,"","NULL","",5.53399999999999
4611,8321562,2,0.5,FALSE,NA,1,0.66,1,17,1,"!{er <= 70} & {er <= 100}",686,246,288,0.419825072886297,TRUE,"","NULL","",4.43399999999997
4612,8321563,2,0.5,FALSE,NA,1,0.72,7,79,7,"{nodes <= 5} & {age <= 46}",686,246,298,0.434402332361516,TRUE,"","NULL","",5.029
4613,8321564,2,0.5,FALSE,NA,0,NA,0,3,0,"",686,246,292,0.425655976676385,TRUE,"","NULL","",4.447
4614,8321565,2,0.5,FALSE,NA,0,NA,0,15,0,"",686,246,314,0.457725947521866,TRUE,"","NULL","",4.58600000000001
4615,8321566,2,0.5,FALSE,NA,0,NA,0,9,0,"",686,246,302,0.440233236151603,TRUE,"","NULL","",4.25300000000004
4616,8321567,2,0.5,FALSE,NA,1,0.95,4,22,4,"{age <= 53} & !{nodes <= 7}",686,246,304,0.443148688046647,TRUE,"","NULL","",4.37800000000004
4617,8321568,2,0.5,FALSE,NA,1,0.99,84,202,84,"{pgr <= 0} & {age <= 61}",686,246,334,0.486880466472303,TRUE,"","NULL","",8.01499999999999
4618,8321569,2,0.5,FALSE,NA,1,0.69,8,28,8,"!{size <= 29} & {pgr <= 26}",686,246,316,0.46064139941691,TRUE,"","NULL","",4.51200000000006
4619,8321570,2,0.5,FALSE,NA,1,0.75,12,93,12,"{nodes <= 5} & !{er <= 70}",686,246,289,0.421282798833819,TRUE,"","NULL","",5.34500000000003
4620,8321571,2,0.5,FALSE,NA,1,0.96,79,241,79,"!{er <= 174} & !{pgr <= 26}",686,246,313,0.456268221574344,TRUE,"","NULL","",5.75800000000004
4621,8321572,2,0.5,FALSE,NA,1,0.83,36,250,36,"{pgr <= 26} & !{meno}",686,246,305,0.444606413994169,TRUE,"","NULL","",7.58100000000002
4622,8321573,2,0.5,FALSE,NA,1,0.97,21,95,21,"{nodes <= 5} & !{size <= 35}",686,246,295,0.43002915451895,TRUE,"","NULL","",5.13799999999992
4623,8321574,2,0.5,FALSE,NA,1,1,30,95,30,"!{er <= 294}",686,246,299,0.435860058309038,TRUE,"","NULL","",5.71199999999999
4624,8321575,2,0.5,FALSE,NA,1,0.98,18,64,18,"{age <= 53} & {pgr <= 2}",686,246,293,0.427113702623907,TRUE,"","NULL","",3.93299999999999
4625,8321576,2,0.5,FALSE,NA,1,0.81,3,20,3,"{pgr <= 184} & !{pgr <= 77}",686,246,322,0.469387755102041,TRUE,"","NULL","",4.69600000000003
4626,8321577,2,0.5,FALSE,NA,1,0.64,2,44,2,"!{pgr <= 77} & {pgr <= 184}",686,246,324,0.472303206997085,TRUE,"","NULL","",4.98599999999999
4627,8321578,2,0.5,FALSE,NA,1,0.99,40,179,40,"{er <= 30} & !{er <= 17}",686,246,302,0.440233236151603,TRUE,"","NULL","",6.65599999999995
4628,8321579,2,0.5,FALSE,NA,0,NA,0,1,0,"",686,246,310,0.451895043731778,TRUE,"","NULL","",4.19000000000005
4629,8321580,2,0.5,FALSE,NA,1,0.79,8,29,8,"!{pgr <= 184} & !{nodes <= 1}",686,246,307,0.447521865889213,TRUE,"","NULL","",5.202
4630,8321581,2,0.5,FALSE,NA,1,0.78,3,17,3,"{er <= 3} & !{age <= 46}",686,246,275,0.400874635568513,TRUE,"","NULL","",4.60799999999995
4631,8321582,2,0.5,FALSE,NA,1,0.59,1,15,1,"!{pgr <= 114} & !{er <= 100}",686,246,280,0.408163265306122,TRUE,"","NULL","",4.27999999999997
4632,8321583,2,0.5,FALSE,NA,1,0.6,1,8,1,"{er <= 44} & !{age <= 61}",686,246,286,0.416909620991254,TRUE,"","NULL","",4.49000000000001
4633,8321584,2,0.5,FALSE,NA,1,0.57,2,24,2,"!{er <= 70} & !{pgr <= 114}",686,246,300,0.43731778425656,TRUE,"","NULL","",4.65300000000002
4634,8321585,2,0.5,FALSE,NA,1,0.97,24,95,24,"{nodes <= 1} & {size <= 20}",686,246,296,0.431486880466472,TRUE,"","NULL","",5.58799999999997
4635,8321586,2,0.5,FALSE,NA,1,0.96,34,165,34,"{nodes <= 5} & {age <= 46}",686,246,314,0.457725947521866,TRUE,"","NULL","",6.33699999999999
4636,8321587,2,0.5,FALSE,NA,1,0.99,87,307,87,"!{er <= 70} & {er <= 100}",686,246,303,0.441690962099125,TRUE,"","NULL","",6.95899999999995
4637,8321588,2,0.5,FALSE,NA,1,0.79,8,60,8,"{nodes <= 1} & {er <= 30}",686,246,301,0.438775510204082,TRUE,"","NULL","",5.322
4638,8321589,2,0.5,FALSE,NA,1,0.9,25,130,25,"{nodes <= 7} & {pgr <= 0}",686,246,304,0.443148688046647,TRUE,"","NULL","",5.94200000000001
4639,8321590,2,0.5,FALSE,NA,1,0.79,4,47,4,"{age <= 46} & !{pgr <= 2}",686,246,314,0.457725947521866,TRUE,"","NULL","Loglik converged before variable  1 ; coefficient may be infinite. ",4.84000000000003
4640,8321591,2,0.5,FALSE,NA,1,0.87,41,152,41,"!{grade3} & {age <= 46}",686,246,303,0.441690962099125,TRUE,"","NULL","",5.49599999999998
4641,8321592,2,0.5,FALSE,NA,1,0.99,84,195,84,"{size <= 20} & !{grade3}",686,246,295,0.43002915451895,TRUE,"","NULL","",7.63499999999999
4642,8321593,2,0.5,FALSE,NA,1,0.74,13,64,13,"{size <= 25} & !{size <= 20}",686,246,287,0.418367346938776,TRUE,"","NULL","",4.87299999999993
4643,8321594,2,0.5,FALSE,NA,1,0.67,3,23,3,"{grade3} & !{size <= 25}",686,246,301,0.438775510204082,TRUE,"","NULL","",4.37099999999998
4644,8321595,2,0.5,FALSE,NA,1,0.98,76,211,76,"{pgr <= 0} & {age <= 61}",686,246,289,0.421282798833819,TRUE,"","NULL","",5.89100000000008
4645,8321596,2,0.5,FALSE,NA,1,0.81,17,63,17,"{age <= 46} & {size <= 29}",686,246,300,0.43731778425656,TRUE,"","NULL","",5.38599999999997
4646,8321597,2,0.5,FALSE,NA,1,0.98,39,172,39,"!{pgr <= 114} & {er <= 174}",686,246,307,0.447521865889213,TRUE,"","NULL","",6.596
4647,8321598,2,0.5,FALSE,NA,1,0.98,13,88,13,"!{size <= 29} & {size <= 35}",686,246,311,0.4533527696793,TRUE,"","NULL","",5.41700000000003
4648,8321599,2,0.5,FALSE,NA,1,0.85,11,98,11,"!{size <= 20} & {age <= 46}",686,246,302,0.440233236151603,TRUE,"","NULL","",4.70300000000009
4649,8321600,2,0.5,FALSE,NA,1,0.99,34,94,34,"{grade3} & {age <= 53}",686,246,299,0.435860058309038,TRUE,"","NULL","",5.86000000000001
4650,8321601,2,0.5,FALSE,NA,1,0.82,4,22,4,"!{pgr <= 77} & {er <= 44}",686,246,304,0.443148688046647,TRUE,"","NULL","",4.32000000000005
4651,8321602,2,0.5,FALSE,NA,0,NA,0,19,0,"",686,246,316,0.46064139941691,TRUE,"","NULL","",4.59400000000005
4652,8321603,2,0.5,FALSE,NA,1,0.95,67,212,67,"{nodes <= 5} & {pgr <= 16}",686,246,311,0.4533527696793,TRUE,"","NULL","",6.13700000000006
4653,8321604,2,0.5,FALSE,NA,1,0.77,23,87,23,"!{age <= 61} & !{grade3}",686,246,299,0.435860058309038,TRUE,"","NULL","",5.72899999999993
4654,8321605,2,0.5,FALSE,NA,1,0.96,16,81,16,"!{size <= 35} & {meno}",686,246,298,0.434402332361516,TRUE,"","NULL","",5.29200000000003
4655,8321606,2,0.5,FALSE,NA,1,0.87,3,37,3,"{er <= 0} & {size <= 35}",686,246,303,0.441690962099125,TRUE,"","NULL","",4.46300000000008
4656,8321607,2,0.5,FALSE,NA,1,0.88,5,35,5,"{pgr <= 2} & !{age <= 46}",686,246,278,0.405247813411079,TRUE,"","NULL","",4.32600000000002
4657,8321608,2,0.5,FALSE,NA,1,0.8,57,207,57,"{age <= 53} & {pgr <= 184}",686,246,308,0.448979591836735,TRUE,"","NULL","",7.81299999999999
4658,8321609,2,0.5,FALSE,NA,0,NA,0,6,0,"",686,246,302,0.440233236151603,TRUE,"","NULL","",4.07800000000009
4659,8321610,2,0.5,FALSE,NA,1,0.82,3,36,3,"{er <= 3} & {nodes <= 5}",686,246,308,0.448979591836735,TRUE,"","NULL","",4.37900000000002
4660,8321611,2,0.5,FALSE,NA,1,0.99,68,207,68,"!{er <= 100} & {size <= 25}",686,246,294,0.428571428571429,TRUE,"","NULL","",6.12600000000009
4661,8321612,2,0.5,FALSE,NA,1,0.61,3,22,3,"{nodes <= 7} & !{size <= 35}",686,246,308,0.448979591836735,TRUE,"","NULL","",5.25900000000001
4662,8321613,2,0.5,FALSE,NA,1,0.98,145,298,145,"{grade3} & {pgr <= 8}",686,246,294,0.428571428571429,TRUE,"","NULL","",8.20300000000009
4663,8321614,2,0.5,FALSE,NA,1,0.83,10,53,10,"!{pgr <= 77} & {er <= 70}",686,246,302,0.440233236151603,TRUE,"","NULL","",5.21699999999998
4664,8321615,2,0.5,FALSE,NA,1,0.88,3,22,3,"!{pgr <= 45} & {pgr <= 77}",686,246,303,0.441690962099125,TRUE,"","NULL","",3.55499999999995
4665,8321616,2,0.5,FALSE,NA,1,0.83,5,27,5,"{age <= 53} & !{er <= 44}",686,246,310,0.451895043731778,TRUE,"","NULL","",5.14100000000008
4666,8321617,2,0.5,FALSE,NA,0,NA,0,2,0,"",686,246,303,0.441690962099125,TRUE,"","NULL","",4.62900000000002
4667,8321618,2,0.5,FALSE,NA,1,0.62,3,16,3,"{size <= 29} & {age <= 46}",686,246,309,0.450437317784257,TRUE,"","NULL","",4.54500000000007
4668,8321619,2,0.5,FALSE,NA,1,0.91,11,108,11,"{nodes <= 7} & !{nodes <= 5}",686,246,295,0.43002915451895,TRUE,"","NULL","",5.54200000000003
4669,8321620,2,0.5,FALSE,NA,1,0.93,81,354,81,"{nodes <= 1} & !{er <= 17}",686,246,286,0.416909620991254,TRUE,"","NULL","",9.29399999999998
4670,8321621,2,0.5,FALSE,NA,1,0.92,29,150,29,"{size <= 20} & {nodes <= 5}",686,246,304,0.443148688046647,TRUE,"","NULL","",6.327
4671,8321622,2,0.5,FALSE,NA,1,0.94,29,126,29,"!{pgr <= 45} & {er <= 70}",686,246,306,0.446064139941691,TRUE,"","NULL","",5.34699999999998
4672,8321623,2,0.5,FALSE,NA,1,0.8,5,34,5,"{grade3} & !{pgr <= 8}",686,246,296,0.431486880466472,TRUE,"","NULL","",3.33399999999995
4673,8321624,2,0.5,FALSE,NA,1,0.89,19,79,19,"{pgr <= 16} & !{pgr <= 2}",686,246,322,0.469387755102041,TRUE,"","NULL","",6.32499999999993
4674,8321625,2,0.5,FALSE,NA,1,0.83,13,97,13,"{size <= 20} & {er <= 70}",686,246,314,0.457725947521866,TRUE,"","NULL","Loglik converged before variable  1 ; coefficient may be infinite.  | Loglik converged before variable  1 ; coefficient may be infinite. ",5.38800000000003
4675,8321626,2,0.5,FALSE,NA,1,0.98,10,29,10,"{age <= 46} & !{size <= 25}",686,246,300,0.43731778425656,TRUE,"","NULL","Loglik converged before variable  1 ; coefficient may be infinite.  | Loglik converged before variable  1 ; coefficient may be infinite.  | Loglik converged before variable  1 ; coefficient may be infinite.  | Loglik converged before variable  1 ; coefficient may be infinite.  | Loglik converged before variable  1 ; coefficient may be infinite.  | Loglik converged before variable  1 ; coefficient may be infinite. ",4.75700000000006
4676,8321627,2,0.5,FALSE,NA,0,NA,0,6,0,"",686,246,296,0.431486880466472,TRUE,"","NULL","",3.90099999999995
4677,8321628,2,0.5,FALSE,NA,1,0.89,8,55,8,"!{pgr <= 77} & {pgr <= 114}",686,246,305,0.444606413994169,TRUE,"","NULL","",5.06000000000006
4678,8321629,2,0.5,FALSE,NA,1,0.93,31,146,31,"!{nodes <= 7} & {er <= 174}",686,246,277,0.403790087463557,TRUE,"","NULL","",5.94499999999994
4679,8321630,2,0.5,FALSE,NA,1,0.85,27,178,27,"{age <= 53} & !{er <= 30}",686,246,294,0.428571428571429,TRUE,"","NULL","",6.17599999999993
4680,8321631,2,0.5,FALSE,NA,1,0.84,5,61,5,"!{pgr <= 184} & !{er <= 70}",686,246,282,0.411078717201166,TRUE,"","NULL","",4.15300000000002
4681,8321632,2,0.5,FALSE,NA,1,0.84,2,59,2,"!{nodes <= 5} & {er <= 44}",686,246,293,0.427113702623907,TRUE,"","NULL","",5.74900000000002
4682,8321633,2,0.5,FALSE,NA,1,0.82,7,48,7,"{size <= 35} & {er <= 3}",686,246,295,0.43002915451895,TRUE,"","NULL","",4.72799999999995
4683,8321634,2,0.5,FALSE,NA,1,0.83,17,56,17,"!{nodes <= 5} & {er <= 174}",686,246,300,0.43731778425656,TRUE,"","NULL","",5.10599999999999
4684,8321635,2,0.5,FALSE,NA,1,0.96,162,482,162,"!{pgr <= 77} & !{age <= 53}",686,246,303,0.441690962099125,TRUE,"","NULL","",8.66300000000001
4685,8321636,2,0.5,FALSE,NA,1,0.95,7,19,7,"!{size <= 35} & {er <= 44}",686,246,285,0.415451895043732,TRUE,"","NULL","",4.79499999999996
4686,8321637,2,0.5,FALSE,NA,1,0.76,12,47,12,"{grade3} & {er <= 44}",686,246,301,0.438775510204082,TRUE,"","NULL","",5.11099999999999
4687,8321638,2,0.5,FALSE,NA,1,1,82,300,82,"{size <= 20} & !{meno}",686,246,320,0.466472303206997,TRUE,"","NULL","",8.31600000000003
4688,8321639,2,0.5,FALSE,NA,0,NA,0,8,0,"",686,246,296,0.431486880466472,TRUE,"","NULL","",3.40100000000007
4689,8321640,2,0.5,FALSE,NA,1,0.86,7,68,7,"{pgr <= 8} & !{pgr <= 0}",686,246,333,0.485422740524781,TRUE,"","NULL","",5.81999999999994
4690,8321641,2,0.5,FALSE,NA,1,0.86,38,104,38,"!{pgr <= 114} & !{er <= 17}",686,246,304,0.443148688046647,TRUE,"","NULL","",5.46899999999994
4691,8321642,2,0.5,FALSE,NA,1,0.73,8,59,8,"!{er <= 9} & {er <= 30}",686,246,307,0.447521865889213,TRUE,"","NULL","",4.78399999999999
4692,8321643,2,0.5,FALSE,NA,1,0.96,81,192,81,"!{pgr <= 45} & {er <= 44}",686,246,315,0.459183673469388,TRUE,"","NULL","",5.80500000000006
4693,8321644,2,0.5,FALSE,NA,1,0.99,218,625,218,"{age <= 46} & {nodes <= 5}",686,246,307,0.447521865889213,TRUE,"","NULL","",13.1650000000001
4694,8321645,2,0.5,FALSE,NA,1,0.88,16,87,16,"{pgr <= 8} & {grade3}",686,246,303,0.441690962099125,TRUE,"","NULL","",5.60800000000006
4695,8321646,2,0.5,FALSE,NA,1,0.93,16,54,16,"{pgr <= 45} & !{er <= 44}",686,246,292,0.425655976676385,TRUE,"","NULL","",3.72000000000003
4696,8321647,2,0.5,FALSE,NA,1,0.84,8,57,8,"{age <= 61} & !{er <= 70}",686,246,309,0.450437317784257,TRUE,"","NULL","",3.49799999999993
4697,8321648,2,0.5,FALSE,NA,1,0.91,39,208,39,"!{pgr <= 184} & !{grade3}",686,246,302,0.440233236151603,TRUE,"","NULL","",7.86800000000005
4698,8321649,2,0.5,FALSE,NA,1,0.63,2,17,2,"{size <= 20} & !{nodes <= 3}",686,246,290,0.422740524781341,TRUE,"","NULL","",4.56499999999994
4699,8321650,2,0.5,FALSE,NA,1,0.99,43,116,43,"!{pgr <= 77} & {pgr <= 114}",686,246,298,0.434402332361516,TRUE,"","NULL","",5.49900000000002
4700,8321651,2,0.5,FALSE,NA,1,0.98,111,226,111,"{nodes <= 5} & !{pgr <= 184}",686,246,298,0.434402332361516,TRUE,"","NULL","Loglik converged before variable  1 ; coefficient may be infinite. ",5.72000000000003
4701,8321652,2,0.5,FALSE,NA,1,0.88,21,111,21,"{size <= 25} & !{er <= 44}",686,246,277,0.403790087463557,TRUE,"","NULL","",6.11900000000003
4702,8321653,2,0.5,FALSE,NA,1,0.9,51,218,51,"{size <= 20} & {age <= 61}",686,246,292,0.425655976676385,TRUE,"","NULL","Loglik converged before variable  1 ; coefficient may be infinite. ",7.55500000000006
4703,8321654,2,0.5,FALSE,NA,1,0.73,2,22,2,"{grade3} & {pgr <= 16}",686,246,291,0.424198250728863,TRUE,"","NULL","",4.28999999999996
4704,8321655,2,0.5,FALSE,NA,1,0.96,6,43,6,"{size <= 25} & !{er <= 100}",686,246,303,0.441690962099125,TRUE,"","NULL","",3.94600000000003
4705,8321656,2,0.5,FALSE,NA,1,0.68,4,28,4,"{er <= 3} & {age <= 53}",686,246,291,0.424198250728863,TRUE,"","NULL","",4.96899999999994
4706,8321657,2,0.5,FALSE,NA,1,0.96,70,201,70,"{age <= 46} & !{grade3}",686,246,307,0.447521865889213,TRUE,"","NULL","",6.95100000000002
4707,8321658,2,0.5,FALSE,NA,1,0.96,10,29,10,"{nodes <= 7} & !{er <= 174}",686,246,300,0.43731778425656,TRUE,"","NULL","",4.47199999999998
4708,8321659,2,0.5,FALSE,NA,1,0.93,8,59,8,"{age <= 53} & !{size <= 35}",686,246,302,0.440233236151603,TRUE,"","NULL","",4.50700000000006
4709,8321660,2,0.5,FALSE,NA,1,0.83,3,32,3,"!{nodes <= 3} & {er <= 3}",686,246,313,0.456268221574344,TRUE,"","NULL","",5.26499999999999
4710,8321661,2,0.5,FALSE,NA,1,0.97,95,334,95,"{nodes <= 3} & !{er <= 100}",686,246,297,0.432944606413994,TRUE,"","NULL","",8.51600000000008
4711,8321662,2,0.5,FALSE,NA,1,1,29,167,29,"!{er <= 9} & {er <= 17}",686,246,307,0.447521865889213,TRUE,"","NULL","",5.92700000000002
4712,8321663,2,0.5,FALSE,NA,1,0.98,106,353,106,"{nodes <= 1} & !{pgr <= 45}",686,246,294,0.428571428571429,TRUE,"","NULL","",6.19000000000005
4713,8321664,2,0.5,FALSE,NA,1,0.94,20,105,20,"!{grade3} & !{nodes <= 5}",686,246,296,0.431486880466472,TRUE,"","NULL","Loglik converged before variable  1 ; coefficient may be infinite.  | Loglik converged before variable  1 ; coefficient may be infinite. ",6.00099999999998
4714,8321665,2,0.5,FALSE,NA,1,0.89,31,104,31,"{nodes <= 7} & !{age <= 61}",686,246,311,0.4533527696793,TRUE,"","NULL","",5.44000000000005
4715,8321666,2,0.5,FALSE,NA,1,0.96,35,219,35,"!{pgr <= 77} & {pgr <= 114}",686,246,299,0.435860058309038,TRUE,"","NULL","",6.69800000000009
4716,8321667,2,0.5,FALSE,NA,1,0.94,41,102,41,"!{pgr <= 114} & !{nodes <= 1}",686,246,296,0.431486880466472,TRUE,"","NULL","",4.471
4717,8321668,2,0.5,FALSE,NA,0,NA,0,9,0,"",686,246,302,0.440233236151603,TRUE,"","NULL","",4.67999999999995
4718,8321669,2,0.5,FALSE,NA,1,0.92,13,84,13,"{nodes <= 7} & !{size <= 29}",686,246,278,0.405247813411079,TRUE,"","NULL","",5.25799999999992
4719,8321670,2,0.5,FALSE,NA,1,1,88,222,88,"{size <= 35} & {age <= 46}",686,246,318,0.463556851311953,TRUE,"","NULL","",7.17999999999995
4720,8321671,2,0.5,FALSE,NA,1,0.92,22,85,22,"{size <= 35} & {age <= 46}",686,246,297,0.432944606413994,TRUE,"","NULL","",4.43200000000002
4721,8321672,2,0.5,FALSE,NA,1,0.88,16,74,16,"{nodes <= 5} & !{size <= 35}",686,246,311,0.4533527696793,TRUE,"","NULL","",5.81899999999996
4722,8321673,2,0.5,FALSE,NA,1,0.93,31,109,31,"!{er <= 100} & !{pgr <= 114}",686,246,305,0.444606413994169,TRUE,"","NULL","",5.58100000000002
4723,8321674,2,0.5,FALSE,NA,1,0.91,19,59,19,"{er <= 44} & !{pgr <= 77}",686,246,294,0.428571428571429,TRUE,"","NULL","",4.87
4724,8321675,2,0.5,FALSE,NA,1,0.95,43,130,43,"!{pgr <= 114} & !{er <= 17}",686,246,293,0.427113702623907,TRUE,"","NULL","",5.24900000000002
4725,8321676,2,0.5,FALSE,NA,1,0.98,105,264,105,"!{pgr <= 77} & {age <= 53}",686,246,292,0.425655976676385,TRUE,"","NULL","",8.69500000000005
4726,8321677,2,0.5,FALSE,NA,1,0.98,120,390,120,"{age <= 46} & {size <= 25}",686,246,291,0.424198250728863,TRUE,"","NULL","",8.995
4727,8321678,2,0.5,FALSE,NA,1,0.84,29,188,29,"{age <= 53} & !{size <= 25}",686,246,290,0.422740524781341,TRUE,"","NULL","",5.42999999999995
4728,8321679,2,0.5,FALSE,NA,1,0.92,40,117,40,"!{meno} & {pgr <= 16}",686,246,297,0.432944606413994,TRUE,"","NULL","",3.85300000000007
4729,8321680,2,0.5,FALSE,NA,1,0.74,3,32,3,"{size <= 20} & !{pgr <= 26}",686,246,301,0.438775510204082,TRUE,"","NULL","",4.95000000000005
4730,8321681,2,0.5,FALSE,NA,1,0.94,10,73,10,"{size <= 20} & !{pgr <= 45}",686,246,300,0.43731778425656,TRUE,"","NULL","",5.63000000000011
4731,8321682,2,0.5,FALSE,NA,1,0.66,2,2,2,"{er <= 70} & !{er <= 30}",686,246,293,0.427113702623907,TRUE,"","NULL","",3.96199999999999
4732,8321683,2,0.5,FALSE,NA,1,0.54,2,18,2,"{nodes <= 1} & {pgr <= 16}",686,246,295,0.43002915451895,TRUE,"","NULL","",4.45400000000006
4733,8321684,2,0.5,FALSE,NA,0,NA,0,19,0,"",686,246,313,0.456268221574344,TRUE,"","NULL","",4.99300000000005
4734,8321685,2,0.5,FALSE,NA,1,0.85,6,29,6,"!{age <= 61} & {pgr <= 45}",686,246,278,0.405247813411079,TRUE,"","NULL","",4.58000000000004
4735,8321686,2,0.5,FALSE,NA,1,0.57,1,14,1,"{er <= 174} & !{size <= 35}",686,246,306,0.446064139941691,TRUE,"","NULL","",4.58399999999995
4736,8321687,2,0.5,FALSE,NA,1,0.97,181,460,181,"!{age <= 61} & {er <= 174}",686,246,301,0.438775510204082,TRUE,"","NULL","",9.08100000000002
4737,8321688,2,0.5,FALSE,NA,1,0.86,8,33,8,"{age <= 46} & !{grade3}",686,246,287,0.418367346938776,TRUE,"","NULL","",4.96400000000006
4738,8321689,2,0.5,FALSE,NA,1,0.83,9,49,9,"{size <= 25} & !{pgr <= 114}",686,246,301,0.438775510204082,TRUE,"","NULL","",5.45600000000002
4739,8321690,2,0.5,FALSE,NA,1,0.83,9,52,9,"{nodes <= 3} & !{er <= 70}",686,246,295,0.43002915451895,TRUE,"","NULL","",4.71500000000003
4740,8321691,2,0.5,FALSE,NA,1,0.98,14,74,14,"!{grade3} & {pgr <= 2}",686,246,319,0.465014577259475,TRUE,"","NULL","",5.14599999999996
4741,8321692,2,0.5,FALSE,NA,1,0.67,4,47,4,"!{age <= 46} & !{meno}",686,246,286,0.416909620991254,TRUE,"","NULL","",5.46199999999999
4742,8321693,2,0.5,FALSE,NA,1,0.94,96,317,96,"{age <= 46} & {pgr <= 184}",686,246,294,0.428571428571429,TRUE,"","NULL","",8.529
4743,8321694,2,0.5,FALSE,NA,1,0.93,24,151,24,"!{pgr <= 8} & {age <= 46}",686,246,290,0.422740524781341,TRUE,"","NULL","",6.20999999999992
4744,8321695,2,0.5,FALSE,NA,1,0.95,36,129,36,"{er <= 3} & !{size <= 20}",686,246,324,0.472303206997085,TRUE,"","NULL","",4.38699999999994
4745,8321696,2,0.5,FALSE,NA,1,0.94,12,54,12,"{er <= 100} & !{pgr <= 114}",686,246,320,0.466472303206997,TRUE,"","NULL","",5.36900000000003
4746,8321697,2,0.5,FALSE,NA,1,0.97,49,166,49,"!{er <= 174} & {pgr <= 337}",686,246,277,0.403790087463557,TRUE,"","NULL","",6.57399999999996
4747,8321698,2,0.5,FALSE,NA,1,0.96,9,45,9,"{nodes <= 1} & {er <= 17}",686,246,302,0.440233236151603,TRUE,"","NULL","",4.64700000000005
4748,8321699,2,0.5,FALSE,NA,1,1,51,228,51,"{er <= 30} & {nodes <= 1}",686,246,296,0.431486880466472,TRUE,"","NULL","",5.93700000000001
4749,8321700,2,0.5,FALSE,NA,1,0.8,3,42,3,"{nodes <= 5} & !{size <= 35}",686,246,304,0.443148688046647,TRUE,"","NULL","",4.87
4750,8321701,2,0.5,FALSE,NA,1,0.81,31,218,31,"{age <= 46} & {nodes <= 5}",686,246,297,0.432944606413994,TRUE,"","NULL","",7.11500000000001
4751,8321702,2,0.5,FALSE,NA,1,0.95,6,23,6,"!{meno} & {er <= 9}",686,246,309,0.450437317784257,TRUE,"","NULL","",4.65699999999993
4752,8321703,2,0.5,FALSE,NA,1,0.91,50,213,50,"!{grade3} & {er <= 17}",686,246,304,0.443148688046647,TRUE,"","NULL","",5.85199999999998
4753,8321704,2,0.5,FALSE,NA,1,0.51,1,22,1,"{age <= 61} & {pgr <= 2}",686,246,302,0.440233236151603,TRUE,"","NULL","",4.75900000000001
4754,8321705,2,0.5,FALSE,NA,1,0.79,6,30,6,"!{er <= 174} & !{pgr <= 26}",686,246,313,0.456268221574344,TRUE,"","NULL","",4.76200000000006
4755,8321706,2,0.5,FALSE,NA,1,0.92,10,28,10,"{size <= 25} & {er <= 9}",686,246,296,0.431486880466472,TRUE,"","NULL","",4.76900000000001
4756,8321707,2,0.5,FALSE,NA,1,0.97,47,85,47,"{grade3} & {size <= 35}",686,246,295,0.43002915451895,TRUE,"","NULL","",5.06900000000007
4757,8321708,2,0.5,FALSE,NA,1,1,74,303,74,"!{meno} & {er <= 17}",686,246,289,0.421282798833819,TRUE,"","NULL","",8.67700000000002
4758,8321709,2,0.5,FALSE,NA,1,0.94,105,333,105,"{size <= 20} & !{pgr <= 8}",686,246,291,0.424198250728863,TRUE,"","NULL","",8.41200000000003
4759,8321710,2,0.5,FALSE,NA,1,0.91,12,70,12,"{pgr <= 8} & {size <= 29}",686,246,314,0.457725947521866,TRUE,"","NULL","",4.51099999999997
4760,8321711,2,0.5,FALSE,NA,1,0.98,41,206,41,"{er <= 100} & !{er <= 30}",686,246,317,0.462099125364431,TRUE,"","NULL","",4.721
4761,8321712,2,0.5,FALSE,NA,1,0.98,29,121,29,"!{pgr <= 45} & {pgr <= 114}",686,246,292,0.425655976676385,TRUE,"","NULL","",6.505
4762,8321713,2,0.5,FALSE,NA,1,0.99,274,502,274,"{nodes <= 7} & !{pgr <= 77}",686,246,293,0.427113702623907,TRUE,"","NULL","",10.856
4763,8321714,2,0.5,FALSE,NA,1,0.99,115,326,115,"{nodes <= 3} & {size <= 20}",686,246,302,0.440233236151603,TRUE,"","NULL","",6.79000000000008
4764,8321715,2,0.5,FALSE,NA,1,0.98,91,275,91,"!{pgr <= 114} & {size <= 29}",686,246,302,0.440233236151603,TRUE,"","NULL","Loglik converged before variable  1 ; coefficient may be infinite. ",4.91200000000003
4765,8321716,2,0.5,FALSE,NA,1,0.86,4,34,4,"!{age <= 61} & {er <= 100}",686,246,297,0.432944606413994,TRUE,"","NULL","",4.77800000000002
4766,8321717,2,0.5,FALSE,NA,1,0.98,11,49,11,"!{er <= 70} & {er <= 100}",686,246,290,0.422740524781341,TRUE,"","NULL","",5.09199999999998
4767,8321718,2,0.5,FALSE,NA,1,0.91,46,203,46,"!{er <= 70} & {size <= 20}",686,246,304,0.443148688046647,TRUE,"","NULL","",6.49299999999994
4768,8321719,2,0.5,FALSE,NA,1,0.97,72,233,72,"{nodes <= 3} & !{pgr <= 77}",686,246,290,0.422740524781341,TRUE,"","NULL","",5.96600000000001
4769,8321720,2,0.5,FALSE,NA,1,0.89,21,100,21,"!{pgr <= 184} & {size <= 35}",686,246,291,0.424198250728863,TRUE,"","NULL","",6.32800000000009
4770,8321721,2,0.5,FALSE,NA,1,0.98,52,129,52,"{age <= 53} & {er <= 17}",686,246,323,0.470845481049563,TRUE,"","NULL","",5.86900000000003
4771,8321722,2,0.5,FALSE,NA,1,0.92,15,62,15,"!{size <= 29} & {er <= 9}",686,246,296,0.431486880466472,TRUE,"","NULL","",4.93400000000008
4772,8321723,2,0.5,FALSE,NA,1,0.7,1,22,1,"!{nodes <= 7} & !{er <= 30}",686,246,296,0.431486880466472,TRUE,"","NULL","",4.101
4773,8321724,2,0.5,FALSE,NA,1,0.65,3,33,3,"!{meno} & {size <= 25}",686,246,290,0.422740524781341,TRUE,"","NULL","",5.14499999999998
4774,8321725,2,0.5,FALSE,NA,1,0.88,31,124,31,"{er <= 0}",686,246,286,0.416909620991254,TRUE,"","NULL","",5.85200000000009
4775,8321726,2,0.5,FALSE,NA,1,0.79,8,72,8,"{size <= 35} & {er <= 17}",686,246,311,0.4533527696793,TRUE,"","NULL","",5.197
4776,8321727,2,0.5,FALSE,NA,1,0.9,21,82,21,"!{er <= 100} & {size <= 29}",686,246,304,0.443148688046647,TRUE,"","NULL","",4.81799999999998
4777,8321728,2,0.5,FALSE,NA,1,0.56,2,16,2,"{age <= 53} & {size <= 20}",686,246,310,0.451895043731778,TRUE,"","NULL","",5.005
4778,8321729,2,0.5,FALSE,NA,1,0.9,36,231,36,"{size <= 20} & {nodes <= 5}",686,246,308,0.448979591836735,TRUE,"","NULL","",7.74000000000001
4779,8321730,2,0.5,FALSE,NA,1,0.53,4,50,4,"!{er <= 70} & !{nodes <= 3}",686,246,320,0.466472303206997,TRUE,"","NULL","",5.18499999999995
4780,8321731,2,0.5,FALSE,NA,1,0.65,1,19,1,"!{pgr <= 8} & {pgr <= 16}",686,246,298,0.434402332361516,TRUE,"","NULL","",3.55499999999995
4781,8321732,2,0.5,FALSE,NA,1,0.87,9,41,9,"{grade3} & {pgr <= 8}",686,246,280,0.408163265306122,TRUE,"","NULL","",5.09199999999998
4782,8321733,2,0.5,FALSE,NA,1,0.88,5,28,5,"!{pgr <= 8} & {pgr <= 16}",686,246,298,0.434402332361516,TRUE,"","NULL","",4.75100000000009
4783,8321734,2,0.5,FALSE,NA,0,NA,0,NA,NA,"",686,246,310,0.451895043731778,TRUE,"","NULL","",4.42700000000002
4784,8321735,2,0.5,FALSE,NA,1,0.87,7,23,7,"{nodes <= 1} & {er <= 100}",686,246,289,0.421282798833819,TRUE,"","NULL","",4.43299999999999
4785,8321736,2,0.5,FALSE,NA,1,0.76,3,20,3,"{age <= 53} & {pgr <= 16}",686,246,304,0.443148688046647,TRUE,"","NULL","",5.36799999999994
4786,8321737,2,0.5,FALSE,NA,1,0.92,9,48,9,"{pgr <= 16} & !{er <= 9}",686,246,305,0.444606413994169,TRUE,"","NULL","",4.66300000000001
4787,8321738,2,0.5,FALSE,NA,1,0.68,2,20,2,"{size <= 29} & {age <= 46}",686,246,292,0.425655976676385,TRUE,"","NULL","",4.44000000000005
4788,8321739,2,0.5,FALSE,NA,1,0.96,160,460,160,"{er <= 100} & !{er <= 44}",686,246,285,0.415451895043732,TRUE,"","NULL","",8.654
4789,8321740,2,0.5,FALSE,NA,1,0.95,3,43,3,"!{size <= 35} & !{pgr <= 45}",686,246,292,0.425655976676385,TRUE,"","NULL","",5.13900000000001
4790,8321741,2,0.5,FALSE,NA,1,0.81,11,43,11,"{age <= 46} & {nodes <= 7}",686,246,298,0.434402332361516,TRUE,"","NULL","",5.18000000000006
4791,8321742,2,0.5,FALSE,NA,1,0.67,3,12,3,"!{nodes <= 5} & {er <= 30}",686,246,293,0.427113702623907,TRUE,"","NULL","",4.68399999999997
4792,8321743,2,0.5,FALSE,NA,1,0.9,22,73,22,"{er <= 3} & {pgr <= 2}",686,246,289,0.421282798833819,TRUE,"","NULL","",4.678
4793,8321744,2,0.5,FALSE,NA,1,0.99,45,129,45,"{er <= 100} & !{er <= 70}",686,246,299,0.435860058309038,TRUE,"","NULL","",6.65800000000002
4794,8321745,2,0.5,FALSE,NA,1,0.83,25,124,25,"!{pgr <= 8} & {size <= 20}",686,246,276,0.402332361516035,TRUE,"","NULL","",5.34199999999998
4795,8321746,2,0.5,FALSE,NA,1,0.96,20,84,20,"{nodes <= 5} & {pgr <= 2}",686,246,269,0.392128279883382,TRUE,"","NULL","",5.11500000000001
4796,8321747,2,0.5,FALSE,NA,1,0.92,5,35,5,"{er <= 17} & !{er <= 9}",686,246,290,0.422740524781341,TRUE,"","NULL","",3.92699999999991
4797,8321748,2,0.5,FALSE,NA,1,0.93,44,158,44,"!{er <= 70} & {age <= 53}",686,246,330,0.481049562682216,TRUE,"","NULL","",7.28699999999992
4798,8321749,2,0.5,FALSE,NA,1,0.84,17,95,17,"{size <= 35} & {pgr <= 8}",686,246,306,0.446064139941691,TRUE,"","NULL","",5.33600000000001
4799,8321750,2,0.5,FALSE,NA,1,0.95,78,305,78,"!{er <= 174} & !{pgr <= 26}",686,246,291,0.424198250728863,TRUE,"","NULL","",7.59299999999996
4800,8321751,2,0.5,FALSE,NA,1,0.78,4,43,4,"!{meno} & {pgr <= 45}",686,246,294,0.428571428571429,TRUE,"","NULL","",3.71299999999997
4801,8321752,2,0.5,FALSE,NA,1,0.96,30,131,30,"{size <= 29} & {er <= 3}",686,246,289,0.421282798833819,TRUE,"","NULL","Loglik converged before variable  1 ; coefficient may be infinite.  | Loglik converged before variable  1 ; coefficient may be infinite. ",6.75800000000004
4802,8321753,2,0.5,FALSE,NA,1,0.91,18,95,18,"{size <= 25} & !{er <= 100}",686,246,301,0.438775510204082,TRUE,"","NULL","",5.38800000000003
4803,8321754,2,0.5,FALSE,NA,1,0.72,5,22,5,"!{grade3} & !{size <= 35}",686,246,321,0.467930029154519,TRUE,"","NULL","",4.39200000000005
4804,8321755,2,0.5,FALSE,NA,1,0.82,2,8,2,"!{pgr <= 8} & {pgr <= 16}",686,246,286,0.416909620991254,TRUE,"","NULL","",3.94600000000003
4805,8321756,2,0.5,FALSE,NA,1,0.79,8,36,8,"{grade3} & {er <= 44}",686,246,312,0.454810495626822,TRUE,"","NULL","",4.85200000000009
4806,8321757,2,0.5,FALSE,NA,1,0.89,8,76,8,"{er <= 30} & !{er <= 17}",686,246,312,0.454810495626822,TRUE,"","NULL","",5.625
4807,8321758,2,0.5,FALSE,NA,1,0.77,9,45,9,"!{pgr <= 0} & {pgr <= 8}",686,246,306,0.446064139941691,TRUE,"","NULL","",4.63999999999999
4808,8321759,2,0.5,FALSE,NA,1,0.58,3,28,3,"{size <= 20} & !{age <= 53}",686,246,321,0.467930029154519,TRUE,"","NULL","",4.63499999999999
4809,8321760,2,0.5,FALSE,NA,1,0.95,66,146,66,"{age <= 46} & {pgr <= 77}",686,246,305,0.444606413994169,TRUE,"","NULL","",6.70899999999995
4810,8321761,2,0.5,FALSE,NA,1,0.84,12,72,12,"{age <= 53} & {size <= 25}",686,246,309,0.450437317784257,TRUE,"","NULL","",5.34999999999991
4811,8321762,2,0.5,FALSE,NA,1,0.95,29,100,29,"!{grade3} & !{er <= 174}",686,246,276,0.402332361516035,TRUE,"","NULL","",5.221
4812,8321763,2,0.5,FALSE,NA,1,0.88,17,88,17,"{er <= 70} & !{pgr <= 45}",686,246,300,0.43731778425656,TRUE,"","NULL","",4.46799999999996
4813,8321764,2,0.5,FALSE,NA,1,0.71,5,34,5,"{er <= 17} & !{pgr <= 8}",686,246,300,0.43731778425656,TRUE,"","NULL","",4.82299999999998
4814,8321765,2,0.5,FALSE,NA,1,0.71,7,26,7,"{nodes <= 5} & !{nodes <= 3}",686,246,314,0.457725947521866,TRUE,"","NULL","",4.87400000000002
4815,8321766,2,0.5,FALSE,NA,1,0.91,28,130,28,"{age <= 53} & !{er <= 44}",686,246,299,0.435860058309038,TRUE,"","NULL","",5.73299999999995
4816,8321767,2,0.5,FALSE,NA,1,0.98,10,69,10,"{er <= 0} & {size <= 35}",686,246,278,0.405247813411079,TRUE,"","NULL","",4.85699999999997
4817,8321768,2,0.5,FALSE,NA,1,0.96,163,436,163,"!{nodes <= 1} & !{pgr <= 184}",686,246,304,0.443148688046647,TRUE,"","NULL","",10.303
4818,8321769,2,0.5,FALSE,NA,1,0.99,72,247,72,"!{pgr <= 45} & {pgr <= 77}",686,246,299,0.435860058309038,TRUE,"","NULL","",7.40800000000002
4819,8321770,2,0.5,FALSE,NA,1,0.64,1,18,1,"{age <= 53} & !{nodes <= 7}",686,246,316,0.46064139941691,TRUE,"","NULL","",4.048
4820,8321771,2,0.5,FALSE,NA,1,0.73,9,45,9,"{age <= 53} & !{er <= 44}",686,246,282,0.411078717201166,TRUE,"","NULL","",3.12199999999996
4821,8321772,2,0.5,FALSE,NA,1,0.96,19,114,19,"{er <= 30} & !{er <= 17}",686,246,288,0.419825072886297,TRUE,"","NULL","",6.56599999999992
4822,8321773,2,0.5,FALSE,NA,1,0.86,21,128,21,"!{meno} & {size <= 25}",686,246,304,0.443148688046647,TRUE,"","NULL","",5.89799999999991
4823,8321774,2,0.5,FALSE,NA,1,0.92,46,188,46,"!{pgr <= 77} & {pgr <= 114}",686,246,305,0.444606413994169,TRUE,"","NULL","",6.37699999999995
4824,8321775,2,0.5,FALSE,NA,1,0.96,55,241,55,"{nodes <= 1} & {er <= 174}",686,246,313,0.456268221574344,TRUE,"","NULL","",5.56299999999999
4825,8321776,2,0.5,FALSE,NA,1,0.81,2,21,2,"!{age <= 61} & !{pgr <= 26}",686,246,327,0.47667638483965,TRUE,"","NULL","",4.8900000000001
4826,8321777,2,0.5,FALSE,NA,1,0.97,26,100,26,"!{er <= 3} & {age <= 46}",686,246,287,0.418367346938776,TRUE,"","NULL","Loglik converged before variable  1 ; coefficient may be infinite.  | Loglik converged before variable  1 ; coefficient may be infinite. ",5.69299999999998
4827,8321778,2,0.5,FALSE,NA,1,0.97,15,66,15,"{size <= 20} & {er <= 17}",686,246,309,0.450437317784257,TRUE,"","NULL","",5.49799999999993
4828,8321779,2,0.5,FALSE,NA,1,0.9,35,126,35,"{nodes <= 3} & !{er <= 44}",686,246,298,0.434402332361516,TRUE,"","NULL","",5.24000000000001
4829,8321780,2,0.5,FALSE,NA,1,0.69,7,62,7,"!{meno} & !{age <= 46}",686,246,296,0.431486880466472,TRUE,"","NULL","",5.29499999999996
4830,8321781,2,0.5,FALSE,NA,1,0.91,39,206,39,"!{pgr <= 77} & !{nodes <= 1}",686,246,337,0.491253644314869,TRUE,"","NULL","",6.86999999999989
4831,8321782,2,0.5,FALSE,NA,1,0.84,4,30,4,"{pgr <= 26} & !{pgr <= 16}",686,246,285,0.415451895043732,TRUE,"","NULL","",4.48799999999994
4832,8321783,2,0.5,FALSE,NA,1,0.9,65,213,65,"{age <= 46} & !{nodes <= 3}",686,246,310,0.451895043731778,TRUE,"","NULL","",5.67499999999995
4833,8321784,2,0.5,FALSE,NA,1,0.93,8,39,8,"{age <= 53} & !{nodes <= 5}",686,246,304,0.443148688046647,TRUE,"","NULL","",5.21199999999999
4834,8321785,2,0.5,FALSE,NA,1,0.78,5,33,5,"{nodes <= 3} & !{er <= 100}",686,246,285,0.415451895043732,TRUE,"","NULL","",4.86000000000001
4835,8321786,2,0.5,FALSE,NA,1,0.88,18,45,18,"{age <= 46} & {er <= 100}",686,246,304,0.443148688046647,TRUE,"","NULL","",5.13099999999997
4836,8321787,2,0.5,FALSE,NA,1,0.89,50,195,50,"!{er <= 70} & !{pgr <= 26}",686,246,284,0.41399416909621,TRUE,"","NULL","",6.15500000000009
4837,8321788,2,0.5,FALSE,NA,1,0.93,9,53,9,"!{er <= 0} & {pgr <= 2}",686,246,296,0.431486880466472,TRUE,"","NULL","",4.91899999999998
4838,8321789,2,0.5,FALSE,NA,1,0.8,11,51,11,"!{er <= 9} & {er <= 70}",686,246,306,0.446064139941691,TRUE,"","NULL","",5.06399999999996
4839,8321790,2,0.5,FALSE,NA,1,0.71,9,73,9,"!{pgr <= 114} & !{size <= 20}",686,246,313,0.456268221574344,TRUE,"","NULL","",5.35199999999998
4840,8321791,2,0.5,FALSE,NA,1,0.95,70,361,70,"{nodes <= 5} & {age <= 46}",686,246,281,0.409620991253644,TRUE,"","NULL","",7.73500000000001
4841,8321792,2,0.5,FALSE,NA,1,0.54,1,10,1,"{size <= 35} & {er <= 0}",686,246,299,0.435860058309038,TRUE,"","NULL","",4.46499999999992
4842,8321793,2,0.5,FALSE,NA,1,0.6,1,11,1,"{age <= 53} & {meno}",686,246,304,0.443148688046647,TRUE,"","NULL","",4.25
4843,8321794,2,0.5,FALSE,NA,1,0.98,24,129,24,"!{pgr <= 77} & !{meno}",686,246,298,0.434402332361516,TRUE,"","NULL","",5.66800000000001
4844,8321795,2,0.5,FALSE,NA,1,0.93,27,103,27,"!{er <= 70} & {pgr <= 45}",686,246,303,0.441690962099125,TRUE,"","NULL","",5.404
4845,8321796,2,0.5,FALSE,NA,1,0.99,30,108,30,"{age <= 53} & {pgr <= 26}",686,246,293,0.427113702623907,TRUE,"","NULL","",6.21800000000007
4846,8321797,2,0.5,FALSE,NA,1,0.85,4,24,4,"{nodes <= 3} & !{er <= 174}",686,246,298,0.434402332361516,TRUE,"","NULL","",4.15200000000004
4847,8321798,2,0.5,FALSE,NA,1,0.7,6,38,6,"!{meno} & !{nodes <= 5}",686,246,297,0.432944606413994,TRUE,"","NULL","",4.53100000000006
4848,8321799,2,0.5,FALSE,NA,0,NA,0,NA,NA,"",686,246,305,0.444606413994169,TRUE,"","NULL","",3.93200000000002
4849,8321800,2,0.5,FALSE,NA,1,0.95,81,232,81,"{age <= 46} & {size <= 29}",686,246,303,0.441690962099125,TRUE,"","NULL","",7.54600000000005
4850,8321801,2,0.5,FALSE,NA,1,0.91,36,171,36,"{nodes <= 1} & {age <= 53}",686,246,308,0.448979591836735,TRUE,"","NULL","",6.25400000000002
4851,8321802,2,0.5,FALSE,NA,1,0.95,53,166,53,"{age <= 46} & !{size <= 20}",686,246,305,0.444606413994169,TRUE,"","NULL","",5.93299999999999
4852,8321803,2,0.5,FALSE,NA,1,0.98,10,40,10,"!{er <= 70} & {er <= 100}",686,246,284,0.41399416909621,TRUE,"","NULL","",3.49700000000007
4853,8321804,2,0.5,FALSE,NA,1,0.67,8,61,8,"!{size <= 25} & {er <= 17}",686,246,286,0.416909620991254,TRUE,"","NULL","",5.41700000000003
4854,8321805,2,0.5,FALSE,NA,1,0.99,70,284,70,"{pgr <= 16} & !{er <= 9}",686,246,310,0.451895043731778,TRUE,"","NULL","",7.82000000000005
4855,8321806,2,0.5,FALSE,NA,1,0.74,5,57,5,"{nodes <= 3} & !{er <= 70}",686,246,302,0.440233236151603,TRUE,"","NULL","",5.202
4856,8321807,2,0.5,FALSE,NA,1,0.93,36,128,36,"{age <= 53} & {pgr <= 45}",686,246,307,0.447521865889213,TRUE,"","NULL","",4.79700000000003
4857,8321808,2,0.5,FALSE,NA,1,0.97,38,127,38,"{age <= 53} & !{nodes <= 7}",686,246,321,0.467930029154519,TRUE,"","NULL","",6.40899999999999
4858,8321809,2,0.5,FALSE,NA,1,0.52,2,22,2,"{nodes <= 7} & !{pgr <= 184}",686,246,286,0.416909620991254,TRUE,"","NULL","",4.31799999999998
4859,8321810,2,0.5,FALSE,NA,1,0.87,5,46,5,"!{meno} & {er <= 17}",686,246,310,0.451895043731778,TRUE,"","NULL","",4.90100000000007
4860,8321811,2,0.5,FALSE,NA,1,0.99,19,83,19,"!{size <= 25} & {nodes <= 1}",686,246,306,0.446064139941691,TRUE,"","NULL","",4.99699999999996
4861,8321812,2,0.5,FALSE,NA,1,0.97,20,125,20,"!{size <= 29} & !{er <= 70}",686,246,307,0.447521865889213,TRUE,"","NULL","",6.77200000000005
4862,8321813,2,0.5,FALSE,NA,1,0.89,9,32,9,"!{er <= 174} & !{nodes <= 1}",686,246,301,0.438775510204082,TRUE,"","NULL","",4.59100000000001
4863,8321814,2,0.5,FALSE,NA,1,0.93,65,350,65,"!{er <= 9} & {er <= 100}",686,246,297,0.432944606413994,TRUE,"","NULL","",8.58199999999999
4864,8321815,2,0.5,FALSE,NA,1,0.94,51,218,51,"!{size <= 20} & {nodes <= 1}",686,246,304,0.443148688046647,TRUE,"","NULL","",4.85599999999999
4865,8321816,2,0.5,FALSE,NA,1,0.6,1,4,1,"{nodes <= 7} & !{nodes <= 5}",686,246,297,0.432944606413994,TRUE,"","NULL","",4.54300000000001
4866,8321817,2,0.5,FALSE,NA,1,0.78,3,25,3,"{nodes <= 1} & {er <= 30}",686,246,292,0.425655976676385,TRUE,"","NULL","",4.65200000000004
4867,8321818,2,0.5,FALSE,NA,0,NA,0,17,0,"",686,246,298,0.434402332361516,TRUE,"","NULL","",4.51099999999997
4868,8321819,2,0.5,FALSE,NA,1,0.64,11,78,11,"!{size <= 29} & {pgr <= 16}",686,246,285,0.415451895043732,TRUE,"","NULL","",5.32899999999995
4869,8321820,2,0.5,FALSE,NA,1,0.67,6,24,6,"{pgr <= 16} & {age <= 53}",686,246,283,0.412536443148688,TRUE,"","NULL","",4.76100000000008
4870,8321821,2,0.5,FALSE,NA,1,0.8,6,44,6,"{size <= 25} & !{er <= 44}",686,246,289,0.421282798833819,TRUE,"","NULL","",4.64099999999996
4871,8321822,2,0.5,FALSE,NA,0,NA,0,7,0,"",686,246,296,0.431486880466472,TRUE,"","NULL","",4.01199999999994
4872,8321823,2,0.5,FALSE,NA,1,0.9,21,115,21,"{size <= 25} & !{er <= 100}",686,246,298,0.434402332361516,TRUE,"","NULL","",5.56499999999994
4873,8321824,2,0.5,FALSE,NA,1,0.9,13,71,13,"{nodes <= 7} & !{nodes <= 5}",686,246,301,0.438775510204082,TRUE,"","NULL","",5.63800000000003
4874,8321825,2,0.5,FALSE,NA,1,0.6,2,45,2,"!{pgr <= 184} & !{age <= 46}",686,246,316,0.46064139941691,TRUE,"","NULL","",5.06000000000006
4875,8321826,2,0.5,FALSE,NA,1,0.92,4,33,4,"!{pgr <= 184} & !{size <= 20}",686,246,302,0.440233236151603,TRUE,"","NULL","",4.62100000000009
4876,8321827,2,0.5,FALSE,NA,1,0.71,7,30,7,"{er <= 44} & !{er <= 9}",686,246,293,0.427113702623907,TRUE,"","NULL","",4.26999999999998
4877,8321828,2,0.5,FALSE,NA,1,0.86,9,46,9,"!{pgr <= 184} & !{size <= 20}",686,246,309,0.450437317784257,TRUE,"","NULL","",5.75900000000001
4878,8321829,2,0.5,FALSE,NA,1,0.78,9,50,9,"!{meno} & {pgr <= 45}",686,246,282,0.411078717201166,TRUE,"","NULL","",4.65300000000002
4879,8321830,2,0.5,FALSE,NA,1,0.98,98,231,98,"!{pgr <= 114} & !{size <= 25}",686,246,292,0.425655976676385,TRUE,"","NULL","",6.98099999999999
4880,8321831,2,0.5,FALSE,NA,1,0.74,6,39,6,"!{pgr <= 2} & {pgr <= 16}",686,246,302,0.440233236151603,TRUE,"","NULL","",4.12699999999995
4881,8321832,2,0.5,FALSE,NA,1,0.94,13,95,13,"{grade3} & {pgr <= 8}",686,246,295,0.43002915451895,TRUE,"","NULL","",6.38
4882,8321833,2,0.5,FALSE,NA,1,0.72,1,5,1,"{pgr <= 16} & !{pgr <= 8}",686,246,316,0.46064139941691,TRUE,"","NULL","",4.04499999999996
4883,8321834,2,0.5,FALSE,NA,1,0.92,26,83,26,"!{nodes <= 7} & {pgr <= 337}",686,246,295,0.43002915451895,TRUE,"","NULL","",5.28499999999997
4884,8321835,2,0.5,FALSE,NA,1,0.99,54,198,54,"{pgr <= 16} & !{pgr <= 8}",686,246,306,0.446064139941691,TRUE,"","NULL","",5.87199999999996
4885,8321836,2,0.5,FALSE,NA,1,0.89,66,188,66,"{pgr <= 16} & !{grade3}",686,246,288,0.419825072886297,TRUE,"","NULL","",7.678
4886,8321837,2,0.5,FALSE,NA,1,0.82,21,128,21,"{size <= 20} & !{er <= 30}",686,246,306,0.446064139941691,TRUE,"","NULL","",6.08600000000001
4887,8321838,2,0.5,FALSE,NA,1,0.95,15,87,15,"{size <= 20} & !{er <= 44}",686,246,301,0.438775510204082,TRUE,"","NULL","",5.423
4888,8321839,2,0.5,FALSE,NA,0,NA,0,NA,NA,"",686,246,303,0.441690962099125,TRUE,"","NULL","",3.351
4889,8321840,2,0.5,FALSE,NA,1,0.87,25,55,25,"!{size <= 35} & {er <= 294}",686,246,295,0.43002915451895,TRUE,"","NULL","",5.27600000000007
4890,8321841,2,0.5,FALSE,NA,1,0.58,1,6,1,"{pgr <= 16} & !{pgr <= 8}",686,246,315,0.459183673469388,TRUE,"","NULL","",4.41100000000006
4891,8321842,2,0.5,FALSE,NA,1,0.75,11,55,11,"{nodes <= 1} & !{grade3}",686,246,295,0.43002915451895,TRUE,"","NULL","",5.18400000000008
4892,8321843,2,0.5,FALSE,NA,1,0.89,4,37,4,"!{er <= 9} & {er <= 17}",686,246,308,0.448979591836735,TRUE,"","NULL","",4.49099999999999
4893,8321844,2,0.5,FALSE,NA,1,0.58,2,26,2,"!{age <= 61} & {size <= 29}",686,246,326,0.475218658892128,TRUE,"","NULL","",4.96900000000005
4894,8321845,2,0.5,FALSE,NA,1,0.96,33,109,33,"{er <= 0} & {pgr <= 16}",686,246,306,0.446064139941691,TRUE,"","NULL","",6.245
4895,8321846,2,0.5,FALSE,NA,1,0.7,9,65,9,"{nodes <= 3} & !{pgr <= 77}",686,246,302,0.440233236151603,TRUE,"","NULL","",5.04399999999998
4896,8321847,2,0.5,FALSE,NA,1,0.97,32,161,32,"!{pgr <= 114} & {pgr <= 184}",686,246,292,0.425655976676385,TRUE,"","NULL","",5.46300000000008
4897,8321848,2,0.5,FALSE,NA,1,0.95,13,75,13,"{grade3} & {nodes <= 3}",686,246,296,0.431486880466472,TRUE,"","NULL","",5.71600000000001
4898,8321849,2,0.5,FALSE,NA,1,0.94,29,168,29,"{age <= 46} & {size <= 29}",686,246,309,0.450437317784257,TRUE,"","NULL","",6.798
4899,8321850,2,0.5,FALSE,NA,1,0.89,14,58,14,"!{size <= 35} & !{nodes <= 3}",686,246,311,0.4533527696793,TRUE,"","NULL","",4.66399999999999
4900,8321851,2,0.5,FALSE,NA,0,NA,0,3,0,"",686,246,317,0.462099125364431,TRUE,"","NULL","",3.82500000000005
4901,8321852,2,0.5,FALSE,NA,1,0.7,3,29,3,"!{er <= 100} & {nodes <= 5}",686,246,315,0.459183673469388,TRUE,"","NULL","",4.774
4902,8321853,2,0.5,FALSE,NA,1,0.56,1,5,1,"{nodes <= 1} & !{size <= 20}",686,246,307,0.447521865889213,TRUE,"","NULL","",4.34699999999998
4903,8321854,2,0.5,FALSE,NA,1,0.78,32,125,32,"!{pgr <= 77} & !{age <= 46}",686,246,312,0.454810495626822,TRUE,"","NULL","",5.94600000000003
4904,8321855,2,0.5,FALSE,NA,1,0.69,8,75,8,"{size <= 25} & !{nodes <= 1}",686,246,312,0.454810495626822,TRUE,"","NULL","",5.072
4905,8321856,2,0.5,FALSE,NA,1,0.95,44,169,44,"!{er <= 70} & {er <= 100}",686,246,289,0.421282798833819,TRUE,"","NULL","",6.77800000000002
4906,8321857,2,0.5,FALSE,NA,1,0.72,7,33,7,"{nodes <= 1} & {er <= 174}",686,246,323,0.470845481049563,TRUE,"","NULL","",4.42899999999997
4907,8321858,2,0.5,FALSE,NA,1,0.98,35,154,35,"{size <= 35} & {age <= 46}",686,246,299,0.435860058309038,TRUE,"","NULL","Loglik converged before variable  1 ; coefficient may be infinite. ",5.98300000000006
4908,8321859,2,0.5,FALSE,NA,1,0.99,90,254,90,"{er <= 9} & !{age <= 46}",686,246,308,0.448979591836735,TRUE,"","NULL","",5.99199999999996
4909,8321860,2,0.5,FALSE,NA,1,0.95,73,214,73,"!{pgr <= 77} & !{meno}",686,246,319,0.465014577259475,TRUE,"","NULL","",7.476
4910,8321861,2,0.5,FALSE,NA,1,0.9,43,128,43,"{age <= 46} & {er <= 100}",686,246,305,0.444606413994169,TRUE,"","NULL","",5.76600000000008
4911,8321862,2,0.5,FALSE,NA,1,0.97,23,104,23,"{age <= 53} & {pgr <= 16}",686,246,292,0.425655976676385,TRUE,"","NULL","",5.471
4912,8321863,2,0.5,FALSE,NA,1,0.92,17,77,17,"{er <= 17} & !{size <= 25}",686,246,298,0.434402332361516,TRUE,"","NULL","",4.125
4913,8321864,2,0.5,FALSE,NA,1,0.92,84,279,84,"{age <= 53} & !{er <= 44}",686,246,313,0.456268221574344,TRUE,"","NULL","",8.721
4914,8321865,2,0.5,FALSE,NA,1,0.89,27,99,27,"{nodes <= 5} & {er <= 17}",686,246,291,0.424198250728863,TRUE,"","NULL","",5.50400000000002
4915,8321866,2,0.5,FALSE,NA,1,0.74,13,71,13,"{er <= 17} & {grade3}",686,246,291,0.424198250728863,TRUE,"","NULL","Loglik converged before variable  1 ; coefficient may be infinite.  | Loglik converged before variable  1 ; coefficient may be infinite. ",4.98699999999997
4916,8321867,2,0.5,FALSE,NA,1,0.98,66,198,66,"{age <= 53} & {pgr <= 16}",686,246,310,0.451895043731778,TRUE,"","NULL","",5.04899999999998
4917,8321868,2,0.5,FALSE,NA,1,0.96,59,147,59,"{er <= 17} & !{er <= 9}",686,246,309,0.450437317784257,TRUE,"","NULL","",6.54999999999995
4918,8321869,2,0.5,FALSE,NA,1,0.97,44,163,44,"!{pgr <= 2} & {age <= 46}",686,246,285,0.415451895043732,TRUE,"","NULL","",6.28499999999997
4919,8321870,2,0.5,FALSE,NA,1,0.89,5,32,5,"{nodes <= 1} & {er <= 17}",686,246,288,0.419825072886297,TRUE,"","NULL","",4.548
4920,8321871,2,0.5,FALSE,NA,1,0.95,42,156,42,"!{size <= 35} & !{pgr <= 16}",686,246,306,0.446064139941691,TRUE,"","NULL","",5.03200000000004
4921,8321872,2,0.5,FALSE,NA,1,0.97,52,259,52,"{grade3} & {pgr <= 26}",686,246,287,0.418367346938776,TRUE,"","NULL","",8.21500000000003
4922,8321873,2,0.5,FALSE,NA,1,0.92,12,129,12,"{age <= 61} & {pgr <= 0}",686,246,289,0.421282798833819,TRUE,"","NULL","",5.75599999999997
4923,8321874,2,0.5,FALSE,NA,1,0.78,13,97,13,"{age <= 53} & {pgr <= 16}",686,246,323,0.470845481049563,TRUE,"","NULL","",5.37799999999993
4924,8321875,2,0.5,FALSE,NA,1,0.91,36,104,36,"!{er <= 174} & {meno}",686,246,290,0.422740524781341,TRUE,"","NULL","",4.00699999999995
4925,8321876,2,0.5,FALSE,NA,1,1,31,96,31,"{size <= 35} & {pgr <= 0}",686,246,286,0.416909620991254,TRUE,"","NULL","",5.88999999999999
4926,8321877,2,0.5,FALSE,NA,1,0.91,20,99,20,"{er <= 17} & !{size <= 25}",686,246,308,0.448979591836735,TRUE,"","NULL","",5.77800000000002
4927,8321878,2,0.5,FALSE,NA,1,0.84,7,34,7,"{age <= 53} & {meno}",686,246,282,0.411078717201166,TRUE,"","NULL","",4.73099999999999
4928,8321879,2,0.5,FALSE,NA,1,0.99,80,342,80,"{er <= 30} & !{er <= 17}",686,246,299,0.435860058309038,TRUE,"","NULL","",7.38900000000001
4929,8321880,2,0.5,FALSE,NA,1,0.94,23,88,23,"{size <= 25} & !{er <= 44}",686,246,300,0.43731778425656,TRUE,"","NULL","",6.30499999999995
4930,8321881,2,0.5,FALSE,NA,1,0.92,43,185,43,"{age <= 53} & {grade3}",686,246,306,0.446064139941691,TRUE,"","NULL","",6.75799999999992
4931,8321882,2,0.5,FALSE,NA,1,0.67,2,34,2,"{size <= 35} & !{nodes <= 7}",686,246,270,0.393586005830904,TRUE,"","NULL","",4.38199999999995
4932,8321883,2,0.5,FALSE,NA,0,NA,0,12,0,"",686,246,305,0.444606413994169,TRUE,"","NULL","",3.74799999999993
4933,8321884,2,0.5,FALSE,NA,1,0.58,1,23,1,"!{size <= 35} & {nodes <= 5}",686,246,291,0.424198250728863,TRUE,"","NULL","",4.66300000000001
4934,8321885,2,0.5,FALSE,NA,1,0.94,48,111,48,"{age <= 46} & !{pgr <= 0}",686,246,302,0.440233236151603,TRUE,"","NULL","",5.92000000000007
4935,8321886,2,0.5,FALSE,NA,1,0.98,26,156,26,"{er <= 0} & {age <= 61}",686,246,301,0.438775510204082,TRUE,"","NULL","",6.58400000000006
4936,8321887,2,0.5,FALSE,NA,1,0.93,10,44,10,"{er <= 100} & !{er <= 70}",686,246,298,0.434402332361516,TRUE,"","NULL","",4.08799999999997
4937,8321888,2,0.5,FALSE,NA,1,0.94,19,73,19,"{age <= 53} & {nodes <= 1}",686,246,323,0.470845481049563,TRUE,"","NULL","",5.65500000000009
4938,8321889,2,0.5,FALSE,NA,1,0.93,141,418,141,"{size <= 20} & !{nodes <= 1}",686,246,312,0.454810495626822,TRUE,"","NULL","",9.41399999999999
4939,8321890,2,0.5,FALSE,NA,0,NA,0,4,0,"",686,246,302,0.440233236151603,TRUE,"","NULL","",4.37900000000002
4940,8321891,2,0.5,FALSE,NA,1,0.79,1,7,1,"{age <= 53} & !{nodes <= 7}",686,246,289,0.421282798833819,TRUE,"","NULL","",3.09800000000007
4941,8321892,2,0.5,FALSE,NA,1,0.99,40,102,40,"{pgr <= 0} & {size <= 35}",686,246,310,0.451895043731778,TRUE,"","NULL","",5.67600000000004
4942,8321893,2,0.5,FALSE,NA,1,0.69,4,23,4,"{er <= 30} & !{pgr <= 16}",686,246,308,0.448979591836735,TRUE,"","NULL","",4.36300000000006
4943,8321894,2,0.5,FALSE,NA,1,0.75,4,29,4,"{size <= 29} & !{pgr <= 114}",686,246,289,0.421282798833819,TRUE,"","NULL","",4.39300000000003
4944,8321895,2,0.5,FALSE,NA,1,0.65,5,30,5,"!{size <= 29} & {er <= 17}",686,246,306,0.446064139941691,TRUE,"","NULL","",4.48599999999999
4945,8321896,2,0.5,FALSE,NA,1,0.83,12,53,12,"{age <= 53} & {pgr <= 16}",686,246,316,0.46064139941691,TRUE,"","NULL","",5.47400000000005
4946,8321897,2,0.5,FALSE,NA,1,0.96,13,43,13,"{pgr <= 26} & !{er <= 17}",686,246,316,0.46064139941691,TRUE,"","NULL","",4.66700000000003
4947,8321898,2,0.5,FALSE,NA,1,0.97,26,181,26,"!{er <= 174} & !{nodes <= 1}",686,246,292,0.425655976676385,TRUE,"","NULL","",6.53899999999999
4948,8321899,2,0.5,FALSE,NA,1,0.74,2,13,2,"!{pgr <= 77} & !{meno}",686,246,286,0.416909620991254,TRUE,"","NULL","",3.83000000000004
4949,8321900,2,0.5,FALSE,NA,1,0.9,9,45,9,"!{pgr <= 8} & {age <= 46}",686,246,289,0.421282798833819,TRUE,"","NULL","",5.37099999999998
4950,8321901,2,0.5,FALSE,NA,1,0.93,36,137,36,"!{meno} & {pgr <= 16}",686,246,296,0.431486880466472,TRUE,"","NULL","",6.21799999999996
4951,8321902,2,0.5,FALSE,NA,1,0.9,14,69,14,"{age <= 53} & {meno}",686,246,290,0.422740524781341,TRUE,"","NULL","",5.21500000000003
4952,8321903,2,0.5,FALSE,NA,1,0.54,3,50,3,"{pgr <= 8} & {nodes <= 5}",686,246,281,0.409620991253644,TRUE,"","NULL","",4.12
4953,8321904,2,0.5,FALSE,NA,1,0.84,10,22,10,"{er <= 0}",686,246,292,0.425655976676385,TRUE,"","NULL","",4.71600000000001
4954,8321905,2,0.5,FALSE,NA,0,NA,0,9,0,"",686,246,314,0.457725947521866,TRUE,"","NULL","",4.452
4955,8321906,2,0.5,FALSE,NA,0,NA,0,9,0,"",686,246,315,0.459183673469388,TRUE,"","NULL","",4.62800000000004
4956,8321907,2,0.5,FALSE,NA,0,NA,0,18,0,"",686,246,306,0.446064139941691,TRUE,"","NULL","",4.61900000000003
4957,8321908,2,0.5,FALSE,NA,1,0.55,2,25,2,"{er <= 44} & !{er <= 9}",686,246,303,0.441690962099125,TRUE,"","NULL","",4.86500000000001
4958,8321909,2,0.5,FALSE,NA,1,0.62,2,9,2,"!{size <= 35} & {er <= 30}",686,246,316,0.46064139941691,TRUE,"","NULL","",4.53599999999994
4959,8321910,2,0.5,FALSE,NA,1,0.85,20,101,20,"!{pgr <= 114} & {er <= 294}",686,246,292,0.425655976676385,TRUE,"","NULL","",5.43399999999997
4960,8321911,2,0.5,FALSE,NA,1,0.84,24,130,24,"!{meno} & {er <= 9}",686,246,308,0.448979591836735,TRUE,"","NULL","Loglik converged before variable  1 ; coefficient may be infinite.  | Loglik converged before variable  1 ; coefficient may be infinite. ",5.46199999999999
4961,8321912,2,0.5,FALSE,NA,1,1,17,54,17,"{nodes <= 3} & {grade3}",686,246,289,0.421282798833819,TRUE,"","NULL","",5.24000000000001
4962,8321913,2,0.5,FALSE,NA,1,0.93,6,22,6,"{nodes <= 1} & {er <= 17}",686,246,313,0.456268221574344,TRUE,"","NULL","",4.53800000000001
4963,8321914,2,0.5,FALSE,NA,1,0.65,3,46,3,"!{nodes <= 1} & {pgr <= 2}",686,246,291,0.424198250728863,TRUE,"","NULL","",4.68999999999994
4964,8321915,2,0.5,FALSE,NA,1,0.7,2,12,2,"!{pgr <= 45} & !{size <= 35}",686,246,289,0.421282798833819,TRUE,"","NULL","",4.2829999999999
4965,8321916,2,0.5,FALSE,NA,1,0.95,47,164,47,"{nodes <= 3} & !{er <= 100}",686,246,280,0.408163265306122,TRUE,"","NULL","",7.03199999999993
4966,8321917,2,0.5,FALSE,NA,1,0.9,19,121,19,"{nodes <= 3} & !{pgr <= 114}",686,246,310,0.451895043731778,TRUE,"","NULL","",5.63299999999992
4967,8321918,2,0.5,FALSE,NA,1,1,121,352,121,"{pgr <= 0} & {size <= 35}",686,246,290,0.422740524781341,TRUE,"","NULL","",8.06799999999998
4968,8321919,2,0.5,FALSE,NA,0,NA,0,28,0,"",686,246,305,0.444606413994169,TRUE,"","NULL","",3.37400000000002
4969,8321920,2,0.5,FALSE,NA,1,0.96,15,70,15,"{er <= 17} & !{er <= 9}",686,246,302,0.440233236151603,TRUE,"","NULL","",5.83299999999997
4970,8321921,2,0.5,FALSE,NA,0,NA,0,5,0,"",686,246,298,0.434402332361516,TRUE,"","NULL","",4.48699999999997
4971,8321922,2,0.5,FALSE,NA,1,0.88,18,96,18,"{age <= 53} & {er <= 3}",686,246,298,0.434402332361516,TRUE,"","NULL","",5.673
4972,8321923,2,0.5,FALSE,NA,1,0.69,13,85,13,"{age <= 53} & {pgr <= 16}",686,246,310,0.451895043731778,TRUE,"","NULL","",4.78899999999999
4973,8321924,2,0.5,FALSE,NA,1,0.87,38,264,38,"{size <= 25} & !{er <= 44}",686,246,318,0.463556851311953,TRUE,"","NULL","",8.33600000000001
4974,8321925,2,0.5,FALSE,NA,1,0.89,16,62,16,"!{size <= 29} & !{pgr <= 45}",686,246,340,0.495626822157434,TRUE,"","NULL","",5.40299999999991
4975,8321926,2,0.5,FALSE,NA,1,0.6,3,52,3,"{size <= 25} & {pgr <= 8}",686,246,290,0.422740524781341,TRUE,"","NULL","",5.04999999999995
4976,8321927,2,0.5,FALSE,NA,1,0.65,3,14,3,"{age <= 53} & {grade3}",686,246,315,0.459183673469388,TRUE,"","NULL","",3.66300000000001
4977,8321928,2,0.5,FALSE,NA,1,0.81,4,30,4,"{grade3} & {pgr <= 8}",686,246,299,0.435860058309038,TRUE,"","NULL","",5.02099999999996
4978,8321929,2,0.5,FALSE,NA,1,0.9,31,122,31,"!{pgr <= 114} & !{nodes <= 1}",686,246,303,0.441690962099125,TRUE,"","NULL","",6.048
4979,8321930,2,0.5,FALSE,NA,1,0.95,55,210,55,"!{size <= 35} & !{pgr <= 8}",686,246,283,0.412536443148688,TRUE,"","NULL","",6.43700000000001
4980,8321931,2,0.5,FALSE,NA,1,0.86,13,99,13,"{size <= 20} & !{pgr <= 16}",686,246,285,0.415451895043732,TRUE,"","NULL","",4.32999999999993
4981,8321932,2,0.5,FALSE,NA,1,0.65,6,37,6,"{nodes <= 3} & !{pgr <= 114}",686,246,307,0.447521865889213,TRUE,"","NULL","",5.34199999999998
4982,8321933,2,0.5,FALSE,NA,1,0.73,18,85,18,"!{nodes <= 3} & !{age <= 53}",686,246,306,0.446064139941691,TRUE,"","NULL","",5.48099999999999
4983,8321934,2,0.5,FALSE,NA,1,0.84,26,135,26,"{size <= 29} & {pgr <= 8}",686,246,293,0.427113702623907,TRUE,"","NULL","",5.79899999999998
4984,8321935,2,0.5,FALSE,NA,1,0.96,76,282,76,"{meno} & !{pgr <= 77}",686,246,307,0.447521865889213,TRUE,"","NULL","",6.63400000000001
4985,8321936,2,0.5,FALSE,NA,1,0.94,44,127,44,"{age <= 46} & !{pgr <= 0}",686,246,290,0.422740524781341,TRUE,"","NULL","",6.51300000000003
4986,8321937,2,0.5,FALSE,NA,1,0.98,91,299,91,"{pgr <= 184} & !{pgr <= 77}",686,246,282,0.411078717201166,TRUE,"","NULL","",7.81400000000008
4987,8321938,2,0.5,FALSE,NA,1,0.57,2,12,2,"!{pgr <= 184} & {er <= 174}",686,246,324,0.472303206997085,TRUE,"","NULL","",4.38200000000006
4988,8321939,2,0.5,FALSE,NA,1,0.88,16,78,16,"{size <= 35} & !{size <= 29}",686,246,292,0.425655976676385,TRUE,"","NULL","",4.21100000000001
4989,8321940,2,0.5,FALSE,NA,1,0.98,59,173,59,"!{pgr <= 184} & !{size <= 20}",686,246,295,0.43002915451895,TRUE,"","NULL","",7.20799999999997
4990,8321941,2,0.5,FALSE,NA,1,0.6,1,14,1,"{age <= 46} & !{pgr <= 26}",686,246,308,0.448979591836735,TRUE,"","NULL","",4.54099999999994
4991,8321942,2,0.5,FALSE,NA,1,0.9,25,110,25,"{size <= 20} & !{er <= 30}",686,246,301,0.438775510204082,TRUE,"","NULL","",5.697
4992,8321943,2,0.5,FALSE,NA,1,0.85,20,102,20,"{age <= 46} & !{er <= 0}",686,246,296,0.431486880466472,TRUE,"","NULL","",4.524
4993,8321944,2,0.5,FALSE,NA,0,NA,0,36,0,"",686,246,304,0.443148688046647,TRUE,"","NULL","",3.49599999999998
4994,8321945,2,0.5,FALSE,NA,1,0.98,39,179,39,"{er <= 100} & !{er <= 70}",686,246,313,0.456268221574344,TRUE,"","NULL","",4.44299999999998
4995,8321946,2,0.5,FALSE,NA,1,0.88,8,41,8,"{age <= 53} & !{nodes <= 5}",686,246,315,0.459183673469388,TRUE,"","NULL","",3.78499999999997
4996,8321947,2,0.5,FALSE,NA,0,NA,0,18,0,"",686,246,281,0.409620991253644,TRUE,"","NULL","",2.94600000000003
4997,8321948,2,0.5,FALSE,NA,1,0.84,13,103,13,"!{pgr <= 184} & {er <= 294}",686,246,297,0.432944606413994,TRUE,"","NULL","",4.096
4998,8321949,2,0.5,FALSE,NA,1,0.9,24,135,24,"!{pgr <= 45} & {pgr <= 114}",686,246,305,0.444606413994169,TRUE,"","NULL","",4.327
4999,8321950,2,0.5,FALSE,NA,1,0.77,6,59,6,"{pgr <= 2} & {nodes <= 5}",686,246,327,0.47667638483965,TRUE,"","NULL","",3.66700000000003
5000,8321951,2,0.5,FALSE,NA,1,0.98,20,122,20,"!{er <= 70} & {er <= 100}",686,246,292,0.425655976676385,TRUE,"","NULL","",4.04200000000003
