"campaign","identifier","design","cell","block","estimator","metric","tau","value","mc_se","wilson_lo","wilson_hi","n","commit"
"orfs","fs","or075","OR 0.75 n500","H","all","declaration_rate",,0.781,0.0130782,0.754318,0.805531,1000,"86f543b1"
"orfs","fs","or075","OR 0.75 n500","H","naive","n_nonconvergent_fits",,0,,,,781,"86f543b1"
"orfs","fs","or075","OR 0.75 n500","H","naive","bias_or",,1.5263943,0.0220903,,,781,"86f543b1"
"orfs","fs","or075","OR 0.75 n500","H","naive","bias_log",,1.1582651,0.00872502,,,781,"86f543b1"
"orfs","fs","or075","OR 0.75 n500","H","naive","bias_sd_units",,4.7288555,0.0356217,,,781,"86f543b1"
"orfs","fs","or075","OR 0.75 n500","H","naive","sd_emp_or",,0.61927909,0.0156792,,,781,"86f543b1"
"orfs","fs","or075","OR 0.75 n500","H","naive","sd_emp_log",,0.2449356,0.0062014,,,781,"86f543b1"
"orfs","fs","or075","OR 0.75 n500","H","naive","se_mean",,0.44442309,0.00221993,,,781,"86f543b1"
"orfs","fs","or075","OR 0.75 n500","H","naive","se_over_sd",,1.8144487,0.0468246,,,781,"86f543b1"
"orfs","fs","or075","OR 0.75 n500","H","naive","cov1_lower",,0,0,0,0.00489457,781,"86f543b1"
"orfs","fs","or075","OR 0.75 n500","H","naive","cov2",,0.010243278,0.00360295,0.00519938,0.0200815,781,"86f543b1"
"orfs","fs","or075","OR 0.75 n500","H","naive","halfwidth_or",,2.2386537,,,,781,"86f543b1"
"orfs","fs","or075","OR 0.75 n500","H","naive","margin1_or",,1.1488037,,,,781,"86f543b1"
"orfs","fs","or075","OR 0.75 n500","H","naive","cov2_theta_dagger",,0.24199744,0.0153255,0.21327,0.273251,781,"86f543b1"
"orfs","fs","or075","OR 0.75 n500","H","naive","cov1_lower_theta_dagger",,0,0,0,0.00489457,781,"86f543b1"
"orfs","fs","or075","OR 0.75 n500","H","naive","cov2_theta_ddagger",,0.16005122,0.0131199,0.13601,0.187421,781,"86f543b1"
"orfs","fs","or075","OR 0.75 n500","H","naive","cov1_lower_theta_ddagger",,0,0,0,0.00489457,781,"86f543b1"
"orfs","fs","or075","OR 0.75 n500","H","oracle","n_nonconvergent_fits",,0,,,,781,"86f543b1"
"orfs","fs","or075","OR 0.75 n500","H","oracle","bias_or",,0.14861108,0.0160299,,,781,"86f543b1"
"orfs","fs","or075","OR 0.75 n500","H","oracle","bias_log",,0.069952425,0.0168443,,,781,"86f543b1"
"orfs","fs","or075","OR 0.75 n500","H","oracle","bias_sd_units",,0.14860162,0.0357828,,,781,"86f543b1"
"orfs","fs","or075","OR 0.75 n500","H","oracle","sd_emp_or",,0.44797679,0.0113421,,,781,"86f543b1"
"orfs","fs","or075","OR 0.75 n500","H","oracle","sd_emp_log",,0.47073797,0.0119184,,,781,"86f543b1"
"orfs","fs","or075","OR 0.75 n500","H","oracle","se_mean",,0.47682427,0.000979126,,,781,"86f543b1"
"orfs","fs","or075","OR 0.75 n500","H","oracle","se_over_sd",,1.0129293,0.02573,,,781,"86f543b1"
"orfs","fs","or075","OR 0.75 n500","H","oracle","cov1_lower",,0.93213828,0.00899968,0.912301,0.947746,781,"86f543b1"
"orfs","fs","or075","OR 0.75 n500","H","oracle","cov2",,0.9475032,0.00798052,0.929557,0.961069,781,"86f543b1"
"orfs","fs","or075","OR 0.75 n500","H","oracle","halfwidth_or",,0.96596443,,,,781,"86f543b1"
"orfs","fs","or075","OR 0.75 n500","H","oracle","margin1_or",,0.48731038,,,,781,"86f543b1"
"orfs","fs","or075","OR 0.75 n500","H","mr","n_nonconvergent_fits",,0,,,,781,"86f543b1"
"orfs","fs","or075","OR 0.75 n500","H","mr","bias_or",,0.26672063,0.0120311,,,781,"86f543b1"
"orfs","fs","or075","OR 0.75 n500","H","mr","bias_log",,0.28747958,0.0106177,,,781,"86f543b1"
"orfs","fs","or075","OR 0.75 n500","H","mr","bias_sd_units",,0.96403286,0.0356052,,,781,"86f543b1"
"orfs","fs","or075","OR 0.75 n500","H","mr","sd_emp_or",,0.33781821,0.00855304,,,781,"86f543b1"
"orfs","fs","or075","OR 0.75 n500","H","mr","sd_emp_log",,0.29820517,0.0075501,,,781,"86f543b1"
"orfs","fs","or075","OR 0.75 n500","H","mr","se_mean",,0.56541423,0.00207636,,,781,"86f543b1"
"orfs","fs","or075","OR 0.75 n500","H","mr","se_over_sd",,1.8960578,0.0485076,,,781,"86f543b1"
"orfs","fs","or075","OR 0.75 n500","H","mr","cov1_lower",,0.97823303,0.00522149,0.965419,0.986366,781,"86f543b1"
"orfs","fs","or075","OR 0.75 n500","H","mr","cov2",,0.99231754,0.00312428,0.983341,0.996474,781,"86f543b1"
"orfs","fs","or075","OR 0.75 n500","H","mr","halfwidth_or",,1.305756,,,,781,"86f543b1"
"orfs","fs","or075","OR 0.75 n500","H","mr","margin1_or",,0.5705027,,,,781,"86f543b1"
"orfs","fs","or075","OR 0.75 n500","H","mr","cov2_theta_dagger",,0.99871959,0.00127959,0.992783,0.999774,781,"86f543b1"
"orfs","fs","or075","OR 0.75 n500","H","mr","cov1_lower_theta_dagger",,0.9871959,0.00402301,0.976592,0.99303,781,"86f543b1"
"orfs","fs","or075","OR 0.75 n500","H","mr","cov2_theta_ddagger",,0.99615877,0.00221347,0.988768,0.998693,781,"86f543b1"
"orfs","fs","or075","OR 0.75 n500","H","mr","cov1_lower_theta_ddagger",,0.98591549,0.00421663,0.974957,0.992118,781,"86f543b1"
"orfs","fs","or075","OR 0.75 n500","H","fld","n_nonconvergent_fits",,0,,,,781,"86f543b1"
"orfs","fs","or075","OR 0.75 n500","H","fld","bias_or",,0.13855332,0.0115895,,,781,"86f543b1"
"orfs","fs","or075","OR 0.75 n500","H","fld","bias_log",,0.12985685,0.0115975,,,781,"86f543b1"
"orfs","fs","or075","OR 0.75 n500","H","fld","bias_sd_units",,0.39873058,0.0356106,,,781,"86f543b1"
"orfs","fs","or075","OR 0.75 n500","H","fld","sd_emp_or",,0.32538315,0.00823821,,,781,"86f543b1"
"orfs","fs","or075","OR 0.75 n500","H","fld","sd_emp_log",,0.32567566,0.00824561,,,781,"86f543b1"
"orfs","fs","or075","OR 0.75 n500","H","fld","se_mean",,0.48611687,0.00190554,,,781,"86f543b1"
"orfs","fs","or075","OR 0.75 n500","H","fld","se_over_sd",,1.4926411,0.0382417,,,781,"86f543b1"
"orfs","fs","or075","OR 0.75 n500","H","fld","cov1_lower",,0.97439181,0.00565237,0.960777,0.983362,781,"86f543b1"
"orfs","fs","or075","OR 0.75 n500","H","fld","cov2",,0.98847631,0.00381903,0.978245,0.993926,781,"86f543b1"
"orfs","fs","or075","OR 0.75 n500","H","fld","halfwidth_or",,0.83267179,,,,781,"86f543b1"
"orfs","fs","or075","OR 0.75 n500","H","fld","margin1_or",,0.59046999,,,,781,"86f543b1"
"orfs","fs","or075","OR 0.75 n500","H","fld","cov2_theta_dagger",,0.99231754,0.00312428,0.983341,0.996474,781,"86f543b1"
"orfs","fs","or075","OR 0.75 n500","H","fld","cov1_lower_theta_dagger",,0.98463508,0.00440126,0.973337,0.991189,781,"86f543b1"
"orfs","fs","or075","OR 0.75 n500","H","fld","cov2_theta_ddagger",,0.99231754,0.00312428,0.983341,0.996474,781,"86f543b1"
"orfs","fs","or075","OR 0.75 n500","H","fld","cov1_lower_theta_ddagger",,0.98335467,0.004578,0.971731,0.990247,781,"86f543b1"
"orfs","fs","or075","OR 0.75 n500","H","fld","share_lower_ge_tau",0.7,0.020486556,0.00506891,0.0126489,0.0330182,781,"86f543b1"
"orfs","fs","or075","OR 0.75 n500","H","fld","share_lower_ge_tau",0.8,0.010243278,0.00360295,0.00519938,0.0200815,781,"86f543b1"
"orfs","fs","or075","OR 0.75 n500","H","fld","share_lower_ge_tau",0.9,0.0076824584,0.00312428,0.00352556,0.0166587,781,"86f543b1"
"orfs","fs","or075","OR 0.75 n500","H","fld","share_lower_ge_tau",1,0.0038412292,0.00221347,0.00130721,0.0112322,781,"86f543b1"
"orfs","fs","or075","OR 0.75 n500","H","fld","share_lower_ge_tau",1.25,0,0,0,0.00489457,781,"86f543b1"
"orfs","fs","or075","OR 0.75 n500","H","fld","share_lower_ge_tau",1.5,0,0,0,0.00489457,781,"86f543b1"
"orfs","fs","or075","OR 0.75 n500","H","fld","share_lower_ge_tau",2,0,0,0,0.00489457,781,"86f543b1"
"orfs","fs","or075","OR 0.75 n500","H","fld","bound_mean",,0.34344571,0.00455621,,,781,"86f543b1"
"orfs","fs","or075","OR 0.75 n500","H","fld","bound_q05",,0.21374575,,,,781,"86f543b1"
"orfs","fs","or075","OR 0.75 n500","H","fld","bound_q25",,0.26520091,,,,781,"86f543b1"
"orfs","fs","or075","OR 0.75 n500","H","fld","bound_q50",,0.30610005,,,,781,"86f543b1"
"orfs","fs","or075","OR 0.75 n500","H","fld","bound_q75",,0.38518715,,,,781,"86f543b1"
"orfs","fs","or075","OR 0.75 n500","H","fld","bound_q95",,0.57976861,,,,781,"86f543b1"
"orfs","fs","or075","OR 0.75 n500","H","oracle","share_lower_ge_tau",0.7,0.090909091,0.0102868,0.0726996,0.113123,781,"86f543b1"
"orfs","fs","or075","OR 0.75 n500","H","oracle","share_lower_ge_tau",0.8,0.04993598,0.00779395,0.036742,0.0675357,781,"86f543b1"
"orfs","fs","or075","OR 0.75 n500","H","oracle","share_lower_ge_tau",0.9,0.030729834,0.00617557,0.0207359,0.0453175,781,"86f543b1"
"orfs","fs","or075","OR 0.75 n500","H","oracle","share_lower_ge_tau",1,0.020486556,0.00506891,0.0126489,0.0330182,781,"86f543b1"
"orfs","fs","or075","OR 0.75 n500","H","oracle","share_lower_ge_tau",1.25,0.0038412292,0.00221347,0.00130721,0.0112322,781,"86f543b1"
"orfs","fs","or075","OR 0.75 n500","H","oracle","share_lower_ge_tau",1.5,0,0,0,0.00489457,781,"86f543b1"
"orfs","fs","or075","OR 0.75 n500","H","oracle","share_lower_ge_tau",2,0,0,0,0.00489457,781,"86f543b1"
"orfs","fs","or075","OR 0.75 n500","H","oracle","bound_mean",,0.4113007,0.00732918,,,781,"86f543b1"
"orfs","fs","or075","OR 0.75 n500","H","oracle","bound_q05",,0.1708845,,,,781,"86f543b1"
"orfs","fs","or075","OR 0.75 n500","H","oracle","bound_q25",,0.27196256,,,,781,"86f543b1"
"orfs","fs","or075","OR 0.75 n500","H","oracle","bound_q50",,0.3670162,,,,781,"86f543b1"
"orfs","fs","or075","OR 0.75 n500","H","oracle","bound_q75",,0.50249568,,,,781,"86f543b1"
"orfs","fs","or075","OR 0.75 n500","H","oracle","bound_q95",,0.7964043,,,,781,"86f543b1"
"orfs","fs","or075","OR 0.75 n500","H","mr","share_lower_ge_tau",0.7,0.016645327,0.004578,0.00975303,0.0282692,781,"86f543b1"
"orfs","fs","or075","OR 0.75 n500","H","mr","share_lower_ge_tau",0.8,0.0076824584,0.00312428,0.00352556,0.0166587,781,"86f543b1"
"orfs","fs","or075","OR 0.75 n500","H","mr","share_lower_ge_tau",0.9,0.0051216389,0.00255425,0.00199345,0.0130943,781,"86f543b1"
"orfs","fs","or075","OR 0.75 n500","H","mr","share_lower_ge_tau",1,0,0,0,0.00489457,781,"86f543b1"
"orfs","fs","or075","OR 0.75 n500","H","mr","share_lower_ge_tau",1.25,0,0,0,0.00489457,781,"86f543b1"
"orfs","fs","or075","OR 0.75 n500","H","mr","share_lower_ge_tau",1.5,0,0,0,0.00489457,781,"86f543b1"
"orfs","fs","or075","OR 0.75 n500","H","mr","share_lower_ge_tau",2,0,0,0,0.00489457,781,"86f543b1"
"orfs","fs","or075","OR 0.75 n500","H","mr","bound_mean",,0.36341301,0.00385848,,,781,"86f543b1"
"orfs","fs","or075","OR 0.75 n500","H","mr","bound_q05",,0.2544211,,,,781,"86f543b1"
"orfs","fs","or075","OR 0.75 n500","H","mr","bound_q25",,0.29138429,,,,781,"86f543b1"
"orfs","fs","or075","OR 0.75 n500","H","mr","bound_q50",,0.33208723,,,,781,"86f543b1"
"orfs","fs","or075","OR 0.75 n500","H","mr","bound_q75",,0.40350172,,,,781,"86f543b1"
"orfs","fs","or075","OR 0.75 n500","H","mr","bound_q95",,0.57075061,,,,781,"86f543b1"
"orfs","fs","or075","OR 0.75 n500","H","naive","share_lower_ge_tau",0.7,1,0,0.995105,1,781,"86f543b1"
"orfs","fs","or075","OR 0.75 n500","H","naive","share_lower_ge_tau",0.8,0.9731114,0.00578815,0.959244,0.982347,781,"86f543b1"
"orfs","fs","or075","OR 0.75 n500","H","naive","share_lower_ge_tau",0.9,0.66197183,0.0169266,0.628075,0.694283,781,"86f543b1"
"orfs","fs","or075","OR 0.75 n500","H","naive","share_lower_ge_tau",1,0.45582586,0.0178214,0.421198,0.490887,781,"86f543b1"
"orfs","fs","or075","OR 0.75 n500","H","naive","share_lower_ge_tau",1.25,0.16645327,0.0133286,0.141975,0.194197,781,"86f543b1"
"orfs","fs","or075","OR 0.75 n500","H","naive","share_lower_ge_tau",1.5,0.04993598,0.00779395,0.036742,0.0675357,781,"86f543b1"
"orfs","fs","or075","OR 0.75 n500","H","naive","share_lower_ge_tau",2,0.0051216389,0.00255425,0.00199345,0.0130943,781,"86f543b1"
"orfs","fs","or075","OR 0.75 n500","H","naive","bound_mean",,1.0447856,0.00843857,,,781,"86f543b1"
"orfs","fs","or075","OR 0.75 n500","H","naive","bound_q05",,0.80664762,,,,781,"86f543b1"
"orfs","fs","or075","OR 0.75 n500","H","naive","bound_q25",,0.8676118,,,,781,"86f543b1"
"orfs","fs","or075","OR 0.75 n500","H","naive","bound_q50",,0.9751856,,,,781,"86f543b1"
"orfs","fs","or075","OR 0.75 n500","H","naive","bound_q75",,1.1629914,,,,781,"86f543b1"
"orfs","fs","or075","OR 0.75 n500","H","naive","bound_q95",,1.490687,,,,781,"86f543b1"
"orfs","fs","or075","OR 0.75 n500","Hc","naive","n_nonconvergent_fits",,0,,,,781,"86f543b1"
"orfs","fs","or075","OR 0.75 n500","Hc","naive","bias_or",,-0.1124572,0.00335718,,,781,"86f543b1"
"orfs","fs","or075","OR 0.75 n500","Hc","naive","bias_log",,-0.19898167,0.00615175,,,781,"86f543b1"
"orfs","fs","or075","OR 0.75 n500","Hc","naive","bias_sd_units",,-1.1583125,0.0358106,,,781,"86f543b1"
"orfs","fs","or075","OR 0.75 n500","Hc","naive","sd_emp_or",,0.093715806,0.00237274,,,781,"86f543b1"
"orfs","fs","or075","OR 0.75 n500","Hc","naive","sd_emp_log",,0.17178583,0.00434936,,,781,"86f543b1"
"orfs","fs","or075","OR 0.75 n500","Hc","naive","se_mean",,0.20991761,0.000339527,,,781,"86f543b1"
"orfs","fs","or075","OR 0.75 n500","Hc","naive","se_over_sd",,1.2219728,0.0310016,,,781,"86f543b1"
"orfs","fs","or075","OR 0.75 n500","Hc","naive","cov1_upper",,0.81690141,0.0138389,0.788249,0.842452,781,"86f543b1"
"orfs","fs","or075","OR 0.75 n500","Hc","naive","cov2",,0.89884763,0.0107896,0.87571,0.918081,781,"86f543b1"
"orfs","fs","or075","OR 0.75 n500","Hc","naive","halfwidth_or",,0.2342756,,,,781,"86f543b1"
"orfs","fs","or075","OR 0.75 n500","Hc","naive","margin1_or",,0.22830762,,,,781,"86f543b1"
"orfs","fs","or075","OR 0.75 n500","Hc","oracle","n_nonconvergent_fits",,0,,,,781,"86f543b1"
"orfs","fs","or075","OR 0.75 n500","Hc","oracle","bias_or",,0.047856471,0.00441236,,,781,"86f543b1"
"orfs","fs","or075","OR 0.75 n500","Hc","oracle","bias_log",,0.055203976,0.00624516,,,781,"86f543b1"
"orfs","fs","or075","OR 0.75 n500","Hc","oracle","bias_sd_units",,0.31630131,0.0357828,,,781,"86f543b1"
"orfs","fs","or075","OR 0.75 n500","Hc","oracle","sd_emp_or",,0.12330949,0.00312201,,,781,"86f543b1"
"orfs","fs","or075","OR 0.75 n500","Hc","oracle","sd_emp_log",,0.17452971,0.00441883,,,781,"86f543b1"
"orfs","fs","or075","OR 0.75 n500","Hc","oracle","se_mean",,0.20142437,0.000121115,,,781,"86f543b1"
"orfs","fs","or075","OR 0.75 n500","Hc","oracle","se_over_sd",,1.1540979,0.0292282,,,781,"86f543b1"
"orfs","fs","or075","OR 0.75 n500","Hc","oracle","cov1_upper",,0.9871959,0.00402301,0.976592,0.99303,781,"86f543b1"
"orfs","fs","or075","OR 0.75 n500","Hc","oracle","cov2",,0.97055058,0.00604953,0.956197,0.980297,781,"86f543b1"
"orfs","fs","or075","OR 0.75 n500","Hc","oracle","halfwidth_or",,0.28501722,,,,781,"86f543b1"
"orfs","fs","or075","OR 0.75 n500","Hc","oracle","margin1_or",,0.27632229,,,,781,"86f543b1"
"orfs","fs","or075","OR 0.75 n500","Hc","mr","n_nonconvergent_fits",,0,,,,781,"86f543b1"
"orfs","fs","or075","OR 0.75 n500","Hc","mr","bias_or",,-0.030219385,0.00393541,,,781,"86f543b1"
"orfs","fs","or075","OR 0.75 n500","Hc","mr","bias_log",,-0.061488017,0.00630424,,,781,"86f543b1"
"orfs","fs","or075","OR 0.75 n500","Hc","mr","bias_sd_units",,-0.34923201,0.0358061,,,781,"86f543b1"
"orfs","fs","or075","OR 0.75 n500","Hc","mr","sd_emp_or",,0.10992373,0.0027831,,,781,"86f543b1"
"orfs","fs","or075","OR 0.75 n500","Hc","mr","sd_emp_log",,0.17606638,0.00445773,,,781,"86f543b1"
"orfs","fs","or075","OR 0.75 n500","Hc","mr","se_mean",,0.37997402,0.000459095,,,781,"86f543b1"
"orfs","fs","or075","OR 0.75 n500","Hc","mr","se_over_sd",,2.1581293,0.0547027,,,781,"86f543b1"
"orfs","fs","or075","OR 0.75 n500","Hc","mr","cov1_upper",,0.99615877,0.00221347,0.988768,0.998693,781,"86f543b1"
"orfs","fs","or075","OR 0.75 n500","Hc","mr","cov2",,1,0,0.995105,1,781,"86f543b1"
"orfs","fs","or075","OR 0.75 n500","Hc","mr","halfwidth_or",,0.51969835,,,,781,"86f543b1"
"orfs","fs","or075","OR 0.75 n500","Hc","mr","margin1_or",,0.55337889,,,,781,"86f543b1"
"orfs","fs","or075","OR 0.75 n500","Hc","fld","n_nonconvergent_fits",,0,,,,781,"86f543b1"
"orfs","fs","or075","OR 0.75 n500","Hc","fld","bias_or",,-0.012480374,0.00412574,,,781,"86f543b1"
"orfs","fs","or075","OR 0.75 n500","Hc","fld","bias_log",,-0.034661141,0.00643711,,,781,"86f543b1"
"orfs","fs","or075","OR 0.75 n500","Hc","fld","bias_sd_units",,-0.19279735,0.0358055,,,781,"86f543b1"
"orfs","fs","or075","OR 0.75 n500","Hc","fld","sd_emp_or",,0.11525448,0.00291807,,,781,"86f543b1"
"orfs","fs","or075","OR 0.75 n500","Hc","fld","sd_emp_log",,0.17978017,0.00455176,,,781,"86f543b1"
"orfs","fs","or075","OR 0.75 n500","Hc","fld","se_mean",,0.20200984,0.000197921,,,781,"86f543b1"
"orfs","fs","or075","OR 0.75 n500","Hc","fld","se_over_sd",,1.1236492,0.0284704,,,781,"86f543b1"
"orfs","fs","or075","OR 0.75 n500","Hc","fld","cov1_upper",,0.94110115,0.00842454,0.92233,0.955554,781,"86f543b1"
"orfs","fs","or075","OR 0.75 n500","Hc","fld","cov2",,0.96158771,0.00687708,0.945694,0.972963,781,"86f543b1"
"orfs","fs","or075","OR 0.75 n500","Hc","fld","halfwidth_or",,0.26483306,,,,781,"86f543b1"
"orfs","fs","or075","OR 0.75 n500","Hc","fld","margin1_or",,0.27519502,,,,781,"86f543b1"
"orfs","fs","or075","OR 0.75 n500","Hc","fld_s","n_nonconvergent_fits",,0,,,,781,"86f543b1"
"orfs","fs","or075","OR 0.75 n500","Hc","fld_s","bias_or",,-0.012322416,0.00412434,,,781,"86f543b1"
"orfs","fs","or075","OR 0.75 n500","Hc","fld_s","bias_log",,-0.034394983,0.00643116,,,781,"86f543b1"
"orfs","fs","or075","OR 0.75 n500","Hc","fld_s","bias_sd_units",,-0.19149296,0.0358053,,,781,"86f543b1"
"orfs","fs","or075","OR 0.75 n500","Hc","fld_s","sd_emp_or",,0.11521707,0.00291712,,,781,"86f543b1"
"orfs","fs","or075","OR 0.75 n500","Hc","fld_s","sd_emp_log",,0.17961487,0.00454758,,,781,"86f543b1"
"orfs","fs","or075","OR 0.75 n500","Hc","fld_s","se_mean",,0.20853688,0.000385207,,,781,"86f543b1"
"orfs","fs","or075","OR 0.75 n500","Hc","fld_s","se_over_sd",,1.1610224,0.0294735,,,781,"86f543b1"
"orfs","fs","or075","OR 0.75 n500","Hc","fld_s","cov1_upper",,0.95006402,0.00779395,0.932464,0.963258,781,"86f543b1"
"orfs","fs","or075","OR 0.75 n500","Hc","fld_s","cov2",,0.96927017,0.00617557,0.954683,0.979264,781,"86f543b1"
"orfs","fs","or075","OR 0.75 n500","Hc","fld_s","halfwidth_or",,0.27345454,,,,781,"86f543b1"
"orfs","fs","or075","OR 0.75 n500","Hc","fld_s","margin1_or",,0.28417087,,,,781,"86f543b1"
"orfs","fs","or075","OR 0.75 n500","Hc","fld_s","share_upper_le_tau",0.7,0.079385403,0.0096735,0.0624192,0.100469,781,"86f543b1"
"orfs","fs","or075","OR 0.75 n500","Hc","fld_s","share_upper_le_tau",0.8,0.22023047,0.0148285,0.192575,0.250624,781,"86f543b1"
"orfs","fs","or075","OR 0.75 n500","Hc","fld_s","share_upper_le_tau",0.9,0.45326504,0.0178131,0.418666,0.488322,781,"86f543b1"
"orfs","fs","or075","OR 0.75 n500","Hc","fld_s","share_upper_le_tau",1,0.70294494,0.0163513,0.669967,0.733937,781,"86f543b1"
"orfs","fs","or075","OR 0.75 n500","Hc","fld_s","share_upper_le_tau",1.25,0.97439181,0.00565237,0.960777,0.983362,781,"86f543b1"
"orfs","fs","or075","OR 0.75 n500","Hc","fld_s","share_upper_le_tau",1.5,0.99871959,0.00127959,0.992783,0.999774,781,"86f543b1"
"orfs","fs","or075","OR 0.75 n500","Hc","fld_s","share_upper_le_tau",2,1,0,0.995105,1,781,"86f543b1"
"orfs","fs","or075","OR 0.75 n500","Hc","fld_s","bound_mean",,0.9213408,0.0057006,,,781,"86f543b1"
"orfs","fs","or075","OR 0.75 n500","Hc","fld_s","bound_q05",,0.66673523,,,,781,"86f543b1"
"orfs","fs","or075","OR 0.75 n500","Hc","fld_s","bound_q25",,0.81755316,,,,781,"86f543b1"
"orfs","fs","or075","OR 0.75 n500","Hc","fld_s","bound_q50",,0.92121055,,,,781,"86f543b1"
"orfs","fs","or075","OR 0.75 n500","Hc","fld_s","bound_q75",,1.0231282,,,,781,"86f543b1"
"orfs","fs","or075","OR 0.75 n500","Hc","fld_s","bound_q95",,1.1892684,,,,781,"86f543b1"
"orfs","fs","or075","OR 0.75 n500","Hc","oracle","share_upper_le_tau",0.7,0.033290653,0.00641924,0.0228182,0.0483318,781,"86f543b1"
"orfs","fs","or075","OR 0.75 n500","Hc","oracle","share_upper_le_tau",0.8,0.14340589,0.0125414,0.120569,0.169734,781,"86f543b1"
"orfs","fs","or075","OR 0.75 n500","Hc","oracle","share_upper_le_tau",0.9,0.34443022,0.0170034,0.311939,0.378445,781,"86f543b1"
"orfs","fs","or075","OR 0.75 n500","Hc","oracle","share_upper_le_tau",1,0.58130602,0.0176533,0.546391,0.615425,781,"86f543b1"
"orfs","fs","or075","OR 0.75 n500","Hc","oracle","share_upper_le_tau",1.25,0.92701665,0.00930744,0.906609,0.943244,781,"86f543b1"
"orfs","fs","or075","OR 0.75 n500","Hc","oracle","share_upper_le_tau",1.5,0.99487836,0.00255425,0.986906,0.998007,781,"86f543b1"
"orfs","fs","or075","OR 0.75 n500","Hc","oracle","share_upper_le_tau",2,1,0,0.995105,1,781,"86f543b1"
"orfs","fs","or075","OR 0.75 n500","Hc","oracle","bound_mean",,0.98058651,0.00608405,,,781,"86f543b1"
"orfs","fs","or075","OR 0.75 n500","Hc","oracle","bound_q05",,0.73065885,,,,781,"86f543b1"
"orfs","fs","or075","OR 0.75 n500","Hc","oracle","bound_q25",,0.86608689,,,,781,"86f543b1"
"orfs","fs","or075","OR 0.75 n500","Hc","oracle","bound_q50",,0.97166308,,,,781,"86f543b1"
"orfs","fs","or075","OR 0.75 n500","Hc","oracle","bound_q75",,1.0753855,,,,781,"86f543b1"
"orfs","fs","or075","OR 0.75 n500","Hc","oracle","bound_q95",,1.2887407,,,,781,"86f543b1"
"orfs","fs","or075","OR 0.75 n500","Hc","fld","share_upper_le_tau",0.7,0.088348271,0.0101552,0.0704061,0.11032,781,"86f543b1"
"orfs","fs","or075","OR 0.75 n500","Hc","fld","share_upper_le_tau",0.8,0.23175416,0.0150987,0.203518,0.262617,781,"86f543b1"
"orfs","fs","or075","OR 0.75 n500","Hc","fld","share_upper_le_tau",0.9,0.47887324,0.0178754,0.444027,0.513926,781,"86f543b1"
"orfs","fs","or075","OR 0.75 n500","Hc","fld","share_upper_le_tau",1,0.71702945,0.0161181,0.684436,0.747499,781,"86f543b1"
"orfs","fs","or075","OR 0.75 n500","Hc","fld","share_upper_le_tau",1.25,0.97823303,0.00522149,0.965419,0.986366,781,"86f543b1"
"orfs","fs","or075","OR 0.75 n500","Hc","fld","share_upper_le_tau",1.5,0.99871959,0.00127959,0.992783,0.999774,781,"86f543b1"
"orfs","fs","or075","OR 0.75 n500","Hc","fld","share_upper_le_tau",2,1,0,0.995105,1,781,"86f543b1"
"orfs","fs","or075","OR 0.75 n500","Hc","fld","bound_mean",,0.91236496,0.00570207,,,781,"86f543b1"
"orfs","fs","or075","OR 0.75 n500","Hc","fld","bound_q05",,0.65369573,,,,781,"86f543b1"
"orfs","fs","or075","OR 0.75 n500","Hc","fld","bound_q25",,0.80721655,,,,781,"86f543b1"
"orfs","fs","or075","OR 0.75 n500","Hc","fld","bound_q50",,0.91076882,,,,781,"86f543b1"
"orfs","fs","or075","OR 0.75 n500","Hc","fld","bound_q75",,1.0139432,,,,781,"86f543b1"
"orfs","fs","or075","OR 0.75 n500","Hc","fld","bound_q95",,1.1807372,,,,781,"86f543b1"
"orfs","fs","or075","OR 0.75 n500","Hc","mr","share_upper_le_tau",0.7,0.0038412292,0.00221347,0.00130721,0.0112322,781,"86f543b1"
"orfs","fs","or075","OR 0.75 n500","Hc","mr","share_upper_le_tau",0.8,0.025608195,0.00565237,0.0166375,0.0392227,781,"86f543b1"
"orfs","fs","or075","OR 0.75 n500","Hc","mr","share_upper_le_tau",0.9,0.076824584,0.00952943,0.0601495,0.0976422,781,"86f543b1"
"orfs","fs","or075","OR 0.75 n500","Hc","mr","share_upper_le_tau",1,0.16901408,0.0134101,0.144365,0.196903,781,"86f543b1"
"orfs","fs","or075","OR 0.75 n500","Hc","mr","share_upper_le_tau",1.25,0.631242,0.0172641,0.596839,0.66436,781,"86f543b1"
"orfs","fs","or075","OR 0.75 n500","Hc","mr","share_upper_le_tau",1.5,0.92829706,0.0092318,0.90803,0.944372,781,"86f543b1"
"orfs","fs","or075","OR 0.75 n500","Hc","mr","share_upper_le_tau",2,1,0,0.995105,1,781,"86f543b1"
"orfs","fs","or075","OR 0.75 n500","Hc","mr","bound_mean",,1.1905488,0.00737109,,,781,"86f543b1"
"orfs","fs","or075","OR 0.75 n500","Hc","mr","bound_q05",,0.85744343,,,,781,"86f543b1"
"orfs","fs","or075","OR 0.75 n500","Hc","mr","bound_q25",,1.0520906,,,,781,"86f543b1"
"orfs","fs","or075","OR 0.75 n500","Hc","mr","bound_q50",,1.1901055,,,,781,"86f543b1"
"orfs","fs","or075","OR 0.75 n500","Hc","mr","bound_q75",,1.3193764,,,,781,"86f543b1"
"orfs","fs","or075","OR 0.75 n500","Hc","mr","bound_q95",,1.5442446,,,,781,"86f543b1"
"orfs","fs","or075","OR 0.75 n500","Hc","naive","share_upper_le_tau",0.7,0.26504481,0.015793,0.235296,0.297094,781,"86f543b1"
"orfs","fs","or075","OR 0.75 n500","Hc","naive","share_upper_le_tau",0.8,0.56209987,0.0177529,0.527085,0.596507,781,"86f543b1"
"orfs","fs","or075","OR 0.75 n500","Hc","naive","share_upper_le_tau",0.9,0.82970551,0.0134504,0.801744,0.854439,781,"86f543b1"
"orfs","fs","or075","OR 0.75 n500","Hc","naive","share_upper_le_tau",1,0.9475032,0.00798052,0.929557,0.961069,781,"86f543b1"
"orfs","fs","or075","OR 0.75 n500","Hc","naive","share_upper_le_tau",1.25,0.99871959,0.00127959,0.992783,0.999774,781,"86f543b1"
"orfs","fs","or075","OR 0.75 n500","Hc","naive","share_upper_le_tau",1.5,1,0,0.995105,1,781,"86f543b1"
"orfs","fs","or075","OR 0.75 n500","Hc","naive","share_upper_le_tau",2,1,0,0.995105,1,781,"86f543b1"
"orfs","fs","or075","OR 0.75 n500","Hc","naive","bound_mean",,0.78323975,0.00463113,,,781,"86f543b1"
"orfs","fs","or075","OR 0.75 n500","Hc","naive","bound_q05",,0.57668082,,,,781,"86f543b1"
"orfs","fs","or075","OR 0.75 n500","Hc","naive","bound_q25",,0.69569059,,,,781,"86f543b1"
"orfs","fs","or075","OR 0.75 n500","Hc","naive","bound_q50",,0.78040991,,,,781,"86f543b1"
"orfs","fs","or075","OR 0.75 n500","Hc","naive","bound_q75",,0.86446515,,,,781,"86f543b1"
"orfs","fs","or075","OR 0.75 n500","Hc","naive","bound_q95",,1.0018223,,,,781,"86f543b1"
"orfs","fs","or075","OR 0.75 n500","joint","bonf_s","joint_coverage",,0.9603073,0.0069861,0.944211,0.971898,781,"86f543b1"
"orfs","fs","or075","OR 0.75 n500","joint","bonf_s","share_both_bounds",,1,0,0.995105,1,781,"86f543b1"
"orfs","fs","or075","OR 0.75 n500","joint","bonf_s","cov_H",,0.98847631,0.00381903,0.978245,0.993926,781,"86f543b1"
"orfs","fs","or075","OR 0.75 n500","joint","bonf_s","cov_Hc",,0.97183099,0.00592046,0.957718,0.981325,781,"86f543b1"
"orfs","fs","or075","OR 0.75 n500","joint","bonf_s","margin_H_or",,0.64893944,0.00849759,,,781,"86f543b1"
"orfs","fs","or075","OR 0.75 n500","joint","bonf_s","margin_Hc_or",,0.3459479,0.00228915,,,781,"86f543b1"
"orfs","fs","or075","OR 0.75 n500","joint","bonf","joint_coverage",,0.95262484,0.0076017,0.935383,0.965436,781,"86f543b1"
"orfs","fs","or075","OR 0.75 n500","joint","bonf","share_both_bounds",,1,0,0.995105,1,781,"86f543b1"
"orfs","fs","or075","OR 0.75 n500","joint","bonf","cov_H",,0.98847631,0.00381903,0.978245,0.993926,781,"86f543b1"
"orfs","fs","or075","OR 0.75 n500","joint","bonf","cov_Hc",,0.96414853,0.00665273,0.948673,0.975081,781,"86f543b1"
"orfs","fs","or075","OR 0.75 n500","joint","bonf","margin_H_or",,0.64893944,0.00849759,,,781,"86f543b1"
"orfs","fs","or075","OR 0.75 n500","joint","bonf","margin_Hc_or",,0.33446638,0.00224048,,,781,"86f543b1"
"orfs","fs","or075","OR 0.75 n500","joint","separate_s","joint_coverage",,0.92445583,0.00945623,0.903773,0.940983,781,"86f543b1"
"orfs","fs","or075","OR 0.75 n500","joint","separate_s","share_both_bounds",,1,0,0.995105,1,781,"86f543b1"
"orfs","fs","or075","OR 0.75 n500","joint","separate_s","cov_H",,0.97439181,0.00565237,0.960777,0.983362,781,"86f543b1"
"orfs","fs","or075","OR 0.75 n500","joint","separate_s","cov_Hc",,0.95006402,0.00779395,0.932464,0.963258,781,"86f543b1"
"orfs","fs","or075","OR 0.75 n500","joint","separate_s","margin_H_or",,0.59046999,0.00773795,,,781,"86f543b1"
"orfs","fs","or075","OR 0.75 n500","joint","separate_s","margin_Hc_or",,0.28417087,0.00188577,,,781,"86f543b1"
"orfs","fs","or075","OR 0.75 n500","joint","calibrated","gamma_mean_s",,0.025074264,9.73168e-06,,,781,"86f543b1"
"orfs","fs","or075","OR 0.75 n500","joint","calibrated","corr_s",,0.074484359,0.00227292,,,781,"86f543b1"
"orfs","fs","or075","OR 0.75 n500","joint","calibrated","gamma_mean",,0.025060179,8.89247e-06,,,781,"86f543b1"
"orfs","fs","or075","OR 0.75 n500","joint","calibrated","corr",,0.079233706,0.00231949,,,781,"86f543b1"
"orfs","fs","or075","OR 0.75 n500","H","all","mean_size_hhat",,101.69782,1.08814,,,781,"86f543b1"
"orfs","fs","or075","OR 0.75 n500","H","all","mean_true_positives",,17.929577,0.598494,,,781,"86f543b1"
"orfs","fs","or075","OR 0.75 n500","H","all","sensitivity_mean",,0.24006213,0.00788672,,,781,"86f543b1"
"orfs","fs","or075","OR 0.75 n500","H","all","ppv_mean",,0.18613989,0.0062606,,,781,"86f543b1"
"orfs","fs","or075","OR 0.75 n500","H","all","spec_mean",,0.80331609,0.0027674,,,781,"86f543b1"
"orfs","fs","or075","OR 0.75 n500","H","all","mean_n_family",,2137.8195,4.45671,,,781,"86f543b1"
"orfs","fs","or075","OR 0.75 n500","H","all","mean_admitted_n",,,,,,0,"86f543b1"
"orfs","fs","or075","OR 0.75 n500","H","all","mean_proposed_n",,,,,,0,"86f543b1"
"orfs","fs","or075","OR 0.75 n500","H","all","mean_n_cons_qual",,29.928297,1.75623,,,781,"86f543b1"
"orfs","fs","or075","OR 0.75 n500","H","all","mean_band_n",,3.4110115,0.0968585,,,781,"86f543b1"
"orfs","fs","or075","OR 0.75 n500","H","all","mean_n_true",,74.371319,0.2744,,,781,"86f543b1"
"orfs","fs","or075","OR 0.75 n500","H","all","p_hat_mean",,0.076219462,0.00286831,,,781,"86f543b1"
"orfs","fs","or075","OR 0.75 n500","H","all","p_hat_share_lt_05",,0.99743918,0.00180845,0.990711,0.999297,781,"86f543b1"
"orfs","fs","or075","OR 0.75 n500","Hc","mr","sd_btc_over_naive_se",,0.83874041,,,,781,"86f543b1"
"orfs","fs","or075","OR 0.75 n500","Hc","fld","lamsd_over_naive_se",,0.96232918,,,,781,"86f543b1"
"orfs","fs","or075","OR 0.75 n500","Hc","fld_s","lamsd_over_naive_se",,0.99342254,,,,781,"86f543b1"
"orfs","fs","or075","OR 0.75 n500","all","all","secs_fit_mr_mean",,46.5854,0.688689,,,1000,"86f543b1"
"orfs","fs","or075","OR 0.75 n500","all","all","secs_id_mean",,8.774371,0.0643709,,,1000,"86f543b1"
"orfs","fs","or075","OR 0.75 n500","all","all","secs_field_mean",,25.825284,0.123929,,,781,"86f543b1"
"orfs","fs","or075","OR 0.75 n500","all","all","secs_complement_mean",,3.7465198,0.0200411,,,781,"86f543b1"
"orfs","fs","or075","OR 0.75 n500","H","naive","display_b",,4.7288555,,,,781,"86f543b1"
"orfs","fs","or075","OR 0.75 n500","H","naive","display_r",,1.8144487,,,,781,"86f543b1"
"orfs","fs","or075","OR 0.75 n500","H","naive","display_cov1",,0,,,,781,"86f543b1"
"orfs","fs","or075","OR 0.75 n500","H","naive","display_cov1_ref",,0.040548783,,,,781,"86f543b1"
"orfs","fs","or075","OR 0.75 n500","H","naive","display_cov2",,0.010243278,,,,781,"86f543b1"
"orfs","fs","or075","OR 0.75 n500","H","naive","display_cov2_ref",,0.12047785,,,,781,"86f543b1"
"orfs","fs","or075","OR 0.75 n500","H","mr","display_b",,0.96403286,,,,781,"86f543b1"
"orfs","fs","or075","OR 0.75 n500","H","mr","display_r",,1.8960578,,,,781,"86f543b1"
"orfs","fs","or075","OR 0.75 n500","H","mr","display_cov1",,0.97823303,,,,781,"86f543b1"
"orfs","fs","or075","OR 0.75 n500","H","mr","display_cov1_ref",,0.98440752,,,,781,"86f543b1"
"orfs","fs","or075","OR 0.75 n500","H","mr","display_cov2",,0.99231754,,,,781,"86f543b1"
"orfs","fs","or075","OR 0.75 n500","H","mr","display_cov2_ref",,0.9970385,,,,781,"86f543b1"
"orfs","fs","or075","OR 0.75 n500","H","fld","display_b",,0.39873058,,,,781,"86f543b1"
"orfs","fs","or075","OR 0.75 n500","H","fld","display_r",,1.4926411,,,,781,"86f543b1"
"orfs","fs","or075","OR 0.75 n500","H","fld","display_cov1",,0.97439181,,,,781,"86f543b1"
"orfs","fs","or075","OR 0.75 n500","H","fld","display_cov1_ref",,0.9801302,,,,781,"86f543b1"
"orfs","fs","or075","OR 0.75 n500","H","fld","display_cov2",,0.98847631,,,,781,"86f543b1"
"orfs","fs","or075","OR 0.75 n500","H","fld","display_cov2_ref",,0.99380124,,,,781,"86f543b1"
"orfs","fs","or075","OR 0.75 n500","Hc","naive","display_b",,-1.1583125,,,,781,"86f543b1"
"orfs","fs","or075","OR 0.75 n500","Hc","naive","display_r",,1.2219728,,,,781,"86f543b1"
"orfs","fs","or075","OR 0.75 n500","Hc","naive","display_cov1",,0.81690141,,,,781,"86f543b1"
"orfs","fs","or075","OR 0.75 n500","Hc","naive","display_cov1_ref",,0.8027969,,,,781,"86f543b1"
"orfs","fs","or075","OR 0.75 n500","Hc","naive","display_cov2",,0.89884763,,,,781,"86f543b1"
"orfs","fs","or075","OR 0.75 n500","Hc","naive","display_cov2_ref",,0.89171247,,,,781,"86f543b1"
"orfs","fs","or075","OR 0.75 n500","Hc","mr","display_b",,-0.34923201,,,,781,"86f543b1"
"orfs","fs","or075","OR 0.75 n500","Hc","mr","display_r",,2.1581293,,,,781,"86f543b1"
"orfs","fs","or075","OR 0.75 n500","Hc","mr","display_cov1",,0.99615877,,,,781,"86f543b1"
"orfs","fs","or075","OR 0.75 n500","Hc","mr","display_cov1_ref",,0.99931423,,,,781,"86f543b1"
"orfs","fs","or075","OR 0.75 n500","Hc","mr","display_cov2",,1,,,,781,"86f543b1"
"orfs","fs","or075","OR 0.75 n500","Hc","mr","display_cov2_ref",,0.99994557,,,,781,"86f543b1"
"orfs","fs","or075","OR 0.75 n500","Hc","fld","display_b",,-0.19279735,,,,781,"86f543b1"
"orfs","fs","or075","OR 0.75 n500","Hc","fld","display_r",,1.1236492,,,,781,"86f543b1"
"orfs","fs","or075","OR 0.75 n500","Hc","fld","display_cov1",,0.94110115,,,,781,"86f543b1"
"orfs","fs","or075","OR 0.75 n500","Hc","fld","display_cov1_ref",,0.95108247,,,,781,"86f543b1"
"orfs","fs","or075","OR 0.75 n500","Hc","fld","display_cov2",,0.96158771,,,,781,"86f543b1"
"orfs","fs","or075","OR 0.75 n500","Hc","fld","display_cov2_ref",,0.969451,,,,781,"86f543b1"
"orfs","fs","or075","OR 0.75 n500","Hc","fld_s","display_b",,-0.19149296,,,,781,"86f543b1"
"orfs","fs","or075","OR 0.75 n500","Hc","fld_s","display_r",,1.1610224,,,,781,"86f543b1"
"orfs","fs","or075","OR 0.75 n500","Hc","fld_s","display_cov1",,0.95006402,,,,781,"86f543b1"
"orfs","fs","or075","OR 0.75 n500","Hc","fld_s","display_cov1_ref",,0.95712165,,,,781,"86f543b1"
"orfs","fs","or075","OR 0.75 n500","Hc","fld_s","display_cov2",,0.96927017,,,,781,"86f543b1"
"orfs","fs","or075","OR 0.75 n500","Hc","fld_s","display_cov2_ref",,0.97461159,,,,781,"86f543b1"
"orgrf","grf","or075","OR 0.75 n500","H","all","declaration_rate",,0.999,0.0009995,0.994357,0.999823,1000,"b1a0cd55"
"orgrf","grf","or075","OR 0.75 n500","H","naive","n_nonconvergent_fits",,0,,,,999,"b1a0cd55"
"orgrf","grf","or075","OR 0.75 n500","H","naive","bias_or",,1.5594069,0.0302471,,,999,"b1a0cd55"
"orgrf","grf","or075","OR 0.75 n500","H","naive","bias_log",,1.1348798,0.0118241,,,999,"b1a0cd55"
"orgrf","grf","or075","OR 0.75 n500","H","naive","bias_sd_units",,3.0536967,0.031816,,,999,"b1a0cd55"
"orgrf","grf","or075","OR 0.75 n500","H","naive","sd_emp_or",,0.95538771,0.0213845,,,999,"b1a0cd55"
"orgrf","grf","or075","OR 0.75 n500","H","naive","sd_emp_log",,0.37164129,0.00831847,,,999,"b1a0cd55"
"orgrf","grf","or075","OR 0.75 n500","H","naive","se_mean",,0.4907971,0.00330336,,,999,"b1a0cd55"
"orgrf","grf","or075","OR 0.75 n500","H","naive","se_over_sd",,1.3206205,0.030867,,,999,"b1a0cd55"
"orgrf","grf","or075","OR 0.75 n500","H","naive","cov1_lower",,0.11811812,0.0102113,0.0995521,0.13961,999,"b1a0cd55"
"orgrf","grf","or075","OR 0.75 n500","H","naive","cov2",,0.27227227,0.0140833,0.245581,0.300708,999,"b1a0cd55"
"orgrf","grf","or075","OR 0.75 n500","H","naive","halfwidth_or",,2.7866659,,,,999,"b1a0cd55"
"orgrf","grf","or075","OR 0.75 n500","H","naive","margin1_or",,1.2626409,,,,999,"b1a0cd55"
"orgrf","grf","or075","OR 0.75 n500","H","naive","cov2_theta_dagger",,0.44144144,0.0157104,0.410932,0.472399,999,"b1a0cd55"
"orgrf","grf","or075","OR 0.75 n500","H","naive","cov1_lower_theta_dagger",,0.24524525,0.013612,0.219575,0.272867,999,"b1a0cd55"
"orgrf","grf","or075","OR 0.75 n500","H","naive","cov2_theta_ddagger",,0.41041041,0.0155633,0.380307,0.441201,999,"b1a0cd55"
"orgrf","grf","or075","OR 0.75 n500","H","naive","cov1_lower_theta_ddagger",,0.21621622,0.0130245,0.191802,0.242805,999,"b1a0cd55"
"orgrf","grf","or075","OR 0.75 n500","H","oracle","n_nonconvergent_fits",,0,,,,999,"b1a0cd55"
"orgrf","grf","or075","OR 0.75 n500","H","oracle","bias_or",,0.095326997,0.0135732,,,999,"b1a0cd55"
"orgrf","grf","or075","OR 0.75 n500","H","oracle","bias_log",,0.0058037277,0.0150673,,,999,"b1a0cd55"
"orgrf","grf","or075","OR 0.75 n500","H","oracle","bias_sd_units",,0.01218674,0.0316386,,,999,"b1a0cd55"
"orgrf","grf","or075","OR 0.75 n500","H","oracle","sd_emp_or",,0.42900691,0.00960249,,,999,"b1a0cd55"
"orgrf","grf","or075","OR 0.75 n500","H","oracle","sd_emp_log",,0.47623298,0.0106596,,,999,"b1a0cd55"
"orgrf","grf","or075","OR 0.75 n500","H","oracle","se_mean",,0.47769314,0.000874513,,,999,"b1a0cd55"
"orgrf","grf","or075","OR 0.75 n500","H","oracle","se_over_sd",,1.0030661,0.0225267,,,999,"b1a0cd55"
"orgrf","grf","or075","OR 0.75 n500","H","oracle","cov1_lower",,0.94594595,0.00715426,0.930139,0.958337,999,"b1a0cd55"
"orgrf","grf","or075","OR 0.75 n500","H","oracle","cov2",,0.94994995,0.00689874,0.934621,0.961831,999,"b1a0cd55"
"orgrf","grf","or075","OR 0.75 n500","H","oracle","halfwidth_or",,0.91007087,,,,999,"b1a0cd55"
"orgrf","grf","or075","OR 0.75 n500","H","oracle","margin1_or",,0.45876062,,,,999,"b1a0cd55"
"orgrf","grf","or075","OR 0.75 n500","H","mr","n_nonconvergent_fits",,0,,,,999,"b1a0cd55"
"orgrf","grf","or075","OR 0.75 n500","H","mr","bias_or",,0.32426254,0.0164156,,,999,"b1a0cd55"
"orgrf","grf","or075","OR 0.75 n500","H","mr","bias_log",,0.29737098,0.0136258,,,999,"b1a0cd55"
"orgrf","grf","or075","OR 0.75 n500","H","mr","bias_sd_units",,0.69307841,0.0317575,,,999,"b1a0cd55"
"orgrf","grf","or075","OR 0.75 n500","H","mr","sd_emp_or",,0.51827442,0.0116006,,,999,"b1a0cd55"
"orgrf","grf","or075","OR 0.75 n500","H","mr","sd_emp_log",,0.4290582,0.00960364,,,999,"b1a0cd55"
"orgrf","grf","or075","OR 0.75 n500","H","mr","se_mean",,0.61878629,0.00336993,,,999,"b1a0cd55"
"orgrf","grf","or075","OR 0.75 n500","H","mr","se_over_sd",,1.4421966,0.0332226,,,999,"b1a0cd55"
"orgrf","grf","or075","OR 0.75 n500","H","mr","cov1_lower",,0.96196196,0.00605209,0.948222,0.972163,999,"b1a0cd55"
"orgrf","grf","or075","OR 0.75 n500","H","mr","cov2",,0.99199199,0.0028199,0.984278,0.995937,999,"b1a0cd55"
"orgrf","grf","or075","OR 0.75 n500","H","mr","halfwidth_or",,1.7172056,,,,999,"b1a0cd55"
"orgrf","grf","or075","OR 0.75 n500","H","mr","margin1_or",,0.64320543,,,,999,"b1a0cd55"
"orgrf","grf","or075","OR 0.75 n500","H","mr","cov2_theta_dagger",,0.997998,0.00141421,0.99273,0.999451,999,"b1a0cd55"
"orgrf","grf","or075","OR 0.75 n500","H","mr","cov1_lower_theta_dagger",,0.98498498,0.00384764,0.975375,0.99088,999,"b1a0cd55"
"orgrf","grf","or075","OR 0.75 n500","H","mr","cov2_theta_ddagger",,0.996997,0.00173118,0.991208,0.998978,999,"b1a0cd55"
"orgrf","grf","or075","OR 0.75 n500","H","mr","cov1_lower_theta_ddagger",,0.98398398,0.00397181,0.974142,0.990118,999,"b1a0cd55"
"orgrf","grf","or075","OR 0.75 n500","H","fld","n_nonconvergent_fits",,0,,,,999,"b1a0cd55"
"orgrf","grf","or075","OR 0.75 n500","H","fld","bias_or",,0.18391749,0.0147576,,,999,"b1a0cd55"
"orgrf","grf","or075","OR 0.75 n500","H","fld","bias_log",,0.13645984,0.0141158,,,999,"b1a0cd55"
"orgrf","grf","or075","OR 0.75 n500","H","fld","bias_sd_units",,0.30683672,0.0317402,,,999,"b1a0cd55"
"orgrf","grf","or075","OR 0.75 n500","H","fld","sd_emp_or",,0.46596071,0.0104296,,,999,"b1a0cd55"
"orgrf","grf","or075","OR 0.75 n500","H","fld","sd_emp_log",,0.44473114,0.00995445,,,999,"b1a0cd55"
"orgrf","grf","or075","OR 0.75 n500","H","fld","se_mean",,0.47110034,0.00118391,,,999,"b1a0cd55"
"orgrf","grf","or075","OR 0.75 n500","H","fld","se_over_sd",,1.0592925,0.0238592,,,999,"b1a0cd55"
"orgrf","grf","or075","OR 0.75 n500","H","fld","cov1_lower",,0.93093093,0.00802265,0.9135,0.945061,999,"b1a0cd55"
"orgrf","grf","or075","OR 0.75 n500","H","fld","cov2",,0.96196196,0.00605209,0.948222,0.972163,999,"b1a0cd55"
"orgrf","grf","or075","OR 0.75 n500","H","fld","halfwidth_or",,0.85040607,,,,999,"b1a0cd55"
"orgrf","grf","or075","OR 0.75 n500","H","fld","margin1_or",,0.62166166,,,,999,"b1a0cd55"
"orgrf","grf","or075","OR 0.75 n500","H","fld","cov2_theta_dagger",,0.96696697,0.00565454,0.953973,0.976383,999,"b1a0cd55"
"orgrf","grf","or075","OR 0.75 n500","H","fld","cov1_lower_theta_dagger",,0.95895896,0.00627663,0.944797,0.969604,999,"b1a0cd55"
"orgrf","grf","or075","OR 0.75 n500","H","fld","cov2_theta_ddagger",,0.96796797,0.00557109,0.955131,0.97722,999,"b1a0cd55"
"orgrf","grf","or075","OR 0.75 n500","H","fld","cov1_lower_theta_ddagger",,0.95695696,0.00642118,0.942524,0.967889,999,"b1a0cd55"
"orgrf","grf","or075","OR 0.75 n500","H","fld","share_lower_ge_tau",0.7,0.057057057,0.00733862,0.044298,0.0732096,999,"b1a0cd55"
"orgrf","grf","or075","OR 0.75 n500","H","fld","share_lower_ge_tau",0.8,0.031031031,0.00548618,0.021946,0.0437089,999,"b1a0cd55"
"orgrf","grf","or075","OR 0.75 n500","H","fld","share_lower_ge_tau",0.9,0.019019019,0.00432157,0.0122091,0.0295138,999,"b1a0cd55"
"orgrf","grf","or075","OR 0.75 n500","H","fld","share_lower_ge_tau",1,0.01001001,0.00314956,0.00544621,0.0183277,999,"b1a0cd55"
"orgrf","grf","or075","OR 0.75 n500","H","fld","share_lower_ge_tau",1.25,0.002002002,0.00141421,0.000549193,0.00727005,999,"b1a0cd55"
"orgrf","grf","or075","OR 0.75 n500","H","fld","share_lower_ge_tau",1.5,0.001001001,0.0010005,0.000176723,0.00564818,999,"b1a0cd55"
"orgrf","grf","or075","OR 0.75 n500","H","fld","share_lower_ge_tau",2,0,0,-2.1684e-19,0.00383057,999,"b1a0cd55"
"orgrf","grf","or075","OR 0.75 n500","H","fld","bound_mean",,0.36684979,0.00550021,,,999,"b1a0cd55"
"orgrf","grf","or075","OR 0.75 n500","H","fld","bound_q05",,0.17947827,,,,999,"b1a0cd55"
"orgrf","grf","or075","OR 0.75 n500","H","fld","bound_q25",,0.25022459,,,,999,"b1a0cd55"
"orgrf","grf","or075","OR 0.75 n500","H","fld","bound_q50",,0.32457423,,,,999,"b1a0cd55"
"orgrf","grf","or075","OR 0.75 n500","H","fld","bound_q75",,0.43071957,,,,999,"b1a0cd55"
"orgrf","grf","or075","OR 0.75 n500","H","fld","bound_q95",,0.70724273,,,,999,"b1a0cd55"
"orgrf","grf","or075","OR 0.75 n500","H","oracle","share_lower_ge_tau",0.7,0.072072072,0.00818197,0.0576219,0.0898006,999,"b1a0cd55"
"orgrf","grf","or075","OR 0.75 n500","H","oracle","share_lower_ge_tau",0.8,0.039039039,0.00612801,0.0286878,0.0529218,999,"b1a0cd55"
"orgrf","grf","or075","OR 0.75 n500","H","oracle","share_lower_ge_tau",0.9,0.024024024,0.00484462,0.0161964,0.0354982,999,"b1a0cd55"
"orgrf","grf","or075","OR 0.75 n500","H","oracle","share_lower_ge_tau",1,0.016016016,0.00397181,0.00988215,0.0258578,999,"b1a0cd55"
"orgrf","grf","or075","OR 0.75 n500","H","oracle","share_lower_ge_tau",1.25,0.003003003,0.00173118,0.00102181,0.00879177,999,"b1a0cd55"
"orgrf","grf","or075","OR 0.75 n500","H","oracle","share_lower_ge_tau",1.5,0,0,-2.1684e-19,0.00383057,999,"b1a0cd55"
"orgrf","grf","or075","OR 0.75 n500","H","oracle","share_lower_ge_tau",2,0,0,-2.1684e-19,0.00383057,999,"b1a0cd55"
"orgrf","grf","or075","OR 0.75 n500","H","oracle","bound_mean",,0.38656637,0.00621504,,,999,"b1a0cd55"
"orgrf","grf","or075","OR 0.75 n500","H","oracle","bound_q05",,0.15466776,,,,999,"b1a0cd55"
"orgrf","grf","or075","OR 0.75 n500","H","oracle","bound_q25",,0.24475056,,,,999,"b1a0cd55"
"orgrf","grf","or075","OR 0.75 n500","H","oracle","bound_q50",,0.34686666,,,,999,"b1a0cd55"
"orgrf","grf","or075","OR 0.75 n500","H","oracle","bound_q75",,0.47571508,,,,999,"b1a0cd55"
"orgrf","grf","or075","OR 0.75 n500","H","oracle","bound_q95",,0.76458384,,,,999,"b1a0cd55"
"orgrf","grf","or075","OR 0.75 n500","H","mr","share_lower_ge_tau",0.7,0.026026026,0.00503727,0.0178218,0.0378614,999,"b1a0cd55"
"orgrf","grf","or075","OR 0.75 n500","H","mr","share_lower_ge_tau",0.8,0.01001001,0.00314956,0.00544621,0.0183277,999,"b1a0cd55"
"orgrf","grf","or075","OR 0.75 n500","H","mr","share_lower_ge_tau",0.9,0.004004004,0.00199799,0.00155815,0.0102498,999,"b1a0cd55"
"orgrf","grf","or075","OR 0.75 n500","H","mr","share_lower_ge_tau",1,0,0,-2.1684e-19,0.00383057,999,"b1a0cd55"
"orgrf","grf","or075","OR 0.75 n500","H","mr","share_lower_ge_tau",1.25,0,0,-2.1684e-19,0.00383057,999,"b1a0cd55"
"orgrf","grf","or075","OR 0.75 n500","H","mr","share_lower_ge_tau",1.5,0,0,-2.1684e-19,0.00383057,999,"b1a0cd55"
"orgrf","grf","or075","OR 0.75 n500","H","mr","share_lower_ge_tau",2,0,0,-2.1684e-19,0.00383057,999,"b1a0cd55"
"orgrf","grf","or075","OR 0.75 n500","H","mr","bound_mean",,0.34530602,0.00427652,,,999,"b1a0cd55"
"orgrf","grf","or075","OR 0.75 n500","H","mr","bound_q05",,0.18881582,,,,999,"b1a0cd55"
"orgrf","grf","or075","OR 0.75 n500","H","mr","bound_q25",,0.25022575,,,,999,"b1a0cd55"
"orgrf","grf","or075","OR 0.75 n500","H","mr","bound_q50",,0.31460304,,,,999,"b1a0cd55"
"orgrf","grf","or075","OR 0.75 n500","H","mr","bound_q75",,0.39932294,,,,999,"b1a0cd55"
"orgrf","grf","or075","OR 0.75 n500","H","mr","bound_q95",,0.62447253,,,,999,"b1a0cd55"
"orgrf","grf","or075","OR 0.75 n500","H","naive","share_lower_ge_tau",0.7,0.83283283,0.0118052,0.808429,0.854686,999,"b1a0cd55"
"orgrf","grf","or075","OR 0.75 n500","H","naive","share_lower_ge_tau",0.8,0.67667668,0.0147988,0.647042,0.704957,999,"b1a0cd55"
"orgrf","grf","or075","OR 0.75 n500","H","naive","share_lower_ge_tau",0.9,0.50750751,0.0158175,0.476536,0.538421,999,"b1a0cd55"
"orgrf","grf","or075","OR 0.75 n500","H","naive","share_lower_ge_tau",1,0.36736737,0.0152526,0.338034,0.397717,999,"b1a0cd55"
"orgrf","grf","or075","OR 0.75 n500","H","naive","share_lower_ge_tau",1.25,0.15315315,0.0113942,0.132153,0.176811,999,"b1a0cd55"
"orgrf","grf","or075","OR 0.75 n500","H","naive","share_lower_ge_tau",1.5,0.055055055,0.00721638,0.0425402,0.0709787,999,"b1a0cd55"
"orgrf","grf","or075","OR 0.75 n500","H","naive","share_lower_ge_tau",2,0.009009009,0.00298945,0.00474681,0.0170328,999,"b1a0cd55"
"orgrf","grf","or075","OR 0.75 n500","H","naive","bound_mean",,0.9610149,0.0092772,,,999,"b1a0cd55"
"orgrf","grf","or075","OR 0.75 n500","H","naive","bound_q05",,0.58812585,,,,999,"b1a0cd55"
"orgrf","grf","or075","OR 0.75 n500","H","naive","bound_q25",,0.75597898,,,,999,"b1a0cd55"
"orgrf","grf","or075","OR 0.75 n500","H","naive","bound_q50",,0.90478183,,,,999,"b1a0cd55"
"orgrf","grf","or075","OR 0.75 n500","H","naive","bound_q75",,1.1094395,,,,999,"b1a0cd55"
"orgrf","grf","or075","OR 0.75 n500","H","naive","bound_q95",,1.5159398,,,,999,"b1a0cd55"
"orgrf","grf","or075","OR 0.75 n500","Hc","naive","n_nonconvergent_fits",,0,,,,999,"b1a0cd55"
"orgrf","grf","or075","OR 0.75 n500","Hc","naive","bias_or",,-0.1169764,0.00342483,,,999,"b1a0cd55"
"orgrf","grf","or075","OR 0.75 n500","Hc","naive","bias_log",,-0.21197981,0.00629002,,,999,"b1a0cd55"
"orgrf","grf","or075","OR 0.75 n500","Hc","naive","bias_sd_units",,-1.0674646,0.0316746,,,999,"b1a0cd55"
"orgrf","grf","or075","OR 0.75 n500","Hc","naive","sd_emp_or",,0.10808543,0.00241928,,,999,"b1a0cd55"
"orgrf","grf","or075","OR 0.75 n500","Hc","naive","sd_emp_log",,0.19858253,0.00444489,,,999,"b1a0cd55"
"orgrf","grf","or075","OR 0.75 n500","Hc","naive","se_mean",,0.20699824,0.00029457,,,999,"b1a0cd55"
"orgrf","grf","or075","OR 0.75 n500","Hc","naive","se_over_sd",,1.0423789,0.0233788,,,999,"b1a0cd55"
"orgrf","grf","or075","OR 0.75 n500","Hc","naive","cov1_upper",,0.75575576,0.0135932,0.728167,0.781385,999,"b1a0cd55"
"orgrf","grf","or075","OR 0.75 n500","Hc","naive","cov2",,0.84484484,0.0114548,0.821077,0.865971,999,"b1a0cd55"
"orgrf","grf","or075","OR 0.75 n500","Hc","naive","halfwidth_or",,0.22867814,,,,999,"b1a0cd55"
"orgrf","grf","or075","OR 0.75 n500","Hc","naive","margin1_or",,0.22241288,,,,999,"b1a0cd55"
"orgrf","grf","or075","OR 0.75 n500","Hc","oracle","n_nonconvergent_fits",,0,,,,999,"b1a0cd55"
"orgrf","grf","or075","OR 0.75 n500","Hc","oracle","bias_or",,0.0152955,0.00413823,,,999,"b1a0cd55"
"orgrf","grf","or075","OR 0.75 n500","Hc","oracle","bias_log",,0.0041550339,0.00617475,,,999,"b1a0cd55"
"orgrf","grf","or075","OR 0.75 n500","Hc","oracle","bias_sd_units",,0.021289841,0.0316386,,,999,"b1a0cd55"
"orgrf","grf","or075","OR 0.75 n500","Hc","oracle","sd_emp_or",,0.1307968,0.00292763,,,999,"b1a0cd55"
"orgrf","grf","or075","OR 0.75 n500","Hc","oracle","sd_emp_log",,0.1951651,0.00436839,,,999,"b1a0cd55"
"orgrf","grf","or075","OR 0.75 n500","Hc","oracle","se_mean",,0.20169654,0.000108315,,,999,"b1a0cd55"
"orgrf","grf","or075","OR 0.75 n500","Hc","oracle","se_over_sd",,1.0334663,0.0231388,,,999,"b1a0cd55"
"orgrf","grf","or075","OR 0.75 n500","Hc","oracle","cov1_upper",,0.95795796,0.0063494,0.94366,0.968748,999,"b1a0cd55"
"orgrf","grf","or075","OR 0.75 n500","Hc","oracle","cov2",,0.95795796,0.0063494,0.94366,0.968748,999,"b1a0cd55"
"orgrf","grf","or075","OR 0.75 n500","Hc","oracle","halfwidth_or",,0.27215985,,,,999,"b1a0cd55"
"orgrf","grf","or075","OR 0.75 n500","Hc","oracle","margin1_or",,0.26389371,,,,999,"b1a0cd55"
"orgrf","grf","or075","OR 0.75 n500","Hc","mr","n_nonconvergent_fits",,0,,,,999,"b1a0cd55"
"orgrf","grf","or075","OR 0.75 n500","Hc","mr","bias_or",,-0.032448131,0.00388021,,,999,"b1a0cd55"
"orgrf","grf","or075","OR 0.75 n500","Hc","mr","bias_log",,-0.068489396,0.00617277,,,999,"b1a0cd55"
"orgrf","grf","or075","OR 0.75 n500","Hc","mr","bias_sd_units",,-0.35146805,0.0316769,,,999,"b1a0cd55"
"orgrf","grf","or075","OR 0.75 n500","Hc","mr","sd_emp_or",,0.12249483,0.00274181,,,999,"b1a0cd55"
"orgrf","grf","or075","OR 0.75 n500","Hc","mr","sd_emp_log",,0.19486663,0.00436171,,,999,"b1a0cd55"
"orgrf","grf","or075","OR 0.75 n500","Hc","mr","se_mean",,0.38225206,0.000345905,,,999,"b1a0cd55"
"orgrf","grf","or075","OR 0.75 n500","Hc","mr","se_over_sd",,1.9616085,0.0439427,,,999,"b1a0cd55"
"orgrf","grf","or075","OR 0.75 n500","Hc","mr","cov1_upper",,0.99499499,0.0022327,0.988337,0.99786,999,"b1a0cd55"
"orgrf","grf","or075","OR 0.75 n500","Hc","mr","cov2",,1,0,0.996169,1,999,"b1a0cd55"
"orgrf","grf","or075","OR 0.75 n500","Hc","mr","halfwidth_or",,0.52083083,,,,999,"b1a0cd55"
"orgrf","grf","or075","OR 0.75 n500","Hc","mr","margin1_or",,0.55497637,,,,999,"b1a0cd55"
"orgrf","grf","or075","OR 0.75 n500","Hc","fld","n_nonconvergent_fits",,0,,,,999,"b1a0cd55"
"orgrf","grf","or075","OR 0.75 n500","Hc","fld","bias_or",,-0.011144492,0.00402077,,,999,"b1a0cd55"
"orgrf","grf","or075","OR 0.75 n500","Hc","fld","bias_log",,-0.03561633,0.00619164,,,999,"b1a0cd55"
"orgrf","grf","or075","OR 0.75 n500","Hc","fld","bias_sd_units",,-0.18220414,0.0316749,,,999,"b1a0cd55"
"orgrf","grf","or075","OR 0.75 n500","Hc","fld","sd_emp_or",,0.12695685,0.00284168,,,999,"b1a0cd55"
"orgrf","grf","or075","OR 0.75 n500","Hc","fld","sd_emp_log",,0.19547486,0.00437533,,,999,"b1a0cd55"
"orgrf","grf","or075","OR 0.75 n500","Hc","fld","se_mean",,0.20254065,0.000171502,,,999,"b1a0cd55"
"orgrf","grf","or075","OR 0.75 n500","Hc","fld","se_over_sd",,1.0361468,0.0232087,,,999,"b1a0cd55"
"orgrf","grf","or075","OR 0.75 n500","Hc","fld","cov1_upper",,0.93093093,0.00802265,0.9135,0.945061,999,"b1a0cd55"
"orgrf","grf","or075","OR 0.75 n500","Hc","fld","cov2",,0.95295295,0.00669914,0.937999,0.964437,999,"b1a0cd55"
"orgrf","grf","or075","OR 0.75 n500","Hc","fld","halfwidth_or",,0.26613018,,,,999,"b1a0cd55"
"orgrf","grf","or075","OR 0.75 n500","Hc","fld","margin1_or",,0.28021338,,,,999,"b1a0cd55"
"orgrf","grf","or075","OR 0.75 n500","Hc","fld_s","n_nonconvergent_fits",,0,,,,999,"b1a0cd55"
"orgrf","grf","or075","OR 0.75 n500","Hc","fld_s","bias_or",,-0.011397637,0.00401344,,,999,"b1a0cd55"
"orgrf","grf","or075","OR 0.75 n500","Hc","fld_s","bias_log",,-0.03594124,0.00618111,,,999,"b1a0cd55"
"orgrf","grf","or075","OR 0.75 n500","Hc","fld_s","bias_sd_units",,-0.1841839,0.0316756,,,999,"b1a0cd55"
"orgrf","grf","or075","OR 0.75 n500","Hc","fld_s","sd_emp_or",,0.12672226,0.00283643,,,999,"b1a0cd55"
"orgrf","grf","or075","OR 0.75 n500","Hc","fld_s","sd_emp_log",,0.19513779,0.00436778,,,999,"b1a0cd55"
"orgrf","grf","or075","OR 0.75 n500","Hc","fld_s","se_mean",,0.20477438,0.00030625,,,999,"b1a0cd55"
"orgrf","grf","or075","OR 0.75 n500","Hc","fld_s","se_over_sd",,1.0493835,0.0235408,,,999,"b1a0cd55"
"orgrf","grf","or075","OR 0.75 n500","Hc","fld_s","cov1_upper",,0.93393393,0.00785895,0.916808,0.947735,999,"b1a0cd55"
"orgrf","grf","or075","OR 0.75 n500","Hc","fld_s","cov2",,0.95695696,0.00642118,0.942524,0.967889,999,"b1a0cd55"
"orgrf","grf","or075","OR 0.75 n500","Hc","fld_s","halfwidth_or",,0.26803964,,,,999,"b1a0cd55"
"orgrf","grf","or075","OR 0.75 n500","Hc","fld_s","margin1_or",,0.2818986,,,,999,"b1a0cd55"
"orgrf","grf","or075","OR 0.75 n500","Hc","fld_s","share_upper_le_tau",0.7,0.091091091,0.00910365,0.0747801,0.110535,999,"b1a0cd55"
"orgrf","grf","or075","OR 0.75 n500","Hc","fld_s","share_upper_le_tau",0.8,0.26026026,0.0138823,0.234006,0.288351,999,"b1a0cd55"
"orgrf","grf","or075","OR 0.75 n500","Hc","fld_s","share_upper_le_tau",0.9,0.47647648,0.0158018,0.445655,0.507478,999,"b1a0cd55"
"orgrf","grf","or075","OR 0.75 n500","Hc","fld_s","share_upper_le_tau",1,0.70770771,0.0143897,0.678752,0.735073,999,"b1a0cd55"
"orgrf","grf","or075","OR 0.75 n500","Hc","fld_s","share_upper_le_tau",1.25,0.96696697,0.00565454,0.953973,0.976383,999,"b1a0cd55"
"orgrf","grf","or075","OR 0.75 n500","Hc","fld_s","share_upper_le_tau",1.5,0.996997,0.00173118,0.991208,0.998978,999,"b1a0cd55"
"orgrf","grf","or075","OR 0.75 n500","Hc","fld_s","share_upper_le_tau",2,1,0,0.996169,1,999,"b1a0cd55"
"orgrf","grf","or075","OR 0.75 n500","Hc","fld_s","bound_mean",,0.91714075,0.00545644,,,999,"b1a0cd55"
"orgrf","grf","or075","OR 0.75 n500","Hc","fld_s","bound_q05",,0.65094396,,,,999,"b1a0cd55"
"orgrf","grf","or075","OR 0.75 n500","Hc","fld_s","bound_q25",,0.79717538,,,,999,"b1a0cd55"
"orgrf","grf","or075","OR 0.75 n500","Hc","fld_s","bound_q50",,0.91070941,,,,999,"b1a0cd55"
"orgrf","grf","or075","OR 0.75 n500","Hc","fld_s","bound_q75",,1.0230009,,,,999,"b1a0cd55"
"orgrf","grf","or075","OR 0.75 n500","Hc","fld_s","bound_q95",,1.2186312,,,,999,"b1a0cd55"
"orgrf","grf","or075","OR 0.75 n500","Hc","oracle","share_upper_le_tau",0.7,0.079079079,0.00853806,0.0639116,0.0974713,999,"b1a0cd55"
"orgrf","grf","or075","OR 0.75 n500","Hc","oracle","share_upper_le_tau",0.8,0.23523524,0.0134194,0.209979,0.26252,999,"b1a0cd55"
"orgrf","grf","or075","OR 0.75 n500","Hc","oracle","share_upper_le_tau",0.9,0.46446446,0.0157793,0.433733,0.495468,999,"b1a0cd55"
"orgrf","grf","or075","OR 0.75 n500","Hc","oracle","share_upper_le_tau",1,0.66866867,0.014892,0.638884,0.697162,999,"b1a0cd55"
"orgrf","grf","or075","OR 0.75 n500","Hc","oracle","share_upper_le_tau",1.25,0.94294294,0.00733862,0.92679,0.955702,999,"b1a0cd55"
"orgrf","grf","or075","OR 0.75 n500","Hc","oracle","share_upper_le_tau",1.5,0.995996,0.00199799,0.98975,0.998442,999,"b1a0cd55"
"orgrf","grf","or075","OR 0.75 n500","Hc","oracle","share_upper_le_tau",2,1,0,0.996169,1,999,"b1a0cd55"
"orgrf","grf","or075","OR 0.75 n500","Hc","oracle","bound_mean",,0.93559696,0.00570789,,,999,"b1a0cd55"
"orgrf","grf","or075","OR 0.75 n500","Hc","oracle","bound_q05",,0.66932457,,,,999,"b1a0cd55"
"orgrf","grf","or075","OR 0.75 n500","Hc","oracle","bound_q25",,0.80552018,,,,999,"b1a0cd55"
"orgrf","grf","or075","OR 0.75 n500","Hc","oracle","bound_q50",,0.91558972,,,,999,"b1a0cd55"
"orgrf","grf","or075","OR 0.75 n500","Hc","oracle","bound_q75",,1.0483186,,,,999,"b1a0cd55"
"orgrf","grf","or075","OR 0.75 n500","Hc","oracle","bound_q95",,1.2643968,,,,999,"b1a0cd55"
"orgrf","grf","or075","OR 0.75 n500","Hc","fld","share_upper_le_tau",0.7,0.096096096,0.00932462,0.0793369,0.11595,999,"b1a0cd55"
"orgrf","grf","or075","OR 0.75 n500","Hc","fld","share_upper_le_tau",0.8,0.26526527,0.0139676,0.238826,0.293503,999,"b1a0cd55"
"orgrf","grf","or075","OR 0.75 n500","Hc","fld","share_upper_le_tau",0.9,0.48448448,0.0158117,0.453613,0.515475,999,"b1a0cd55"
"orgrf","grf","or075","OR 0.75 n500","Hc","fld","share_upper_le_tau",1,0.71371371,0.0143014,0.684907,0.740884,999,"b1a0cd55"
"orgrf","grf","or075","OR 0.75 n500","Hc","fld","share_upper_le_tau",1.25,0.96396396,0.0058968,0.950515,0.973858,999,"b1a0cd55"
"orgrf","grf","or075","OR 0.75 n500","Hc","fld","share_upper_le_tau",1.5,0.996997,0.00173118,0.991208,0.998978,999,"b1a0cd55"
"orgrf","grf","or075","OR 0.75 n500","Hc","fld","share_upper_le_tau",2,1,0,0.996169,1,999,"b1a0cd55"
"orgrf","grf","or075","OR 0.75 n500","Hc","fld","bound_mean",,0.91545554,0.00555913,,,999,"b1a0cd55"
"orgrf","grf","or075","OR 0.75 n500","Hc","fld","bound_q05",,0.65137297,,,,999,"b1a0cd55"
"orgrf","grf","or075","OR 0.75 n500","Hc","fld","bound_q25",,0.7913612,,,,999,"b1a0cd55"
"orgrf","grf","or075","OR 0.75 n500","Hc","fld","bound_q50",,0.90683722,,,,999,"b1a0cd55"
"orgrf","grf","or075","OR 0.75 n500","Hc","fld","bound_q75",,1.0250156,,,,999,"b1a0cd55"
"orgrf","grf","or075","OR 0.75 n500","Hc","fld","bound_q95",,1.214978,,,,999,"b1a0cd55"
"orgrf","grf","or075","OR 0.75 n500","Hc","mr","share_upper_le_tau",0.7,0.007007007,0.0026391,0.00339827,0.0143926,999,"b1a0cd55"
"orgrf","grf","or075","OR 0.75 n500","Hc","mr","share_upper_le_tau",0.8,0.033033033,0.00565454,0.0236166,0.0460269,999,"b1a0cd55"
"orgrf","grf","or075","OR 0.75 n500","Hc","mr","share_upper_le_tau",0.9,0.084084084,0.00878015,0.0684278,0.102927,999,"b1a0cd55"
"orgrf","grf","or075","OR 0.75 n500","Hc","mr","share_upper_le_tau",1,0.1981982,0.0126125,0.174655,0.224054,999,"b1a0cd55"
"orgrf","grf","or075","OR 0.75 n500","Hc","mr","share_upper_le_tau",1.25,0.62962963,0.0152784,0.599241,0.659025,999,"b1a0cd55"
"orgrf","grf","or075","OR 0.75 n500","Hc","mr","share_upper_le_tau",1.5,0.91291291,0.0089209,0.893809,0.928854,999,"b1a0cd55"
"orgrf","grf","or075","OR 0.75 n500","Hc","mr","share_upper_le_tau",2,0.998999,0.0010005,0.994352,0.999823,999,"b1a0cd55"
"orgrf","grf","or075","OR 0.75 n500","Hc","mr","bound_mean",,1.1902185,0.00709262,,,999,"b1a0cd55"
"orgrf","grf","or075","OR 0.75 n500","Hc","mr","bound_q05",,0.84520133,,,,999,"b1a0cd55"
"orgrf","grf","or075","OR 0.75 n500","Hc","mr","bound_q25",,1.0357285,,,,999,"b1a0cd55"
"orgrf","grf","or075","OR 0.75 n500","Hc","mr","bound_q50",,1.183879,,,,999,"b1a0cd55"
"orgrf","grf","or075","OR 0.75 n500","Hc","mr","bound_q75",,1.332469,,,,999,"b1a0cd55"
"orgrf","grf","or075","OR 0.75 n500","Hc","mr","bound_q95",,1.5587959,,,,999,"b1a0cd55"
"orgrf","grf","or075","OR 0.75 n500","Hc","naive","share_upper_le_tau",0.7,0.32332332,0.0147988,0.295043,0.352958,999,"b1a0cd55"
"orgrf","grf","or075","OR 0.75 n500","Hc","naive","share_upper_le_tau",0.8,0.58858859,0.015569,0.557791,0.618707,999,"b1a0cd55"
"orgrf","grf","or075","OR 0.75 n500","Hc","naive","share_upper_le_tau",0.9,0.81681682,0.0122383,0.791632,0.839575,999,"b1a0cd55"
"orgrf","grf","or075","OR 0.75 n500","Hc","naive","share_upper_le_tau",1,0.93393393,0.00785895,0.916808,0.947735,999,"b1a0cd55"
"orgrf","grf","or075","OR 0.75 n500","Hc","naive","share_upper_le_tau",1.25,0.996997,0.00173118,0.991208,0.998978,999,"b1a0cd55"
"orgrf","grf","or075","OR 0.75 n500","Hc","naive","share_upper_le_tau",1.5,0.998999,0.0010005,0.994352,0.999823,999,"b1a0cd55"
"orgrf","grf","or075","OR 0.75 n500","Hc","naive","share_upper_le_tau",2,1,0,0.996169,1,999,"b1a0cd55"
"orgrf","grf","or075","OR 0.75 n500","Hc","naive","bound_mean",,0.77312677,0.00465173,,,999,"b1a0cd55"
"orgrf","grf","or075","OR 0.75 n500","Hc","naive","bound_q05",,0.54740076,,,,999,"b1a0cd55"
"orgrf","grf","or075","OR 0.75 n500","Hc","naive","bound_q25",,0.66960817,,,,999,"b1a0cd55"
"orgrf","grf","or075","OR 0.75 n500","Hc","naive","bound_q50",,0.76887379,,,,999,"b1a0cd55"
"orgrf","grf","or075","OR 0.75 n500","Hc","naive","bound_q75",,0.86429878,,,,999,"b1a0cd55"
"orgrf","grf","or075","OR 0.75 n500","Hc","naive","bound_q95",,1.0217091,,,,999,"b1a0cd55"
"orgrf","grf","or075","OR 0.75 n500","joint","bonf_s","joint_coverage",,0.93593594,0.00774725,0.919019,0.949513,999,"b1a0cd55"
"orgrf","grf","or075","OR 0.75 n500","joint","bonf_s","share_both_bounds",,1,0,0.996169,1,999,"b1a0cd55"
"orgrf","grf","or075","OR 0.75 n500","joint","bonf_s","cov_H",,0.96896897,0.00548618,0.956291,0.978054,999,"b1a0cd55"
"orgrf","grf","or075","OR 0.75 n500","joint","bonf_s","cov_Hc",,0.96696697,0.00565454,0.953973,0.976383,999,"b1a0cd55"
"orgrf","grf","or075","OR 0.75 n500","joint","bonf_s","margin_H_or",,0.68450678,0.0122102,,,999,"b1a0cd55"
"orgrf","grf","or075","OR 0.75 n500","joint","bonf_s","margin_Hc_or",,0.34166916,0.00202406,,,999,"b1a0cd55"
"orgrf","grf","or075","OR 0.75 n500","joint","bonf","joint_coverage",,0.93293293,0.00791402,0.915705,0.946845,999,"b1a0cd55"
"orgrf","grf","or075","OR 0.75 n500","joint","bonf","share_both_bounds",,1,0,0.996169,1,999,"b1a0cd55"
"orgrf","grf","or075","OR 0.75 n500","joint","bonf","cov_H",,0.96896897,0.00548618,0.956291,0.978054,999,"b1a0cd55"
"orgrf","grf","or075","OR 0.75 n500","joint","bonf","cov_Hc",,0.96396396,0.0058968,0.950515,0.973858,999,"b1a0cd55"
"orgrf","grf","or075","OR 0.75 n500","joint","bonf","margin_H_or",,0.68450678,0.0122102,,,999,"b1a0cd55"
"orgrf","grf","or075","OR 0.75 n500","joint","bonf","margin_Hc_or",,0.34025942,0.00210264,,,999,"b1a0cd55"
"orgrf","grf","or075","OR 0.75 n500","joint","separate_s","joint_coverage",,0.86586587,0.0107823,0.843325,0.885603,999,"b1a0cd55"
"orgrf","grf","or075","OR 0.75 n500","joint","separate_s","share_both_bounds",,1,0,0.996169,1,999,"b1a0cd55"
"orgrf","grf","or075","OR 0.75 n500","joint","separate_s","cov_H",,0.93093093,0.00802265,0.9135,0.945061,999,"b1a0cd55"
"orgrf","grf","or075","OR 0.75 n500","joint","separate_s","cov_Hc",,0.93393393,0.00785895,0.916808,0.947735,999,"b1a0cd55"
"orgrf","grf","or075","OR 0.75 n500","joint","separate_s","margin_H_or",,0.62166166,0.0111122,,,999,"b1a0cd55"
"orgrf","grf","or075","OR 0.75 n500","joint","separate_s","margin_Hc_or",,0.2818986,0.00168077,,,999,"b1a0cd55"
"orgrf","grf","or075","OR 0.75 n500","joint","calibrated","gamma_mean_s",,0.025142142,1.14984e-05,,,999,"b1a0cd55"
"orgrf","grf","or075","OR 0.75 n500","joint","calibrated","corr_s",,0.10719639,0.00177114,,,999,"b1a0cd55"
"orgrf","grf","or075","OR 0.75 n500","joint","calibrated","gamma_mean",,0.025117117,1.04702e-05,,,999,"b1a0cd55"
"orgrf","grf","or075","OR 0.75 n500","joint","calibrated","corr",,0.11370773,0.00181458,,,999,"b1a0cd55"
"orgrf","grf","or075","OR 0.75 n500","H","all","mean_size_hhat",,91.102102,0.870186,,,999,"b1a0cd55"
"orgrf","grf","or075","OR 0.75 n500","H","all","mean_true_positives",,14.734735,0.476945,,,999,"b1a0cd55"
"orgrf","grf","or075","OR 0.75 n500","H","all","sensitivity_mean",,0.19798892,0.00631062,,,999,"b1a0cd55"
"orgrf","grf","or075","OR 0.75 n500","H","all","ppv_mean",,0.16044117,0.00494667,,,999,"b1a0cd55"
"orgrf","grf","or075","OR 0.75 n500","H","all","spec_mean",,0.82066808,0.00198587,,,999,"b1a0cd55"
"orgrf","grf","or075","OR 0.75 n500","H","all","mean_n_family",,1093.3884,1.41979,,,999,"b1a0cd55"
"orgrf","grf","or075","OR 0.75 n500","H","all","mean_admitted_n",,198.61762,5.05825,,,999,"b1a0cd55"
"orgrf","grf","or075","OR 0.75 n500","H","all","mean_proposed_n",,,,,,0,"b1a0cd55"
"orgrf","grf","or075","OR 0.75 n500","H","all","mean_n_cons_qual",,,,,,0,"b1a0cd55"
"orgrf","grf","or075","OR 0.75 n500","H","all","mean_band_n",,,,,,0,"b1a0cd55"
"orgrf","grf","or075","OR 0.75 n500","H","all","mean_n_true",,74.255255,0.243095,,,999,"b1a0cd55"
"orgrf","grf","or075","OR 0.75 n500","H","all","p_hat_mean",,0.14668248,0.00369051,,,999,"b1a0cd55"
"orgrf","grf","or075","OR 0.75 n500","H","all","p_hat_share_lt_05",,0.98598599,0.00371907,0.976615,0.991634,999,"b1a0cd55"
"orgrf","grf","or075","OR 0.75 n500","Hc","mr","sd_btc_over_naive_se",,0.9413927,,,,999,"b1a0cd55"
"orgrf","grf","or075","OR 0.75 n500","Hc","fld","lamsd_over_naive_se",,0.97846557,,,,999,"b1a0cd55"
"orgrf","grf","or075","OR 0.75 n500","Hc","fld_s","lamsd_over_naive_se",,0.98925662,,,,999,"b1a0cd55"
"orgrf","grf","or075","OR 0.75 n500","all","all","secs_fit_mr_mean",,16.84876,0.0519877,,,1000,"b1a0cd55"
"orgrf","grf","or075","OR 0.75 n500","all","all","secs_id_mean",,2.102219,0.00425083,,,1000,"b1a0cd55"
"orgrf","grf","or075","OR 0.75 n500","all","all","secs_field_mean",,12.424761,0.0470924,,,999,"b1a0cd55"
"orgrf","grf","or075","OR 0.75 n500","all","all","secs_complement_mean",,0.41447548,0.00168653,,,999,"b1a0cd55"
"orgrf","grf","or075","OR 0.75 n500","H","naive","display_b",,3.0536967,,,,999,"b1a0cd55"
"orgrf","grf","or075","OR 0.75 n500","H","naive","display_r",,1.3206205,,,,999,"b1a0cd55"
"orgrf","grf","or075","OR 0.75 n500","H","naive","display_cov1",,0.11811812,,,,999,"b1a0cd55"
"orgrf","grf","or075","OR 0.75 n500","H","naive","display_cov1_ref",,0.18903194,,,,999,"b1a0cd55"
"orgrf","grf","or075","OR 0.75 n500","H","naive","display_cov2",,0.27227227,,,,999,"b1a0cd55"
"orgrf","grf","or075","OR 0.75 n500","H","naive","display_cov2_ref",,0.32084826,,,,999,"b1a0cd55"
"orgrf","grf","or075","OR 0.75 n500","H","mr","display_b",,0.69307841,,,,999,"b1a0cd55"
"orgrf","grf","or075","OR 0.75 n500","H","mr","display_r",,1.4421966,,,,999,"b1a0cd55"
"orgrf","grf","or075","OR 0.75 n500","H","mr","display_cov1",,0.96196196,,,,999,"b1a0cd55"
"orgrf","grf","or075","OR 0.75 n500","H","mr","display_cov1_ref",,0.95343605,,,,999,"b1a0cd55"
"orgrf","grf","or075","OR 0.75 n500","H","mr","display_cov2",,0.99199199,,,,999,"b1a0cd55"
"orgrf","grf","or075","OR 0.75 n500","H","mr","display_cov2_ref",,0.98334522,,,,999,"b1a0cd55"
"orgrf","grf","or075","OR 0.75 n500","H","fld","display_b",,0.30683672,,,,999,"b1a0cd55"
"orgrf","grf","or075","OR 0.75 n500","H","fld","display_r",,1.0592925,,,,999,"b1a0cd55"
"orgrf","grf","or075","OR 0.75 n500","H","fld","display_cov1",,0.93093093,,,,999,"b1a0cd55"
"orgrf","grf","or075","OR 0.75 n500","H","fld","display_cov1_ref",,0.92443397,,,,999,"b1a0cd55"
"orgrf","grf","or075","OR 0.75 n500","H","fld","display_cov2",,0.96196196,,,,999,"b1a0cd55"
"orgrf","grf","or075","OR 0.75 n500","H","fld","display_cov2_ref",,0.95299546,,,,999,"b1a0cd55"
"orgrf","grf","or075","OR 0.75 n500","Hc","naive","display_b",,-1.0674646,,,,999,"b1a0cd55"
"orgrf","grf","or075","OR 0.75 n500","Hc","naive","display_r",,1.0423789,,,,999,"b1a0cd55"
"orgrf","grf","or075","OR 0.75 n500","Hc","naive","display_cov1",,0.75575576,,,,999,"b1a0cd55"
"orgrf","grf","or075","OR 0.75 n500","Hc","naive","display_cov1_ref",,0.74121516,,,,999,"b1a0cd55"
"orgrf","grf","or075","OR 0.75 n500","Hc","naive","display_cov2",,0.84484484,,,,999,"b1a0cd55"
"orgrf","grf","or075","OR 0.75 n500","Hc","naive","display_cov2_ref",,0.83442498,,,,999,"b1a0cd55"
"orgrf","grf","or075","OR 0.75 n500","Hc","mr","display_b",,-0.35146805,,,,999,"b1a0cd55"
"orgrf","grf","or075","OR 0.75 n500","Hc","mr","display_r",,1.9616085,,,,999,"b1a0cd55"
"orgrf","grf","or075","OR 0.75 n500","Hc","mr","display_cov1",,0.99499499,,,,999,"b1a0cd55"
"orgrf","grf","or075","OR 0.75 n500","Hc","mr","display_cov1_ref",,0.99798044,,,,999,"b1a0cd55"
"orgrf","grf","or075","OR 0.75 n500","Hc","mr","display_cov2",,1,,,,999,"b1a0cd55"
"orgrf","grf","or075","OR 0.75 n500","Hc","mr","display_cov2_ref",,0.9997478,,,,999,"b1a0cd55"
"orgrf","grf","or075","OR 0.75 n500","Hc","fld","display_b",,-0.18220414,,,,999,"b1a0cd55"
"orgrf","grf","or075","OR 0.75 n500","Hc","fld","display_r",,1.0361468,,,,999,"b1a0cd55"
"orgrf","grf","or075","OR 0.75 n500","Hc","fld","display_cov1",,0.93093093,,,,999,"b1a0cd55"
"orgrf","grf","or075","OR 0.75 n500","Hc","fld","display_cov1_ref",,0.9360087,,,,999,"b1a0cd55"
"orgrf","grf","or075","OR 0.75 n500","Hc","fld","display_cov2",,0.95295295,,,,999,"b1a0cd55"
"orgrf","grf","or075","OR 0.75 n500","Hc","fld","display_cov2_ref",,0.95429434,,,,999,"b1a0cd55"
"orgrf","grf","or075","OR 0.75 n500","Hc","fld_s","display_b",,-0.1841839,,,,999,"b1a0cd55"
"orgrf","grf","or075","OR 0.75 n500","Hc","fld_s","display_r",,1.0493835,,,,999,"b1a0cd55"
"orgrf","grf","or075","OR 0.75 n500","Hc","fld_s","display_cov1",,0.93393393,,,,999,"b1a0cd55"
"orgrf","grf","or075","OR 0.75 n500","Hc","fld_s","display_cov1_ref",,0.93845085,,,,999,"b1a0cd55"
"orgrf","grf","or075","OR 0.75 n500","Hc","fld_s","display_cov2",,0.95695696,,,,999,"b1a0cd55"
"orgrf","grf","or075","OR 0.75 n500","Hc","fld_s","display_cov2_ref",,0.95692105,,,,999,"b1a0cd55"
"ordina","dina","or075","OR 0.75 n500","H","all","declaration_rate",,0.944,0.00727076,0.927977,0.956625,1000,"8ba12950"
"ordina","dina","or075","OR 0.75 n500","H","naive","n_nonconvergent_fits",,0,,,,944,"8ba12950"
"ordina","dina","or075","OR 0.75 n500","H","naive","bias_or",,1.7517983,0.0386428,,,944,"8ba12950"
"ordina","dina","or075","OR 0.75 n500","H","naive","bias_log",,1.1960452,0.0138294,,,944,"8ba12950"
"ordina","dina","or075","OR 0.75 n500","H","naive","bias_sd_units",,2.8232659,0.0326443,,,944,"8ba12950"
"ordina","dina","or075","OR 0.75 n500","H","naive","sd_emp_or",,1.187121,0.0273353,,,944,"8ba12950"
"ordina","dina","or075","OR 0.75 n500","H","naive","sd_emp_log",,0.42363889,0.00975495,,,944,"8ba12950"
"ordina","dina","or075","OR 0.75 n500","H","naive","se_mean",,0.50288059,0.00334594,,,944,"8ba12950"
"ordina","dina","or075","OR 0.75 n500","H","naive","se_over_sd",,1.1870501,0.0284519,,,944,"8ba12950"
"ordina","dina","or075","OR 0.75 n500","H","naive","cov1_lower",,0.13347458,0.0110689,0.113259,0.156662,944,"8ba12950"
"ordina","dina","or075","OR 0.75 n500","H","naive","cov2",,0.24364407,0.0139719,0.217334,0.272032,944,"8ba12950"
"ordina","dina","or075","OR 0.75 n500","H","naive","halfwidth_or",,3.1472293,,,,944,"8ba12950"
"ordina","dina","or075","OR 0.75 n500","H","naive","margin1_or",,1.3980132,,,,944,"8ba12950"
"ordina","dina","or075","OR 0.75 n500","H","naive","cov2_theta_dagger",,0.38347458,0.0158255,0.352989,0.414905,944,"8ba12950"
"ordina","dina","or075","OR 0.75 n500","H","naive","cov1_lower_theta_dagger",,0.22245763,0.0135363,0.197082,0.250083,944,"8ba12950"
"ordina","dina","or075","OR 0.75 n500","H","naive","cov2_theta_ddagger",,0.35911017,0.0156142,0.329135,0.390228,944,"8ba12950"
"ordina","dina","or075","OR 0.75 n500","H","naive","cov1_lower_theta_ddagger",,0.2065678,0.0131765,0.181957,0.233558,944,"8ba12950"
"ordina","dina","or075","OR 0.75 n500","H","oracle","n_nonconvergent_fits",,0,,,,944,"8ba12950"
"ordina","dina","or075","OR 0.75 n500","H","oracle","bias_or",,0.10922636,0.0141099,,,944,"8ba12950"
"ordina","dina","or075","OR 0.75 n500","H","oracle","bias_log",,0.0232275,0.0154217,,,944,"8ba12950"
"ordina","dina","or075","OR 0.75 n500","H","oracle","bias_sd_units",,0.049021384,0.0325472,,,944,"8ba12950"
"ordina","dina","or075","OR 0.75 n500","H","oracle","sd_emp_or",,0.43352097,0.0099825,,,944,"8ba12950"
"ordina","dina","or075","OR 0.75 n500","H","oracle","sd_emp_log",,0.47382384,0.0109105,,,944,"8ba12950"
"ordina","dina","or075","OR 0.75 n500","H","oracle","se_mean",,0.47747278,0.000895636,,,944,"8ba12950"
"ordina","dina","or075","OR 0.75 n500","H","oracle","se_over_sd",,1.0077011,0.0232808,,,944,"8ba12950"
"ordina","dina","or075","OR 0.75 n500","H","oracle","cov1_lower",,0.94279661,0.00755847,0.926109,0.955895,944,"8ba12950"
"ordina","dina","or075","OR 0.75 n500","H","oracle","cov2",,0.95127119,0.00700744,0.935614,0.96327,944,"8ba12950"
"ordina","dina","or075","OR 0.75 n500","H","oracle","halfwidth_or",,0.92472377,,,,944,"8ba12950"
"ordina","dina","or075","OR 0.75 n500","H","oracle","margin1_or",,0.46623433,,,,944,"8ba12950"
"ordina","dina","or075","OR 0.75 n500","H","mr","n_nonconvergent_fits",,0,,,,944,"8ba12950"
"ordina","dina","or075","OR 0.75 n500","H","mr","bias_or",,0.5425457,0.0203927,,,944,"8ba12950"
"ordina","dina","or075","OR 0.75 n500","H","mr","bias_log",,0.50354683,0.0134507,,,944,"8ba12950"
"ordina","dina","or075","OR 0.75 n500","H","mr","bias_sd_units",,1.2201569,0.0325928,,,944,"8ba12950"
"ordina","dina","or075","OR 0.75 n500","H","mr","sd_emp_or",,0.62671236,0.014431,,,944,"8ba12950"
"ordina","dina","or075","OR 0.75 n500","H","mr","sd_emp_log",,0.41269022,0.00950284,,,944,"8ba12950"
"ordina","dina","or075","OR 0.75 n500","H","mr","se_mean",,0.68378087,0.00369221,,,944,"8ba12950"
"ordina","dina","or075","OR 0.75 n500","H","mr","se_over_sd",,1.6568865,0.0391874,,,944,"8ba12950"
"ordina","dina","or075","OR 0.75 n500","H","mr","cov1_lower",,0.96504237,0.00597803,0.951314,0.975002,944,"8ba12950"
"ordina","dina","or075","OR 0.75 n500","H","mr","cov2",,0.98834746,0.00349284,0.979255,0.993481,944,"8ba12950"
"ordina","dina","or075","OR 0.75 n500","H","mr","halfwidth_or",,2.4241969,,,,944,"8ba12950"
"ordina","dina","or075","OR 0.75 n500","H","mr","margin1_or",,0.82913487,,,,944,"8ba12950"
"ordina","dina","or075","OR 0.75 n500","H","mr","cov2_theta_dagger",,0.99576271,0.00211415,0.989156,0.998351,944,"8ba12950"
"ordina","dina","or075","OR 0.75 n500","H","mr","cov1_lower_theta_dagger",,0.97881356,0.00468698,0.967502,0.986244,944,"8ba12950"
"ordina","dina","or075","OR 0.75 n500","H","mr","cov2_theta_ddagger",,0.99576271,0.00211415,0.989156,0.998351,944,"8ba12950"
"ordina","dina","or075","OR 0.75 n500","H","mr","cov1_lower_theta_ddagger",,0.97775424,0.00480012,0.966231,0.985405,944,"8ba12950"
"ordina","dina","or075","OR 0.75 n500","H","fld","n_nonconvergent_fits",,0,,,,944,"8ba12950"
"ordina","dina","or075","OR 0.75 n500","H","fld","bias_or",,0.38631464,0.0190229,,,944,"8ba12950"
"ordina","dina","or075","OR 0.75 n500","H","fld","bias_log",,0.35790042,0.0138776,,,944,"8ba12950"
"ordina","dina","or075","OR 0.75 n500","H","fld","bias_sd_units",,0.83975608,0.0325616,,,944,"8ba12950"
"ordina","dina","or075","OR 0.75 n500","H","fld","sd_emp_or",,0.58481514,0.0134663,,,944,"8ba12950"
"ordina","dina","or075","OR 0.75 n500","H","fld","sd_emp_log",,0.42619569,0.00981382,,,944,"8ba12950"
"ordina","dina","or075","OR 0.75 n500","H","fld","se_mean",,0.47374677,0.00147976,,,944,"8ba12950"
"ordina","dina","or075","OR 0.75 n500","H","fld","se_over_sd",,1.111571,0.0258301,,,944,"8ba12950"
"ordina","dina","or075","OR 0.75 n500","H","fld","cov1_lower",,0.86970339,0.0109564,0.846722,0.889688,944,"8ba12950"
"ordina","dina","or075","OR 0.75 n500","H","fld","cov2",,0.93220339,0.00818226,0.914352,0.946552,944,"8ba12950"
"ordina","dina","or075","OR 0.75 n500","H","fld","halfwidth_or",,1.0837425,,,,944,"8ba12950"
"ordina","dina","or075","OR 0.75 n500","H","fld","margin1_or",,0.75285994,,,,944,"8ba12950"
"ordina","dina","or075","OR 0.75 n500","H","fld","cov2_theta_dagger",,0.96292373,0.00614976,0.948873,0.973222,944,"8ba12950"
"ordina","dina","or075","OR 0.75 n500","H","fld","cov1_lower_theta_dagger",,0.92266949,0.00869386,0.903865,0.938048,944,"8ba12950"
"ordina","dina","or075","OR 0.75 n500","H","fld","cov2_theta_ddagger",,0.95550847,0.00671073,0.940407,0.966918,944,"8ba12950"
"ordina","dina","or075","OR 0.75 n500","H","fld","cov1_lower_theta_ddagger",,0.91207627,0.00921685,0.892301,0.928511,944,"8ba12950"
"ordina","dina","or075","OR 0.75 n500","H","fld","share_lower_ge_tau",0.7,0.1059322,0.0100164,0.0878723,0.127186,944,"8ba12950"
"ordina","dina","or075","OR 0.75 n500","H","fld","share_lower_ge_tau",0.8,0.058262712,0.00762385,0.0450338,0.0750722,944,"8ba12950"
"ordina","dina","or075","OR 0.75 n500","H","fld","share_lower_ge_tau",0.9,0.034957627,0.00597803,0.0249985,0.0486863,944,"8ba12950"
"ordina","dina","or075","OR 0.75 n500","H","fld","share_lower_ge_tau",1,0.016949153,0.00420123,0.0104594,0.0273544,944,"8ba12950"
"ordina","dina","or075","OR 0.75 n500","H","fld","share_lower_ge_tau",1.25,0.0084745763,0.00298349,0.00430034,0.016633,944,"8ba12950"
"ordina","dina","or075","OR 0.75 n500","H","fld","share_lower_ge_tau",1.5,0.0031779661,0.00183188,0.00108137,0.00930165,944,"8ba12950"
"ordina","dina","or075","OR 0.75 n500","H","fld","share_lower_ge_tau",2,0.001059322,0.00105876,0.000187021,0.00597589,944,"8ba12950"
"ordina","dina","or075","OR 0.75 n500","H","fld","bound_mean",,0.45453619,0.00673167,,,944,"8ba12950"
"ordina","dina","or075","OR 0.75 n500","H","fld","bound_q05",,0.23437971,,,,944,"8ba12950"
"ordina","dina","or075","OR 0.75 n500","H","fld","bound_q25",,0.3199739,,,,944,"8ba12950"
"ordina","dina","or075","OR 0.75 n500","H","fld","bound_q50",,0.40858989,,,,944,"8ba12950"
"ordina","dina","or075","OR 0.75 n500","H","fld","bound_q75",,0.52980729,,,,944,"8ba12950"
"ordina","dina","or075","OR 0.75 n500","H","fld","bound_q95",,0.83331108,,,,944,"8ba12950"
"ordina","dina","or075","OR 0.75 n500","H","oracle","share_lower_ge_tau",0.7,0.076271186,0.00863906,0.0610036,0.0949734,944,"8ba12950"
"ordina","dina","or075","OR 0.75 n500","H","oracle","share_lower_ge_tau",0.8,0.041313559,0.00647737,0.0303672,0.0559779,944,"8ba12950"
"ordina","dina","or075","OR 0.75 n500","H","oracle","share_lower_ge_tau",0.9,0.025423729,0.0051232,0.0171433,0.037551,944,"8ba12950"
"ordina","dina","or075","OR 0.75 n500","H","oracle","share_lower_ge_tau",1,0.016949153,0.00420123,0.0104594,0.0273544,944,"8ba12950"
"ordina","dina","or075","OR 0.75 n500","H","oracle","share_lower_ge_tau",1.25,0.0031779661,0.00183188,0.00108137,0.00930165,944,"8ba12950"
"ordina","dina","or075","OR 0.75 n500","H","oracle","share_lower_ge_tau",1.5,0,0,-4.33681e-19,0.00405285,944,"8ba12950"
"ordina","dina","or075","OR 0.75 n500","H","oracle","share_lower_ge_tau",2,0,0,-4.33681e-19,0.00405285,944,"8ba12950"
"ordina","dina","or075","OR 0.75 n500","H","oracle","bound_mean",,0.39299202,0.00645797,,,944,"8ba12950"
"ordina","dina","or075","OR 0.75 n500","H","oracle","bound_q05",,0.15773833,,,,944,"8ba12950"
"ordina","dina","or075","OR 0.75 n500","H","oracle","bound_q25",,0.24950335,,,,944,"8ba12950"
"ordina","dina","or075","OR 0.75 n500","H","oracle","bound_q50",,0.35088101,,,,944,"8ba12950"
"ordina","dina","or075","OR 0.75 n500","H","oracle","bound_q75",,0.48179025,,,,944,"8ba12950"
"ordina","dina","or075","OR 0.75 n500","H","oracle","bound_q95",,0.76717576,,,,944,"8ba12950"
"ordina","dina","or075","OR 0.75 n500","H","mr","share_lower_ge_tau",0.7,0.030720339,0.00561632,0.0214734,0.0437711,944,"8ba12950"
"ordina","dina","or075","OR 0.75 n500","H","mr","share_lower_ge_tau",0.8,0.014830508,0.00393412,0.00885448,0.0247392,944,"8ba12950"
"ordina","dina","or075","OR 0.75 n500","H","mr","share_lower_ge_tau",0.9,0.0063559322,0.00258654,0.00291614,0.0137971,944,"8ba12950"
"ordina","dina","or075","OR 0.75 n500","H","mr","share_lower_ge_tau",1,0.0042372881,0.00211415,0.001649,0.0108441,944,"8ba12950"
"ordina","dina","or075","OR 0.75 n500","H","mr","share_lower_ge_tau",1.25,0.001059322,0.00105876,0.000187021,0.00597589,944,"8ba12950"
"ordina","dina","or075","OR 0.75 n500","H","mr","share_lower_ge_tau",1.5,0,0,-4.33681e-19,0.00405285,944,"8ba12950"
"ordina","dina","or075","OR 0.75 n500","H","mr","share_lower_ge_tau",2,0,0,-4.33681e-19,0.00405285,944,"8ba12950"
"ordina","dina","or075","OR 0.75 n500","H","mr","bound_mean",,0.37826127,0.00449364,,,944,"8ba12950"
"ordina","dina","or075","OR 0.75 n500","H","mr","bound_q05",,0.21946309,,,,944,"8ba12950"
"ordina","dina","or075","OR 0.75 n500","H","mr","bound_q25",,0.28305547,,,,944,"8ba12950"
"ordina","dina","or075","OR 0.75 n500","H","mr","bound_q50",,0.34847036,,,,944,"8ba12950"
"ordina","dina","or075","OR 0.75 n500","H","mr","bound_q75",,0.44563408,,,,944,"8ba12950"
"ordina","dina","or075","OR 0.75 n500","H","mr","bound_q95",,0.63262767,,,,944,"8ba12950"
"ordina","dina","or075","OR 0.75 n500","H","naive","share_lower_ge_tau",0.7,0.83262712,0.0121502,0.807475,0.855083,944,"8ba12950"
"ordina","dina","or075","OR 0.75 n500","H","naive","share_lower_ge_tau",0.8,0.71504237,0.0146916,0.685421,0.742921,944,"8ba12950"
"ordina","dina","or075","OR 0.75 n500","H","naive","share_lower_ge_tau",0.9,0.59004237,0.0160076,0.558365,0.62099,944,"8ba12950"
"ordina","dina","or075","OR 0.75 n500","H","naive","share_lower_ge_tau",1,0.45127119,0.0161961,0.419789,0.483149,944,"8ba12950"
"ordina","dina","or075","OR 0.75 n500","H","naive","share_lower_ge_tau",1.25,0.21927966,0.0134667,0.194052,0.246783,944,"8ba12950"
"ordina","dina","or075","OR 0.75 n500","H","naive","share_lower_ge_tau",1.5,0.095338983,0.00955855,0.0782108,0.115747,944,"8ba12950"
"ordina","dina","or075","OR 0.75 n500","H","naive","share_lower_ge_tau",2,0.019067797,0.00445127,0.0120948,0.0299391,944,"8ba12950"
"ordina","dina","or075","OR 0.75 n500","H","naive","bound_mean",,1.0186355,0.0116847,,,944,"8ba12950"
"ordina","dina","or075","OR 0.75 n500","H","naive","bound_q05",,0.52660984,,,,944,"8ba12950"
"ordina","dina","or075","OR 0.75 n500","H","naive","bound_q25",,0.77571625,,,,944,"8ba12950"
"ordina","dina","or075","OR 0.75 n500","H","naive","bound_q50",,0.95819508,,,,944,"8ba12950"
"ordina","dina","or075","OR 0.75 n500","H","naive","bound_q75",,1.1961585,,,,944,"8ba12950"
"ordina","dina","or075","OR 0.75 n500","H","naive","bound_q95",,1.6354671,,,,944,"8ba12950"
"ordina","dina","or075","OR 0.75 n500","Hc","naive","n_nonconvergent_fits",,0,,,,944,"8ba12950"
"ordina","dina","or075","OR 0.75 n500","Hc","naive","bias_or",,-0.10937879,0.00332815,,,944,"8ba12950"
"ordina","dina","or075","OR 0.75 n500","Hc","naive","bias_log",,-0.19570289,0.00597455,,,944,"8ba12950"
"ordina","dina","or075","OR 0.75 n500","Hc","naive","bias_sd_units",,-1.065819,0.032538,,,944,"8ba12950"
"ordina","dina","or075","OR 0.75 n500","Hc","naive","sd_emp_or",,0.10227028,0.00235493,,,944,"8ba12950"
"ordina","dina","or075","OR 0.75 n500","Hc","naive","sd_emp_log",,0.18361737,0.00422808,,,944,"8ba12950"
"ordina","dina","or075","OR 0.75 n500","Hc","naive","se_mean",,0.20585251,0.000270262,,,944,"8ba12950"
"ordina","dina","or075","OR 0.75 n500","Hc","naive","se_over_sd",,1.121095,0.0258569,,,944,"8ba12950"
"ordina","dina","or075","OR 0.75 n500","Hc","naive","cov1_upper",,0.79661017,0.0131009,0.769755,0.821061,944,"8ba12950"
"ordina","dina","or075","OR 0.75 n500","Hc","naive","cov2",,0.88559322,0.0103599,0.863706,0.904355,944,"8ba12950"
"ordina","dina","or075","OR 0.75 n500","Hc","naive","halfwidth_or",,0.23059697,,,,944,"8ba12950"
"ordina","dina","or075","OR 0.75 n500","Hc","naive","margin1_or",,0.2241448,,,,944,"8ba12950"
"ordina","dina","or075","OR 0.75 n500","Hc","oracle","n_nonconvergent_fits",,0,,,,944,"8ba12950"
"ordina","dina","or075","OR 0.75 n500","Hc","oracle","bias_or",,0.02323982,0.00419469,,,944,"8ba12950"
"ordina","dina","or075","OR 0.75 n500","Hc","oracle","bias_log",,0.016913429,0.00617832,,,944,"8ba12950"
"ordina","dina","or075","OR 0.75 n500","Hc","oracle","bias_sd_units",,0.089099557,0.0325472,,,944,"8ba12950"
"ordina","dina","or075","OR 0.75 n500","Hc","oracle","sd_emp_or",,0.12888024,0.00296767,,,944,"8ba12950"
"ordina","dina","or075","OR 0.75 n500","Hc","oracle","sd_emp_log",,0.18982619,0.00437105,,,944,"8ba12950"
"ordina","dina","or075","OR 0.75 n500","Hc","oracle","se_mean",,0.20161071,0.000110541,,,944,"8ba12950"
"ordina","dina","or075","OR 0.75 n500","Hc","oracle","se_over_sd",,1.0620806,0.024463,,,944,"8ba12950"
"ordina","dina","or075","OR 0.75 n500","Hc","oracle","cov1_upper",,0.96610169,0.00588999,0.952538,0.975887,944,"8ba12950"
"ordina","dina","or075","OR 0.75 n500","Hc","oracle","cov2",,0.96186441,0.00623356,0.947657,0.972328,944,"8ba12950"
"ordina","dina","or075","OR 0.75 n500","Hc","oracle","halfwidth_or",,0.27528213,,,,944,"8ba12950"
"ordina","dina","or075","OR 0.75 n500","Hc","oracle","margin1_or",,0.26691005,,,,944,"8ba12950"
"ordina","dina","or075","OR 0.75 n500","Hc","mr","n_nonconvergent_fits",,0,,,,944,"8ba12950"
"ordina","dina","or075","OR 0.75 n500","Hc","mr","bias_or",,-0.043388436,0.00398569,,,944,"8ba12950"
"ordina","dina","or075","OR 0.75 n500","Hc","mr","bias_log",,-0.086459726,0.00642516,,,944,"8ba12950"
"ordina","dina","or075","OR 0.75 n500","Hc","mr","bias_sd_units",,-0.43808429,0.0325558,,,944,"8ba12950"
"ordina","dina","or075","OR 0.75 n500","Hc","mr","sd_emp_or",,0.1224301,0.00281914,,,944,"8ba12950"
"ordina","dina","or075","OR 0.75 n500","Hc","mr","sd_emp_log",,0.19735865,0.00454449,,,944,"8ba12950"
"ordina","dina","or075","OR 0.75 n500","Hc","mr","se_mean",,0.38720662,0.000415594,,,944,"8ba12950"
"ordina","dina","or075","OR 0.75 n500","Hc","mr","se_over_sd",,1.961944,0.0452259,,,944,"8ba12950"
"ordina","dina","or075","OR 0.75 n500","Hc","mr","cov1_upper",,0.99894068,0.00105876,0.994024,0.999813,944,"8ba12950"
"ordina","dina","or075","OR 0.75 n500","Hc","mr","cov2",,1,0,0.995947,1,944,"8ba12950"
"ordina","dina","or075","OR 0.75 n500","Hc","mr","halfwidth_or",,0.51861294,,,,944,"8ba12950"
"ordina","dina","or075","OR 0.75 n500","Hc","mr","margin1_or",,0.55369017,,,,944,"8ba12950"
"ordina","dina","or075","OR 0.75 n500","Hc","fld","n_nonconvergent_fits",,0,,,,944,"8ba12950"
"ordina","dina","or075","OR 0.75 n500","Hc","fld","bias_or",,-0.027059785,0.00417068,,,944,"8ba12950"
"ordina","dina","or075","OR 0.75 n500","Hc","fld","bias_log",,-0.061427243,0.00656188,,,944,"8ba12950"
"ordina","dina","or075","OR 0.75 n500","Hc","fld","bias_sd_units",,-0.30480192,0.03256,,,944,"8ba12950"
"ordina","dina","or075","OR 0.75 n500","Hc","fld","sd_emp_or",,0.12810426,0.0029498,,,944,"8ba12950"
"ordina","dina","or075","OR 0.75 n500","Hc","fld","sd_emp_log",,0.20153168,0.00464058,,,944,"8ba12950"
"ordina","dina","or075","OR 0.75 n500","Hc","fld","se_mean",,0.20238461,0.00019023,,,944,"8ba12950"
"ordina","dina","or075","OR 0.75 n500","Hc","fld","se_over_sd",,1.0042322,0.0231433,,,944,"8ba12950"
"ordina","dina","or075","OR 0.75 n500","Hc","fld","cov1_upper",,0.91313559,0.00916648,0.893454,0.929469,944,"8ba12950"
"ordina","dina","or075","OR 0.75 n500","Hc","fld","cov2",,0.93220339,0.00818226,0.914352,0.946552,944,"8ba12950"
"ordina","dina","or075","OR 0.75 n500","Hc","fld","halfwidth_or",,0.25924883,,,,944,"8ba12950"
"ordina","dina","or075","OR 0.75 n500","Hc","fld","margin1_or",,0.26824465,,,,944,"8ba12950"
"ordina","dina","or075","OR 0.75 n500","Hc","fld_s","n_nonconvergent_fits",,0,,,,944,"8ba12950"
"ordina","dina","or075","OR 0.75 n500","Hc","fld_s","bias_or",,-0.027190003,0.00416526,,,944,"8ba12950"
"ordina","dina","or075","OR 0.75 n500","Hc","fld_s","bias_log",,-0.061584972,0.0065545,,,944,"8ba12950"
"ordina","dina","or075","OR 0.75 n500","Hc","fld_s","bias_sd_units",,-0.30593646,0.0325609,,,944,"8ba12950"
"ordina","dina","or075","OR 0.75 n500","Hc","fld_s","sd_emp_or",,0.12793449,0.00294589,,,944,"8ba12950"
"ordina","dina","or075","OR 0.75 n500","Hc","fld_s","sd_emp_log",,0.20129988,0.00463524,,,944,"8ba12950"
"ordina","dina","or075","OR 0.75 n500","Hc","fld_s","se_mean",,0.20399713,0.000297646,,,944,"8ba12950"
"ordina","dina","or075","OR 0.75 n500","Hc","fld_s","se_over_sd",,1.0133992,0.0233819,,,944,"8ba12950"
"ordina","dina","or075","OR 0.75 n500","Hc","fld_s","cov1_upper",,0.91631356,0.00901288,0.896917,0.932336,944,"8ba12950"
"ordina","dina","or075","OR 0.75 n500","Hc","fld_s","cov2",,0.93644068,0.00794043,0.91904,0.950304,944,"8ba12950"
"ordina","dina","or075","OR 0.75 n500","Hc","fld_s","halfwidth_or",,0.26080383,,,,944,"8ba12950"
"ordina","dina","or075","OR 0.75 n500","Hc","fld_s","margin1_or",,0.2697848,,,,944,"8ba12950"
"ordina","dina","or075","OR 0.75 n500","Hc","fld_s","share_upper_le_tau",0.7,0.11652542,0.0104429,0.0975943,0.138565,944,"8ba12950"
"ordina","dina","or075","OR 0.75 n500","Hc","fld_s","share_upper_le_tau",0.8,0.31144068,0.0150721,0.282714,0.341696,944,"8ba12950"
"ordina","dina","or075","OR 0.75 n500","Hc","fld_s","share_upper_le_tau",0.9,0.54131356,0.016218,0.509424,0.572869,944,"8ba12950"
"ordina","dina","or075","OR 0.75 n500","Hc","fld_s","share_upper_le_tau",1,0.75,0.0140934,0.721402,0.776572,944,"8ba12950"
"ordina","dina","or075","OR 0.75 n500","Hc","fld_s","share_upper_le_tau",1.25,0.96716102,0.0058004,0.953765,0.97677,944,"8ba12950"
"ordina","dina","or075","OR 0.75 n500","Hc","fld_s","share_upper_le_tau",1.5,0.99788136,0.00149652,0.992308,0.999419,944,"8ba12950"
"ordina","dina","or075","OR 0.75 n500","Hc","fld_s","share_upper_le_tau",2,1,0,0.995947,1,944,"8ba12950"
"ordina","dina","or075","OR 0.75 n500","Hc","fld_s","bound_mean",,0.89375051,0.00569939,,,944,"8ba12950"
"ordina","dina","or075","OR 0.75 n500","Hc","fld_s","bound_q05",,0.60721616,,,,944,"8ba12950"
"ordina","dina","or075","OR 0.75 n500","Hc","fld_s","bound_q25",,0.76843123,,,,944,"8ba12950"
"ordina","dina","or075","OR 0.75 n500","Hc","fld_s","bound_q50",,0.88254569,,,,944,"8ba12950"
"ordina","dina","or075","OR 0.75 n500","Hc","fld_s","bound_q75",,0.99875622,,,,944,"8ba12950"
"ordina","dina","or075","OR 0.75 n500","Hc","fld_s","bound_q95",,1.2182006,,,,944,"8ba12950"
"ordina","dina","or075","OR 0.75 n500","Hc","oracle","share_upper_le_tau",0.7,0.063559322,0.00794043,0.0496964,0.0809599,944,"8ba12950"
"ordina","dina","or075","OR 0.75 n500","Hc","oracle","share_upper_le_tau",0.8,0.21080508,0.0132754,0.185984,0.23797,944,"8ba12950"
"ordina","dina","or075","OR 0.75 n500","Hc","oracle","share_upper_le_tau",0.9,0.43538136,0.0161371,0.404078,0.467208,944,"8ba12950"
"ordina","dina","or075","OR 0.75 n500","Hc","oracle","share_upper_le_tau",1,0.64936441,0.0155305,0.618375,0.679143,944,"8ba12950"
"ordina","dina","or075","OR 0.75 n500","Hc","oracle","share_upper_le_tau",1.25,0.93961864,0.00775249,0.922569,0.953105,944,"8ba12950"
"ordina","dina","or075","OR 0.75 n500","Hc","oracle","share_upper_le_tau",1.5,0.99576271,0.00211415,0.989156,0.998351,944,"8ba12950"
"ordina","dina","or075","OR 0.75 n500","Hc","oracle","share_upper_le_tau",2,1,0,0.995947,1,944,"8ba12950"
"ordina","dina","or075","OR 0.75 n500","Hc","oracle","bound_mean",,0.94655762,0.00578659,,,944,"8ba12950"
"ordina","dina","or075","OR 0.75 n500","Hc","oracle","bound_q05",,0.6876536,,,,944,"8ba12950"
"ordina","dina","or075","OR 0.75 n500","Hc","oracle","bound_q25",,0.81927162,,,,944,"8ba12950"
"ordina","dina","or075","OR 0.75 n500","Hc","oracle","bound_q50",,0.93170461,,,,944,"8ba12950"
"ordina","dina","or075","OR 0.75 n500","Hc","oracle","bound_q75",,1.0567462,,,,944,"8ba12950"
"ordina","dina","or075","OR 0.75 n500","Hc","oracle","bound_q95",,1.2682849,,,,944,"8ba12950"
"ordina","dina","or075","OR 0.75 n500","Hc","fld","share_upper_le_tau",0.7,0.11970339,0.0105653,0.100522,0.141968,944,"8ba12950"
"ordina","dina","or075","OR 0.75 n500","Hc","fld","share_upper_le_tau",0.8,0.3220339,0.0152079,0.293,0.35251,944,"8ba12950"
"ordina","dina","or075","OR 0.75 n500","Hc","fld","share_upper_le_tau",0.9,0.54555085,0.0162059,0.513667,0.577065,944,"8ba12950"
"ordina","dina","or075","OR 0.75 n500","Hc","fld","share_upper_le_tau",1,0.75,0.0140934,0.721402,0.776572,944,"8ba12950"
"ordina","dina","or075","OR 0.75 n500","Hc","fld","share_upper_le_tau",1.25,0.96927966,0.00561632,0.956229,0.978527,944,"8ba12950"
"ordina","dina","or075","OR 0.75 n500","Hc","fld","share_upper_le_tau",1.5,0.99788136,0.00149652,0.992308,0.999419,944,"8ba12950"
"ordina","dina","or075","OR 0.75 n500","Hc","fld","share_upper_le_tau",2,1,0,0.995947,1,944,"8ba12950"
"ordina","dina","or075","OR 0.75 n500","Hc","fld","bound_mean",,0.89221036,0.00575917,,,944,"8ba12950"
"ordina","dina","or075","OR 0.75 n500","Hc","fld","bound_q05",,0.6084067,,,,944,"8ba12950"
"ordina","dina","or075","OR 0.75 n500","Hc","fld","bound_q25",,0.76809775,,,,944,"8ba12950"
"ordina","dina","or075","OR 0.75 n500","Hc","fld","bound_q50",,0.88291762,,,,944,"8ba12950"
"ordina","dina","or075","OR 0.75 n500","Hc","fld","bound_q75",,0.99976791,,,,944,"8ba12950"
"ordina","dina","or075","OR 0.75 n500","Hc","fld","bound_q95",,1.2158001,,,,944,"8ba12950"
"ordina","dina","or075","OR 0.75 n500","Hc","mr","share_upper_le_tau",0.7,0.0021186441,0.00149652,0.000581201,0.00769176,944,"8ba12950"
"ordina","dina","or075","OR 0.75 n500","Hc","mr","share_upper_le_tau",0.8,0.037076271,0.00614976,0.0267781,0.0511267,944,"8ba12950"
"ordina","dina","or075","OR 0.75 n500","Hc","mr","share_upper_le_tau",0.9,0.091101695,0.00936558,0.0743651,0.111153,944,"8ba12950"
"ordina","dina","or075","OR 0.75 n500","Hc","mr","share_upper_le_tau",1,0.22351695,0.0135592,0.198092,0.251183,944,"8ba12950"
"ordina","dina","or075","OR 0.75 n500","Hc","mr","share_upper_le_tau",1.25,0.65572034,0.0154643,0.624835,0.685344,944,"8ba12950"
"ordina","dina","or075","OR 0.75 n500","Hc","mr","share_upper_le_tau",1.5,0.90889831,0.00936558,0.888847,0.925635,944,"8ba12950"
"ordina","dina","or075","OR 0.75 n500","Hc","mr","share_upper_le_tau",2,0.99894068,0.00105876,0.994024,0.999813,944,"8ba12950"
"ordina","dina","or075","OR 0.75 n500","Hc","mr","bound_mean",,1.1776559,0.00719011,,,944,"8ba12950"
"ordina","dina","or075","OR 0.75 n500","Hc","mr","bound_q05",,0.82921509,,,,944,"8ba12950"
"ordina","dina","or075","OR 0.75 n500","Hc","mr","bound_q25",,1.0144734,,,,944,"8ba12950"
"ordina","dina","or075","OR 0.75 n500","Hc","mr","bound_q50",,1.1631811,,,,944,"8ba12950"
"ordina","dina","or075","OR 0.75 n500","Hc","mr","bound_q75",,1.3110395,,,,944,"8ba12950"
"ordina","dina","or075","OR 0.75 n500","Hc","mr","bound_q95",,1.5751135,,,,944,"8ba12950"
"ordina","dina","or075","OR 0.75 n500","Hc","naive","share_upper_le_tau",0.7,0.2934322,0.0148199,0.26527,0.323269,944,"8ba12950"
"ordina","dina","or075","OR 0.75 n500","Hc","naive","share_upper_le_tau",0.8,0.56991525,0.0161137,0.538112,0.601151,944,"8ba12950"
"ordina","dina","or075","OR 0.75 n500","Hc","naive","share_upper_le_tau",0.9,0.81779661,0.0125636,0.791901,0.841117,944,"8ba12950"
"ordina","dina","or075","OR 0.75 n500","Hc","naive","share_upper_le_tau",1,0.93114407,0.00824125,0.913182,0.945611,944,"8ba12950"
"ordina","dina","or075","OR 0.75 n500","Hc","naive","share_upper_le_tau",1.25,0.99682203,0.00183188,0.990698,0.998919,944,"8ba12950"
"ordina","dina","or075","OR 0.75 n500","Hc","naive","share_upper_le_tau",1.5,1,0,0.995947,1,944,"8ba12950"
"ordina","dina","or075","OR 0.75 n500","Hc","naive","share_upper_le_tau",2,1,0,0.995947,1,944,"8ba12950"
"ordina","dina","or075","OR 0.75 n500","Hc","naive","bound_mean",,0.78212016,0.00454282,,,944,"8ba12950"
"ordina","dina","or075","OR 0.75 n500","Hc","naive","bound_q05",,0.56526124,,,,944,"8ba12950"
"ordina","dina","or075","OR 0.75 n500","Hc","naive","bound_q25",,0.68323331,,,,944,"8ba12950"
"ordina","dina","or075","OR 0.75 n500","Hc","naive","bound_q50",,0.77466466,,,,944,"8ba12950"
"ordina","dina","or075","OR 0.75 n500","Hc","naive","bound_q75",,0.86648702,,,,944,"8ba12950"
"ordina","dina","or075","OR 0.75 n500","Hc","naive","bound_q95",,1.0346863,,,,944,"8ba12950"
"ordina","dina","or075","OR 0.75 n500","joint","bonf_s","joint_coverage",,0.88135593,0.0105248,0.859166,0.900455,944,"8ba12950"
"ordina","dina","or075","OR 0.75 n500","joint","bonf_s","share_both_bounds",,1,0,0.995947,1,944,"8ba12950"
"ordina","dina","or075","OR 0.75 n500","joint","bonf_s","cov_H",,0.9375,0.00787843,0.920215,0.951239,944,"8ba12950"
"ordina","dina","or075","OR 0.75 n500","joint","bonf_s","cov_Hc",,0.94279661,0.00755847,0.926109,0.955895,944,"8ba12950"
"ordina","dina","or075","OR 0.75 n500","joint","bonf_s","margin_H_or",,0.82884237,0.015367,,,944,"8ba12950"
"ordina","dina","or075","OR 0.75 n500","joint","bonf_s","margin_Hc_or",,0.32815547,0.00216321,,,944,"8ba12950"
"ordina","dina","or075","OR 0.75 n500","joint","bonf","joint_coverage",,0.87817797,0.0106456,0.855766,0.897524,944,"8ba12950"
"ordina","dina","or075","OR 0.75 n500","joint","bonf","share_both_bounds",,1,0,0.995947,1,944,"8ba12950"
"ordina","dina","or075","OR 0.75 n500","joint","bonf","cov_H",,0.9375,0.00787843,0.920215,0.951239,944,"8ba12950"
"ordina","dina","or075","OR 0.75 n500","joint","bonf","cov_Hc",,0.93961864,0.00775249,0.922569,0.953105,944,"8ba12950"
"ordina","dina","or075","OR 0.75 n500","joint","bonf","margin_H_or",,0.82884237,0.015367,,,944,"8ba12950"
"ordina","dina","or075","OR 0.75 n500","joint","bonf","margin_Hc_or",,0.32649789,0.00220228,,,944,"8ba12950"
"ordina","dina","or075","OR 0.75 n500","joint","separate_s","joint_coverage",,0.7934322,0.0131765,0.766442,0.818043,944,"8ba12950"
"ordina","dina","or075","OR 0.75 n500","joint","separate_s","share_both_bounds",,1,0,0.995947,1,944,"8ba12950"
"ordina","dina","or075","OR 0.75 n500","joint","separate_s","cov_H",,0.86970339,0.0109564,0.846722,0.889688,944,"8ba12950"
"ordina","dina","or075","OR 0.75 n500","joint","separate_s","cov_Hc",,0.91631356,0.00901288,0.896917,0.932336,944,"8ba12950"
"ordina","dina","or075","OR 0.75 n500","joint","separate_s","margin_H_or",,0.75285994,0.0140175,,,944,"8ba12950"
"ordina","dina","or075","OR 0.75 n500","joint","separate_s","margin_Hc_or",,0.2697848,0.00180653,,,944,"8ba12950"
"ordina","dina","or075","OR 0.75 n500","joint","calibrated","gamma_mean_s",,0.025137712,1.1518e-05,,,944,"8ba12950"
"ordina","dina","or075","OR 0.75 n500","joint","calibrated","corr_s",,0.077651946,0.00175817,,,944,"8ba12950"
"ordina","dina","or075","OR 0.75 n500","joint","calibrated","gamma_mean",,0.025113347,1.03235e-05,,,944,"8ba12950"
"ordina","dina","or075","OR 0.75 n500","joint","calibrated","corr",,0.081282795,0.00179784,,,944,"8ba12950"
"ordina","dina","or075","OR 0.75 n500","H","all","mean_size_hhat",,86.676907,0.82597,,,944,"8ba12950"
"ordina","dina","or075","OR 0.75 n500","H","all","mean_true_positives",,15.391949,0.471615,,,944,"8ba12950"
"ordina","dina","or075","OR 0.75 n500","H","all","sensitivity_mean",,0.20658605,0.0062596,,,944,"8ba12950"
"ordina","dina","or075","OR 0.75 n500","H","all","ppv_mean",,0.17663508,0.00519607,,,944,"8ba12950"
"ordina","dina","or075","OR 0.75 n500","H","all","spec_mean",,0.83258334,0.00189441,,,944,"8ba12950"
"ordina","dina","or075","OR 0.75 n500","H","all","mean_n_family",,851.92479,35.6978,,,944,"8ba12950"
"ordina","dina","or075","OR 0.75 n500","H","all","mean_admitted_n",,494.66631,23.028,,,944,"8ba12950"
"ordina","dina","or075","OR 0.75 n500","H","all","mean_proposed_n",,851.92479,35.6978,,,944,"8ba12950"
"ordina","dina","or075","OR 0.75 n500","H","all","mean_n_cons_qual",,,,,,0,"8ba12950"
"ordina","dina","or075","OR 0.75 n500","H","all","mean_band_n",,,,,,0,"8ba12950"
"ordina","dina","or075","OR 0.75 n500","H","all","mean_n_true",,74.253178,0.250107,,,944,"8ba12950"
"ordina","dina","or075","OR 0.75 n500","H","all","p_hat_mean",,0.18257288,0.00489874,,,944,"8ba12950"
"ordina","dina","or075","OR 0.75 n500","H","all","p_hat_share_lt_05",,0.95762712,0.00655626,0.942815,0.96873,944,"8ba12950"
"ordina","dina","or075","OR 0.75 n500","Hc","mr","sd_btc_over_naive_se",,0.95873813,,,,944,"8ba12950"
"ordina","dina","or075","OR 0.75 n500","Hc","fld","lamsd_over_naive_se",,0.98315345,,,,944,"8ba12950"
"ordina","dina","or075","OR 0.75 n500","Hc","fld_s","lamsd_over_naive_se",,0.99098682,,,,944,"8ba12950"
"ordina","dina","or075","OR 0.75 n500","all","all","secs_fit_mr_mean",,13.610201,0.386108,,,1000,"8ba12950"
"ordina","dina","or075","OR 0.75 n500","all","all","secs_id_mean",,0.969762,0.0404398,,,1000,"8ba12950"
"ordina","dina","or075","OR 0.75 n500","all","all","secs_field_mean",,11.702128,0.294377,,,944,"8ba12950"
"ordina","dina","or075","OR 0.75 n500","all","all","secs_complement_mean",,0.26566949,0.00717565,,,944,"8ba12950"
"ordina","dina","or075","OR 0.75 n500","H","naive","display_b",,2.8232659,,,,944,"8ba12950"
"ordina","dina","or075","OR 0.75 n500","H","naive","display_r",,1.1870501,,,,944,"8ba12950"
"ordina","dina","or075","OR 0.75 n500","H","naive","display_cov1",,0.13347458,,,,944,"8ba12950"
"ordina","dina","or075","OR 0.75 n500","H","naive","display_cov1_ref",,0.19194745,,,,944,"8ba12950"
"ordina","dina","or075","OR 0.75 n500","H","naive","display_cov2",,0.24364407,,,,944,"8ba12950"
"ordina","dina","or075","OR 0.75 n500","H","naive","display_cov2_ref",,0.30970355,,,,944,"8ba12950"
"ordina","dina","or075","OR 0.75 n500","H","mr","display_b",,1.2201569,,,,944,"8ba12950"
"ordina","dina","or075","OR 0.75 n500","H","mr","display_r",,1.6568865,,,,944,"8ba12950"
"ordina","dina","or075","OR 0.75 n500","H","mr","display_cov1",,0.96504237,,,,944,"8ba12950"
"ordina","dina","or075","OR 0.75 n500","H","mr","display_cov1_ref",,0.93386096,,,,944,"8ba12950"
"ordina","dina","or075","OR 0.75 n500","H","mr","display_cov2",,0.98834746,,,,944,"8ba12950"
"ordina","dina","or075","OR 0.75 n500","H","mr","display_cov2_ref",,0.9786792,,,,944,"8ba12950"
"ordina","dina","or075","OR 0.75 n500","H","fld","display_b",,0.83975608,,,,944,"8ba12950"
"ordina","dina","or075","OR 0.75 n500","H","fld","display_r",,1.111571,,,,944,"8ba12950"
"ordina","dina","or075","OR 0.75 n500","H","fld","display_cov1",,0.86970339,,,,944,"8ba12950"
"ordina","dina","or075","OR 0.75 n500","H","fld","display_cov1_ref",,0.83857435,,,,944,"8ba12950"
"ordina","dina","or075","OR 0.75 n500","H","fld","display_cov2",,0.93220339,,,,944,"8ba12950"
"ordina","dina","or075","OR 0.75 n500","H","fld","display_cov2_ref",,0.90842504,,,,944,"8ba12950"
"ordina","dina","or075","OR 0.75 n500","Hc","naive","display_b",,-1.065819,,,,944,"8ba12950"
"ordina","dina","or075","OR 0.75 n500","Hc","naive","display_r",,1.121095,,,,944,"8ba12950"
"ordina","dina","or075","OR 0.75 n500","Hc","naive","display_cov1",,0.79661017,,,,944,"8ba12950"
"ordina","dina","or075","OR 0.75 n500","Hc","naive","display_cov1_ref",,0.78177978,,,,944,"8ba12950"
"ordina","dina","or075","OR 0.75 n500","Hc","naive","display_cov2",,0.88559322,,,,944,"8ba12950"
"ordina","dina","or075","OR 0.75 n500","Hc","naive","display_cov2_ref",,0.87052391,,,,944,"8ba12950"
"ordina","dina","or075","OR 0.75 n500","Hc","mr","display_b",,-0.43808429,,,,944,"8ba12950"
"ordina","dina","or075","OR 0.75 n500","Hc","mr","display_r",,1.961944,,,,944,"8ba12950"
"ordina","dina","or075","OR 0.75 n500","Hc","mr","display_cov1",,0.99894068,,,,944,"8ba12950"
"ordina","dina","or075","OR 0.75 n500","Hc","mr","display_cov1_ref",,0.99735666,,,,944,"8ba12950"
"ordina","dina","or075","OR 0.75 n500","Hc","mr","display_cov2",,1,,,,944,"8ba12950"
"ordina","dina","or075","OR 0.75 n500","Hc","mr","display_cov2_ref",,0.9996627,,,,944,"8ba12950"
"ordina","dina","or075","OR 0.75 n500","Hc","fld","display_b",,-0.30480192,,,,944,"8ba12950"
"ordina","dina","or075","OR 0.75 n500","Hc","fld","display_r",,1.0042322,,,,944,"8ba12950"
"ordina","dina","or075","OR 0.75 n500","Hc","fld","display_cov1",,0.91313559,,,,944,"8ba12950"
"ordina","dina","or075","OR 0.75 n500","Hc","fld","display_cov1_ref",,0.91101199,,,,944,"8ba12950"
"ordina","dina","or075","OR 0.75 n500","Hc","fld","display_cov2",,0.93220339,,,,944,"8ba12950"
"ordina","dina","or075","OR 0.75 n500","Hc","fld","display_cov2_ref",,0.94037826,,,,944,"8ba12950"
"ordina","dina","or075","OR 0.75 n500","Hc","fld_s","display_b",,-0.30593646,,,,944,"8ba12950"
"ordina","dina","or075","OR 0.75 n500","Hc","fld_s","display_r",,1.0133992,,,,944,"8ba12950"
"ordina","dina","or075","OR 0.75 n500","Hc","fld_s","display_cov1",,0.91631356,,,,944,"8ba12950"
"ordina","dina","or075","OR 0.75 n500","Hc","fld_s","display_cov1_ref",,0.91323633,,,,944,"8ba12950"
"ordina","dina","or075","OR 0.75 n500","Hc","fld_s","display_cov2",,0.93644068,,,,944,"8ba12950"
"ordina","dina","or075","OR 0.75 n500","Hc","fld_s","display_cov2_ref",,0.94260135,,,,944,"8ba12950"
"orfs","fs","or075","OR 0.75 n2000","H","all","declaration_rate",,0.91,0.00904986,0.890658,0.926204,1000,"27170d87"
"orfs","fs","or075","OR 0.75 n2000","H","naive","n_nonconvergent_fits",,0,,,,910,"27170d87"
"orfs","fs","or075","OR 0.75 n2000","H","naive","bias_or",,1.3223533,0.0188983,,,910,"27170d87"
"orfs","fs","or075","OR 0.75 n2000","H","naive","bias_log",,1.0549074,0.00871986,,,910,"27170d87"
"orfs","fs","or075","OR 0.75 n2000","H","naive","bias_sd_units",,4.0231209,0.0332551,,,910,"27170d87"
"orfs","fs","or075","OR 0.75 n2000","H","naive","sd_emp_or",,0.5726295,0.01343,,,910,"27170d87"
"orfs","fs","or075","OR 0.75 n2000","H","naive","sd_emp_log",,0.26221121,0.00614971,,,910,"27170d87"
"orfs","fs","or075","OR 0.75 n2000","H","naive","se_mean",,0.39984711,0.00292317,,,910,"27170d87"
"orfs","fs","or075","OR 0.75 n2000","H","naive","se_over_sd",,1.5249047,0.0374612,,,910,"27170d87"
"orfs","fs","or075","OR 0.75 n2000","H","naive","cov1_lower",,0,0,4.33681e-19,0.00420364,910,"27170d87"
"orfs","fs","or075","OR 0.75 n2000","H","naive","cov2",,0.021978022,0.00486013,0.0142717,0.0337032,910,"27170d87"
"orfs","fs","or075","OR 0.75 n2000","H","naive","halfwidth_or",,1.8494641,,,,910,"27170d87"
"orfs","fs","or075","OR 0.75 n2000","H","naive","margin1_or",,0.98025335,,,,910,"27170d87"
"orfs","fs","or075","OR 0.75 n2000","H","naive","cov2_theta_dagger",,0.18571429,0.0128911,0.161788,0.212283,910,"27170d87"
"orfs","fs","or075","OR 0.75 n2000","H","naive","cov1_lower_theta_dagger",,0,0,4.33681e-19,0.00420364,910,"27170d87"
"orfs","fs","or075","OR 0.75 n2000","H","naive","cov2_theta_ddagger",,0.12417582,0.0109322,0.104316,0.147196,910,"27170d87"
"orfs","fs","or075","OR 0.75 n2000","H","naive","cov1_lower_theta_ddagger",,0,0,4.33681e-19,0.00420364,910,"27170d87"
"orfs","fs","or075","OR 0.75 n2000","H","oracle","n_nonconvergent_fits",,0,,,,910,"27170d87"
"orfs","fs","or075","OR 0.75 n2000","H","oracle","bias_or",,0.023098553,0.00632254,,,910,"27170d87"
"orfs","fs","or075","OR 0.75 n2000","H","oracle","bias_log",,0.00059146126,0.00810931,,,910,"27170d87"
"orfs","fs","or075","OR 0.75 n2000","H","oracle","bias_sd_units",,0.0024178078,0.0331497,,,910,"27170d87"
"orfs","fs","or075","OR 0.75 n2000","H","oracle","sd_emp_or",,0.19072693,0.00447317,,,910,"27170d87"
"orfs","fs","or075","OR 0.75 n2000","H","oracle","sd_emp_log",,0.24462708,0.0057373,,,910,"27170d87"
"orfs","fs","or075","OR 0.75 n2000","H","oracle","se_mean",,0.23381485,0.000205286,,,910,"27170d87"
"orfs","fs","or075","OR 0.75 n2000","H","oracle","se_over_sd",,0.9558012,0.0224323,,,910,"27170d87"
"orfs","fs","or075","OR 0.75 n2000","H","oracle","cov1_lower",,0.93296703,0.00829004,0.914831,0.947463,910,"27170d87"
"orfs","fs","or075","OR 0.75 n2000","H","oracle","cov2",,0.93076923,0.00841492,0.912401,0.945516,910,"27170d87"
"orfs","fs","or075","OR 0.75 n2000","H","oracle","halfwidth_or",,0.3664687,,,,910,"27170d87"
"orfs","fs","or075","OR 0.75 n2000","H","oracle","margin1_or",,0.24660686,,,,910,"27170d87"
"orfs","fs","or075","OR 0.75 n2000","H","mr","n_nonconvergent_fits",,0,,,,910,"27170d87"
"orfs","fs","or075","OR 0.75 n2000","H","mr","bias_or",,0.20466043,0.0103998,,,910,"27170d87"
"orfs","fs","or075","OR 0.75 n2000","H","mr","bias_log",,0.21598304,0.0102928,,,910,"27170d87"
"orfs","fs","or075","OR 0.75 n2000","H","mr","bias_sd_units",,0.69559465,0.0331489,,,910,"27170d87"
"orfs","fs","or075","OR 0.75 n2000","H","mr","sd_emp_or",,0.31513572,0.00739096,,,910,"27170d87"
"orfs","fs","or075","OR 0.75 n2000","H","mr","sd_emp_log",,0.3105013,0.00728227,,,910,"27170d87"
"orfs","fs","or075","OR 0.75 n2000","H","mr","se_mean",,0.46426041,0.00284753,,,910,"27170d87"
"orfs","fs","or075","OR 0.75 n2000","H","mr","se_over_sd",,1.4951963,0.0362465,,,910,"27170d87"
"orfs","fs","or075","OR 0.75 n2000","H","mr","cov1_lower",,0.96923077,0.00572468,0.955889,0.978627,910,"27170d87"
"orfs","fs","or075","OR 0.75 n2000","H","mr","cov2",,0.98901099,0.00345588,0.979891,0.99402,910,"27170d87"
"orfs","fs","or075","OR 0.75 n2000","H","mr","halfwidth_or",,0.97238492,,,,910,"27170d87"
"orfs","fs","or075","OR 0.75 n2000","H","mr","margin1_or",,0.47558251,,,,910,"27170d87"
"orfs","fs","or075","OR 0.75 n2000","H","mr","cov2_theta_dagger",,0.99010989,0.00328036,0.981311,0.994788,910,"27170d87"
"orfs","fs","or075","OR 0.75 n2000","H","mr","cov1_lower_theta_dagger",,0.98461538,0.00407996,0.974343,0.990814,910,"27170d87"
"orfs","fs","or075","OR 0.75 n2000","H","mr","cov2_theta_ddagger",,0.99010989,0.00328036,0.981311,0.994788,910,"27170d87"
"orfs","fs","or075","OR 0.75 n2000","H","mr","cov1_lower_theta_ddagger",,0.98021978,0.0046159,0.96895,0.987452,910,"27170d87"
"orfs","fs","or075","OR 0.75 n2000","H","fld","n_nonconvergent_fits",,0,,,,910,"27170d87"
"orfs","fs","or075","OR 0.75 n2000","H","fld","bias_or",,0.0894244,0.0099362,,,910,"27170d87"
"orfs","fs","or075","OR 0.75 n2000","H","fld","bias_log",,0.066487449,0.010998,,,910,"27170d87"
"orfs","fs","or075","OR 0.75 n2000","H","fld","bias_sd_units",,0.20012895,0.0331042,,,910,"27170d87"
"orfs","fs","or075","OR 0.75 n2000","H","fld","sd_emp_or",,0.30106782,0.00706102,,,910,"27170d87"
"orfs","fs","or075","OR 0.75 n2000","H","fld","sd_emp_log",,0.33222305,0.00779171,,,910,"27170d87"
"orfs","fs","or075","OR 0.75 n2000","H","fld","se_mean",,0.44971633,0.00151,,,910,"27170d87"
"orfs","fs","or075","OR 0.75 n2000","H","fld","se_over_sd",,1.3536578,0.0320714,,,910,"27170d87"
"orfs","fs","or075","OR 0.75 n2000","H","fld","cov1_lower",,0.97802198,0.00486013,0.966297,0.985728,910,"27170d87"
"orfs","fs","or075","OR 0.75 n2000","H","fld","cov2",,0.99230769,0.00289622,0.984207,0.996269,910,"27170d87"
"orfs","fs","or075","OR 0.75 n2000","H","fld","halfwidth_or",,0.69096868,,,,910,"27170d87"
"orfs","fs","or075","OR 0.75 n2000","H","fld","margin1_or",,0.53552115,,,,910,"27170d87"
"orfs","fs","or075","OR 0.75 n2000","H","fld","cov2_theta_dagger",,0.98681319,0.00378152,0.977093,0.992441,910,"27170d87"
"orfs","fs","or075","OR 0.75 n2000","H","fld","cov1_lower_theta_dagger",,0.98681319,0.00378152,0.977093,0.992441,910,"27170d87"
"orfs","fs","or075","OR 0.75 n2000","H","fld","cov2_theta_ddagger",,0.99010989,0.00328036,0.981311,0.994788,910,"27170d87"
"orfs","fs","or075","OR 0.75 n2000","H","fld","cov1_lower_theta_ddagger",,0.98461538,0.00407996,0.974343,0.990814,910,"27170d87"
"orfs","fs","or075","OR 0.75 n2000","H","fld","share_lower_ge_tau",0.7,0.01978022,0.0046159,0.012548,0.0310498,910,"27170d87"
"orfs","fs","or075","OR 0.75 n2000","H","fld","share_lower_ge_tau",0.8,0.0076923077,0.00289622,0.00373106,0.0157925,910,"27170d87"
"orfs","fs","or075","OR 0.75 n2000","H","fld","share_lower_ge_tau",0.9,0.0043956044,0.00219297,0.00171065,0.0112472,910,"27170d87"
"orfs","fs","or075","OR 0.75 n2000","H","fld","share_lower_ge_tau",1,0.0021978022,0.00155237,0.000602924,0.00797784,910,"27170d87"
"orfs","fs","or075","OR 0.75 n2000","H","fld","share_lower_ge_tau",1.25,0.0010989011,0.0010983,0.000194009,0.00619819,910,"27170d87"
"orfs","fs","or075","OR 0.75 n2000","H","fld","share_lower_ge_tau",1.5,0,0,4.33681e-19,0.00420364,910,"27170d87"
"orfs","fs","or075","OR 0.75 n2000","H","fld","share_lower_ge_tau",2,0,0,4.33681e-19,0.00420364,910,"27170d87"
"orfs","fs","or075","OR 0.75 n2000","H","fld","bound_mean",,0.33945792,0.00413866,,,910,"27170d87"
"orfs","fs","or075","OR 0.75 n2000","H","fld","bound_q05",,0.20101758,,,,910,"27170d87"
"orfs","fs","or075","OR 0.75 n2000","H","fld","bound_q25",,0.25796237,,,,910,"27170d87"
"orfs","fs","or075","OR 0.75 n2000","H","fld","bound_q50",,0.31204485,,,,910,"27170d87"
"orfs","fs","or075","OR 0.75 n2000","H","fld","bound_q75",,0.38462562,,,,910,"27170d87"
"orfs","fs","or075","OR 0.75 n2000","H","fld","bound_q95",,0.56838649,,,,910,"27170d87"
"orfs","fs","or075","OR 0.75 n2000","H","oracle","share_lower_ge_tau",0.7,0.1043956,0.0101363,0.086164,0.125953,910,"27170d87"
"orfs","fs","or075","OR 0.75 n2000","H","oracle","share_lower_ge_tau",0.8,0.031868132,0.00582271,0.0222789,0.045393,910,"27170d87"
"orfs","fs","or075","OR 0.75 n2000","H","oracle","share_lower_ge_tau",0.9,0.0098901099,0.00328036,0.00521182,0.0186889,910,"27170d87"
"orfs","fs","or075","OR 0.75 n2000","H","oracle","share_lower_ge_tau",1,0.0021978022,0.00155237,0.000602924,0.00797784,910,"27170d87"
"orfs","fs","or075","OR 0.75 n2000","H","oracle","share_lower_ge_tau",1.25,0,0,4.33681e-19,0.00420364,910,"27170d87"
"orfs","fs","or075","OR 0.75 n2000","H","oracle","share_lower_ge_tau",1.5,0,0,4.33681e-19,0.00420364,910,"27170d87"
"orfs","fs","or075","OR 0.75 n2000","H","oracle","share_lower_ge_tau",2,0,0,4.33681e-19,0.00420364,910,"27170d87"
"orfs","fs","or075","OR 0.75 n2000","H","oracle","bound_mean",,0.52649168,0.00432716,,,910,"27170d87"
"orfs","fs","or075","OR 0.75 n2000","H","oracle","bound_q05",,0.32943225,,,,910,"27170d87"
"orfs","fs","or075","OR 0.75 n2000","H","oracle","bound_q25",,0.4399703,,,,910,"27170d87"
"orfs","fs","or075","OR 0.75 n2000","H","oracle","bound_q50",,0.5093989,,,,910,"27170d87"
"orfs","fs","or075","OR 0.75 n2000","H","oracle","bound_q75",,0.59711039,,,,910,"27170d87"
"orfs","fs","or075","OR 0.75 n2000","H","oracle","bound_q95",,0.76785272,,,,910,"27170d87"
"orfs","fs","or075","OR 0.75 n2000","H","mr","share_lower_ge_tau",0.7,0.024175824,0.00509162,0.0160187,0.0363333,910,"27170d87"
"orfs","fs","or075","OR 0.75 n2000","H","mr","share_lower_ge_tau",0.8,0.010989011,0.00345588,0.00597981,0.0201095,910,"27170d87"
"orfs","fs","or075","OR 0.75 n2000","H","mr","share_lower_ge_tau",0.9,0.0054945055,0.00245046,0.00234914,0.0127973,910,"27170d87"
"orfs","fs","or075","OR 0.75 n2000","H","mr","share_lower_ge_tau",1,0.0021978022,0.00155237,0.000602924,0.00797784,910,"27170d87"
"orfs","fs","or075","OR 0.75 n2000","H","mr","share_lower_ge_tau",1.25,0.0010989011,0.0010983,0.000194009,0.00619819,910,"27170d87"
"orfs","fs","or075","OR 0.75 n2000","H","mr","share_lower_ge_tau",1.5,0,0,4.33681e-19,0.00420364,910,"27170d87"
"orfs","fs","or075","OR 0.75 n2000","H","mr","share_lower_ge_tau",2,0,0,4.33681e-19,0.00420364,910,"27170d87"
"orfs","fs","or075","OR 0.75 n2000","H","mr","bound_mean",,0.39939656,0.00369644,,,910,"27170d87"
"orfs","fs","or075","OR 0.75 n2000","H","mr","bound_q05",,0.286934,,,,910,"27170d87"
"orfs","fs","or075","OR 0.75 n2000","H","mr","bound_q25",,0.32366171,,,,910,"27170d87"
"orfs","fs","or075","OR 0.75 n2000","H","mr","bound_q50",,0.3705549,,,,910,"27170d87"
"orfs","fs","or075","OR 0.75 n2000","H","mr","bound_q75",,0.43967088,,,,910,"27170d87"
"orfs","fs","or075","OR 0.75 n2000","H","mr","bound_q95",,0.61930948,,,,910,"27170d87"
"orfs","fs","or075","OR 0.75 n2000","H","naive","share_lower_ge_tau",0.7,1,0,0.995796,1,910,"27170d87"
"orfs","fs","or075","OR 0.75 n2000","H","naive","share_lower_ge_tau",0.8,0.98021978,0.0046159,0.96895,0.987452,910,"27170d87"
"orfs","fs","or075","OR 0.75 n2000","H","naive","share_lower_ge_tau",0.9,0.64945055,0.0158171,0.61788,0.679764,910,"27170d87"
"orfs","fs","or075","OR 0.75 n2000","H","naive","share_lower_ge_tau",1,0.41318681,0.0163231,0.381624,0.445479,910,"27170d87"
"orfs","fs","or075","OR 0.75 n2000","H","naive","share_lower_ge_tau",1.25,0.10769231,0.0102761,0.0891754,0.129507,910,"27170d87"
"orfs","fs","or075","OR 0.75 n2000","H","naive","share_lower_ge_tau",1.5,0.030769231,0.00572468,0.0213727,0.0441107,910,"27170d87"
"orfs","fs","or075","OR 0.75 n2000","H","naive","share_lower_ge_tau",2,0.0032967033,0.00190021,0.0011218,0.00964753,910,"27170d87"
"orfs","fs","or075","OR 0.75 n2000","H","naive","bound_mean",,1.0124186,0.00657477,,,910,"27170d87"
"orfs","fs","or075","OR 0.75 n2000","H","naive","bound_q05",,0.80760456,,,,910,"27170d87"
"orfs","fs","or075","OR 0.75 n2000","H","naive","bound_q25",,0.8624679,,,,910,"27170d87"
"orfs","fs","or075","OR 0.75 n2000","H","naive","bound_q50",,0.96289071,,,,910,"27170d87"
"orfs","fs","or075","OR 0.75 n2000","H","naive","bound_q75",,1.0997423,,,,910,"27170d87"
"orfs","fs","or075","OR 0.75 n2000","H","naive","bound_q95",,1.4029701,,,,910,"27170d87"
"orfs","fs","or075","OR 0.75 n2000","Hc","naive","n_nonconvergent_fits",,0,,,,910,"27170d87"
"orfs","fs","or075","OR 0.75 n2000","Hc","naive","bias_or",,-0.034310967,0.00195903,,,910,"27170d87"
"orfs","fs","or075","OR 0.75 n2000","Hc","naive","bias_log",,-0.057034355,0.00307406,,,910,"27170d87"
"orfs","fs","or075","OR 0.75 n2000","Hc","naive","bias_sd_units",,-0.61639775,0.0332228,,,910,"27170d87"
"orfs","fs","or075","OR 0.75 n2000","Hc","naive","sd_emp_or",,0.058947364,0.00138251,,,910,"27170d87"
"orfs","fs","or075","OR 0.75 n2000","Hc","naive","sd_emp_log",,0.092528493,0.00217009,,,910,"27170d87"
"orfs","fs","or075","OR 0.75 n2000","Hc","naive","se_mean",,0.095731087,7.19706e-05,,,910,"27170d87"
"orfs","fs","or075","OR 0.75 n2000","Hc","naive","se_over_sd",,1.034612,0.0242775,,,910,"27170d87"
"orfs","fs","or075","OR 0.75 n2000","Hc","naive","cov1_upper",,0.86483516,0.0113339,0.841081,0.885522,910,"27170d87"
"orfs","fs","or075","OR 0.75 n2000","Hc","naive","cov2",,0.91318681,0.00933366,0.893112,0.929788,910,"27170d87"
"orfs","fs","or075","OR 0.75 n2000","Hc","naive","halfwidth_or",,0.11945778,,,,910,"27170d87"
"orfs","fs","or075","OR 0.75 n2000","Hc","naive","margin1_or",,0.10794073,,,,910,"27170d87"
"orfs","fs","or075","OR 0.75 n2000","Hc","oracle","n_nonconvergent_fits",,0,,,,910,"27170d87"
"orfs","fs","or075","OR 0.75 n2000","Hc","oracle","bias_or",,0.0076831437,0.00212559,,,910,"27170d87"
"orfs","fs","or075","OR 0.75 n2000","Hc","oracle","bias_log",,0.0070271954,0.00318059,,,910,"27170d87"
"orfs","fs","or075","OR 0.75 n2000","Hc","oracle","bias_sd_units",,0.073240912,0.0331497,,,910,"27170d87"
"orfs","fs","or075","OR 0.75 n2000","Hc","oracle","sd_emp_or",,0.064120909,0.00150384,,,910,"27170d87"
"orfs","fs","or075","OR 0.75 n2000","Hc","oracle","sd_emp_log",,0.095946312,0.00225025,,,910,"27170d87"
"orfs","fs","or075","OR 0.75 n2000","Hc","oracle","se_mean",,0.1005432,2.69172e-05,,,910,"27170d87"
"orfs","fs","or075","OR 0.75 n2000","Hc","oracle","se_over_sd",,1.047911,0.0245785,,,910,"27170d87"
"orfs","fs","or075","OR 0.75 n2000","Hc","oracle","cov1_upper",,0.96813187,0.00582271,0.954607,0.977721,910,"27170d87"
"orfs","fs","or075","OR 0.75 n2000","Hc","oracle","cov2",,0.95494505,0.00687606,0.939449,0.966616,910,"27170d87"
"orfs","fs","or075","OR 0.75 n2000","Hc","oracle","halfwidth_or",,0.13167832,,,,910,"27170d87"
"orfs","fs","or075","OR 0.75 n2000","Hc","oracle","margin1_or",,0.11939493,,,,910,"27170d87"
"orfs","fs","or075","OR 0.75 n2000","Hc","mr","n_nonconvergent_fits",,0,,,,910,"27170d87"
"orfs","fs","or075","OR 0.75 n2000","Hc","mr","bias_or",,-0.010707643,0.00202843,,,910,"27170d87"
"orfs","fs","or075","OR 0.75 n2000","Hc","mr","bias_log",,-0.020436918,0.00307156,,,910,"27170d87"
"orfs","fs","or075","OR 0.75 n2000","Hc","mr","bias_sd_units",,-0.22100402,0.0332157,,,910,"27170d87"
"orfs","fs","or075","OR 0.75 n2000","Hc","mr","sd_emp_or",,0.061056785,0.00143198,,,910,"27170d87"
"orfs","fs","or075","OR 0.75 n2000","Hc","mr","sd_emp_log",,0.092473059,0.00216879,,,910,"27170d87"
"orfs","fs","or075","OR 0.75 n2000","Hc","mr","se_mean",,0.18574429,0.000143072,,,910,"27170d87"
"orfs","fs","or075","OR 0.75 n2000","Hc","mr","se_over_sd",,2.0086314,0.0471343,,,910,"27170d87"
"orfs","fs","or075","OR 0.75 n2000","Hc","mr","cov1_upper",,0.9989011,0.0010983,0.993802,0.999806,910,"27170d87"
"orfs","fs","or075","OR 0.75 n2000","Hc","mr","cov2",,1,0,0.995796,1,910,"27170d87"
"orfs","fs","or075","OR 0.75 n2000","Hc","mr","halfwidth_or",,0.2444301,,,,910,"27170d87"
"orfs","fs","or075","OR 0.75 n2000","Hc","mr","margin1_or",,0.23470775,,,,910,"27170d87"
"orfs","fs","or075","OR 0.75 n2000","Hc","fld","n_nonconvergent_fits",,0,,,,910,"27170d87"
"orfs","fs","or075","OR 0.75 n2000","Hc","fld","bias_or",,-0.0054339508,0.00205365,,,910,"27170d87"
"orfs","fs","or075","OR 0.75 n2000","Hc","fld","bias_log",,-0.012479505,0.00308477,,,910,"27170d87"
"orfs","fs","or075","OR 0.75 n2000","Hc","fld","bias_sd_units",,-0.13435842,0.0332116,,,910,"27170d87"
"orfs","fs","or075","OR 0.75 n2000","Hc","fld","sd_emp_or",,0.061825101,0.00145,,,910,"27170d87"
"orfs","fs","or075","OR 0.75 n2000","Hc","fld","sd_emp_log",,0.092882199,0.00217839,,,910,"27170d87"
"orfs","fs","or075","OR 0.75 n2000","Hc","fld","se_mean",,0.09462328,7.31882e-05,,,910,"27170d87"
"orfs","fs","or075","OR 0.75 n2000","Hc","fld","se_over_sd",,1.018745,0.0239059,,,910,"27170d87"
"orfs","fs","or075","OR 0.75 n2000","Hc","fld","cov1_upper",,0.93846154,0.00796638,0.920929,0.952308,910,"27170d87"
"orfs","fs","or075","OR 0.75 n2000","Hc","fld","cov2",,0.94615385,0.00748234,0.929524,0.959032,910,"27170d87"
"orfs","fs","or075","OR 0.75 n2000","Hc","fld","halfwidth_or",,0.12303488,,,,910,"27170d87"
"orfs","fs","or075","OR 0.75 n2000","Hc","fld","margin1_or",,0.11654921,,,,910,"27170d87"
"orfs","fs","or075","OR 0.75 n2000","Hc","fld_s","n_nonconvergent_fits",,0,,,,910,"27170d87"
"orfs","fs","or075","OR 0.75 n2000","Hc","fld_s","bias_or",,-0.0054264176,0.00205307,,,910,"27170d87"
"orfs","fs","or075","OR 0.75 n2000","Hc","fld_s","bias_log",,-0.012465584,0.00308389,,,910,"27170d87"
"orfs","fs","or075","OR 0.75 n2000","Hc","fld_s","bias_sd_units",,-0.13424793,0.0332119,,,910,"27170d87"
"orfs","fs","or075","OR 0.75 n2000","Hc","fld_s","sd_emp_or",,0.061807318,0.00144958,,,910,"27170d87"
"orfs","fs","or075","OR 0.75 n2000","Hc","fld_s","sd_emp_log",,0.092854942,0.00217775,,,910,"27170d87"
"orfs","fs","or075","OR 0.75 n2000","Hc","fld_s","se_mean",,0.095724663,0.00010211,,,910,"27170d87"
"orfs","fs","or075","OR 0.75 n2000","Hc","fld_s","se_over_sd",,1.0309054,0.0242031,,,910,"27170d87"
"orfs","fs","or075","OR 0.75 n2000","Hc","fld_s","cov1_upper",,0.94175824,0.00776366,0.924604,0.955199,910,"27170d87"
"orfs","fs","or075","OR 0.75 n2000","Hc","fld_s","cov2",,0.94835165,0.00733656,0.931995,0.960939,910,"27170d87"
"orfs","fs","or075","OR 0.75 n2000","Hc","fld_s","halfwidth_or",,0.12438625,,,,910,"27170d87"
"orfs","fs","or075","OR 0.75 n2000","Hc","fld_s","margin1_or",,0.11781776,,,,910,"27170d87"
"orfs","fs","or075","OR 0.75 n2000","Hc","fld_s","share_upper_le_tau",0.7,0.14945055,0.0118189,0.127761,0.174087,910,"27170d87"
"orfs","fs","or075","OR 0.75 n2000","Hc","fld_s","share_upper_le_tau",0.8,0.66703297,0.0156226,0.635767,0.696894,910,"27170d87"
"orfs","fs","or075","OR 0.75 n2000","Hc","fld_s","share_upper_le_tau",0.9,0.94615385,0.00748234,0.929524,0.959032,910,"27170d87"
"orfs","fs","or075","OR 0.75 n2000","Hc","fld_s","share_upper_le_tau",1,0.9967033,0.00190021,0.990352,0.998878,910,"27170d87"
"orfs","fs","or075","OR 0.75 n2000","Hc","fld_s","share_upper_le_tau",1.25,1,0,0.995796,1,910,"27170d87"
"orfs","fs","or075","OR 0.75 n2000","Hc","fld_s","share_upper_le_tau",1.5,1,0,0.995796,1,910,"27170d87"
"orfs","fs","or075","OR 0.75 n2000","Hc","fld_s","share_upper_le_tau",2,1,0,0.995796,1,910,"27170d87"
"orfs","fs","or075","OR 0.75 n2000","Hc","fld_s","bound_mean",,0.77476894,0.00238237,,,910,"27170d87"
"orfs","fs","or075","OR 0.75 n2000","Hc","fld_s","bound_q05",,0.66258771,,,,910,"27170d87"
"orfs","fs","or075","OR 0.75 n2000","Hc","fld_s","bound_q25",,0.72765246,,,,910,"27170d87"
"orfs","fs","or075","OR 0.75 n2000","Hc","fld_s","bound_q50",,0.77071491,,,,910,"27170d87"
"orfs","fs","or075","OR 0.75 n2000","Hc","fld_s","bound_q75",,0.81698319,,,,910,"27170d87"
"orfs","fs","or075","OR 0.75 n2000","Hc","fld_s","bound_q95",,0.90541367,,,,910,"27170d87"
"orfs","fs","or075","OR 0.75 n2000","Hc","oracle","share_upper_le_tau",0.7,0.11318681,0.0105025,0.0942073,0.135418,910,"27170d87"
"orfs","fs","or075","OR 0.75 n2000","Hc","oracle","share_upper_le_tau",0.8,0.60769231,0.0161858,0.57558,0.6389,910,"27170d87"
"orfs","fs","or075","OR 0.75 n2000","Hc","oracle","share_upper_le_tau",0.9,0.93296703,0.00829004,0.914831,0.947463,910,"27170d87"
"orfs","fs","or075","OR 0.75 n2000","Hc","oracle","share_upper_le_tau",1,0.99340659,0.00268286,0.98569,0.996975,910,"27170d87"
"orfs","fs","or075","OR 0.75 n2000","Hc","oracle","share_upper_le_tau",1.25,1,0,0.995796,1,910,"27170d87"
"orfs","fs","or075","OR 0.75 n2000","Hc","oracle","share_upper_le_tau",1.5,1,0,0.995796,1,910,"27170d87"
"orfs","fs","or075","OR 0.75 n2000","Hc","oracle","share_upper_le_tau",2,1,0,0.995796,1,910,"27170d87"
"orfs","fs","or075","OR 0.75 n2000","Hc","oracle","bound_mean",,0.78348582,0.00249566,,,910,"27170d87"
"orfs","fs","or075","OR 0.75 n2000","Hc","oracle","bound_q05",,0.66465731,,,,910,"27170d87"
"orfs","fs","or075","OR 0.75 n2000","Hc","oracle","bound_q25",,0.73314637,,,,910,"27170d87"
"orfs","fs","or075","OR 0.75 n2000","Hc","oracle","bound_q50",,0.77953454,,,,910,"27170d87"
"orfs","fs","or075","OR 0.75 n2000","Hc","oracle","bound_q75",,0.82746991,,,,910,"27170d87"
"orfs","fs","or075","OR 0.75 n2000","Hc","oracle","bound_q95",,0.91583979,,,,910,"27170d87"
"orfs","fs","or075","OR 0.75 n2000","Hc","fld","share_upper_le_tau",0.7,0.15714286,0.0120643,0.134944,0.182224,910,"27170d87"
"orfs","fs","or075","OR 0.75 n2000","Hc","fld","share_upper_le_tau",0.8,0.67142857,0.0155702,0.640247,0.701169,910,"27170d87"
"orfs","fs","or075","OR 0.75 n2000","Hc","fld","share_upper_le_tau",0.9,0.94725275,0.0074099,0.930759,0.959987,910,"27170d87"
"orfs","fs","or075","OR 0.75 n2000","Hc","fld","share_upper_le_tau",1,0.9967033,0.00190021,0.990352,0.998878,910,"27170d87"
"orfs","fs","or075","OR 0.75 n2000","Hc","fld","share_upper_le_tau",1.25,1,0,0.995796,1,910,"27170d87"
"orfs","fs","or075","OR 0.75 n2000","Hc","fld","share_upper_le_tau",1.5,1,0,0.995796,1,910,"27170d87"
"orfs","fs","or075","OR 0.75 n2000","Hc","fld","share_upper_le_tau",2,1,0,0.995796,1,910,"27170d87"
"orfs","fs","or075","OR 0.75 n2000","Hc","fld","bound_mean",,0.77350039,0.00239314,,,910,"27170d87"
"orfs","fs","or075","OR 0.75 n2000","Hc","fld","bound_q05",,0.66261377,,,,910,"27170d87"
"orfs","fs","or075","OR 0.75 n2000","Hc","fld","bound_q25",,0.72683074,,,,910,"27170d87"
"orfs","fs","or075","OR 0.75 n2000","Hc","fld","bound_q50",,0.76879804,,,,910,"27170d87"
"orfs","fs","or075","OR 0.75 n2000","Hc","fld","bound_q75",,0.81521971,,,,910,"27170d87"
"orfs","fs","or075","OR 0.75 n2000","Hc","fld","bound_q95",,0.90447911,,,,910,"27170d87"
"orfs","fs","or075","OR 0.75 n2000","Hc","mr","share_upper_le_tau",0.7,0.0054945055,0.00245046,0.00234914,0.0127973,910,"27170d87"
"orfs","fs","or075","OR 0.75 n2000","Hc","mr","share_upper_le_tau",0.8,0.12967033,0.0111363,0.109391,0.153063,910,"27170d87"
"orfs","fs","or075","OR 0.75 n2000","Hc","mr","share_upper_le_tau",0.9,0.56263736,0.0164443,0.530211,0.594537,910,"27170d87"
"orfs","fs","or075","OR 0.75 n2000","Hc","mr","share_upper_le_tau",1,0.9032967,0.0097975,0.882364,0.920839,910,"27170d87"
"orfs","fs","or075","OR 0.75 n2000","Hc","mr","share_upper_le_tau",1.25,1,0,0.995796,1,910,"27170d87"
"orfs","fs","or075","OR 0.75 n2000","Hc","mr","share_upper_le_tau",1.5,1,0,0.995796,1,910,"27170d87"
"orfs","fs","or075","OR 0.75 n2000","Hc","mr","share_upper_le_tau",2,1,0,0.995796,1,910,"27170d87"
"orfs","fs","or075","OR 0.75 n2000","Hc","mr","bound_mean",,0.89165893,0.00273234,,,910,"27170d87"
"orfs","fs","or075","OR 0.75 n2000","Hc","mr","bound_q05",,0.76453581,,,,910,"27170d87"
"orfs","fs","or075","OR 0.75 n2000","Hc","mr","bound_q25",,0.83742288,,,,910,"27170d87"
"orfs","fs","or075","OR 0.75 n2000","Hc","mr","bound_q50",,0.88754466,,,,910,"27170d87"
"orfs","fs","or075","OR 0.75 n2000","Hc","mr","bound_q75",,0.93997607,,,,910,"27170d87"
"orfs","fs","or075","OR 0.75 n2000","Hc","mr","bound_q95",,1.0421588,,,,910,"27170d87"
"orfs","fs","or075","OR 0.75 n2000","Hc","naive","share_upper_le_tau",0.7,0.26923077,0.0147039,0.241426,0.298976,910,"27170d87"
"orfs","fs","or075","OR 0.75 n2000","Hc","naive","share_upper_le_tau",0.8,0.81538462,0.0128616,0.788869,0.839249,910,"27170d87"
"orfs","fs","or075","OR 0.75 n2000","Hc","naive","share_upper_le_tau",0.9,0.98351648,0.0042208,0.972982,0.989986,910,"27170d87"
"orfs","fs","or075","OR 0.75 n2000","Hc","naive","share_upper_le_tau",1,0.9989011,0.0010983,0.993802,0.999806,910,"27170d87"
"orfs","fs","or075","OR 0.75 n2000","Hc","naive","share_upper_le_tau",1.25,1,0,0.995796,1,910,"27170d87"
"orfs","fs","or075","OR 0.75 n2000","Hc","naive","share_upper_le_tau",1.5,1,0,0.995796,1,910,"27170d87"
"orfs","fs","or075","OR 0.75 n2000","Hc","naive","share_upper_le_tau",2,1,0,0.995796,1,910,"27170d87"
"orfs","fs","or075","OR 0.75 n2000","Hc","naive","bound_mean",,0.74128859,0.00226232,,,910,"27170d87"
"orfs","fs","or075","OR 0.75 n2000","Hc","naive","bound_q05",,0.63670639,,,,910,"27170d87"
"orfs","fs","or075","OR 0.75 n2000","Hc","naive","bound_q25",,0.69591086,,,,910,"27170d87"
"orfs","fs","or075","OR 0.75 n2000","Hc","naive","bound_q50",,0.73729668,,,,910,"27170d87"
"orfs","fs","or075","OR 0.75 n2000","Hc","naive","bound_q75",,0.78203479,,,,910,"27170d87"
"orfs","fs","or075","OR 0.75 n2000","Hc","naive","bound_q95",,0.86569271,,,,910,"27170d87"
"orfs","fs","or075","OR 0.75 n2000","joint","bonf_s","joint_coverage",,0.96263736,0.0062868,0.948244,0.973141,910,"27170d87"
"orfs","fs","or075","OR 0.75 n2000","joint","bonf_s","share_both_bounds",,1,0,0.995796,1,910,"27170d87"
"orfs","fs","or075","OR 0.75 n2000","joint","bonf_s","cov_H",,0.99340659,0.00268286,0.98569,0.996975,910,"27170d87"
"orfs","fs","or075","OR 0.75 n2000","joint","bonf_s","cov_Hc",,0.96923077,0.00572468,0.955889,0.978627,910,"27170d87"
"orfs","fs","or075","OR 0.75 n2000","joint","bonf_s","margin_H_or",,0.59410825,0.00716693,,,910,"27170d87"
"orfs","fs","or075","OR 0.75 n2000","joint","bonf_s","margin_Hc_or",,0.14134441,0.000506698,,,910,"27170d87"
"orfs","fs","or075","OR 0.75 n2000","joint","bonf","joint_coverage",,0.96043956,0.00646167,0.945719,0.971289,910,"27170d87"
"orfs","fs","or075","OR 0.75 n2000","joint","bonf","share_both_bounds",,1,0,0.995796,1,910,"27170d87"
"orfs","fs","or075","OR 0.75 n2000","joint","bonf","cov_H",,0.99340659,0.00268286,0.98569,0.996975,910,"27170d87"
"orfs","fs","or075","OR 0.75 n2000","joint","bonf","cov_Hc",,0.96703297,0.00591888,0.953328,0.976811,910,"27170d87"
"orfs","fs","or075","OR 0.75 n2000","joint","bonf","margin_H_or",,0.59410825,0.00716693,,,910,"27170d87"
"orfs","fs","or075","OR 0.75 n2000","joint","bonf","margin_Hc_or",,0.13990802,0.000501841,,,910,"27170d87"
"orfs","fs","or075","OR 0.75 n2000","joint","separate_s","joint_coverage",,0.92087912,0.008948,0.90152,0.9367,910,"27170d87"
"orfs","fs","or075","OR 0.75 n2000","joint","separate_s","share_both_bounds",,1,0,0.995796,1,910,"27170d87"
"orfs","fs","or075","OR 0.75 n2000","joint","separate_s","cov_H",,0.97802198,0.00486013,0.966297,0.985728,910,"27170d87"
"orfs","fs","or075","OR 0.75 n2000","joint","separate_s","cov_Hc",,0.94175824,0.00776366,0.924604,0.955199,910,"27170d87"
"orfs","fs","or075","OR 0.75 n2000","joint","separate_s","margin_H_or",,0.53552115,0.0064466,,,910,"27170d87"
"orfs","fs","or075","OR 0.75 n2000","joint","separate_s","margin_Hc_or",,0.11781776,0.000422494,,,910,"27170d87"
"orfs","fs","or075","OR 0.75 n2000","joint","calibrated","gamma_mean_s",,0.025097802,1.00948e-05,,,910,"27170d87"
"orfs","fs","or075","OR 0.75 n2000","joint","calibrated","corr_s",,0.064368232,0.00153301,,,910,"27170d87"
"orfs","fs","or075","OR 0.75 n2000","joint","calibrated","gamma_mean",,0.02509011,9.74853e-06,,,910,"27170d87"
"orfs","fs","or075","OR 0.75 n2000","joint","calibrated","corr",,0.066169511,0.00155588,,,910,"27170d87"
"orfs","fs","or075","OR 0.75 n2000","H","all","mean_size_hhat",,138.89451,2.41822,,,910,"27170d87"
"orfs","fs","or075","OR 0.75 n2000","H","all","mean_true_positives",,26.39011,1.18103,,,910,"27170d87"
"orfs","fs","or075","OR 0.75 n2000","H","all","sensitivity_mean",,0.088769839,0.00399748,,,910,"27170d87"
"orfs","fs","or075","OR 0.75 n2000","H","all","ppv_mean",,0.19433721,0.00755052,,,910,"27170d87"
"orfs","fs","or075","OR 0.75 n2000","H","all","spec_mean",,0.93390355,0.00130668,,,910,"27170d87"
"orfs","fs","or075","OR 0.75 n2000","H","all","mean_n_family",,2963.0297,2.0626,,,910,"27170d87"
"orfs","fs","or075","OR 0.75 n2000","H","all","mean_admitted_n",,,,,,0,"27170d87"
"orfs","fs","or075","OR 0.75 n2000","H","all","mean_proposed_n",,,,,,0,"27170d87"
"orfs","fs","or075","OR 0.75 n2000","H","all","mean_n_cons_qual",,21.075824,1.26167,,,910,"27170d87"
"orfs","fs","or075","OR 0.75 n2000","H","all","mean_band_n",,2.2461538,0.0512995,,,910,"27170d87"
"orfs","fs","or075","OR 0.75 n2000","H","all","mean_n_true",,297.97143,0.496647,,,910,"27170d87"
"orfs","fs","or075","OR 0.75 n2000","H","all","p_hat_mean",,0.10080154,0.00310064,,,910,"27170d87"
"orfs","fs","or075","OR 0.75 n2000","H","all","p_hat_share_lt_05",,0.9989011,0.0010983,0.993802,0.999806,910,"27170d87"
"orfs","fs","or075","OR 0.75 n2000","Hc","mr","sd_btc_over_naive_se",,0.96596688,,,,910,"27170d87"
"orfs","fs","or075","OR 0.75 n2000","Hc","fld","lamsd_over_naive_se",,0.98842792,,,,910,"27170d87"
"orfs","fs","or075","OR 0.75 n2000","Hc","fld_s","lamsd_over_naive_se",,0.99993289,,,,910,"27170d87"
"orfs","fs","or075","OR 0.75 n2000","all","all","secs_fit_mr_mean",,285.77196,2.92141,,,1000,"27170d87"
"orfs","fs","or075","OR 0.75 n2000","all","all","secs_id_mean",,27.113727,0.181454,,,1000,"27170d87"
"orfs","fs","or075","OR 0.75 n2000","all","all","secs_field_mean",,71.177267,0.376339,,,910,"27170d87"
"orfs","fs","or075","OR 0.75 n2000","all","all","secs_complement_mean",,28.484208,0.178765,,,910,"27170d87"
"orfs","fs","or075","OR 0.75 n2000","H","naive","display_b",,4.0231209,,,,910,"27170d87"
"orfs","fs","or075","OR 0.75 n2000","H","naive","display_r",,1.5249047,,,,910,"27170d87"
"orfs","fs","or075","OR 0.75 n2000","H","naive","display_cov1",,0,,,,910,"27170d87"
"orfs","fs","or075","OR 0.75 n2000","H","naive","display_cov1_ref",,0.064901911,,,,910,"27170d87"
"orfs","fs","or075","OR 0.75 n2000","H","naive","display_cov2",,0.021978022,,,,910,"27170d87"
"orfs","fs","or075","OR 0.75 n2000","H","naive","display_cov2_ref",,0.15048332,,,,910,"27170d87"
"orfs","fs","or075","OR 0.75 n2000","H","mr","display_b",,0.69559465,,,,910,"27170d87"
"orfs","fs","or075","OR 0.75 n2000","H","mr","display_r",,1.4951963,,,,910,"27170d87"
"orfs","fs","or075","OR 0.75 n2000","H","mr","display_cov1",,0.96923077,,,,910,"27170d87"
"orfs","fs","or075","OR 0.75 n2000","H","mr","display_cov1_ref",,0.96111586,,,,910,"27170d87"
"orfs","fs","or075","OR 0.75 n2000","H","mr","display_cov2",,0.98901099,,,,910,"27170d87"
"orfs","fs","or075","OR 0.75 n2000","H","mr","display_cov2_ref",,0.98714538,,,,910,"27170d87"
"orfs","fs","or075","OR 0.75 n2000","H","fld","display_b",,0.20012895,,,,910,"27170d87"
"orfs","fs","or075","OR 0.75 n2000","H","fld","display_r",,1.3536578,,,,910,"27170d87"
"orfs","fs","or075","OR 0.75 n2000","H","fld","display_cov1",,0.97802198,,,,910,"27170d87"
"orfs","fs","or075","OR 0.75 n2000","H","fld","display_cov1_ref",,0.97864014,,,,910,"27170d87"
"orfs","fs","or075","OR 0.75 n2000","H","fld","display_cov2",,0.99230769,,,,910,"27170d87"
"orfs","fs","or075","OR 0.75 n2000","H","fld","display_cov2_ref",,0.99075259,,,,910,"27170d87"
"orfs","fs","or075","OR 0.75 n2000","Hc","naive","display_b",,-0.61639775,,,,910,"27170d87"
"orfs","fs","or075","OR 0.75 n2000","Hc","naive","display_r",,1.034612,,,,910,"27170d87"
"orfs","fs","or075","OR 0.75 n2000","Hc","naive","display_cov1",,0.86483516,,,,910,"27170d87"
"orfs","fs","or075","OR 0.75 n2000","Hc","naive","display_cov1_ref",,0.86112497,,,,910,"27170d87"
"orfs","fs","or075","OR 0.75 n2000","Hc","naive","display_cov2",,0.91318681,,,,910,"27170d87"
"orfs","fs","or075","OR 0.75 n2000","Hc","naive","display_cov2_ref",,0.91684309,,,,910,"27170d87"
"orfs","fs","or075","OR 0.75 n2000","Hc","mr","display_b",,-0.22100402,,,,910,"27170d87"
"orfs","fs","or075","OR 0.75 n2000","Hc","mr","display_r",,2.0086314,,,,910,"27170d87"
"orfs","fs","or075","OR 0.75 n2000","Hc","mr","display_cov1",,0.9989011,,,,910,"27170d87"
"orfs","fs","or075","OR 0.75 n2000","Hc","mr","display_cov1_ref",,0.99897503,,,,910,"27170d87"
"orfs","fs","or075","OR 0.75 n2000","Hc","mr","display_cov2",,1,,,,910,"27170d87"
"orfs","fs","or075","OR 0.75 n2000","Hc","mr","display_cov2_ref",,0.99988267,,,,910,"27170d87"
"orfs","fs","or075","OR 0.75 n2000","Hc","fld","display_b",,-0.13435842,,,,910,"27170d87"
"orfs","fs","or075","OR 0.75 n2000","Hc","fld","display_r",,1.018745,,,,910,"27170d87"
"orfs","fs","or075","OR 0.75 n2000","Hc","fld","display_cov1",,0.93846154,,,,910,"27170d87"
"orfs","fs","or075","OR 0.75 n2000","Hc","fld","display_cov1_ref",,0.93838152,,,,910,"27170d87"
"orfs","fs","or075","OR 0.75 n2000","Hc","fld","display_cov2",,0.94615385,,,,910,"27170d87"
"orfs","fs","or075","OR 0.75 n2000","Hc","fld","display_cov2_ref",,0.95218076,,,,910,"27170d87"
"orfs","fs","or075","OR 0.75 n2000","Hc","fld_s","display_b",,-0.13424793,,,,910,"27170d87"
"orfs","fs","or075","OR 0.75 n2000","Hc","fld_s","display_r",,1.0309054,,,,910,"27170d87"
"orfs","fs","or075","OR 0.75 n2000","Hc","fld_s","display_cov1",,0.94175824,,,,910,"27170d87"
"orfs","fs","or075","OR 0.75 n2000","Hc","fld_s","display_cov1_ref",,0.94079008,,,,910,"27170d87"
"orfs","fs","or075","OR 0.75 n2000","Hc","fld_s","display_cov2",,0.94835165,,,,910,"27170d87"
"orfs","fs","or075","OR 0.75 n2000","Hc","fld_s","display_cov2_ref",,0.95478271,,,,910,"27170d87"
"orgrf","grf","or075","OR 0.75 n2000","H","all","declaration_rate",,0.999,0.0009995,0.994357,0.999823,1000,"738d6770"
"orgrf","grf","or075","OR 0.75 n2000","H","naive","n_nonconvergent_fits",,0,,,,999,"738d6770"
"orgrf","grf","or075","OR 0.75 n2000","H","naive","bias_or",,1.2592963,0.0228188,,,999,"738d6770"
"orgrf","grf","or075","OR 0.75 n2000","H","naive","bias_log",,1.0087827,0.0103894,,,999,"738d6770"
"orgrf","grf","or075","OR 0.75 n2000","H","naive","bias_sd_units",,3.1284246,0.0322196,,,999,"738d6770"
"orgrf","grf","or075","OR 0.75 n2000","H","naive","sd_emp_or",,0.7194859,0.0161043,,,999,"738d6770"
"orgrf","grf","or075","OR 0.75 n2000","H","naive","sd_emp_log",,0.32245708,0.00721758,,,999,"738d6770"
"orgrf","grf","or075","OR 0.75 n2000","H","naive","se_mean",,0.42231062,0.00388607,,,999,"738d6770"
"orgrf","grf","or075","OR 0.75 n2000","H","naive","se_over_sd",,1.3096646,0.0316949,,,999,"738d6770"
"orgrf","grf","or075","OR 0.75 n2000","H","naive","cov1_lower",,0.059059059,0.00745833,0.0460606,0.0754356,999,"738d6770"
"orgrf","grf","or075","OR 0.75 n2000","H","naive","cov2",,0.17917918,0.0121335,0.156641,0.204175,999,"738d6770"
"orgrf","grf","or075","OR 0.75 n2000","H","naive","halfwidth_or",,2.021732,,,,999,"738d6770"
"orgrf","grf","or075","OR 0.75 n2000","H","naive","margin1_or",,0.99214297,,,,999,"738d6770"
"orgrf","grf","or075","OR 0.75 n2000","H","naive","cov2_theta_dagger",,0.3973974,0.0154826,0.367501,0.42808,999,"738d6770"
"orgrf","grf","or075","OR 0.75 n2000","H","naive","cov1_lower_theta_dagger",,0.18418418,0.0122642,0.161372,0.209416,999,"738d6770"
"orgrf","grf","or075","OR 0.75 n2000","H","naive","cov2_theta_ddagger",,0.36636637,0.0152438,0.337054,0.396703,999,"738d6770"
"orgrf","grf","or075","OR 0.75 n2000","H","naive","cov1_lower_theta_ddagger",,0.15515516,0.0114548,0.134029,0.178923,999,"738d6770"
"orgrf","grf","or075","OR 0.75 n2000","H","oracle","n_nonconvergent_fits",,0,,,,999,"738d6770"
"orgrf","grf","or075","OR 0.75 n2000","H","oracle","bias_or",,0.012244448,0.00598173,,,999,"738d6770"
"orgrf","grf","or075","OR 0.75 n2000","H","oracle","bias_log",,-0.013687606,0.00774542,,,999,"738d6770"
"orgrf","grf","or075","OR 0.75 n2000","H","oracle","bias_sd_units",,-0.055911352,0.0316386,,,999,"738d6770"
"orgrf","grf","or075","OR 0.75 n2000","H","oracle","sd_emp_or",,0.1890644,0.00423184,,,999,"738d6770"
"orgrf","grf","or075","OR 0.75 n2000","H","oracle","sd_emp_log",,0.24480906,0.00547958,,,999,"738d6770"
"orgrf","grf","or075","OR 0.75 n2000","H","oracle","se_mean",,0.23382627,0.000197117,,,999,"738d6770"
"orgrf","grf","or075","OR 0.75 n2000","H","oracle","se_over_sd",,0.95513733,0.0213941,,,999,"738d6770"
"orgrf","grf","or075","OR 0.75 n2000","H","oracle","cov1_lower",,0.93893894,0.00757562,0.922343,0.952172,999,"738d6770"
"orgrf","grf","or075","OR 0.75 n2000","H","oracle","cov2",,0.93093093,0.00802265,0.9135,0.945061,999,"738d6770"
"orgrf","grf","or075","OR 0.75 n2000","H","oracle","halfwidth_or",,0.36131173,,,,999,"738d6770"
"orgrf","grf","or075","OR 0.75 n2000","H","oracle","margin1_or",,0.24313798,,,,999,"738d6770"
"orgrf","grf","or075","OR 0.75 n2000","H","mr","n_nonconvergent_fits",,0,,,,999,"738d6770"
"orgrf","grf","or075","OR 0.75 n2000","H","mr","bias_or",,0.25701875,0.0137022,,,999,"738d6770"
"orgrf","grf","or075","OR 0.75 n2000","H","mr","bias_log",,0.25181059,0.0118961,,,999,"738d6770"
"orgrf","grf","or075","OR 0.75 n2000","H","mr","bias_sd_units",,0.6792077,0.0320873,,,999,"738d6770"
"orgrf","grf","or075","OR 0.75 n2000","H","mr","sd_emp_or",,0.43092935,0.00964552,,,999,"738d6770"
"orgrf","grf","or075","OR 0.75 n2000","H","mr","sd_emp_log",,0.37074166,0.00829834,,,999,"738d6770"
"orgrf","grf","or075","OR 0.75 n2000","H","mr","se_mean",,0.48789106,0.00406981,,,999,"738d6770"
"orgrf","grf","or075","OR 0.75 n2000","H","mr","se_over_sd",,1.3159866,0.0314349,,,999,"738d6770"
"orgrf","grf","or075","OR 0.75 n2000","H","mr","cov1_lower",,0.95695696,0.00642118,0.942524,0.967889,999,"738d6770"
"orgrf","grf","or075","OR 0.75 n2000","H","mr","cov2",,0.97997998,0.00443158,0.969279,0.987003,999,"738d6770"
"orgrf","grf","or075","OR 0.75 n2000","H","mr","halfwidth_or",,1.1737407,,,,999,"738d6770"
"orgrf","grf","or075","OR 0.75 n2000","H","mr","margin1_or",,0.52152933,,,,999,"738d6770"
"orgrf","grf","or075","OR 0.75 n2000","H","mr","cov2_theta_dagger",,0.98998999,0.00314956,0.981672,0.994554,999,"738d6770"
"orgrf","grf","or075","OR 0.75 n2000","H","mr","cov1_lower_theta_dagger",,0.97597598,0.00484462,0.964502,0.983804,999,"738d6770"
"orgrf","grf","or075","OR 0.75 n2000","H","mr","cov2_theta_ddagger",,0.98898899,0.00330162,0.980391,0.993841,999,"738d6770"
"orgrf","grf","or075","OR 0.75 n2000","H","mr","cov1_lower_theta_ddagger",,0.97197197,0.00522204,0.95979,0.980538,999,"738d6770"
"orgrf","grf","or075","OR 0.75 n2000","H","fld","n_nonconvergent_fits",,0,,,,999,"738d6770"
"orgrf","grf","or075","OR 0.75 n2000","H","fld","bias_or",,0.1349993,0.0125651,,,999,"738d6770"
"orgrf","grf","or075","OR 0.75 n2000","H","fld","bias_log",,0.1051525,0.0121842,,,999,"738d6770"
"orgrf","grf","or075","OR 0.75 n2000","H","fld","bias_sd_units",,0.27670196,0.032062,,,999,"738d6770"
"orgrf","grf","or075","OR 0.75 n2000","H","fld","sd_emp_or",,0.39490248,0.00883913,,,999,"738d6770"
"orgrf","grf","or075","OR 0.75 n2000","H","fld","sd_emp_log",,0.38002079,0.00850603,,,999,"738d6770"
"orgrf","grf","or075","OR 0.75 n2000","H","fld","se_mean",,0.41707596,0.000933991,,,999,"738d6770"
"orgrf","grf","or075","OR 0.75 n2000","H","fld","se_over_sd",,1.0975083,0.0246882,,,999,"738d6770"
"orgrf","grf","or075","OR 0.75 n2000","H","fld","cov1_lower",,0.94494494,0.00721638,0.929021,0.95746,999,"738d6770"
"orgrf","grf","or075","OR 0.75 n2000","H","fld","cov2",,0.96896897,0.00548618,0.956291,0.978054,999,"738d6770"
"orgrf","grf","or075","OR 0.75 n2000","H","fld","halfwidth_or",,0.65697447,,,,999,"738d6770"
"orgrf","grf","or075","OR 0.75 n2000","H","fld","margin1_or",,0.54624728,,,,999,"738d6770"
"orgrf","grf","or075","OR 0.75 n2000","H","fld","cov2_theta_dagger",,0.96996997,0.00539976,0.957454,0.978885,999,"738d6770"
"orgrf","grf","or075","OR 0.75 n2000","H","fld","cov1_lower_theta_dagger",,0.96796797,0.00557109,0.955131,0.97722,999,"738d6770"
"orgrf","grf","or075","OR 0.75 n2000","H","fld","cov2_theta_ddagger",,0.97097097,0.00531174,0.958621,0.979713,999,"738d6770"
"orgrf","grf","or075","OR 0.75 n2000","H","fld","cov1_lower_theta_ddagger",,0.96596597,0.0057366,0.952818,0.975544,999,"738d6770"
"orgrf","grf","or075","OR 0.75 n2000","H","fld","share_lower_ge_tau",0.7,0.037037037,0.00597503,0.0269883,0.0506326,999,"738d6770"
"orgrf","grf","or075","OR 0.75 n2000","H","fld","share_lower_ge_tau",0.8,0.025025025,0.00494198,0.0170072,0.0366817,999,"738d6770"
"orgrf","grf","or075","OR 0.75 n2000","H","fld","share_lower_ge_tau",0.9,0.014014014,0.00371907,0.00836596,0.0233853,999,"738d6770"
"orgrf","grf","or075","OR 0.75 n2000","H","fld","share_lower_ge_tau",1,0.009009009,0.00298945,0.00474681,0.0170328,999,"738d6770"
"orgrf","grf","or075","OR 0.75 n2000","H","fld","share_lower_ge_tau",1.25,0.003003003,0.00173118,0.00102181,0.00879177,999,"738d6770"
"orgrf","grf","or075","OR 0.75 n2000","H","fld","share_lower_ge_tau",1.5,0.002002002,0.00141421,0.000549193,0.00727005,999,"738d6770"
"orgrf","grf","or075","OR 0.75 n2000","H","fld","share_lower_ge_tau",2,0.001001001,0.0010005,0.000176723,0.00564818,999,"738d6770"
"orgrf","grf","or075","OR 0.75 n2000","H","fld","bound_mean",,0.37483871,0.00521548,,,999,"738d6770"
"orgrf","grf","or075","OR 0.75 n2000","H","fld","bound_q05",,0.20554602,,,,999,"738d6770"
"orgrf","grf","or075","OR 0.75 n2000","H","fld","bound_q25",,0.26959768,,,,999,"738d6770"
"orgrf","grf","or075","OR 0.75 n2000","H","fld","bound_q50",,0.33440732,,,,999,"738d6770"
"orgrf","grf","or075","OR 0.75 n2000","H","fld","bound_q75",,0.4333444,,,,999,"738d6770"
"orgrf","grf","or075","OR 0.75 n2000","H","fld","bound_q95",,0.67264137,,,,999,"738d6770"
"orgrf","grf","or075","OR 0.75 n2000","H","oracle","share_lower_ge_tau",0.7,0.097097097,0.00936787,0.0802501,0.117031,999,"738d6770"
"orgrf","grf","or075","OR 0.75 n2000","H","oracle","share_lower_ge_tau",0.8,0.029029029,0.00531174,0.0202868,0.0413794,999,"738d6770"
"orgrf","grf","or075","OR 0.75 n2000","H","oracle","share_lower_ge_tau",0.9,0.009009009,0.00298945,0.00474681,0.0170328,999,"738d6770"
"orgrf","grf","or075","OR 0.75 n2000","H","oracle","share_lower_ge_tau",1,0.002002002,0.00141421,0.000549193,0.00727005,999,"738d6770"
"orgrf","grf","or075","OR 0.75 n2000","H","oracle","share_lower_ge_tau",1.25,0,0,-2.1684e-19,0.00383057,999,"738d6770"
"orgrf","grf","or075","OR 0.75 n2000","H","oracle","share_lower_ge_tau",1.5,0,0,-2.1684e-19,0.00383057,999,"738d6770"
"orgrf","grf","or075","OR 0.75 n2000","H","oracle","share_lower_ge_tau",2,0,0,-2.1684e-19,0.00383057,999,"738d6770"
"orgrf","grf","or075","OR 0.75 n2000","H","oracle","bound_mean",,0.51910646,0.00409558,,,999,"738d6770"
"orgrf","grf","or075","OR 0.75 n2000","H","oracle","bound_q05",,0.32655526,,,,999,"738d6770"
"orgrf","grf","or075","OR 0.75 n2000","H","oracle","bound_q25",,0.43257373,,,,999,"738d6770"
"orgrf","grf","or075","OR 0.75 n2000","H","oracle","bound_q50",,0.50257635,,,,999,"738d6770"
"orgrf","grf","or075","OR 0.75 n2000","H","oracle","bound_q75",,0.58895604,,,,999,"738d6770"
"orgrf","grf","or075","OR 0.75 n2000","H","oracle","bound_q95",,0.76137683,,,,999,"738d6770"
"orgrf","grf","or075","OR 0.75 n2000","H","mr","share_lower_ge_tau",0.7,0.034034034,0.0057366,0.0244559,0.047182,999,"738d6770"
"orgrf","grf","or075","OR 0.75 n2000","H","mr","share_lower_ge_tau",0.8,0.018018018,0.00420845,0.0114272,0.0283014,999,"738d6770"
"orgrf","grf","or075","OR 0.75 n2000","H","mr","share_lower_ge_tau",0.9,0.008008008,0.0028199,0.00406326,0.015722,999,"738d6770"
"orgrf","grf","or075","OR 0.75 n2000","H","mr","share_lower_ge_tau",1,0.004004004,0.00199799,0.00155815,0.0102498,999,"738d6770"
"orgrf","grf","or075","OR 0.75 n2000","H","mr","share_lower_ge_tau",1.25,0,0,-2.1684e-19,0.00383057,999,"738d6770"
"orgrf","grf","or075","OR 0.75 n2000","H","mr","share_lower_ge_tau",1.5,0,0,-2.1684e-19,0.00383057,999,"738d6770"
"orgrf","grf","or075","OR 0.75 n2000","H","mr","share_lower_ge_tau",2,0,0,-2.1684e-19,0.00383057,999,"738d6770"
"orgrf","grf","or075","OR 0.75 n2000","H","mr","bound_mean",,0.39955665,0.00410856,,,999,"738d6770"
"orgrf","grf","or075","OR 0.75 n2000","H","mr","bound_q05",,0.25381989,,,,999,"738d6770"
"orgrf","grf","or075","OR 0.75 n2000","H","mr","bound_q25",,0.31218823,,,,999,"738d6770"
"orgrf","grf","or075","OR 0.75 n2000","H","mr","bound_q50",,0.37526731,,,,999,"738d6770"
"orgrf","grf","or075","OR 0.75 n2000","H","mr","bound_q75",,0.45185484,,,,999,"738d6770"
"orgrf","grf","or075","OR 0.75 n2000","H","mr","bound_q95",,0.64653214,,,,999,"738d6770"
"orgrf","grf","or075","OR 0.75 n2000","H","naive","share_lower_ge_tau",0.7,0.9019019,0.00941081,0.881889,0.918836,999,"738d6770"
"orgrf","grf","or075","OR 0.75 n2000","H","naive","share_lower_ge_tau",0.8,0.70770771,0.0143897,0.678752,0.735073,999,"738d6770"
"orgrf","grf","or075","OR 0.75 n2000","H","naive","share_lower_ge_tau",0.9,0.48948949,0.0158158,0.458591,0.520469,999,"738d6770"
"orgrf","grf","or075","OR 0.75 n2000","H","naive","share_lower_ge_tau",1,0.2972973,0.014461,0.269774,0.326373,999,"738d6770"
"orgrf","grf","or075","OR 0.75 n2000","H","naive","share_lower_ge_tau",1.25,0.074074074,0.00828588,0.0594148,0.0919964,999,"738d6770"
"orgrf","grf","or075","OR 0.75 n2000","H","naive","share_lower_ge_tau",1.5,0.027027027,0.00513058,0.0186401,0.0390375,999,"738d6770"
"orgrf","grf","or075","OR 0.75 n2000","H","naive","share_lower_ge_tau",2,0.003003003,0.00173118,0.00102181,0.00879177,999,"738d6770"
"orgrf","grf","or075","OR 0.75 n2000","H","naive","bound_mean",,0.9312206,0.00704571,,,999,"738d6770"
"orgrf","grf","or075","OR 0.75 n2000","H","naive","bound_q05",,0.65583751,,,,999,"738d6770"
"orgrf","grf","or075","OR 0.75 n2000","H","naive","bound_q25",,0.77731184,,,,999,"738d6770"
"orgrf","grf","or075","OR 0.75 n2000","H","naive","bound_q50",,0.89517561,,,,999,"738d6770"
"orgrf","grf","or075","OR 0.75 n2000","H","naive","bound_q75",,1.0304942,,,,999,"738d6770"
"orgrf","grf","or075","OR 0.75 n2000","H","naive","bound_q95",,1.3495342,,,,999,"738d6770"
"orgrf","grf","or075","OR 0.75 n2000","Hc","naive","n_nonconvergent_fits",,0,,,,999,"738d6770"
"orgrf","grf","or075","OR 0.75 n2000","Hc","naive","bias_or",,-0.036015301,0.00194413,,,999,"738d6770"
"orgrf","grf","or075","OR 0.75 n2000","Hc","naive","bias_log",,-0.060138155,0.0030797,,,999,"738d6770"
"orgrf","grf","or075","OR 0.75 n2000","Hc","naive","bias_sd_units",,-0.61793019,0.0316444,,,999,"738d6770"
"orgrf","grf","or075","OR 0.75 n2000","Hc","naive","sd_emp_or",,0.061424267,0.00137486,,,999,"738d6770"
"orgrf","grf","or075","OR 0.75 n2000","Hc","naive","sd_emp_log",,0.097321924,0.00217836,,,999,"738d6770"
"orgrf","grf","or075","OR 0.75 n2000","Hc","naive","se_mean",,0.095600965,6.68104e-05,,,999,"738d6770"
"orgrf","grf","or075","OR 0.75 n2000","Hc","naive","se_over_sd",,0.98231685,0.021998,,,999,"738d6770"
"orgrf","grf","or075","OR 0.75 n2000","Hc","naive","cov1_upper",,0.84184184,0.0115446,0.817911,0.863154,999,"738d6770"
"orgrf","grf","or075","OR 0.75 n2000","Hc","naive","cov2",,0.89489489,0.0097032,0.874341,0.912424,999,"738d6770"
"orgrf","grf","or075","OR 0.75 n2000","Hc","naive","halfwidth_or",,0.11900734,,,,999,"738d6770"
"orgrf","grf","or075","OR 0.75 n2000","Hc","naive","margin1_or",,0.10752211,,,,999,"738d6770"
"orgrf","grf","or075","OR 0.75 n2000","Hc","oracle","n_nonconvergent_fits",,0,,,,999,"738d6770"
"orgrf","grf","or075","OR 0.75 n2000","Hc","oracle","bias_or",,0.0015948124,0.00209158,,,999,"738d6770"
"orgrf","grf","or075","OR 0.75 n2000","Hc","oracle","bias_log",,-0.0025802848,0.00316624,,,999,"738d6770"
"orgrf","grf","or075","OR 0.75 n2000","Hc","oracle","bias_sd_units",,-0.025783415,0.0316386,,,999,"738d6770"
"orgrf","grf","or075","OR 0.75 n2000","Hc","oracle","sd_emp_or",,0.066108516,0.00147971,,,999,"738d6770"
"orgrf","grf","or075","OR 0.75 n2000","Hc","oracle","sd_emp_log",,0.10007537,0.00223999,,,999,"738d6770"
"orgrf","grf","or075","OR 0.75 n2000","Hc","oracle","se_mean",,0.1005807,2.60116e-05,,,999,"738d6770"
"orgrf","grf","or075","OR 0.75 n2000","Hc","oracle","se_over_sd",,1.0050494,0.0224976,,,999,"738d6770"
"orgrf","grf","or075","OR 0.75 n2000","Hc","oracle","cov1_upper",,0.95095095,0.006833,0.935746,0.962701,999,"738d6770"
"orgrf","grf","or075","OR 0.75 n2000","Hc","oracle","cov2",,0.94694695,0.00709145,0.931257,0.959212,999,"738d6770"
"orgrf","grf","or075","OR 0.75 n2000","Hc","oracle","halfwidth_or",,0.13051622,,,,999,"738d6770"
"orgrf","grf","or075","OR 0.75 n2000","Hc","oracle","margin1_or",,0.11834416,,,,999,"738d6770"
"orgrf","grf","or075","OR 0.75 n2000","Hc","mr","n_nonconvergent_fits",,0,,,,999,"738d6770"
"orgrf","grf","or075","OR 0.75 n2000","Hc","mr","bias_or",,-0.010754569,0.00199906,,,999,"738d6770"
"orgrf","grf","or075","OR 0.75 n2000","Hc","mr","bias_log",,-0.02083208,0.00304307,,,999,"738d6770"
"orgrf","grf","or075","OR 0.75 n2000","Hc","mr","bias_sd_units",,-0.21667343,0.0316508,,,999,"738d6770"
"orgrf","grf","or075","OR 0.75 n2000","Hc","mr","sd_emp_or",,0.063150465,0.0014135,,,999,"738d6770"
"orgrf","grf","or075","OR 0.75 n2000","Hc","mr","sd_emp_log",,0.096145062,0.00215202,,,999,"738d6770"
"orgrf","grf","or075","OR 0.75 n2000","Hc","mr","se_mean",,0.18599153,0.000132156,,,999,"738d6770"
"orgrf","grf","or075","OR 0.75 n2000","Hc","mr","se_over_sd",,1.9344886,0.0433216,,,999,"738d6770"
"orgrf","grf","or075","OR 0.75 n2000","Hc","mr","cov1_upper",,0.997998,0.00141421,0.99273,0.999451,999,"738d6770"
"orgrf","grf","or075","OR 0.75 n2000","Hc","mr","cov2",,0.998999,0.0010005,0.994352,0.999823,999,"738d6770"
"orgrf","grf","or075","OR 0.75 n2000","Hc","mr","halfwidth_or",,0.24483248,,,,999,"738d6770"
"orgrf","grf","or075","OR 0.75 n2000","Hc","mr","margin1_or",,0.2351266,,,,999,"738d6770"
"orgrf","grf","or075","OR 0.75 n2000","Hc","fld","n_nonconvergent_fits",,0,,,,999,"738d6770"
"orgrf","grf","or075","OR 0.75 n2000","Hc","fld","bias_or",,-0.0040517317,0.00202235,,,999,"738d6770"
"orgrf","grf","or075","OR 0.75 n2000","Hc","fld","bias_log",,-0.010695925,0.00304675,,,999,"738d6770"
"orgrf","grf","or075","OR 0.75 n2000","Hc","fld","bias_sd_units",,-0.11112023,0.0316527,,,999,"738d6770"
"orgrf","grf","or075","OR 0.75 n2000","Hc","fld","sd_emp_or",,0.06388333,0.00142991,,,999,"738d6770"
"orgrf","grf","or075","OR 0.75 n2000","Hc","fld","sd_emp_log",,0.09625543,0.00215449,,,999,"738d6770"
"orgrf","grf","or075","OR 0.75 n2000","Hc","fld","se_mean",,0.095027962,7.08009e-05,,,999,"738d6770"
"orgrf","grf","or075","OR 0.75 n2000","Hc","fld","se_over_sd",,0.98724781,0.0221099,,,999,"738d6770"
"orgrf","grf","or075","OR 0.75 n2000","Hc","fld","cov1_upper",,0.93093093,0.00802265,0.9135,0.945061,999,"738d6770"
"orgrf","grf","or075","OR 0.75 n2000","Hc","fld","cov2",,0.93893894,0.00757562,0.922343,0.952172,999,"738d6770"
"orgrf","grf","or075","OR 0.75 n2000","Hc","fld","halfwidth_or",,0.12392578,,,,999,"738d6770"
"orgrf","grf","or075","OR 0.75 n2000","Hc","fld","margin1_or",,0.11877383,,,,999,"738d6770"
"orgrf","grf","or075","OR 0.75 n2000","Hc","fld_s","n_nonconvergent_fits",,0,,,,999,"738d6770"
"orgrf","grf","or075","OR 0.75 n2000","Hc","fld_s","bias_or",,-0.0041191166,0.00202133,,,999,"738d6770"
"orgrf","grf","or075","OR 0.75 n2000","Hc","fld_s","bias_log",,-0.010793384,0.00304545,,,999,"738d6770"
"orgrf","grf","or075","OR 0.75 n2000","Hc","fld_s","bias_sd_units",,-0.11218297,0.0316534,,,999,"738d6770"
"orgrf","grf","or075","OR 0.75 n2000","Hc","fld_s","sd_emp_or",,0.063849719,0.00142915,,,999,"738d6770"
"orgrf","grf","or075","OR 0.75 n2000","Hc","fld_s","sd_emp_log",,0.096212315,0.00215353,,,999,"738d6770"
"orgrf","grf","or075","OR 0.75 n2000","Hc","fld_s","se_mean",,0.095398539,9.43931e-05,,,999,"738d6770"
"orgrf","grf","or075","OR 0.75 n2000","Hc","fld_s","se_over_sd",,0.99154187,0.0222154,,,999,"738d6770"
"orgrf","grf","or075","OR 0.75 n2000","Hc","fld_s","cov1_upper",,0.93393393,0.00785895,0.916808,0.947735,999,"738d6770"
"orgrf","grf","or075","OR 0.75 n2000","Hc","fld_s","cov2",,0.94394394,0.00727783,0.927905,0.956582,999,"738d6770"
"orgrf","grf","or075","OR 0.75 n2000","Hc","fld_s","halfwidth_or",,0.12422522,,,,999,"738d6770"
"orgrf","grf","or075","OR 0.75 n2000","Hc","fld_s","margin1_or",,0.11898212,,,,999,"738d6770"
"orgrf","grf","or075","OR 0.75 n2000","Hc","fld_s","share_upper_le_tau",0.7,0.15915916,0.0115742,0.137786,0.183144,999,"738d6770"
"orgrf","grf","or075","OR 0.75 n2000","Hc","fld_s","share_upper_le_tau",0.8,0.65065065,0.0150842,0.62056,0.679587,999,"738d6770"
"orgrf","grf","or075","OR 0.75 n2000","Hc","fld_s","share_upper_le_tau",0.9,0.94794795,0.00702795,0.932377,0.960087,999,"738d6770"
"orgrf","grf","or075","OR 0.75 n2000","Hc","fld_s","share_upper_le_tau",1,0.996997,0.00173118,0.991208,0.998978,999,"738d6770"
"orgrf","grf","or075","OR 0.75 n2000","Hc","fld_s","share_upper_le_tau",1.25,1,0,0.996169,1,999,"738d6770"
"orgrf","grf","or075","OR 0.75 n2000","Hc","fld_s","share_upper_le_tau",1.5,1,0,0.996169,1,999,"738d6770"
"orgrf","grf","or075","OR 0.75 n2000","Hc","fld_s","share_upper_le_tau",2,1,0,0.996169,1,999,"738d6770"
"orgrf","grf","or075","OR 0.75 n2000","Hc","fld_s","bound_mean",,0.77618238,0.0023447,,,999,"738d6770"
"orgrf","grf","or075","OR 0.75 n2000","Hc","fld_s","bound_q05",,0.65754072,,,,999,"738d6770"
"orgrf","grf","or075","OR 0.75 n2000","Hc","fld_s","bound_q25",,0.72600171,,,,999,"738d6770"
"orgrf","grf","or075","OR 0.75 n2000","Hc","fld_s","bound_q50",,0.77282195,,,,999,"738d6770"
"orgrf","grf","or075","OR 0.75 n2000","Hc","fld_s","bound_q75",,0.82123585,,,,999,"738d6770"
"orgrf","grf","or075","OR 0.75 n2000","Hc","fld_s","bound_q95",,0.90552179,,,,999,"738d6770"
"orgrf","grf","or075","OR 0.75 n2000","Hc","oracle","share_upper_le_tau",0.7,0.14814815,0.0112395,0.127468,0.171524,999,"738d6770"
"orgrf","grf","or075","OR 0.75 n2000","Hc","oracle","share_upper_le_tau",0.8,0.63763764,0.0152081,0.607355,0.666865,999,"738d6770"
"orgrf","grf","or075","OR 0.75 n2000","Hc","oracle","share_upper_le_tau",0.9,0.93893894,0.00757562,0.922343,0.952172,999,"738d6770"
"orgrf","grf","or075","OR 0.75 n2000","Hc","oracle","share_upper_le_tau",1,0.99399399,0.00244457,0.986959,0.997245,999,"738d6770"
"orgrf","grf","or075","OR 0.75 n2000","Hc","oracle","share_upper_le_tau",1.25,1,0,0.996169,1,999,"738d6770"
"orgrf","grf","or075","OR 0.75 n2000","Hc","oracle","share_upper_le_tau",1.5,1,0,0.996169,1,999,"738d6770"
"orgrf","grf","or075","OR 0.75 n2000","Hc","oracle","share_upper_le_tau",2,1,0,0.996169,1,999,"738d6770"
"orgrf","grf","or075","OR 0.75 n2000","Hc","oracle","bound_mean",,0.77634672,0.00245555,,,999,"738d6770"
"orgrf","grf","or075","OR 0.75 n2000","Hc","oracle","bound_q05",,0.65879167,,,,999,"738d6770"
"orgrf","grf","or075","OR 0.75 n2000","Hc","oracle","bound_q25",,0.72431284,,,,999,"738d6770"
"orgrf","grf","or075","OR 0.75 n2000","Hc","oracle","bound_q50",,0.77209254,,,,999,"738d6770"
"orgrf","grf","or075","OR 0.75 n2000","Hc","oracle","bound_q75",,0.82196437,,,,999,"738d6770"
"orgrf","grf","or075","OR 0.75 n2000","Hc","oracle","bound_q95",,0.91335242,,,,999,"738d6770"
"orgrf","grf","or075","OR 0.75 n2000","Hc","fld","share_upper_le_tau",0.7,0.16216216,0.011662,0.140606,0.186306,999,"738d6770"
"orgrf","grf","or075","OR 0.75 n2000","Hc","fld","share_upper_le_tau",0.8,0.64764765,0.0151139,0.617511,0.676653,999,"738d6770"
"orgrf","grf","or075","OR 0.75 n2000","Hc","fld","share_upper_le_tau",0.9,0.94694695,0.00709145,0.931257,0.959212,999,"738d6770"
"orgrf","grf","or075","OR 0.75 n2000","Hc","fld","share_upper_le_tau",1,0.996997,0.00173118,0.991208,0.998978,999,"738d6770"
"orgrf","grf","or075","OR 0.75 n2000","Hc","fld","share_upper_le_tau",1.25,1,0,0.996169,1,999,"738d6770"
"orgrf","grf","or075","OR 0.75 n2000","Hc","fld","share_upper_le_tau",1.5,1,0,0.996169,1,999,"738d6770"
"orgrf","grf","or075","OR 0.75 n2000","Hc","fld","share_upper_le_tau",2,1,0,0.996169,1,999,"738d6770"
"orgrf","grf","or075","OR 0.75 n2000","Hc","fld","bound_mean",,0.77597408,0.00235936,,,999,"738d6770"
"orgrf","grf","or075","OR 0.75 n2000","Hc","fld","bound_q05",,0.65734972,,,,999,"738d6770"
"orgrf","grf","or075","OR 0.75 n2000","Hc","fld","bound_q25",,0.72596622,,,,999,"738d6770"
"orgrf","grf","or075","OR 0.75 n2000","Hc","fld","bound_q50",,0.77293754,,,,999,"738d6770"
"orgrf","grf","or075","OR 0.75 n2000","Hc","fld","bound_q75",,0.82225057,,,,999,"738d6770"
"orgrf","grf","or075","OR 0.75 n2000","Hc","fld","bound_q95",,0.90760358,,,,999,"738d6770"
"orgrf","grf","or075","OR 0.75 n2000","Hc","mr","share_upper_le_tau",0.7,0.007007007,0.0026391,0.00339827,0.0143926,999,"738d6770"
"orgrf","grf","or075","OR 0.75 n2000","Hc","mr","share_upper_le_tau",0.8,0.13413413,0.0107823,0.114397,0.156675,999,"738d6770"
"orgrf","grf","or075","OR 0.75 n2000","Hc","mr","share_upper_le_tau",0.9,0.55555556,0.0157213,0.524588,0.586098,999,"738d6770"
"orgrf","grf","or075","OR 0.75 n2000","Hc","mr","share_upper_le_tau",1,0.90790791,0.00914849,0.888381,0.92431,999,"738d6770"
"orgrf","grf","or075","OR 0.75 n2000","Hc","mr","share_upper_le_tau",1.25,1,0,0.996169,1,999,"738d6770"
"orgrf","grf","or075","OR 0.75 n2000","Hc","mr","share_upper_le_tau",1.5,1,0,0.996169,1,999,"738d6770"
"orgrf","grf","or075","OR 0.75 n2000","Hc","mr","share_upper_le_tau",2,1,0,0.996169,1,999,"738d6770"
"orgrf","grf","or075","OR 0.75 n2000","Hc","mr","bound_mean",,0.89232686,0.0026891,,,999,"738d6770"
"orgrf","grf","or075","OR 0.75 n2000","Hc","mr","bound_q05",,0.7563661,,,,999,"738d6770"
"orgrf","grf","or075","OR 0.75 n2000","Hc","mr","bound_q25",,0.83296728,,,,999,"738d6770"
"orgrf","grf","or075","OR 0.75 n2000","Hc","mr","bound_q50",,0.89011855,,,,999,"738d6770"
"orgrf","grf","or075","OR 0.75 n2000","Hc","mr","bound_q75",,0.94692075,,,,999,"738d6770"
"orgrf","grf","or075","OR 0.75 n2000","Hc","mr","bound_q95",,1.0403275,,,,999,"738d6770"
"orgrf","grf","or075","OR 0.75 n2000","Hc","naive","share_upper_le_tau",0.7,0.28628629,0.0143014,0.259116,0.315093,999,"738d6770"
"orgrf","grf","or075","OR 0.75 n2000","Hc","naive","share_upper_le_tau",0.8,0.81081081,0.0123915,0.785351,0.83389,999,"738d6770"
"orgrf","grf","or075","OR 0.75 n2000","Hc","naive","share_upper_le_tau",0.9,0.98098098,0.00432157,0.970486,0.987791,999,"738d6770"
"orgrf","grf","or075","OR 0.75 n2000","Hc","naive","share_upper_le_tau",1,0.998999,0.0010005,0.994352,0.999823,999,"738d6770"
"orgrf","grf","or075","OR 0.75 n2000","Hc","naive","share_upper_le_tau",1.25,1,0,0.996169,1,999,"738d6770"
"orgrf","grf","or075","OR 0.75 n2000","Hc","naive","share_upper_le_tau",1.5,1,0,0.996169,1,999,"738d6770"
"orgrf","grf","or075","OR 0.75 n2000","Hc","naive","share_upper_le_tau",2,1,0,0.996169,1,999,"738d6770"
"orgrf","grf","or075","OR 0.75 n2000","Hc","naive","bound_mean",,0.73946163,0.002246,,,999,"738d6770"
"orgrf","grf","or075","OR 0.75 n2000","Hc","naive","bound_q05",,0.62565884,,,,999,"738d6770"
"orgrf","grf","or075","OR 0.75 n2000","Hc","naive","bound_q25",,0.69110098,,,,999,"738d6770"
"orgrf","grf","or075","OR 0.75 n2000","Hc","naive","bound_q50",,0.73821782,,,,999,"738d6770"
"orgrf","grf","or075","OR 0.75 n2000","Hc","naive","bound_q75",,0.7860133,,,,999,"738d6770"
"orgrf","grf","or075","OR 0.75 n2000","Hc","naive","bound_q95",,0.86360223,,,,999,"738d6770"
"orgrf","grf","or075","OR 0.75 n2000","joint","bonf_s","joint_coverage",,0.94194194,0.00739879,0.925677,0.954821,999,"738d6770"
"orgrf","grf","or075","OR 0.75 n2000","joint","bonf_s","share_both_bounds",,1,0,0.996169,1,999,"738d6770"
"orgrf","grf","or075","OR 0.75 n2000","joint","bonf_s","cov_H",,0.97397397,0.00503727,0.962139,0.982178,999,"738d6770"
"orgrf","grf","or075","OR 0.75 n2000","joint","bonf_s","cov_Hc",,0.96796797,0.00557109,0.955131,0.97722,999,"738d6770"
"orgrf","grf","or075","OR 0.75 n2000","joint","bonf_s","margin_H_or",,0.60932279,0.00958015,,,999,"738d6770"
"orgrf","grf","or075","OR 0.75 n2000","joint","bonf_s","margin_Hc_or",,0.14239692,0.000479066,,,999,"738d6770"
"orgrf","grf","or075","OR 0.75 n2000","joint","bonf","joint_coverage",,0.93793794,0.00763339,0.921234,0.951287,999,"738d6770"
"orgrf","grf","or075","OR 0.75 n2000","joint","bonf","share_both_bounds",,1,0,0.996169,1,999,"738d6770"
"orgrf","grf","or075","OR 0.75 n2000","joint","bonf","cov_H",,0.97397397,0.00503727,0.962139,0.982178,999,"738d6770"
"orgrf","grf","or075","OR 0.75 n2000","joint","bonf","cov_Hc",,0.96396396,0.0058968,0.950515,0.973858,999,"738d6770"
"orgrf","grf","or075","OR 0.75 n2000","joint","bonf","margin_H_or",,0.60932279,0.00958015,,,999,"738d6770"
"orgrf","grf","or075","OR 0.75 n2000","joint","bonf","margin_Hc_or",,0.14244603,0.000489897,,,999,"738d6770"
"orgrf","grf","or075","OR 0.75 n2000","joint","separate_s","joint_coverage",,0.88088088,0.0102486,0.85932,0.899523,999,"738d6770"
"orgrf","grf","or075","OR 0.75 n2000","joint","separate_s","share_both_bounds",,1,0,0.996169,1,999,"738d6770"
"orgrf","grf","or075","OR 0.75 n2000","joint","separate_s","cov_H",,0.94494494,0.00721638,0.929021,0.95746,999,"738d6770"
"orgrf","grf","or075","OR 0.75 n2000","joint","separate_s","cov_Hc",,0.93393393,0.00785895,0.916808,0.947735,999,"738d6770"
"orgrf","grf","or075","OR 0.75 n2000","joint","separate_s","margin_H_or",,0.54624728,0.00855235,,,999,"738d6770"
"orgrf","grf","or075","OR 0.75 n2000","joint","separate_s","margin_Hc_or",,0.11898212,0.0004003,,,999,"738d6770"
"orgrf","grf","or075","OR 0.75 n2000","joint","calibrated","gamma_mean_s",,0.025137137,1.12513e-05,,,999,"738d6770"
"orgrf","grf","or075","OR 0.75 n2000","joint","calibrated","corr_s",,0.092637987,0.00137654,,,999,"738d6770"
"orgrf","grf","or075","OR 0.75 n2000","joint","calibrated","gamma_mean",,0.025116116,1.03369e-05,,,999,"738d6770"
"orgrf","grf","or075","OR 0.75 n2000","joint","calibrated","corr",,0.095631529,0.00140049,,,999,"738d6770"
"orgrf","grf","or075","OR 0.75 n2000","H","all","mean_size_hhat",,134.94995,2.22847,,,999,"738d6770"
"orgrf","grf","or075","OR 0.75 n2000","H","all","mean_true_positives",,23.136136,1.01157,,,999,"738d6770"
"orgrf","grf","or075","OR 0.75 n2000","H","all","sensitivity_mean",,0.077608136,0.00338959,,,999,"738d6770"
"orgrf","grf","or075","OR 0.75 n2000","H","all","ppv_mean",,0.15979352,0.0056313,,,999,"738d6770"
"orgrf","grf","or075","OR 0.75 n2000","H","all","spec_mean",,0.93430054,0.00114414,,,999,"738d6770"
"orgrf","grf","or075","OR 0.75 n2000","H","all","mean_n_family",,1367.1622,1.17782,,,999,"738d6770"
"orgrf","grf","or075","OR 0.75 n2000","H","all","mean_admitted_n",,103.54454,2.59411,,,999,"738d6770"
"orgrf","grf","or075","OR 0.75 n2000","H","all","mean_proposed_n",,,,,,0,"738d6770"
"orgrf","grf","or075","OR 0.75 n2000","H","all","mean_n_cons_qual",,,,,,0,"738d6770"
"orgrf","grf","or075","OR 0.75 n2000","H","all","mean_band_n",,,,,,0,"738d6770"
"orgrf","grf","or075","OR 0.75 n2000","H","all","mean_n_true",,298.13113,0.475719,,,999,"738d6770"
"orgrf","grf","or075","OR 0.75 n2000","H","all","p_hat_mean",,0.1752024,0.00419689,,,999,"738d6770"
"orgrf","grf","or075","OR 0.75 n2000","H","all","p_hat_share_lt_05",,0.97297297,0.00513058,0.960963,0.98136,999,"738d6770"
"orgrf","grf","or075","OR 0.75 n2000","Hc","mr","sd_btc_over_naive_se",,1.0056913,,,,999,"738d6770"
"orgrf","grf","or075","OR 0.75 n2000","Hc","fld","lamsd_over_naive_se",,0.9940063,,,,999,"738d6770"
"orgrf","grf","or075","OR 0.75 n2000","Hc","fld_s","lamsd_over_naive_se",,0.99788259,,,,999,"738d6770"
"orgrf","grf","or075","OR 0.75 n2000","all","all","secs_fit_mr_mean",,23.808154,0.061063,,,1000,"738d6770"
"orgrf","grf","or075","OR 0.75 n2000","all","all","secs_id_mean",,4.396785,0.0121052,,,1000,"738d6770"
"orgrf","grf","or075","OR 0.75 n2000","all","all","secs_field_mean",,14.171131,0.0523476,,,999,"738d6770"
"orgrf","grf","or075","OR 0.75 n2000","all","all","secs_complement_mean",,0.96838539,0.00620095,,,999,"738d6770"
"orgrf","grf","or075","OR 0.75 n2000","H","naive","display_b",,3.1284246,,,,999,"738d6770"
"orgrf","grf","or075","OR 0.75 n2000","H","naive","display_r",,1.3096646,,,,999,"738d6770"
"orgrf","grf","or075","OR 0.75 n2000","H","naive","display_cov1",,0.059059059,,,,999,"738d6770"
"orgrf","grf","or075","OR 0.75 n2000","H","naive","display_cov1_ref",,0.16497415,,,,999,"738d6770"
"orgrf","grf","or075","OR 0.75 n2000","H","naive","display_cov2",,0.17917918,,,,999,"738d6770"
"orgrf","grf","or075","OR 0.75 n2000","H","naive","display_cov2_ref",,0.28721843,,,,999,"738d6770"
"orgrf","grf","or075","OR 0.75 n2000","H","mr","display_b",,0.6792077,,,,999,"738d6770"
"orgrf","grf","or075","OR 0.75 n2000","H","mr","display_r",,1.3159866,,,,999,"738d6770"
"orgrf","grf","or075","OR 0.75 n2000","H","mr","display_cov1",,0.95695696,,,,999,"738d6770"
"orgrf","grf","or075","OR 0.75 n2000","H","mr","display_cov1_ref",,0.93128074,,,,999,"738d6770"
"orgrf","grf","or075","OR 0.75 n2000","H","mr","display_cov2",,0.97997998,,,,999,"738d6770"
"orgrf","grf","or075","OR 0.75 n2000","H","mr","display_cov2_ref",,0.97072858,,,,999,"738d6770"
"orgrf","grf","or075","OR 0.75 n2000","H","fld","display_b",,0.27670196,,,,999,"738d6770"
"orgrf","grf","or075","OR 0.75 n2000","H","fld","display_r",,1.0975083,,,,999,"738d6770"
"orgrf","grf","or075","OR 0.75 n2000","H","fld","display_cov1",,0.94494494,,,,999,"738d6770"
"orgrf","grf","or075","OR 0.75 n2000","H","fld","display_cov1_ref",,0.93681055,,,,999,"738d6770"
"orgrf","grf","or075","OR 0.75 n2000","H","fld","display_cov2",,0.96896897,,,,999,"738d6770"
"orgrf","grf","or075","OR 0.75 n2000","H","fld","display_cov2_ref",,0.96196479,,,,999,"738d6770"
"orgrf","grf","or075","OR 0.75 n2000","Hc","naive","display_b",,-0.61793019,,,,999,"738d6770"
"orgrf","grf","or075","OR 0.75 n2000","Hc","naive","display_r",,0.98231685,,,,999,"738d6770"
"orgrf","grf","or075","OR 0.75 n2000","Hc","naive","display_cov1",,0.84184184,,,,999,"738d6770"
"orgrf","grf","or075","OR 0.75 n2000","Hc","naive","display_cov1_ref",,0.84082086,,,,999,"738d6770"
"orgrf","grf","or075","OR 0.75 n2000","Hc","naive","display_cov2",,0.89489489,,,,999,"738d6770"
"orgrf","grf","or075","OR 0.75 n2000","Hc","naive","display_cov2_ref",,0.89896583,,,,999,"738d6770"
"orgrf","grf","or075","OR 0.75 n2000","Hc","mr","display_b",,-0.21667343,,,,999,"738d6770"
"orgrf","grf","or075","OR 0.75 n2000","Hc","mr","display_r",,1.9344886,,,,999,"738d6770"
"orgrf","grf","or075","OR 0.75 n2000","Hc","mr","display_cov1",,0.997998,,,,999,"738d6770"
"orgrf","grf","or075","OR 0.75 n2000","Hc","mr","display_cov1_ref",,0.99848795,,,,999,"738d6770"
"orgrf","grf","or075","OR 0.75 n2000","Hc","mr","display_cov2",,0.998999,,,,999,"738d6770"
"orgrf","grf","or075","OR 0.75 n2000","Hc","mr","display_cov2_ref",,0.9997942,,,,999,"738d6770"
"orgrf","grf","or075","OR 0.75 n2000","Hc","fld","display_b",,-0.11112023,,,,999,"738d6770"
"orgrf","grf","or075","OR 0.75 n2000","Hc","fld","display_r",,0.98724781,,,,999,"738d6770"
"orgrf","grf","or075","OR 0.75 n2000","Hc","fld","display_cov1",,0.93093093,,,,999,"738d6770"
"orgrf","grf","or075","OR 0.75 n2000","Hc","fld","display_cov1_ref",,0.93482942,,,,999,"738d6770"
"orgrf","grf","or075","OR 0.75 n2000","Hc","fld","display_cov2",,0.93893894,,,,999,"738d6770"
"orgrf","grf","or075","OR 0.75 n2000","Hc","fld","display_cov2_ref",,0.94553888,,,,999,"738d6770"
"orgrf","grf","or075","OR 0.75 n2000","Hc","fld_s","display_b",,-0.11218297,,,,999,"738d6770"
"orgrf","grf","or075","OR 0.75 n2000","Hc","fld_s","display_r",,0.99154187,,,,999,"738d6770"
"orgrf","grf","or075","OR 0.75 n2000","Hc","fld_s","display_cov1",,0.93393393,,,,999,"738d6770"
"orgrf","grf","or075","OR 0.75 n2000","Hc","fld_s","display_cov1_ref",,0.93558832,,,,999,"738d6770"
"orgrf","grf","or075","OR 0.75 n2000","Hc","fld_s","display_cov2",,0.94394394,,,,999,"738d6770"
"orgrf","grf","or075","OR 0.75 n2000","Hc","fld_s","display_cov2_ref",,0.94655288,,,,999,"738d6770"
"ordina","dina","or075","OR 0.75 n2000","H","all","declaration_rate",,0.87,0.0106348,0.847732,0.889436,1000,"7f90d588"
"ordina","dina","or075","OR 0.75 n2000","H","naive","n_nonconvergent_fits",,0,,,,870,"7f90d588"
"ordina","dina","or075","OR 0.75 n2000","H","naive","bias_or",,1.4474587,0.036104,,,870,"7f90d588"
"ordina","dina","or075","OR 0.75 n2000","H","naive","bias_log",,1.0600483,0.0142053,,,870,"7f90d588"
"ordina","dina","or075","OR 0.75 n2000","H","naive","bias_sd_units",,2.5538892,0.0342236,,,870,"7f90d588"
"ordina","dina","or075","OR 0.75 n2000","H","naive","sd_emp_or",,1.063815,0.0255177,,,870,"7f90d588"
"ordina","dina","or075","OR 0.75 n2000","H","naive","sd_emp_log",,0.41507217,0.00995632,,,870,"7f90d588"
"ordina","dina","or075","OR 0.75 n2000","H","naive","se_mean",,0.45564158,0.00373595,,,870,"7f90d588"
"ordina","dina","or075","OR 0.75 n2000","H","naive","se_over_sd",,1.0977406,0.0278273,,,870,"7f90d588"
"ordina","dina","or075","OR 0.75 n2000","H","naive","cov1_lower",,0.16551724,0.0126,0.142303,0.191673,870,"7f90d588"
"ordina","dina","or075","OR 0.75 n2000","H","naive","cov2",,0.29770115,0.0155021,0.268261,0.32892,870,"7f90d588"
"ordina","dina","or075","OR 0.75 n2000","H","naive","halfwidth_or",,2.4482224,,,,870,"7f90d588"
"ordina","dina","or075","OR 0.75 n2000","H","naive","margin1_or",,1.1531339,,,,870,"7f90d588"
"ordina","dina","or075","OR 0.75 n2000","H","naive","cov2_theta_dagger",,0.4091954,0.0166697,0.376992,0.442197,870,"7f90d588"
"ordina","dina","or075","OR 0.75 n2000","H","naive","cov1_lower_theta_dagger",,0.27471264,0.0151333,0.246091,0.305315,870,"7f90d588"
"ordina","dina","or075","OR 0.75 n2000","H","naive","cov2_theta_ddagger",,0.38505747,0.0164976,0.353295,0.41783,870,"7f90d588"
"ordina","dina","or075","OR 0.75 n2000","H","naive","cov1_lower_theta_ddagger",,0.25517241,0.0147804,0.227323,0.285174,870,"7f90d588"
"ordina","dina","or075","OR 0.75 n2000","H","oracle","n_nonconvergent_fits",,0,,,,870,"7f90d588"
"ordina","dina","or075","OR 0.75 n2000","H","oracle","bias_or",,0.023441902,0.00648062,,,870,"7f90d588"
"ordina","dina","or075","OR 0.75 n2000","H","oracle","bias_log",,0.0011182314,0.00826627,,,870,"7f90d588"
"ordina","dina","or075","OR 0.75 n2000","H","oracle","bias_sd_units",,0.0045862978,0.0339032,,,870,"7f90d588"
"ordina","dina","or075","OR 0.75 n2000","H","oracle","sd_emp_or",,0.19115076,0.00458512,,,870,"7f90d588"
"ordina","dina","or075","OR 0.75 n2000","H","oracle","sd_emp_log",,0.24382007,0.0058485,,,870,"7f90d588"
"ordina","dina","or075","OR 0.75 n2000","H","oracle","se_mean",,0.23367879,0.000210121,,,870,"7f90d588"
"ordina","dina","or075","OR 0.75 n2000","H","oracle","se_over_sd",,0.95840671,0.0230054,,,870,"7f90d588"
"ordina","dina","or075","OR 0.75 n2000","H","oracle","cov1_lower",,0.93218391,0.00852428,0.913506,0.947062,870,"7f90d588"
"ordina","dina","or075","OR 0.75 n2000","H","oracle","cov2",,0.93333333,0.00845694,0.91478,0.948077,870,"7f90d588"
"ordina","dina","or075","OR 0.75 n2000","H","oracle","halfwidth_or",,0.36639179,,,,870,"7f90d588"
"ordina","dina","or075","OR 0.75 n2000","H","oracle","margin1_or",,0.24659259,,,,870,"7f90d588"
"ordina","dina","or075","OR 0.75 n2000","H","mr","n_nonconvergent_fits",,0,,,,870,"7f90d588"
"ordina","dina","or075","OR 0.75 n2000","H","mr","bias_or",,0.49491022,0.0207696,,,870,"7f90d588"
"ordina","dina","or075","OR 0.75 n2000","H","mr","bias_log",,0.46121172,0.0140461,,,870,"7f90d588"
"ordina","dina","or075","OR 0.75 n2000","H","mr","bias_sd_units",,1.1228244,0.0341954,,,870,"7f90d588"
"ordina","dina","or075","OR 0.75 n2000","H","mr","sd_emp_or",,0.61128944,0.014663,,,870,"7f90d588"
"ordina","dina","or075","OR 0.75 n2000","H","mr","sd_emp_log",,0.41076034,0.00985289,,,870,"7f90d588"
"ordina","dina","or075","OR 0.75 n2000","H","mr","se_mean",,0.59872727,0.0043694,,,870,"7f90d588"
"ordina","dina","or075","OR 0.75 n2000","H","mr","se_over_sd",,1.4576073,0.0365459,,,870,"7f90d588"
"ordina","dina","or075","OR 0.75 n2000","H","mr","cov1_lower",,0.93908046,0.00810905,0.921175,0.953126,870,"7f90d588"
"ordina","dina","or075","OR 0.75 n2000","H","mr","cov2",,0.97471264,0.00532268,0.962009,0.983242,870,"7f90d588"
"ordina","dina","or075","OR 0.75 n2000","H","mr","halfwidth_or",,1.9604119,,,,870,"7f90d588"
"ordina","dina","or075","OR 0.75 n2000","H","mr","margin1_or",,0.74630376,,,,870,"7f90d588"
"ordina","dina","or075","OR 0.75 n2000","H","mr","cov2_theta_dagger",,0.9862069,0.00395417,0.976047,0.992092,870,"7f90d588"
"ordina","dina","or075","OR 0.75 n2000","H","mr","cov1_lower_theta_dagger",,0.96666667,0.00608581,0.952538,0.976692,870,"7f90d588"
"ordina","dina","or075","OR 0.75 n2000","H","mr","cov2_theta_ddagger",,0.98275862,0.00441316,0.971749,0.989524,870,"7f90d588"
"ordina","dina","or075","OR 0.75 n2000","H","mr","cov1_lower_theta_ddagger",,0.96206897,0.00647651,0.94721,0.972865,870,"7f90d588"
"ordina","dina","or075","OR 0.75 n2000","H","fld","n_nonconvergent_fits",,0,,,,870,"7f90d588"
"ordina","dina","or075","OR 0.75 n2000","H","fld","bias_or",,0.36579888,0.0194296,,,870,"7f90d588"
"ordina","dina","or075","OR 0.75 n2000","H","fld","bias_log",,0.33279103,0.0149476,,,870,"7f90d588"
"ordina","dina","or075","OR 0.75 n2000","H","fld","bias_sd_units",,0.76005708,0.0341385,,,870,"7f90d588"
"ordina","dina","or075","OR 0.75 n2000","H","fld","sd_emp_or",,0.57185882,0.0137172,,,870,"7f90d588"
"ordina","dina","or075","OR 0.75 n2000","H","fld","sd_emp_log",,0.43785005,0.0105027,,,870,"7f90d588"
"ordina","dina","or075","OR 0.75 n2000","H","fld","se_mean",,0.44156703,0.00172896,,,870,"7f90d588"
"ordina","dina","or075","OR 0.75 n2000","H","fld","se_over_sd",,1.0084892,0.0245108,,,870,"7f90d588"
"ordina","dina","or075","OR 0.75 n2000","H","fld","cov1_lower",,0.86896552,0.0114402,0.844912,0.889775,870,"7f90d588"
"ordina","dina","or075","OR 0.75 n2000","H","fld","cov2",,0.9183908,0.00928162,0.898307,0.934796,870,"7f90d588"
"ordina","dina","or075","OR 0.75 n2000","H","fld","halfwidth_or",,0.96053802,,,,870,"7f90d588"
"ordina","dina","or075","OR 0.75 n2000","H","fld","margin1_or",,0.69907229,,,,870,"7f90d588"
"ordina","dina","or075","OR 0.75 n2000","H","fld","cov2_theta_dagger",,0.93678161,0.00825052,0.918613,0.95111,870,"7f90d588"
"ordina","dina","or075","OR 0.75 n2000","H","fld","cov1_lower_theta_dagger",,0.91149425,0.00962949,0.890767,0.928604,870,"7f90d588"
"ordina","dina","or075","OR 0.75 n2000","H","fld","cov2_theta_ddagger",,0.93793103,0.00818018,0.919893,0.952119,870,"7f90d588"
"ordina","dina","or075","OR 0.75 n2000","H","fld","cov1_lower_theta_ddagger",,0.90574713,0.00990584,0.884509,0.923418,870,"7f90d588"
"ordina","dina","or075","OR 0.75 n2000","H","fld","share_lower_ge_tau",0.7,0.1137931,0.0107663,0.0943675,0.136614,870,"7f90d588"
"ordina","dina","or075","OR 0.75 n2000","H","fld","share_lower_ge_tau",0.8,0.065517241,0.00838888,0.0509107,0.0839438,870,"7f90d588"
"ordina","dina","or075","OR 0.75 n2000","H","fld","share_lower_ge_tau",0.9,0.040229885,0.0066619,0.0290669,0.0554353,870,"7f90d588"
"ordina","dina","or075","OR 0.75 n2000","H","fld","share_lower_ge_tau",1,0.018390805,0.00455523,0.0113514,0.0296646,870,"7f90d588"
"ordina","dina","or075","OR 0.75 n2000","H","fld","share_lower_ge_tau",1.25,0.012643678,0.00378804,0.00707447,0.0224978,870,"7f90d588"
"ordina","dina","or075","OR 0.75 n2000","H","fld","share_lower_ge_tau",1.5,0.0034482759,0.00198743,0.0011734,0.0100889,870,"7f90d588"
"ordina","dina","or075","OR 0.75 n2000","H","fld","share_lower_ge_tau",2,0.0022988506,0.00162366,0.000630654,0.00834289,870,"7f90d588"
"ordina","dina","or075","OR 0.75 n2000","H","fld","bound_mean",,0.46478738,0.00732529,,,870,"7f90d588"
"ordina","dina","or075","OR 0.75 n2000","H","fld","bound_q05",,0.23719444,,,,870,"7f90d588"
"ordina","dina","or075","OR 0.75 n2000","H","fld","bound_q25",,0.33111895,,,,870,"7f90d588"
"ordina","dina","or075","OR 0.75 n2000","H","fld","bound_q50",,0.41554369,,,,870,"7f90d588"
"ordina","dina","or075","OR 0.75 n2000","H","fld","bound_q75",,0.535677,,,,870,"7f90d588"
"ordina","dina","or075","OR 0.75 n2000","H","fld","bound_q95",,0.85173619,,,,870,"7f90d588"
"ordina","dina","or075","OR 0.75 n2000","H","oracle","share_lower_ge_tau",0.7,0.10574713,0.0104257,0.0870177,0.127943,870,"7f90d588"
"ordina","dina","or075","OR 0.75 n2000","H","oracle","share_lower_ge_tau",0.8,0.032183908,0.00598351,0.0223594,0.0461215,870,"7f90d588"
"ordina","dina","or075","OR 0.75 n2000","H","oracle","share_lower_ge_tau",0.9,0.010344828,0.00343039,0.00545185,0.0195429,870,"7f90d588"
"ordina","dina","or075","OR 0.75 n2000","H","oracle","share_lower_ge_tau",1,0.0022988506,0.00162366,0.000630654,0.00834289,870,"7f90d588"
"ordina","dina","or075","OR 0.75 n2000","H","oracle","share_lower_ge_tau",1.25,0,0,4.33681e-19,0.00439606,870,"7f90d588"
"ordina","dina","or075","OR 0.75 n2000","H","oracle","share_lower_ge_tau",1.5,0,0,4.33681e-19,0.00439606,870,"7f90d588"
"ordina","dina","or075","OR 0.75 n2000","H","oracle","share_lower_ge_tau",2,0,0,4.33681e-19,0.00439606,870,"7f90d588"
"ordina","dina","or075","OR 0.75 n2000","H","oracle","bound_mean",,0.52684931,0.00443691,,,870,"7f90d588"
"ordina","dina","or075","OR 0.75 n2000","H","oracle","bound_q05",,0.33372356,,,,870,"7f90d588"
"ordina","dina","or075","OR 0.75 n2000","H","oracle","bound_q25",,0.44018736,,,,870,"7f90d588"
"ordina","dina","or075","OR 0.75 n2000","H","oracle","bound_q50",,0.50870138,,,,870,"7f90d588"
"ordina","dina","or075","OR 0.75 n2000","H","oracle","bound_q75",,0.5985847,,,,870,"7f90d588"
"ordina","dina","or075","OR 0.75 n2000","H","oracle","bound_q95",,0.76785272,,,,870,"7f90d588"
"ordina","dina","or075","OR 0.75 n2000","H","mr","share_lower_ge_tau",0.7,0.051724138,0.00750852,0.0388791,0.0685105,870,"7f90d588"
"ordina","dina","or075","OR 0.75 n2000","H","mr","share_lower_ge_tau",0.8,0.024137931,0.00520337,0.0158411,0.0366186,870,"7f90d588"
"ordina","dina","or075","OR 0.75 n2000","H","mr","share_lower_ge_tau",0.9,0.014942529,0.00411323,0.008753,0.0253967,870,"7f90d588"
"ordina","dina","or075","OR 0.75 n2000","H","mr","share_lower_ge_tau",1,0.0091954023,0.00323608,0.00466667,0.0180393,870,"7f90d588"
"ordina","dina","or075","OR 0.75 n2000","H","mr","share_lower_ge_tau",1.25,0.0022988506,0.00162366,0.000630654,0.00834289,870,"7f90d588"
"ordina","dina","or075","OR 0.75 n2000","H","mr","share_lower_ge_tau",1.5,0,0,4.33681e-19,0.00439606,870,"7f90d588"
"ordina","dina","or075","OR 0.75 n2000","H","mr","share_lower_ge_tau",2,0,0,4.33681e-19,0.00439606,870,"7f90d588"
"ordina","dina","or075","OR 0.75 n2000","H","mr","bound_mean",,0.41755592,0.00509643,,,870,"7f90d588"
"ordina","dina","or075","OR 0.75 n2000","H","mr","bound_q05",,0.2456036,,,,870,"7f90d588"
"ordina","dina","or075","OR 0.75 n2000","H","mr","bound_q25",,0.32112123,,,,870,"7f90d588"
"ordina","dina","or075","OR 0.75 n2000","H","mr","bound_q50",,0.38836411,,,,870,"7f90d588"
"ordina","dina","or075","OR 0.75 n2000","H","mr","bound_q75",,0.47573128,,,,870,"7f90d588"
"ordina","dina","or075","OR 0.75 n2000","H","mr","bound_q95",,0.7020707,,,,870,"7f90d588"
"ordina","dina","or075","OR 0.75 n2000","H","naive","share_lower_ge_tau",0.7,0.79885057,0.0135904,0.770926,0.824147,870,"7f90d588"
"ordina","dina","or075","OR 0.75 n2000","H","naive","share_lower_ge_tau",0.8,0.65747126,0.0160889,0.625307,0.688251,870,"7f90d588"
"ordina","dina","or075","OR 0.75 n2000","H","naive","share_lower_ge_tau",0.9,0.54252874,0.0168902,0.50931,0.575374,870,"7f90d588"
"ordina","dina","or075","OR 0.75 n2000","H","naive","share_lower_ge_tau",1,0.4091954,0.0166697,0.376992,0.442197,870,"7f90d588"
"ordina","dina","or075","OR 0.75 n2000","H","naive","share_lower_ge_tau",1.25,0.14942529,0.0120867,0.127279,0.174654,870,"7f90d588"
"ordina","dina","or075","OR 0.75 n2000","H","naive","share_lower_ge_tau",1.5,0.055172414,0.00774065,0.0418641,0.0723917,870,"7f90d588"
"ordina","dina","or075","OR 0.75 n2000","H","naive","share_lower_ge_tau",2,0.010344828,0.00343039,0.00545185,0.0195429,870,"7f90d588"
"ordina","dina","or075","OR 0.75 n2000","H","naive","bound_mean",,0.96327421,0.0114402,,,870,"7f90d588"
"ordina","dina","or075","OR 0.75 n2000","H","naive","bound_q05",,0.50861844,,,,870,"7f90d588"
"ordina","dina","or075","OR 0.75 n2000","H","naive","bound_q25",,0.73217428,,,,870,"7f90d588"
"ordina","dina","or075","OR 0.75 n2000","H","naive","bound_q50",,0.92403298,,,,870,"7f90d588"
"ordina","dina","or075","OR 0.75 n2000","H","naive","bound_q75",,1.1253358,,,,870,"7f90d588"
"ordina","dina","or075","OR 0.75 n2000","H","naive","bound_q95",,1.5433277,,,,870,"7f90d588"
"ordina","dina","or075","OR 0.75 n2000","Hc","naive","n_nonconvergent_fits",,0,,,,870,"7f90d588"
"ordina","dina","or075","OR 0.75 n2000","Hc","naive","bias_or",,-0.022611169,0.00195061,,,870,"7f90d588"
"ordina","dina","or075","OR 0.75 n2000","Hc","naive","bias_log",,-0.038383209,0.00301379,,,870,"7f90d588"
"ordina","dina","or075","OR 0.75 n2000","Hc","naive","bias_sd_units",,-0.43234901,0.0339473,,,870,"7f90d588"
"ordina","dina","or075","OR 0.75 n2000","Hc","naive","sd_emp_or",,0.057457648,0.00137823,,,870,"7f90d588"
"ordina","dina","or075","OR 0.75 n2000","Hc","naive","sd_emp_log",,0.088778296,0.00212952,,,870,"7f90d588"
"ordina","dina","or075","OR 0.75 n2000","Hc","naive","se_mean",,0.094907937,4.95918e-05,,,870,"7f90d588"
"ordina","dina","or075","OR 0.75 n2000","Hc","naive","se_over_sd",,1.0690444,0.0256492,,,870,"7f90d588"
"ordina","dina","or075","OR 0.75 n2000","Hc","naive","cov1_upper",,0.9091954,0.00974143,0.888261,0.926532,870,"7f90d588"
"ordina","dina","or075","OR 0.75 n2000","Hc","naive","cov2",,0.93908046,0.00810905,0.921175,0.953126,870,"7f90d588"
"ordina","dina","or075","OR 0.75 n2000","Hc","naive","halfwidth_or",,0.12064372,,,,870,"7f90d588"
"ordina","dina","or075","OR 0.75 n2000","Hc","naive","margin1_or",,0.10894738,,,,870,"7f90d588"
"ordina","dina","or075","OR 0.75 n2000","Hc","oracle","n_nonconvergent_fits",,0,,,,870,"7f90d588"
"ordina","dina","or075","OR 0.75 n2000","Hc","oracle","bias_or",,0.0096338985,0.00219189,,,870,"7f90d588"
"ordina","dina","or075","OR 0.75 n2000","Hc","oracle","bias_log",,0.009892636,0.00328024,,,870,"7f90d588"
"ordina","dina","or075","OR 0.75 n2000","Hc","oracle","bias_sd_units",,0.10224599,0.0339032,,,870,"7f90d588"
"ordina","dina","or075","OR 0.75 n2000","Hc","oracle","sd_emp_or",,0.06465151,0.00155079,,,870,"7f90d588"
"ordina","dina","or075","OR 0.75 n2000","Hc","oracle","sd_emp_log",,0.096753292,0.00232082,,,870,"7f90d588"
"ordina","dina","or075","OR 0.75 n2000","Hc","oracle","se_mean",,0.10053905,2.75905e-05,,,870,"7f90d588"
"ordina","dina","or075","OR 0.75 n2000","Hc","oracle","se_over_sd",,1.039128,0.0249271,,,870,"7f90d588"
"ordina","dina","or075","OR 0.75 n2000","Hc","oracle","cov1_upper",,0.96781609,0.00598351,0.953879,0.977641,870,"7f90d588"
"ordina","dina","or075","OR 0.75 n2000","Hc","oracle","cov2",,0.95172414,0.0072671,0.935388,0.964088,870,"7f90d588"
"ordina","dina","or075","OR 0.75 n2000","Hc","oracle","halfwidth_or",,0.13205851,,,,870,"7f90d588"
"ordina","dina","or075","OR 0.75 n2000","Hc","oracle","margin1_or",,0.11973924,,,,870,"7f90d588"
"ordina","dina","or075","OR 0.75 n2000","Hc","mr","n_nonconvergent_fits",,0,,,,870,"7f90d588"
"ordina","dina","or075","OR 0.75 n2000","Hc","mr","bias_or",,-0.0069180541,0.00206408,,,870,"7f90d588"
"ordina","dina","or075","OR 0.75 n2000","Hc","mr","bias_log",,-0.01461019,0.00311178,,,870,"7f90d588"
"ordina","dina","or075","OR 0.75 n2000","Hc","mr","bias_sd_units",,-0.15937,0.0339437,,,870,"7f90d588"
"ordina","dina","or075","OR 0.75 n2000","Hc","mr","sd_emp_or",,0.060809385,0.00145863,,,870,"7f90d588"
"ordina","dina","or075","OR 0.75 n2000","Hc","mr","sd_emp_log",,0.091674655,0.002199,,,870,"7f90d588"
"ordina","dina","or075","OR 0.75 n2000","Hc","mr","se_mean",,0.18670045,0.000151051,,,870,"7f90d588"
"ordina","dina","or075","OR 0.75 n2000","Hc","mr","se_over_sd",,2.0365547,0.0488785,,,870,"7f90d588"
"ordina","dina","or075","OR 0.75 n2000","Hc","mr","cov1_upper",,1,0,0.995604,1,870,"7f90d588"
"ordina","dina","or075","OR 0.75 n2000","Hc","mr","cov2",,1,0,0.995604,1,870,"7f90d588"
"ordina","dina","or075","OR 0.75 n2000","Hc","mr","halfwidth_or",,0.24711729,,,,870,"7f90d588"
"ordina","dina","or075","OR 0.75 n2000","Hc","mr","margin1_or",,0.23742454,,,,870,"7f90d588"
"ordina","dina","or075","OR 0.75 n2000","Hc","fld","n_nonconvergent_fits",,0,,,,870,"7f90d588"
"ordina","dina","or075","OR 0.75 n2000","Hc","fld","bias_or",,-0.0032785697,0.00209962,,,870,"7f90d588"
"ordina","dina","or075","OR 0.75 n2000","Hc","fld","bias_log",,-0.0092166626,0.00314824,,,870,"7f90d588"
"ordina","dina","or075","OR 0.75 n2000","Hc","fld","bias_sd_units",,-0.099367538,0.0339421,,,870,"7f90d588"
"ordina","dina","or075","OR 0.75 n2000","Hc","fld","sd_emp_or",,0.061860293,0.00148384,,,870,"7f90d588"
"ordina","dina","or075","OR 0.75 n2000","Hc","fld","sd_emp_log",,0.092753255,0.00222487,,,870,"7f90d588"
"ordina","dina","or075","OR 0.75 n2000","Hc","fld","se_mean",,0.094441659,8.10253e-05,,,870,"7f90d588"
"ordina","dina","or075","OR 0.75 n2000","Hc","fld","se_over_sd",,1.0182032,0.0244392,,,870,"7f90d588"
"ordina","dina","or075","OR 0.75 n2000","Hc","fld","cov1_upper",,0.93908046,0.00810905,0.921175,0.953126,870,"7f90d588"
"ordina","dina","or075","OR 0.75 n2000","Hc","fld","cov2",,0.94482759,0.00774065,0.927608,0.958136,870,"7f90d588"
"ordina","dina","or075","OR 0.75 n2000","Hc","fld","halfwidth_or",,0.123124,,,,870,"7f90d588"
"ordina","dina","or075","OR 0.75 n2000","Hc","fld","margin1_or",,0.11492544,,,,870,"7f90d588"
"ordina","dina","or075","OR 0.75 n2000","Hc","fld_s","n_nonconvergent_fits",,0,,,,870,"7f90d588"
"ordina","dina","or075","OR 0.75 n2000","Hc","fld_s","bias_or",,-0.003289222,0.00209931,,,870,"7f90d588"
"ordina","dina","or075","OR 0.75 n2000","Hc","fld_s","bias_log",,-0.0092315475,0.00314784,,,870,"7f90d588"
"ordina","dina","or075","OR 0.75 n2000","Hc","fld_s","bias_sd_units",,-0.09954126,0.0339422,,,870,"7f90d588"
"ordina","dina","or075","OR 0.75 n2000","Hc","fld_s","sd_emp_or",,0.061850977,0.00148362,,,870,"7f90d588"
"ordina","dina","or075","OR 0.75 n2000","Hc","fld_s","sd_emp_log",,0.092740914,0.00222457,,,870,"7f90d588"
"ordina","dina","or075","OR 0.75 n2000","Hc","fld_s","se_mean",,0.094700369,9.02476e-05,,,870,"7f90d588"
"ordina","dina","or075","OR 0.75 n2000","Hc","fld_s","se_over_sd",,1.0211283,0.0245131,,,870,"7f90d588"
"ordina","dina","or075","OR 0.75 n2000","Hc","fld_s","cov1_upper",,0.94022989,0.0080371,0.922458,0.954131,870,"7f90d588"
"ordina","dina","or075","OR 0.75 n2000","Hc","fld_s","cov2",,0.94482759,0.00774065,0.927608,0.958136,870,"7f90d588"
"ordina","dina","or075","OR 0.75 n2000","Hc","fld_s","halfwidth_or",,0.12348931,,,,870,"7f90d588"
"ordina","dina","or075","OR 0.75 n2000","Hc","fld_s","margin1_or",,0.11516433,,,,870,"7f90d588"
"ordina","dina","or075","OR 0.75 n2000","Hc","fld_s","share_upper_le_tau",0.7,0.13908046,0.0117315,0.11767,0.163665,870,"7f90d588"
"ordina","dina","or075","OR 0.75 n2000","Hc","fld_s","share_upper_le_tau",0.8,0.66206897,0.0160364,0.629987,0.692726,870,"7f90d588"
"ordina","dina","or075","OR 0.75 n2000","Hc","fld_s","share_upper_le_tau",0.9,0.94712644,0.00758689,0.930194,0.960128,870,"7f90d588"
"ordina","dina","or075","OR 0.75 n2000","Hc","fld_s","share_upper_le_tau",1,0.99655172,0.00198743,0.989911,0.998827,870,"7f90d588"
"ordina","dina","or075","OR 0.75 n2000","Hc","fld_s","share_upper_le_tau",1.25,1,0,0.995604,1,870,"7f90d588"
"ordina","dina","or075","OR 0.75 n2000","Hc","fld_s","share_upper_le_tau",1.5,1,0,0.995604,1,870,"7f90d588"
"ordina","dina","or075","OR 0.75 n2000","Hc","fld_s","share_upper_le_tau",2,1,0,0.995604,1,870,"7f90d588"
"ordina","dina","or075","OR 0.75 n2000","Hc","fld_s","bound_mean",,0.77595556,0.00244803,,,870,"7f90d588"
"ordina","dina","or075","OR 0.75 n2000","Hc","fld_s","bound_q05",,0.66297714,,,,870,"7f90d588"
"ordina","dina","or075","OR 0.75 n2000","Hc","fld_s","bound_q25",,0.72955234,,,,870,"7f90d588"
"ordina","dina","or075","OR 0.75 n2000","Hc","fld_s","bound_q50",,0.7722088,,,,870,"7f90d588"
"ordina","dina","or075","OR 0.75 n2000","Hc","fld_s","bound_q75",,0.8193341,,,,870,"7f90d588"
"ordina","dina","or075","OR 0.75 n2000","Hc","fld_s","bound_q95",,0.90247929,,,,870,"7f90d588"
"ordina","dina","or075","OR 0.75 n2000","Hc","oracle","share_upper_le_tau",0.7,0.1137931,0.0107663,0.0943675,0.136614,870,"7f90d588"
"ordina","dina","or075","OR 0.75 n2000","Hc","oracle","share_upper_le_tau",0.8,0.58965517,0.0166768,0.556645,0.621878,870,"7f90d588"
"ordina","dina","or075","OR 0.75 n2000","Hc","oracle","share_upper_le_tau",0.9,0.92988506,0.00865686,0.91096,0.94503,870,"7f90d588"
"ordina","dina","or075","OR 0.75 n2000","Hc","oracle","share_upper_le_tau",1,0.99310345,0.00280578,0.985036,0.996836,870,"7f90d588"
"ordina","dina","or075","OR 0.75 n2000","Hc","oracle","share_upper_le_tau",1.25,1,0,0.995604,1,870,"7f90d588"
"ordina","dina","or075","OR 0.75 n2000","Hc","oracle","share_upper_le_tau",1.5,1,0,0.995604,1,870,"7f90d588"
"ordina","dina","or075","OR 0.75 n2000","Hc","oracle","share_upper_le_tau",2,1,0,0.995604,1,870,"7f90d588"
"ordina","dina","or075","OR 0.75 n2000","Hc","oracle","bound_mean",,0.78578088,0.00257333,,,870,"7f90d588"
"ordina","dina","or075","OR 0.75 n2000","Hc","oracle","bound_q05",,0.66556198,,,,870,"7f90d588"
"ordina","dina","or075","OR 0.75 n2000","Hc","oracle","bound_q25",,0.73534344,,,,870,"7f90d588"
"ordina","dina","or075","OR 0.75 n2000","Hc","oracle","bound_q50",,0.78315766,,,,870,"7f90d588"
"ordina","dina","or075","OR 0.75 n2000","Hc","oracle","bound_q75",,0.83011037,,,,870,"7f90d588"
"ordina","dina","or075","OR 0.75 n2000","Hc","oracle","bound_q95",,0.91729981,,,,870,"7f90d588"
"ordina","dina","or075","OR 0.75 n2000","Hc","fld","share_upper_le_tau",0.7,0.14482759,0.0119314,0.123003,0.169775,870,"7f90d588"
"ordina","dina","or075","OR 0.75 n2000","Hc","fld","share_upper_le_tau",0.8,0.66321839,0.016023,0.631157,0.693844,870,"7f90d588"
"ordina","dina","or075","OR 0.75 n2000","Hc","fld","share_upper_le_tau",0.9,0.95057471,0.00734866,0.934087,0.963101,870,"7f90d588"
"ordina","dina","or075","OR 0.75 n2000","Hc","fld","share_upper_le_tau",1,0.99770115,0.00162366,0.991657,0.999369,870,"7f90d588"
"ordina","dina","or075","OR 0.75 n2000","Hc","fld","share_upper_le_tau",1.25,1,0,0.995604,1,870,"7f90d588"
"ordina","dina","or075","OR 0.75 n2000","Hc","fld","share_upper_le_tau",1.5,1,0,0.995604,1,870,"7f90d588"
"ordina","dina","or075","OR 0.75 n2000","Hc","fld","share_upper_le_tau",2,1,0,0.995604,1,870,"7f90d588"
"ordina","dina","or075","OR 0.75 n2000","Hc","fld","bound_mean",,0.77571667,0.00245251,,,870,"7f90d588"
"ordina","dina","or075","OR 0.75 n2000","Hc","fld","bound_q05",,0.66289567,,,,870,"7f90d588"
"ordina","dina","or075","OR 0.75 n2000","Hc","fld","bound_q25",,0.72927693,,,,870,"7f90d588"
"ordina","dina","or075","OR 0.75 n2000","Hc","fld","bound_q50",,0.77227654,,,,870,"7f90d588"
"ordina","dina","or075","OR 0.75 n2000","Hc","fld","bound_q75",,0.8194552,,,,870,"7f90d588"
"ordina","dina","or075","OR 0.75 n2000","Hc","fld","bound_q95",,0.89913396,,,,870,"7f90d588"
"ordina","dina","or075","OR 0.75 n2000","Hc","mr","share_upper_le_tau",0.7,0.0011494253,0.00114876,0.000202931,0.00648187,870,"7f90d588"
"ordina","dina","or075","OR 0.75 n2000","Hc","mr","share_upper_le_tau",0.8,0.1137931,0.0107663,0.0943675,0.136614,870,"7f90d588"
"ordina","dina","or075","OR 0.75 n2000","Hc","mr","share_upper_le_tau",0.9,0.53448276,0.0169112,0.501258,0.567404,870,"7f90d588"
"ordina","dina","or075","OR 0.75 n2000","Hc","mr","share_upper_le_tau",1,0.8908046,0.0105739,0.868337,0.909837,870,"7f90d588"
"ordina","dina","or075","OR 0.75 n2000","Hc","mr","share_upper_le_tau",1.25,1,0,0.995604,1,870,"7f90d588"
"ordina","dina","or075","OR 0.75 n2000","Hc","mr","share_upper_le_tau",1.5,1,0,0.995604,1,870,"7f90d588"
"ordina","dina","or075","OR 0.75 n2000","Hc","mr","share_upper_le_tau",2,1,0,0.995604,1,870,"7f90d588"
"ordina","dina","or075","OR 0.75 n2000","Hc","mr","bound_mean",,0.89821576,0.00276191,,,870,"7f90d588"
"ordina","dina","or075","OR 0.75 n2000","Hc","mr","bound_q05",,0.76947041,,,,870,"7f90d588"
"ordina","dina","or075","OR 0.75 n2000","Hc","mr","bound_q25",,0.84670163,,,,870,"7f90d588"
"ordina","dina","or075","OR 0.75 n2000","Hc","mr","bound_q50",,0.89373459,,,,870,"7f90d588"
"ordina","dina","or075","OR 0.75 n2000","Hc","mr","bound_q75",,0.9506599,,,,870,"7f90d588"
"ordina","dina","or075","OR 0.75 n2000","Hc","mr","bound_q95",,1.0367586,,,,870,"7f90d588"
"ordina","dina","or075","OR 0.75 n2000","Hc","naive","share_upper_le_tau",0.7,0.20689655,0.0137335,0.181296,0.235074,870,"7f90d588"
"ordina","dina","or075","OR 0.75 n2000","Hc","naive","share_upper_le_tau",0.8,0.76551724,0.0143639,0.736235,0.792465,870,"7f90d588"
"ordina","dina","or075","OR 0.75 n2000","Hc","naive","share_upper_le_tau",0.9,0.97586207,0.00520337,0.963381,0.984159,870,"7f90d588"
"ordina","dina","or075","OR 0.75 n2000","Hc","naive","share_upper_le_tau",1,1,0,0.995604,1,870,"7f90d588"
"ordina","dina","or075","OR 0.75 n2000","Hc","naive","share_upper_le_tau",1.25,1,0,0.995604,1,870,"7f90d588"
"ordina","dina","or075","OR 0.75 n2000","Hc","naive","share_upper_le_tau",1.5,1,0,0.995604,1,870,"7f90d588"
"ordina","dina","or075","OR 0.75 n2000","Hc","naive","share_upper_le_tau",2,1,0,0.995604,1,870,"7f90d588"
"ordina","dina","or075","OR 0.75 n2000","Hc","naive","bound_mean",,0.75404549,0.00226012,,,870,"7f90d588"
"ordina","dina","or075","OR 0.75 n2000","Hc","naive","bound_q05",,0.64801693,,,,870,"7f90d588"
"ordina","dina","or075","OR 0.75 n2000","Hc","naive","bound_q25",,0.7115054,,,,870,"7f90d588"
"ordina","dina","or075","OR 0.75 n2000","Hc","naive","bound_q50",,0.75059344,,,,870,"7f90d588"
"ordina","dina","or075","OR 0.75 n2000","Hc","naive","bound_q75",,0.79641873,,,,870,"7f90d588"
"ordina","dina","or075","OR 0.75 n2000","Hc","naive","bound_q95",,0.86886096,,,,870,"7f90d588"
"ordina","dina","or075","OR 0.75 n2000","joint","bonf_s","joint_coverage",,0.90574713,0.00990584,0.884509,0.923418,870,"7f90d588"
"ordina","dina","or075","OR 0.75 n2000","joint","bonf_s","share_both_bounds",,1,0,0.995604,1,870,"7f90d588"
"ordina","dina","or075","OR 0.75 n2000","joint","bonf_s","cov_H",,0.93563218,0.00832008,0.917334,0.950101,870,"7f90d588"
"ordina","dina","or075","OR 0.75 n2000","joint","bonf_s","cov_Hc",,0.96896552,0.00587918,0.955223,0.978585,870,"7f90d588"
"ordina","dina","or075","OR 0.75 n2000","joint","bonf_s","margin_H_or",,0.77602319,0.0152711,,,870,"7f90d588"
"ordina","dina","or075","OR 0.75 n2000","joint","bonf_s","margin_Hc_or",,0.13862278,0.000522144,,,870,"7f90d588"
"ordina","dina","or075","OR 0.75 n2000","joint","bonf","joint_coverage",,0.90574713,0.00990584,0.884509,0.923418,870,"7f90d588"
"ordina","dina","or075","OR 0.75 n2000","joint","bonf","share_both_bounds",,1,0,0.995604,1,870,"7f90d588"
"ordina","dina","or075","OR 0.75 n2000","joint","bonf","cov_H",,0.93563218,0.00832008,0.917334,0.950101,870,"7f90d588"
"ordina","dina","or075","OR 0.75 n2000","joint","bonf","cov_Hc",,0.96896552,0.00587918,0.955223,0.978585,870,"7f90d588"
"ordina","dina","or075","OR 0.75 n2000","joint","bonf","margin_H_or",,0.77602319,0.0152711,,,870,"7f90d588"
"ordina","dina","or075","OR 0.75 n2000","joint","bonf","margin_Hc_or",,0.13823468,0.000524832,,,870,"7f90d588"
"ordina","dina","or075","OR 0.75 n2000","joint","separate_s","joint_coverage",,0.8137931,0.0131976,0.786567,0.83826,870,"7f90d588"
"ordina","dina","or075","OR 0.75 n2000","joint","separate_s","share_both_bounds",,1,0,0.995604,1,870,"7f90d588"
"ordina","dina","or075","OR 0.75 n2000","joint","separate_s","cov_H",,0.86896552,0.0114402,0.844912,0.889775,870,"7f90d588"
"ordina","dina","or075","OR 0.75 n2000","joint","separate_s","cov_Hc",,0.94022989,0.0080371,0.922458,0.954131,870,"7f90d588"
"ordina","dina","or075","OR 0.75 n2000","joint","separate_s","margin_H_or",,0.69907229,0.013872,,,870,"7f90d588"
"ordina","dina","or075","OR 0.75 n2000","joint","separate_s","margin_Hc_or",,0.11516433,0.000439379,,,870,"7f90d588"
"ordina","dina","or075","OR 0.75 n2000","joint","calibrated","gamma_mean_s",,0.025114943,1.11805e-05,,,870,"7f90d588"
"ordina","dina","or075","OR 0.75 n2000","joint","calibrated","corr_s",,0.039632,0.00145897,,,870,"7f90d588"
"ordina","dina","or075","OR 0.75 n2000","joint","calibrated","gamma_mean",,0.025108046,1.09012e-05,,,870,"7f90d588"
"ordina","dina","or075","OR 0.75 n2000","joint","calibrated","corr",,0.040386842,0.00146878,,,870,"7f90d588"
"ordina","dina","or075","OR 0.75 n2000","H","all","mean_size_hhat",,108.96667,1.67885,,,870,"7f90d588"
"ordina","dina","or075","OR 0.75 n2000","H","all","mean_true_positives",,20.078161,0.76179,,,870,"7f90d588"
"ordina","dina","or075","OR 0.75 n2000","H","all","sensitivity_mean",,0.067571469,0.00257532,,,870,"7f90d588"
"ordina","dina","or075","OR 0.75 n2000","H","all","ppv_mean",,0.185613,0.00639523,,,870,"7f90d588"
"ordina","dina","or075","OR 0.75 n2000","H","all","spec_mean",,0.94776039,0.000936059,,,870,"7f90d588"
"ordina","dina","or075","OR 0.75 n2000","H","all","mean_n_family",,253.05402,11.633,,,870,"7f90d588"
"ordina","dina","or075","OR 0.75 n2000","H","all","mean_admitted_n",,160.6046,8.16092,,,870,"7f90d588"
"ordina","dina","or075","OR 0.75 n2000","H","all","mean_proposed_n",,253.04713,11.633,,,870,"7f90d588"
"ordina","dina","or075","OR 0.75 n2000","H","all","mean_n_cons_qual",,,,,,0,"7f90d588"
"ordina","dina","or075","OR 0.75 n2000","H","all","mean_band_n",,,,,,0,"7f90d588"
"ordina","dina","or075","OR 0.75 n2000","H","all","mean_n_true",,298.28391,0.509875,,,870,"7f90d588"
"ordina","dina","or075","OR 0.75 n2000","H","all","p_hat_mean",,0.24186368,0.00626023,,,870,"7f90d588"
"ordina","dina","or075","OR 0.75 n2000","H","all","p_hat_share_lt_05",,0.8954023,0.0103755,0.873299,0.914029,870,"7f90d588"
"ordina","dina","or075","OR 0.75 n2000","Hc","mr","sd_btc_over_naive_se",,0.96593243,,,,870,"7f90d588"
"ordina","dina","or075","OR 0.75 n2000","Hc","fld","lamsd_over_naive_se",,0.99508705,,,,870,"7f90d588"
"ordina","dina","or075","OR 0.75 n2000","Hc","fld_s","lamsd_over_naive_se",,0.99781295,,,,870,"7f90d588"
"ordina","dina","or075","OR 0.75 n2000","all","all","secs_fit_mr_mean",,7.361147,0.165346,,,1000,"7f90d588"
"ordina","dina","or075","OR 0.75 n2000","all","all","secs_id_mean",,0.448307,0.014193,,,1000,"7f90d588"
"ordina","dina","or075","OR 0.75 n2000","all","all","secs_field_mean",,6.6406977,0.117004,,,870,"7f90d588"
"ordina","dina","or075","OR 0.75 n2000","all","all","secs_complement_mean",,0.21705977,0.00731778,,,870,"7f90d588"
"ordina","dina","or075","OR 0.75 n2000","H","naive","display_b",,2.5538892,,,,870,"7f90d588"
"ordina","dina","or075","OR 0.75 n2000","H","naive","display_r",,1.0977406,,,,870,"7f90d588"
"ordina","dina","or075","OR 0.75 n2000","H","naive","display_cov1",,0.16551724,,,,870,"7f90d588"
"ordina","dina","or075","OR 0.75 n2000","H","naive","display_cov1_ref",,0.2271497,,,,870,"7f90d588"
"ordina","dina","or075","OR 0.75 n2000","H","naive","display_cov2",,0.29770115,,,,870,"7f90d588"
"ordina","dina","or075","OR 0.75 n2000","H","naive","display_cov2_ref",,0.34370935,,,,870,"7f90d588"
"ordina","dina","or075","OR 0.75 n2000","H","mr","display_b",,1.1228244,,,,870,"7f90d588"
"ordina","dina","or075","OR 0.75 n2000","H","mr","display_r",,1.4576073,,,,870,"7f90d588"
"ordina","dina","or075","OR 0.75 n2000","H","mr","display_cov1",,0.93908046,,,,870,"7f90d588"
"ordina","dina","or075","OR 0.75 n2000","H","mr","display_cov1_ref",,0.89879693,,,,870,"7f90d588"
"ordina","dina","or075","OR 0.75 n2000","H","mr","display_cov2",,0.97471264,,,,870,"7f90d588"
"ordina","dina","or075","OR 0.75 n2000","H","mr","display_cov2_ref",,0.95850942,,,,870,"7f90d588"
"ordina","dina","or075","OR 0.75 n2000","H","fld","display_b",,0.76005708,,,,870,"7f90d588"
"ordina","dina","or075","OR 0.75 n2000","H","fld","display_r",,1.0084892,,,,870,"7f90d588"
"ordina","dina","or075","OR 0.75 n2000","H","fld","display_cov1",,0.86896552,,,,870,"7f90d588"
"ordina","dina","or075","OR 0.75 n2000","H","fld","display_cov1_ref",,0.81560974,,,,870,"7f90d588"
"ordina","dina","or075","OR 0.75 n2000","H","fld","display_cov2",,0.9183908,,,,870,"7f90d588"
"ordina","dina","or075","OR 0.75 n2000","H","fld","display_cov2_ref",,0.88500805,,,,870,"7f90d588"
"ordina","dina","or075","OR 0.75 n2000","Hc","naive","display_b",,-0.43234901,,,,870,"7f90d588"
"ordina","dina","or075","OR 0.75 n2000","Hc","naive","display_r",,1.0690444,,,,870,"7f90d588"
"ordina","dina","or075","OR 0.75 n2000","Hc","naive","display_cov1",,0.9091954,,,,870,"7f90d588"
"ordina","dina","or075","OR 0.75 n2000","Hc","naive","display_cov1_ref",,0.90759216,,,,870,"7f90d588"
"ordina","dina","or075","OR 0.75 n2000","Hc","naive","display_cov2",,0.93908046,,,,870,"7f90d588"
"ordina","dina","or075","OR 0.75 n2000","Hc","naive","display_cov2_ref",,0.94609608,,,,870,"7f90d588"
"ordina","dina","or075","OR 0.75 n2000","Hc","mr","display_b",,-0.15937,,,,870,"7f90d588"
"ordina","dina","or075","OR 0.75 n2000","Hc","mr","display_r",,2.0365547,,,,870,"7f90d588"
"ordina","dina","or075","OR 0.75 n2000","Hc","mr","display_cov1",,1,,,,870,"7f90d588"
"ordina","dina","or075","OR 0.75 n2000","Hc","mr","display_cov1_ref",,0.99928978,,,,870,"7f90d588"
"ordina","dina","or075","OR 0.75 n2000","Hc","mr","display_cov2",,1,,,,870,"7f90d588"
"ordina","dina","or075","OR 0.75 n2000","Hc","mr","display_cov2_ref",,0.99991994,,,,870,"7f90d588"
"ordina","dina","or075","OR 0.75 n2000","Hc","fld","display_b",,-0.099367538,,,,870,"7f90d588"
"ordina","dina","or075","OR 0.75 n2000","Hc","fld","display_r",,1.0182032,,,,870,"7f90d588"
"ordina","dina","or075","OR 0.75 n2000","Hc","fld","display_cov1",,0.93908046,,,,870,"7f90d588"
"ordina","dina","or075","OR 0.75 n2000","Hc","fld","display_cov1_ref",,0.94242112,,,,870,"7f90d588"
"ordina","dina","or075","OR 0.75 n2000","Hc","fld","display_cov2",,0.94482759,,,,870,"7f90d588"
"ordina","dina","or075","OR 0.75 n2000","Hc","fld","display_cov2_ref",,0.952953,,,,870,"7f90d588"
"ordina","dina","or075","OR 0.75 n2000","Hc","fld_s","display_b",,-0.09954126,,,,870,"7f90d588"
"ordina","dina","or075","OR 0.75 n2000","Hc","fld_s","display_r",,1.0211283,,,,870,"7f90d588"
"ordina","dina","or075","OR 0.75 n2000","Hc","fld_s","display_cov1",,0.94022989,,,,870,"7f90d588"
"ordina","dina","or075","OR 0.75 n2000","Hc","fld_s","display_cov1_ref",,0.94295404,,,,870,"7f90d588"
"ordina","dina","or075","OR 0.75 n2000","Hc","fld_s","display_cov2",,0.94482759,,,,870,"7f90d588"
"ordina","dina","or075","OR 0.75 n2000","Hc","fld_s","display_cov2_ref",,0.95357935,,,,870,"7f90d588"
"orfs","fs","or150","OR 1.5 n500","H","all","declaration_rate",,0.931,0.00801492,0.913585,0.945116,1000,"13d5b6c4"
"orfs","fs","or150","OR 1.5 n500","H","naive","n_nonconvergent_fits",,0,,,,931,"13d5b6c4"
"orfs","fs","or150","OR 1.5 n500","H","naive","bias_or",,1.6478362,0.028303,,,931,"13d5b6c4"
"orfs","fs","or150","OR 1.5 n500","H","naive","bias_log",,1.0322239,0.0102477,,,931,"13d5b6c4"
"orfs","fs","or150","OR 1.5 n500","H","naive","bias_sd_units",,3.335921,0.0331185,,,931,"13d5b6c4"
"orfs","fs","or150","OR 1.5 n500","H","naive","sd_emp_or",,0.91199555,0.0211464,,,931,"13d5b6c4"
"orfs","fs","or150","OR 1.5 n500","H","naive","sd_emp_log",,0.30942696,0.00717467,,,931,"13d5b6c4"
"orfs","fs","or150","OR 1.5 n500","H","naive","se_mean",,0.44831191,0.00218892,,,931,"13d5b6c4"
"orfs","fs","or150","OR 1.5 n500","H","naive","se_over_sd",,1.4488457,0.034331,,,931,"13d5b6c4"
"orfs","fs","or150","OR 1.5 n500","H","naive","cov1_lower",,0.13856069,0.0113229,0.117849,0.162242,931,"13d5b6c4"
"orfs","fs","or150","OR 1.5 n500","H","naive","cov2",,0.28356606,0.014772,0.255549,0.313362,931,"13d5b6c4"
"orfs","fs","or150","OR 1.5 n500","H","naive","halfwidth_or",,2.6382802,,,,931,"13d5b6c4"
"orfs","fs","or150","OR 1.5 n500","H","naive","margin1_or",,1.3359043,,,,931,"13d5b6c4"
"orfs","fs","or150","OR 1.5 n500","H","naive","cov2_theta_dagger",,0.93233083,0.008232,0.914355,0.946753,931,"13d5b6c4"
"orfs","fs","or150","OR 1.5 n500","H","naive","cov1_lower_theta_dagger",,0.84962406,0.0117146,0.825229,0.871145,931,"13d5b6c4"
"orfs","fs","or150","OR 1.5 n500","H","naive","cov2_theta_ddagger",,0.94736842,0.00731826,0.931099,0.959962,931,"13d5b6c4"
"orfs","fs","or150","OR 1.5 n500","H","naive","cov1_lower_theta_ddagger",,0.87003222,0.0110207,0.846902,0.890121,931,"13d5b6c4"
"orfs","fs","or150","OR 1.5 n500","H","oracle","n_nonconvergent_fits",,0,,,,931,"13d5b6c4"
"orfs","fs","or150","OR 1.5 n500","H","oracle","bias_or",,0.27021542,0.0308359,,,931,"13d5b6c4"
"orfs","fs","or150","OR 1.5 n500","H","oracle","bias_log",,0.048167812,0.0156952,,,931,"13d5b6c4"
"orfs","fs","or150","OR 1.5 n500","H","oracle","bias_sd_units",,0.10058091,0.0327737,,,931,"13d5b6c4"
"orfs","fs","or150","OR 1.5 n500","H","oracle","sd_emp_or",,0.94087441,0.021816,,,931,"13d5b6c4"
"orfs","fs","or150","OR 1.5 n500","H","oracle","sd_emp_log",,0.47889616,0.0111041,,,931,"13d5b6c4"
"orfs","fs","or150","OR 1.5 n500","H","oracle","se_mean",,0.48655167,0.00104814,,,931,"13d5b6c4"
"orfs","fs","or150","OR 1.5 n500","H","oracle","se_over_sd",,1.0159857,0.0236591,,,931,"13d5b6c4"
"orfs","fs","or150","OR 1.5 n500","H","oracle","cov1_lower",,0.93984962,0.00779244,0.922694,0.95339,931,"13d5b6c4"
"orfs","fs","or150","OR 1.5 n500","H","oracle","cov2",,0.9538131,0.00687886,0.938365,0.965531,931,"13d5b6c4"
"orfs","fs","or150","OR 1.5 n500","H","oracle","halfwidth_or",,1.9886088,,,,931,"13d5b6c4"
"orfs","fs","or150","OR 1.5 n500","H","oracle","margin1_or",,0.98082436,,,,931,"13d5b6c4"
"orfs","fs","or150","OR 1.5 n500","H","mr","n_nonconvergent_fits",,0,,,,931,"13d5b6c4"
"orfs","fs","or150","OR 1.5 n500","H","mr","bias_or",,0.23123549,0.0157718,,,931,"13d5b6c4"
"orfs","fs","or150","OR 1.5 n500","H","mr","bias_log",,0.18147221,0.0118819,,,931,"13d5b6c4"
"orfs","fs","or150","OR 1.5 n500","H","mr","bias_sd_units",,0.48724425,0.0319024,,,931,"13d5b6c4"
"orfs","fs","or150","OR 1.5 n500","H","mr","sd_emp_or",,0.50918406,0.0118064,,,931,"13d5b6c4"
"orfs","fs","or150","OR 1.5 n500","H","mr","sd_emp_log",,0.37244607,0.00863589,,,931,"13d5b6c4"
"orfs","fs","or150","OR 1.5 n500","H","mr","se_mean",,0.57187427,0.00208212,,,931,"13d5b6c4"
"orfs","fs","or150","OR 1.5 n500","H","mr","se_over_sd",,1.5354552,0.0360388,,,931,"13d5b6c4"
"orfs","fs","or150","OR 1.5 n500","H","mr","cov1_lower",,0.98174006,0.00438806,0.970952,0.988569,931,"13d5b6c4"
"orfs","fs","or150","OR 1.5 n500","H","mr","cov2",,0.99462943,0.00239533,0.98749,0.997704,931,"13d5b6c4"
"orfs","fs","or150","OR 1.5 n500","H","mr","halfwidth_or",,1.5942905,,,,931,"13d5b6c4"
"orfs","fs","or150","OR 1.5 n500","H","mr","margin1_or",,0.6827925,,,,931,"13d5b6c4"
"orfs","fs","or150","OR 1.5 n500","H","mr","cov2_theta_dagger",,0.98388829,0.00412638,0.973588,0.990212,931,"13d5b6c4"
"orfs","fs","or150","OR 1.5 n500","H","mr","cov1_lower_theta_dagger",,1,0,0.995891,1,931,"13d5b6c4"
"orfs","fs","or150","OR 1.5 n500","H","mr","cov2_theta_ddagger",,0.98066595,0.00451281,0.969646,0.987736,931,"13d5b6c4"
"orfs","fs","or150","OR 1.5 n500","H","mr","cov1_lower_theta_ddagger",,1,0,0.995891,1,931,"13d5b6c4"
"orfs","fs","or150","OR 1.5 n500","H","fld","n_nonconvergent_fits",,0,,,,931,"13d5b6c4"
"orfs","fs","or150","OR 1.5 n500","H","fld","bias_or",,0.088169338,0.0150431,,,931,"13d5b6c4"
"orfs","fs","or150","OR 1.5 n500","H","fld","bias_log",,0.030047185,0.0126947,,,931,"13d5b6c4"
"orfs","fs","or150","OR 1.5 n500","H","fld","bias_sd_units",,0.074920331,0.0316533,,,931,"13d5b6c4"
"orfs","fs","or150","OR 1.5 n500","H","fld","sd_emp_or",,0.48265468,0.0111913,,,931,"13d5b6c4"
"orfs","fs","or150","OR 1.5 n500","H","fld","sd_emp_log",,0.40105515,0.00929924,,,931,"13d5b6c4"
"orfs","fs","or150","OR 1.5 n500","H","fld","se_mean",,0.484248,0.0016208,,,931,"13d5b6c4"
"orfs","fs","or150","OR 1.5 n500","H","fld","se_over_sd",,1.2074349,0.0282869,,,931,"13d5b6c4"
"orfs","fs","or150","OR 1.5 n500","H","fld","cov1_lower",,0.97744361,0.00486638,0.965763,0.9852,931,"13d5b6c4"
"orfs","fs","or150","OR 1.5 n500","H","fld","cov2",,0.98281418,0.00425938,0.972266,0.989394,931,"13d5b6c4"
"orfs","fs","or150","OR 1.5 n500","H","fld","halfwidth_or",,0.99636953,,,,931,"13d5b6c4"
"orfs","fs","or150","OR 1.5 n500","H","fld","margin1_or",,0.69379939,,,,931,"13d5b6c4"
"orfs","fs","or150","OR 1.5 n500","H","fld","cov2_theta_dagger",,0.72610097,0.0146157,0.696569,0.753774,931,"13d5b6c4"
"orfs","fs","or150","OR 1.5 n500","H","fld","cov1_lower_theta_dagger",,0.99677766,0.00185742,0.990569,0.998904,931,"13d5b6c4"
"orfs","fs","or150","OR 1.5 n500","H","fld","cov2_theta_ddagger",,0.69817401,0.0150448,0.667922,0.726797,931,"13d5b6c4"
"orfs","fs","or150","OR 1.5 n500","H","fld","cov1_lower_theta_ddagger",,0.99892589,0.00107354,0.993941,0.99981,931,"13d5b6c4"
"orfs","fs","or150","OR 1.5 n500","H","fld","share_lower_ge_tau",0.7,0.066595059,0.00817111,0.0522949,0.0844571,931,"13d5b6c4"
"orfs","fs","or150","OR 1.5 n500","H","fld","share_lower_ge_tau",0.8,0.04189044,0.00656584,0.0307933,0.0567525,931,"13d5b6c4"
"orfs","fs","or150","OR 1.5 n500","H","fld","share_lower_ge_tau",0.9,0.024704619,0.00508724,0.0165175,0.0367979,931,"13d5b6c4"
"orfs","fs","or150","OR 1.5 n500","H","fld","share_lower_ge_tau",1,0.020408163,0.00463393,0.0131035,0.0316543,931,"13d5b6c4"
"orfs","fs","or150","OR 1.5 n500","H","fld","share_lower_ge_tau",1.25,0.010741139,0.00337836,0.00584469,0.0196585,931,"13d5b6c4"
"orfs","fs","or150","OR 1.5 n500","H","fld","share_lower_ge_tau",1.5,0.0032223416,0.00185742,0.00109648,0.00943093,931,"13d5b6c4"
"orfs","fs","or150","OR 1.5 n500","H","fld","share_lower_ge_tau",2,0,0,-4.33681e-19,0.00410921,931,"13d5b6c4"
"orfs","fs","or150","OR 1.5 n500","H","fld","bound_mean",,0.4107917,0.00630379,,,931,"13d5b6c4"
"orfs","fs","or150","OR 1.5 n500","H","fld","bound_q05",,0.22659244,,,,931,"13d5b6c4"
"orfs","fs","or150","OR 1.5 n500","H","fld","bound_q25",,0.28470894,,,,931,"13d5b6c4"
"orfs","fs","or150","OR 1.5 n500","H","fld","bound_q50",,0.35481007,,,,931,"13d5b6c4"
"orfs","fs","or150","OR 1.5 n500","H","fld","bound_q75",,0.48066701,,,,931,"13d5b6c4"
"orfs","fs","or150","OR 1.5 n500","H","fld","bound_q95",,0.77043728,,,,931,"13d5b6c4"
"orfs","fs","or150","OR 1.5 n500","H","oracle","share_lower_ge_tau",0.7,0.51020408,0.0163834,0.478117,0.542207,931,"13d5b6c4"
"orfs","fs","or150","OR 1.5 n500","H","oracle","share_lower_ge_tau",0.8,0.3877551,0.0159686,0.356979,0.419453,931,"13d5b6c4"
"orfs","fs","or150","OR 1.5 n500","H","oracle","share_lower_ge_tau",0.9,0.28786251,0.0148388,0.259697,0.317771,931,"13d5b6c4"
"orfs","fs","or150","OR 1.5 n500","H","oracle","share_lower_ge_tau",1,0.21267454,0.013411,0.187598,0.240113,931,"13d5b6c4"
"orfs","fs","or150","OR 1.5 n500","H","oracle","share_lower_ge_tau",1.25,0.11493018,0.0104528,0.0960065,0.137019,931,"13d5b6c4"
"orfs","fs","or150","OR 1.5 n500","H","oracle","share_lower_ge_tau",1.5,0.060150376,0.00779244,0.0466095,0.0773061,931,"13d5b6c4"
"orfs","fs","or150","OR 1.5 n500","H","oracle","share_lower_ge_tau",2,0.01396348,0.00384564,0.00817825,0.0237432,931,"13d5b6c4"
"orfs","fs","or150","OR 1.5 n500","H","oracle","bound_mean",,0.78939106,0.0129594,,,931,"13d5b6c4"
"orfs","fs","or150","OR 1.5 n500","H","oracle","bound_q05",,0.33187073,,,,931,"13d5b6c4"
"orfs","fs","or150","OR 1.5 n500","H","oracle","bound_q25",,0.51825024,,,,931,"13d5b6c4"
"orfs","fs","or150","OR 1.5 n500","H","oracle","bound_q50",,0.70835929,,,,931,"13d5b6c4"
"orfs","fs","or150","OR 1.5 n500","H","oracle","bound_q75",,0.94916456,,,,931,"13d5b6c4"
"orfs","fs","or150","OR 1.5 n500","H","oracle","bound_q95",,1.5673262,,,,931,"13d5b6c4"
"orfs","fs","or150","OR 1.5 n500","H","mr","share_lower_ge_tau",0.7,0.060150376,0.00779244,0.0466095,0.0773061,931,"13d5b6c4"
"orfs","fs","or150","OR 1.5 n500","H","mr","share_lower_ge_tau",0.8,0.030075188,0.00559755,0.0208888,0.0431236,931,"13d5b6c4"
"orfs","fs","or150","OR 1.5 n500","H","mr","share_lower_ge_tau",0.9,0.018259936,0.00438806,0.0114314,0.0290476,931,"13d5b6c4"
"orfs","fs","or150","OR 1.5 n500","H","mr","share_lower_ge_tau",1,0.012889366,0.00369678,0.00738841,0.0223936,931,"13d5b6c4"
"orfs","fs","or150","OR 1.5 n500","H","mr","share_lower_ge_tau",1.25,0.0032223416,0.00185742,0.00109648,0.00943093,931,"13d5b6c4"
"orfs","fs","or150","OR 1.5 n500","H","mr","share_lower_ge_tau",1.5,0,0,-4.33681e-19,0.00410921,931,"13d5b6c4"
"orfs","fs","or150","OR 1.5 n500","H","mr","share_lower_ge_tau",2,0,0,-4.33681e-19,0.00410921,931,"13d5b6c4"
"orfs","fs","or150","OR 1.5 n500","H","mr","bound_mean",,0.4217986,0.00519461,,,931,"13d5b6c4"
"orfs","fs","or150","OR 1.5 n500","H","mr","bound_q05",,0.26129069,,,,931,"13d5b6c4"
"orfs","fs","or150","OR 1.5 n500","H","mr","bound_q25",,0.31082354,,,,931,"13d5b6c4"
"orfs","fs","or150","OR 1.5 n500","H","mr","bound_q50",,0.38131389,,,,931,"13d5b6c4"
"orfs","fs","or150","OR 1.5 n500","H","mr","bound_q75",,0.48667929,,,,931,"13d5b6c4"
"orfs","fs","or150","OR 1.5 n500","H","mr","bound_q95",,0.72722746,,,,931,"13d5b6c4"
"orfs","fs","or150","OR 1.5 n500","H","naive","share_lower_ge_tau",0.7,1,0,0.995891,1,931,"13d5b6c4"
"orfs","fs","or150","OR 1.5 n500","H","naive","share_lower_ge_tau",0.8,0.97207304,0.00539991,0.959395,0.980872,931,"13d5b6c4"
"orfs","fs","or150","OR 1.5 n500","H","naive","share_lower_ge_tau",0.9,0.8141783,0.0127477,0.78792,0.837854,931,"13d5b6c4"
"orfs","fs","or150","OR 1.5 n500","H","naive","share_lower_ge_tau",1,0.64554243,0.0156772,0.614275,0.675614,931,"13d5b6c4"
"orfs","fs","or150","OR 1.5 n500","H","naive","share_lower_ge_tau",1.25,0.32223416,0.0153162,0.292998,0.352931,931,"13d5b6c4"
"orfs","fs","or150","OR 1.5 n500","H","naive","share_lower_ge_tau",1.5,0.15037594,0.0117146,0.128855,0.174771,931,"13d5b6c4"
"orfs","fs","or150","OR 1.5 n500","H","naive","share_lower_ge_tau",2,0.032223416,0.0057876,0.0226634,0.0456278,931,"13d5b6c4"
"orfs","fs","or150","OR 1.5 n500","H","naive","bound_mean",,1.1852875,0.0111595,,,931,"13d5b6c4"
"orfs","fs","or150","OR 1.5 n500","H","naive","bound_q05",,0.8129091,,,,931,"13d5b6c4"
"orfs","fs","or150","OR 1.5 n500","H","naive","bound_q25",,0.9279949,,,,931,"13d5b6c4"
"orfs","fs","or150","OR 1.5 n500","H","naive","bound_q50",,1.1161596,,,,931,"13d5b6c4"
"orfs","fs","or150","OR 1.5 n500","H","naive","bound_q75",,1.3202329,,,,931,"13d5b6c4"
"orfs","fs","or150","OR 1.5 n500","H","naive","bound_q95",,1.8492736,,,,931,"13d5b6c4"
"orfs","fs","or150","OR 1.5 n500","Hc","naive","n_nonconvergent_fits",,0,,,,931,"13d5b6c4"
"orfs","fs","or150","OR 1.5 n500","Hc","naive","bias_or",,-0.12978915,0.00370536,,,931,"13d5b6c4"
"orfs","fs","or150","OR 1.5 n500","Hc","naive","bias_log",,-0.21374058,0.00619316,,,931,"13d5b6c4"
"orfs","fs","or150","OR 1.5 n500","Hc","naive","bias_sd_units",,-1.1399759,0.0330309,,,931,"13d5b6c4"
"orfs","fs","or150","OR 1.5 n500","Hc","naive","sd_emp_or",,0.11083494,0.00256992,,,931,"13d5b6c4"
"orfs","fs","or150","OR 1.5 n500","Hc","naive","sd_emp_log",,0.18749571,0.00434745,,,931,"13d5b6c4"
"orfs","fs","or150","OR 1.5 n500","Hc","naive","se_mean",,0.20851227,0.000305212,,,931,"13d5b6c4"
"orfs","fs","or150","OR 1.5 n500","Hc","naive","se_over_sd",,1.1120909,0.0258373,,,931,"13d5b6c4"
"orfs","fs","or150","OR 1.5 n500","Hc","naive","cov1_upper",,0.76154672,0.0139661,0.733134,0.78781,931,"13d5b6c4"
"orfs","fs","or150","OR 1.5 n500","Hc","naive","cov2",,0.86143931,0.0113229,0.837758,0.882151,931,"13d5b6c4"
"orfs","fs","or150","OR 1.5 n500","Hc","naive","halfwidth_or",,0.24890802,,,,931,"13d5b6c4"
"orfs","fs","or150","OR 1.5 n500","Hc","naive","margin1_or",,0.24234054,,,,931,"13d5b6c4"
"orfs","fs","or150","OR 1.5 n500","Hc","oracle","n_nonconvergent_fits",,0,,,,931,"13d5b6c4"
"orfs","fs","or150","OR 1.5 n500","Hc","oracle","bias_or",,0.024791029,0.00420378,,,931,"13d5b6c4"
"orfs","fs","or150","OR 1.5 n500","Hc","oracle","bias_log",,0.019498904,0.00616215,,,931,"13d5b6c4"
"orfs","fs","or150","OR 1.5 n500","Hc","oracle","bias_sd_units",,0.10370577,0.0327737,,,931,"13d5b6c4"
"orfs","fs","or150","OR 1.5 n500","Hc","oracle","sd_emp_or",,0.12826682,0.00297412,,,931,"13d5b6c4"
"orfs","fs","or150","OR 1.5 n500","Hc","oracle","sd_emp_log",,0.1880214,0.00435964,,,931,"13d5b6c4"
"orfs","fs","or150","OR 1.5 n500","Hc","oracle","se_mean",,0.20159332,0.000112418,,,931,"13d5b6c4"
"orfs","fs","or150","OR 1.5 n500","Hc","oracle","se_over_sd",,1.0721829,0.0248678,,,931,"13d5b6c4"
"orfs","fs","or150","OR 1.5 n500","Hc","oracle","cov1_upper",,0.96992481,0.00559755,0.956876,0.979111,931,"13d5b6c4"
"orfs","fs","or150","OR 1.5 n500","Hc","oracle","cov2",,0.96348013,0.00614768,0.949401,0.97375,931,"13d5b6c4"
"orfs","fs","or150","OR 1.5 n500","Hc","oracle","halfwidth_or",,0.27589078,,,,931,"13d5b6c4"
"orfs","fs","or150","OR 1.5 n500","Hc","oracle","margin1_or",,0.26749811,,,,931,"13d5b6c4"
"orfs","fs","or150","OR 1.5 n500","Hc","mr","n_nonconvergent_fits",,0,,,,931,"13d5b6c4"
"orfs","fs","or150","OR 1.5 n500","Hc","mr","bias_or",,-0.043038973,0.00423277,,,931,"13d5b6c4"
"orfs","fs","or150","OR 1.5 n500","Hc","mr","bias_log",,-0.07775483,0.00623809,,,931,"13d5b6c4"
"orfs","fs","or150","OR 1.5 n500","Hc","mr","bias_sd_units",,-0.41098907,0.0329727,,,931,"13d5b6c4"
"orfs","fs","or150","OR 1.5 n500","Hc","mr","sd_emp_or",,0.12788372,0.00296523,,,931,"13d5b6c4"
"orfs","fs","or150","OR 1.5 n500","Hc","mr","sd_emp_log",,0.18918953,0.00438673,,,931,"13d5b6c4"
"orfs","fs","or150","OR 1.5 n500","Hc","mr","se_mean",,0.38010344,0.000384754,,,931,"13d5b6c4"
"orfs","fs","or150","OR 1.5 n500","Hc","mr","se_over_sd",,2.0091146,0.0466296,,,931,"13d5b6c4"
"orfs","fs","or150","OR 1.5 n500","Hc","mr","cov1_upper",,0.99462943,0.00239533,0.98749,0.997704,931,"13d5b6c4"
"orfs","fs","or150","OR 1.5 n500","Hc","mr","cov2",,1,0,0.995891,1,931,"13d5b6c4"
"orfs","fs","or150","OR 1.5 n500","Hc","mr","halfwidth_or",,0.55544444,,,,931,"13d5b6c4"
"orfs","fs","or150","OR 1.5 n500","Hc","mr","margin1_or",,0.59143591,,,,931,"13d5b6c4"
"orfs","fs","or150","OR 1.5 n500","Hc","fld","n_nonconvergent_fits",,0,,,,931,"13d5b6c4"
"orfs","fs","or150","OR 1.5 n500","Hc","fld","bias_or",,-0.024355495,0.00438906,,,931,"13d5b6c4"
"orfs","fs","or150","OR 1.5 n500","Hc","fld","bias_log",,-0.051150283,0.00631389,,,931,"13d5b6c4"
"orfs","fs","or150","OR 1.5 n500","Hc","fld","bias_sd_units",,-0.26675118,0.0329272,,,931,"13d5b6c4"
"orfs","fs","or150","OR 1.5 n500","Hc","fld","sd_emp_or",,0.13297633,0.00308331,,,931,"13d5b6c4"
"orfs","fs","or150","OR 1.5 n500","Hc","fld","sd_emp_log",,0.19175279,0.00444616,,,931,"13d5b6c4"
"orfs","fs","or150","OR 1.5 n500","Hc","fld","se_mean",,0.2009654,0.000183561,,,931,"13d5b6c4"
"orfs","fs","or150","OR 1.5 n500","Hc","fld","se_over_sd",,1.0480442,0.0243198,,,931,"13d5b6c4"
"orfs","fs","or150","OR 1.5 n500","Hc","fld","cov1_upper",,0.92051557,0.00886506,0.901362,0.936213,931,"13d5b6c4"
"orfs","fs","or150","OR 1.5 n500","Hc","fld","cov2",,0.94736842,0.00731826,0.931099,0.959962,931,"13d5b6c4"
"orfs","fs","or150","OR 1.5 n500","Hc","fld","halfwidth_or",,0.28142781,,,,931,"13d5b6c4"
"orfs","fs","or150","OR 1.5 n500","Hc","fld","margin1_or",,0.29218212,,,,931,"13d5b6c4"
"orfs","fs","or150","OR 1.5 n500","Hc","fld_s","n_nonconvergent_fits",,0,,,,931,"13d5b6c4"
"orfs","fs","or150","OR 1.5 n500","Hc","fld_s","bias_or",,-0.02421107,0.00438641,,,931,"13d5b6c4"
"orfs","fs","or150","OR 1.5 n500","Hc","fld_s","bias_log",,-0.05091423,0.00630774,,,931,"13d5b6c4"
"orfs","fs","or150","OR 1.5 n500","Hc","fld_s","bias_sd_units",,-0.26575787,0.0329246,,,931,"13d5b6c4"
"orfs","fs","or150","OR 1.5 n500","Hc","fld_s","sd_emp_or",,0.1329126,0.00308184,,,931,"13d5b6c4"
"orfs","fs","or150","OR 1.5 n500","Hc","fld_s","sd_emp_log",,0.19158127,0.00444218,,,931,"13d5b6c4"
"orfs","fs","or150","OR 1.5 n500","Hc","fld_s","se_mean",,0.20714341,0.000341742,,,931,"13d5b6c4"
"orfs","fs","or150","OR 1.5 n500","Hc","fld_s","se_over_sd",,1.0812299,0.0251338,,,931,"13d5b6c4"
"orfs","fs","or150","OR 1.5 n500","Hc","fld_s","cov1_upper",,0.92803437,0.00846973,0.909616,0.942935,931,"13d5b6c4"
"orfs","fs","or150","OR 1.5 n500","Hc","fld_s","cov2",,0.95918367,0.00648475,0.944473,0.97012,931,"13d5b6c4"
"orfs","fs","or150","OR 1.5 n500","Hc","fld_s","halfwidth_or",,0.28969711,,,,931,"13d5b6c4"
"orfs","fs","or150","OR 1.5 n500","Hc","fld_s","margin1_or",,0.30117843,,,,931,"13d5b6c4"
"orfs","fs","or150","OR 1.5 n500","Hc","fld_s","share_upper_le_tau",0.7,0.048335124,0.00702908,0.036318,0.0640642,931,"13d5b6c4"
"orfs","fs","or150","OR 1.5 n500","Hc","fld_s","share_upper_le_tau",0.8,0.15682062,0.0119175,0.134878,0.181583,931,"13d5b6c4"
"orfs","fs","or150","OR 1.5 n500","Hc","fld_s","share_upper_le_tau",0.9,0.35982814,0.0157297,0.329632,0.391176,931,"13d5b6c4"
"orfs","fs","or150","OR 1.5 n500","Hc","fld_s","share_upper_le_tau",1,0.55639098,0.0162823,0.524311,0.588007,931,"13d5b6c4"
"orfs","fs","or150","OR 1.5 n500","Hc","fld_s","share_upper_le_tau",1.25,0.92481203,0.00864224,0.906073,0.94006,931,"13d5b6c4"
"orfs","fs","or150","OR 1.5 n500","Hc","fld_s","share_upper_le_tau",1.5,0.99462943,0.00239533,0.98749,0.997704,931,"13d5b6c4"
"orfs","fs","or150","OR 1.5 n500","Hc","fld_s","share_upper_le_tau",2,1,0,0.995891,1,931,"13d5b6c4"
"orfs","fs","or150","OR 1.5 n500","Hc","fld_s","bound_mean",,0.9821289,0.00599403,,,931,"13d5b6c4"
"orfs","fs","or150","OR 1.5 n500","Hc","fld_s","bound_q05",,0.70439211,,,,931,"13d5b6c4"
"orfs","fs","or150","OR 1.5 n500","Hc","fld_s","bound_q25",,0.85252361,,,,931,"13d5b6c4"
"orfs","fs","or150","OR 1.5 n500","Hc","fld_s","bound_q50",,0.96892975,,,,931,"13d5b6c4"
"orfs","fs","or150","OR 1.5 n500","Hc","fld_s","bound_q75",,1.1024346,,,,931,"13d5b6c4"
"orfs","fs","or150","OR 1.5 n500","Hc","fld_s","bound_q95",,1.2988111,,,,931,"13d5b6c4"
"orfs","fs","or150","OR 1.5 n500","Hc","oracle","share_upper_le_tau",0.7,0.060150376,0.00779244,0.0466095,0.0773061,931,"13d5b6c4"
"orfs","fs","or150","OR 1.5 n500","Hc","oracle","share_upper_le_tau",0.8,0.20730397,0.0132856,0.182493,0.23452,931,"13d5b6c4"
"orfs","fs","or150","OR 1.5 n500","Hc","oracle","share_upper_le_tau",0.9,0.43179377,0.0162337,0.400321,0.463827,931,"13d5b6c4"
"orfs","fs","or150","OR 1.5 n500","Hc","oracle","share_upper_le_tau",1,0.64661654,0.0156665,0.615366,0.676663,931,"13d5b6c4"
"orfs","fs","or150","OR 1.5 n500","Hc","oracle","share_upper_le_tau",1.25,0.93877551,0.00785721,0.921499,0.952446,931,"13d5b6c4"
"orfs","fs","or150","OR 1.5 n500","Hc","oracle","share_upper_le_tau",1.5,0.99570354,0.00214361,0.989005,0.998328,931,"13d5b6c4"
"orfs","fs","or150","OR 1.5 n500","Hc","oracle","share_upper_le_tau",2,1,0,0.995891,1,931,"13d5b6c4"
"orfs","fs","or150","OR 1.5 n500","Hc","oracle","bound_mean",,0.94869688,0.0057989,,,931,"13d5b6c4"
"orfs","fs","or150","OR 1.5 n500","Hc","oracle","bound_q05",,0.68820802,,,,931,"13d5b6c4"
"orfs","fs","or150","OR 1.5 n500","Hc","oracle","bound_q25",,0.82240198,,,,931,"13d5b6c4"
"orfs","fs","or150","OR 1.5 n500","Hc","oracle","bound_q50",,0.93236989,,,,931,"13d5b6c4"
"orfs","fs","or150","OR 1.5 n500","Hc","oracle","bound_q75",,1.0581766,,,,931,"13d5b6c4"
"orfs","fs","or150","OR 1.5 n500","Hc","oracle","bound_q95",,1.2692296,,,,931,"13d5b6c4"
"orfs","fs","or150","OR 1.5 n500","Hc","fld","share_upper_le_tau",0.7,0.058002148,0.00766077,0.0447248,0.074912,931,"13d5b6c4"
"orfs","fs","or150","OR 1.5 n500","Hc","fld","share_upper_le_tau",0.8,0.16970999,0.0123025,0.146966,0.195168,931,"13d5b6c4"
"orfs","fs","or150","OR 1.5 n500","Hc","fld","share_upper_le_tau",0.9,0.37271751,0.015847,0.34224,0.404241,931,"13d5b6c4"
"orfs","fs","or150","OR 1.5 n500","Hc","fld","share_upper_le_tau",1,0.57679914,0.0161924,0.544811,0.608156,931,"13d5b6c4"
"orfs","fs","or150","OR 1.5 n500","Hc","fld","share_upper_le_tau",1.25,0.92910849,0.00841115,0.910799,0.943891,931,"13d5b6c4"
"orfs","fs","or150","OR 1.5 n500","Hc","fld","share_upper_le_tau",1.5,0.99462943,0.00239533,0.98749,0.997704,931,"13d5b6c4"
"orfs","fs","or150","OR 1.5 n500","Hc","fld","share_upper_le_tau",2,1,0,0.995891,1,931,"13d5b6c4"
"orfs","fs","or150","OR 1.5 n500","Hc","fld","bound_mean",,0.97313259,0.00601892,,,931,"13d5b6c4"
"orfs","fs","or150","OR 1.5 n500","Hc","fld","bound_q05",,0.68939604,,,,931,"13d5b6c4"
"orfs","fs","or150","OR 1.5 n500","Hc","fld","bound_q25",,0.8426258,,,,931,"13d5b6c4"
"orfs","fs","or150","OR 1.5 n500","Hc","fld","bound_q50",,0.96349553,,,,931,"13d5b6c4"
"orfs","fs","or150","OR 1.5 n500","Hc","fld","bound_q75",,1.0921461,,,,931,"13d5b6c4"
"orfs","fs","or150","OR 1.5 n500","Hc","fld","bound_q95",,1.2858927,,,,931,"13d5b6c4"
"orfs","fs","or150","OR 1.5 n500","Hc","mr","share_upper_le_tau",0.7,0.0032223416,0.00185742,0.00109648,0.00943093,931,"13d5b6c4"
"orfs","fs","or150","OR 1.5 n500","Hc","mr","share_upper_le_tau",0.8,0.012889366,0.00369678,0.00738841,0.0223936,931,"13d5b6c4"
"orfs","fs","or150","OR 1.5 n500","Hc","mr","share_upper_le_tau",0.9,0.045112782,0.00680223,0.0335466,0.0604174,931,"13d5b6c4"
"orfs","fs","or150","OR 1.5 n500","Hc","mr","share_upper_le_tau",1,0.11815252,0.010579,0.0989705,0.140473,931,"13d5b6c4"
"orfs","fs","or150","OR 1.5 n500","Hc","mr","share_upper_le_tau",1.25,0.4887218,0.0163827,0.456725,0.520812,931,"13d5b6c4"
"orfs","fs","or150","OR 1.5 n500","Hc","mr","share_upper_le_tau",1.5,0.83458647,0.0121772,0.809354,0.857069,931,"13d5b6c4"
"orfs","fs","or150","OR 1.5 n500","Hc","mr","share_upper_le_tau",2,0.99785177,0.00151739,0.992201,0.999411,931,"13d5b6c4"
"orfs","fs","or150","OR 1.5 n500","Hc","mr","bound_mean",,1.2723864,0.00781803,,,931,"13d5b6c4"
"orfs","fs","or150","OR 1.5 n500","Hc","mr","bound_q05",,0.90962268,,,,931,"13d5b6c4"
"orfs","fs","or150","OR 1.5 n500","Hc","mr","bound_q25",,1.104785,,,,931,"13d5b6c4"
"orfs","fs","or150","OR 1.5 n500","Hc","mr","bound_q50",,1.2603887,,,,931,"13d5b6c4"
"orfs","fs","or150","OR 1.5 n500","Hc","mr","bound_q75",,1.4309788,,,,931,"13d5b6c4"
"orfs","fs","or150","OR 1.5 n500","Hc","mr","bound_q95",,1.6671723,,,,931,"13d5b6c4"
"orfs","fs","or150","OR 1.5 n500","Hc","naive","share_upper_le_tau",0.7,0.1858217,0.0127477,0.162146,0.21208,931,"13d5b6c4"
"orfs","fs","or150","OR 1.5 n500","Hc","naive","share_upper_le_tau",0.8,0.433942,0.0162432,0.402442,0.465985,931,"13d5b6c4"
"orfs","fs","or150","OR 1.5 n500","Hc","naive","share_upper_le_tau",0.9,0.68098818,0.0152756,0.650357,0.710132,931,"13d5b6c4"
"orfs","fs","or150","OR 1.5 n500","Hc","naive","share_upper_le_tau",1,0.86251343,0.011286,0.838899,0.883149,931,"13d5b6c4"
"orfs","fs","or150","OR 1.5 n500","Hc","naive","share_upper_le_tau",1.25,0.99355532,0.00262254,0.986011,0.997043,931,"13d5b6c4"
"orfs","fs","or150","OR 1.5 n500","Hc","naive","share_upper_le_tau",1.5,0.99892589,0.00107354,0.993941,0.99981,931,"13d5b6c4"
"orfs","fs","or150","OR 1.5 n500","Hc","naive","share_upper_le_tau",2,1,0,0.995891,1,931,"13d5b6c4"
"orfs","fs","or150","OR 1.5 n500","Hc","naive","bound_mean",,0.83654083,0.00498852,,,931,"13d5b6c4"
"orfs","fs","or150","OR 1.5 n500","Hc","naive","bound_q05",,0.6013661,,,,931,"13d5b6c4"
"orfs","fs","or150","OR 1.5 n500","Hc","naive","bound_q25",,0.72501553,,,,931,"13d5b6c4"
"orfs","fs","or150","OR 1.5 n500","Hc","naive","bound_q50",,0.82889246,,,,931,"13d5b6c4"
"orfs","fs","or150","OR 1.5 n500","Hc","naive","bound_q75",,0.93566958,,,,931,"13d5b6c4"
"orfs","fs","or150","OR 1.5 n500","Hc","naive","bound_q95",,1.1063191,,,,931,"13d5b6c4"
"orfs","fs","or150","OR 1.5 n500","joint","bonf_s","joint_coverage",,0.95703545,0.00664575,0.942024,0.968291,931,"13d5b6c4"
"orfs","fs","or150","OR 1.5 n500","joint","bonf_s","share_both_bounds",,1,0,0.995891,1,931,"13d5b6c4"
"orfs","fs","or150","OR 1.5 n500","joint","bonf_s","cov_H",,0.99033298,0.00320673,0.98173,0.994906,931,"13d5b6c4"
"orfs","fs","or150","OR 1.5 n500","joint","bonf_s","cov_Hc",,0.96670247,0.00588,0.953125,0.976444,931,"13d5b6c4"
"orfs","fs","or150","OR 1.5 n500","joint","bonf_s","margin_H_or",,0.76422713,0.0116843,,,931,"13d5b6c4"
"orfs","fs","or150","OR 1.5 n500","joint","bonf_s","margin_Hc_or",,0.36645049,0.00231181,,,931,"13d5b6c4"
"orfs","fs","or150","OR 1.5 n500","joint","bonf","joint_coverage",,0.94629431,0.00738837,0.929893,0.959027,931,"13d5b6c4"
"orfs","fs","or150","OR 1.5 n500","joint","bonf","share_both_bounds",,1,0,0.995891,1,931,"13d5b6c4"
"orfs","fs","or150","OR 1.5 n500","joint","bonf","cov_H",,0.99033298,0.00320673,0.98173,0.994906,931,"13d5b6c4"
"orfs","fs","or150","OR 1.5 n500","joint","bonf","cov_Hc",,0.95596133,0.00672454,0.940802,0.967373,931,"13d5b6c4"
"orfs","fs","or150","OR 1.5 n500","joint","bonf","margin_H_or",,0.76422713,0.0116843,,,931,"13d5b6c4"
"orfs","fs","or150","OR 1.5 n500","joint","bonf","margin_Hc_or",,0.35554806,0.0022979,,,931,"13d5b6c4"
"orfs","fs","or150","OR 1.5 n500","joint","separate_s","joint_coverage",,0.90547798,0.00958806,0.884984,0.922639,931,"13d5b6c4"
"orfs","fs","or150","OR 1.5 n500","joint","separate_s","share_both_bounds",,1,0,0.995891,1,931,"13d5b6c4"
"orfs","fs","or150","OR 1.5 n500","joint","separate_s","cov_H",,0.97744361,0.00486638,0.965763,0.9852,931,"13d5b6c4"
"orfs","fs","or150","OR 1.5 n500","joint","separate_s","cov_Hc",,0.92803437,0.00846973,0.909616,0.942935,931,"13d5b6c4"
"orfs","fs","or150","OR 1.5 n500","joint","separate_s","margin_H_or",,0.69379939,0.0105366,,,931,"13d5b6c4"
"orfs","fs","or150","OR 1.5 n500","joint","separate_s","margin_Hc_or",,0.30117843,0.00190946,,,931,"13d5b6c4"
"orfs","fs","or150","OR 1.5 n500","joint","calibrated","gamma_mean_s",,0.025089151,9.82625e-06,,,931,"13d5b6c4"
"orfs","fs","or150","OR 1.5 n500","joint","calibrated","corr_s",,0.074529668,0.00206789,,,931,"13d5b6c4"
"orfs","fs","or150","OR 1.5 n500","joint","calibrated","gamma_mean",,0.025080559,9.3045e-06,,,931,"13d5b6c4"
"orfs","fs","or150","OR 1.5 n500","joint","calibrated","corr",,0.079346985,0.00209834,,,931,"13d5b6c4"
"orfs","fs","or150","OR 1.5 n500","H","all","mean_size_hhat",,99.861439,0.972534,,,931,"13d5b6c4"
"orfs","fs","or150","OR 1.5 n500","H","all","mean_true_positives",,30.303974,0.715119,,,931,"13d5b6c4"
"orfs","fs","or150","OR 1.5 n500","H","all","sensitivity_mean",,0.40680075,0.00950709,,,931,"13d5b6c4"
"orfs","fs","or150","OR 1.5 n500","H","all","ppv_mean",,0.32557197,0.00839389,,,931,"13d5b6c4"
"orfs","fs","or150","OR 1.5 n500","H","all","spec_mean",,0.8367048,0.00278721,,,931,"13d5b6c4"
"orfs","fs","or150","OR 1.5 n500","H","all","mean_n_family",,2138.1364,4.13235,,,931,"13d5b6c4"
"orfs","fs","or150","OR 1.5 n500","H","all","mean_admitted_n",,,,,,0,"13d5b6c4"
"orfs","fs","or150","OR 1.5 n500","H","all","mean_proposed_n",,,,,,0,"13d5b6c4"
"orfs","fs","or150","OR 1.5 n500","H","all","mean_n_cons_qual",,69.327605,3.2182,,,931,"13d5b6c4"
"orfs","fs","or150","OR 1.5 n500","H","all","mean_band_n",,4.2975295,0.109316,,,931,"13d5b6c4"
"orfs","fs","or150","OR 1.5 n500","H","all","mean_n_true",,74.292159,0.250554,,,931,"13d5b6c4"
"orfs","fs","or150","OR 1.5 n500","H","all","p_hat_mean",,0.085511063,0.00295521,,,931,"13d5b6c4"
"orfs","fs","or150","OR 1.5 n500","H","all","p_hat_share_lt_05",,0.99570354,0.00214361,0.989005,0.998328,931,"13d5b6c4"
"orfs","fs","or150","OR 1.5 n500","Hc","mr","sd_btc_over_naive_se",,0.90733046,,,,931,"13d5b6c4"
"orfs","fs","or150","OR 1.5 n500","Hc","fld","lamsd_over_naive_se",,0.96380613,,,,931,"13d5b6c4"
"orfs","fs","or150","OR 1.5 n500","Hc","fld_s","lamsd_over_naive_se",,0.99343512,,,,931,"13d5b6c4"
"orfs","fs","or150","OR 1.5 n500","all","all","secs_fit_mr_mean",,56.973138,0.488509,,,1000,"13d5b6c4"
"orfs","fs","or150","OR 1.5 n500","all","all","secs_id_mean",,9.949481,0.075567,,,1000,"13d5b6c4"
"orfs","fs","or150","OR 1.5 n500","all","all","secs_field_mean",,27.570932,0.124829,,,931,"13d5b6c4"
"orfs","fs","or150","OR 1.5 n500","all","all","secs_complement_mean",,3.7640945,0.0179423,,,931,"13d5b6c4"
"orfs","fs","or150","OR 1.5 n500","H","naive","display_b",,3.335921,,,,931,"13d5b6c4"
"orfs","fs","or150","OR 1.5 n500","H","naive","display_r",,1.4488457,,,,931,"13d5b6c4"
"orfs","fs","or150","OR 1.5 n500","H","naive","display_cov1",,0.13856069,,,,931,"13d5b6c4"
"orfs","fs","or150","OR 1.5 n500","H","naive","display_cov1_ref",,0.17035029,,,,931,"13d5b6c4"
"orfs","fs","or150","OR 1.5 n500","H","naive","display_cov2",,0.28356606,,,,931,"13d5b6c4"
"orfs","fs","or150","OR 1.5 n500","H","naive","display_cov2_ref",,0.30986409,,,,931,"13d5b6c4"
"orfs","fs","or150","OR 1.5 n500","H","mr","display_b",,0.48724425,,,,931,"13d5b6c4"
"orfs","fs","or150","OR 1.5 n500","H","mr","display_r",,1.5354552,,,,931,"13d5b6c4"
"orfs","fs","or150","OR 1.5 n500","H","mr","display_cov1",,0.98174006,,,,931,"13d5b6c4"
"orfs","fs","or150","OR 1.5 n500","H","mr","display_cov1_ref",,0.97924277,,,,931,"13d5b6c4"
"orfs","fs","or150","OR 1.5 n500","H","mr","display_cov2",,0.99462943,,,,931,"13d5b6c4"
"orfs","fs","or150","OR 1.5 n500","H","mr","display_cov2_ref",,0.99393317,,,,931,"13d5b6c4"
"orfs","fs","or150","OR 1.5 n500","H","fld","display_b",,0.074920331,,,,931,"13d5b6c4"
"orfs","fs","or150","OR 1.5 n500","H","fld","display_r",,1.2074349,,,,931,"13d5b6c4"
"orfs","fs","or150","OR 1.5 n500","H","fld","display_cov1",,0.97744361,,,,931,"13d5b6c4"
"orfs","fs","or150","OR 1.5 n500","H","fld","display_cov1_ref",,0.97200628,,,,931,"13d5b6c4"
"orfs","fs","or150","OR 1.5 n500","H","fld","display_cov2",,0.98281418,,,,931,"13d5b6c4"
"orfs","fs","or150","OR 1.5 n500","H","fld","display_cov2_ref",,0.98172166,,,,931,"13d5b6c4"
"orfs","fs","or150","OR 1.5 n500","Hc","naive","display_b",,-1.1399759,,,,931,"13d5b6c4"
"orfs","fs","or150","OR 1.5 n500","Hc","naive","display_r",,1.1120909,,,,931,"13d5b6c4"
"orfs","fs","or150","OR 1.5 n500","Hc","naive","display_cov1",,0.76154672,,,,931,"13d5b6c4"
"orfs","fs","or150","OR 1.5 n500","Hc","naive","display_cov1_ref",,0.75466729,,,,931,"13d5b6c4"
"orfs","fs","or150","OR 1.5 n500","Hc","naive","display_cov2",,0.86143931,,,,931,"13d5b6c4"
"orfs","fs","or150","OR 1.5 n500","Hc","naive","display_cov2_ref",,0.85030554,,,,931,"13d5b6c4"
"orfs","fs","or150","OR 1.5 n500","Hc","mr","display_b",,-0.41098907,,,,931,"13d5b6c4"
"orfs","fs","or150","OR 1.5 n500","Hc","mr","display_r",,2.0091146,,,,931,"13d5b6c4"
"orfs","fs","or150","OR 1.5 n500","Hc","mr","display_cov1",,0.99462943,,,,931,"13d5b6c4"
"orfs","fs","or150","OR 1.5 n500","Hc","mr","display_cov1_ref",,0.9980964,,,,931,"13d5b6c4"
"orfs","fs","or150","OR 1.5 n500","Hc","mr","display_cov2",,1,,,,931,"13d5b6c4"
"orfs","fs","or150","OR 1.5 n500","Hc","mr","display_cov2_ref",,0.99978285,,,,931,"13d5b6c4"
"orfs","fs","or150","OR 1.5 n500","Hc","fld","display_b",,-0.26675118,,,,931,"13d5b6c4"
"orfs","fs","or150","OR 1.5 n500","Hc","fld","display_r",,1.0480442,,,,931,"13d5b6c4"
"orfs","fs","or150","OR 1.5 n500","Hc","fld","display_cov1",,0.92051557,,,,931,"13d5b6c4"
"orfs","fs","or150","OR 1.5 n500","Hc","fld","display_cov1_ref",,0.92745949,,,,931,"13d5b6c4"
"orfs","fs","or150","OR 1.5 n500","Hc","fld","display_cov2",,0.94736842,,,,931,"13d5b6c4"
"orfs","fs","or150","OR 1.5 n500","Hc","fld","display_cov2_ref",,0.95291511,,,,931,"13d5b6c4"
"orfs","fs","or150","OR 1.5 n500","Hc","fld_s","display_b",,-0.26575787,,,,931,"13d5b6c4"
"orfs","fs","or150","OR 1.5 n500","Hc","fld_s","display_r",,1.0812299,,,,931,"13d5b6c4"
"orfs","fs","or150","OR 1.5 n500","Hc","fld_s","display_cov1",,0.92803437,,,,931,"13d5b6c4"
"orfs","fs","or150","OR 1.5 n500","Hc","fld_s","display_cov1_ref",,0.93482297,,,,931,"13d5b6c4"
"orfs","fs","or150","OR 1.5 n500","Hc","fld_s","display_cov2",,0.95918367,,,,931,"13d5b6c4"
"orfs","fs","or150","OR 1.5 n500","Hc","fld_s","display_cov2_ref",,0.95954728,,,,931,"13d5b6c4"
"orgrf","grf","or150","OR 1.5 n500","H","all","declaration_rate",,1,0,0.996173,1,1000,"5ef6b748"
"orgrf","grf","or150","OR 1.5 n500","H","naive","n_nonconvergent_fits",,0,,,,1000,"5ef6b748"
"orgrf","grf","or150","OR 1.5 n500","H","naive","bias_or",,1.7435297,0.034376,,,1000,"5ef6b748"
"orgrf","grf","or150","OR 1.5 n500","H","naive","bias_log",,1.0759788,0.0127613,,,1000,"5ef6b748"
"orgrf","grf","or150","OR 1.5 n500","H","naive","bias_sd_units",,2.8993858,0.0343872,,,1000,"5ef6b748"
"orgrf","grf","or150","OR 1.5 n500","H","naive","sd_emp_or",,1.0834861,0.0242396,,,1000,"5ef6b748"
"orgrf","grf","or150","OR 1.5 n500","H","naive","sd_emp_log",,0.37110578,0.00830233,,,1000,"5ef6b748"
"orgrf","grf","or150","OR 1.5 n500","H","naive","se_mean",,0.48727093,0.00310748,,,1000,"5ef6b748"
"orgrf","grf","or150","OR 1.5 n500","H","naive","se_over_sd",,1.3130244,0.030545,,,1000,"5ef6b748"
"orgrf","grf","or150","OR 1.5 n500","H","naive","cov1_lower",,0.192,0.0124554,0.168785,0.217572,1000,"5ef6b748"
"orgrf","grf","or150","OR 1.5 n500","H","naive","cov2",,0.343,0.0150117,0.314229,0.372973,1000,"5ef6b748"
"orgrf","grf","or150","OR 1.5 n500","H","naive","halfwidth_or",,3.1490766,,,,1000,"5ef6b748"
"orgrf","grf","or150","OR 1.5 n500","H","naive","margin1_or",,1.4515496,,,,1000,"5ef6b748"
"orgrf","grf","or150","OR 1.5 n500","H","naive","cov2_theta_dagger",,0.947,0.00708456,0.931325,0.959253,1000,"5ef6b748"
"orgrf","grf","or150","OR 1.5 n500","H","naive","cov1_lower_theta_dagger",,0.868,0.010704,0.845605,0.887578,1000,"5ef6b748"
"orgrf","grf","or150","OR 1.5 n500","H","naive","cov2_theta_ddagger",,0.957,0.0064149,0.942581,0.967921,1000,"5ef6b748"
"orgrf","grf","or150","OR 1.5 n500","H","naive","cov1_lower_theta_ddagger",,0.885,0.0100884,0.863737,0.903317,1000,"5ef6b748"
"orgrf","grf","or150","OR 1.5 n500","H","oracle","n_nonconvergent_fits",,0,,,,1000,"5ef6b748"
"orgrf","grf","or150","OR 1.5 n500","H","oracle","bias_or",,0.21949395,0.0294596,,,1000,"5ef6b748"
"orgrf","grf","or150","OR 1.5 n500","H","oracle","bias_log",,0.015045462,0.0153994,,,1000,"5ef6b748"
"orgrf","grf","or150","OR 1.5 n500","H","oracle","bias_sd_units",,0.030895998,0.0316228,,,1000,"5ef6b748"
"orgrf","grf","or150","OR 1.5 n500","H","oracle","sd_emp_or",,0.93159507,0.0208415,,,1000,"5ef6b748"
"orgrf","grf","or150","OR 1.5 n500","H","oracle","sd_emp_log",,0.48697122,0.0108945,,,1000,"5ef6b748"
"orgrf","grf","or150","OR 1.5 n500","H","oracle","se_mean",,0.48620961,0.00100993,,,1000,"5ef6b748"
"orgrf","grf","or150","OR 1.5 n500","H","oracle","se_over_sd",,0.99843602,0.022433,,,1000,"5ef6b748"
"orgrf","grf","or150","OR 1.5 n500","H","oracle","cov1_lower",,0.944,0.00727076,0.927977,0.956625,1000,"5ef6b748"
"orgrf","grf","or150","OR 1.5 n500","H","oracle","cov2",,0.952,0.00675988,0.936934,0.963607,1000,"5ef6b748"
"orgrf","grf","or150","OR 1.5 n500","H","oracle","halfwidth_or",,1.9296777,,,,1000,"5ef6b748"
"orgrf","grf","or150","OR 1.5 n500","H","oracle","margin1_or",,0.95223922,,,,1000,"5ef6b748"
"orgrf","grf","or150","OR 1.5 n500","H","mr","n_nonconvergent_fits",,0,,,,1000,"5ef6b748"
"orgrf","grf","or150","OR 1.5 n500","H","mr","bias_or",,0.34561773,0.0197176,,,1000,"5ef6b748"
"orgrf","grf","or150","OR 1.5 n500","H","mr","bias_log",,0.26351852,0.014314,,,1000,"5ef6b748"
"orgrf","grf","or150","OR 1.5 n500","H","mr","bias_sd_units",,0.60610311,0.0329227,,,1000,"5ef6b748"
"orgrf","grf","or150","OR 1.5 n500","H","mr","sd_emp_or",,0.61688151,0.0138008,,,1000,"5ef6b748"
"orgrf","grf","or150","OR 1.5 n500","H","mr","sd_emp_log",,0.43477507,0.00972673,,,1000,"5ef6b748"
"orgrf","grf","or150","OR 1.5 n500","H","mr","se_mean",,0.61242463,0.00319685,,,1000,"5ef6b748"
"orgrf","grf","or150","OR 1.5 n500","H","mr","se_over_sd",,1.4086011,0.0323595,,,1000,"5ef6b748"
"orgrf","grf","or150","OR 1.5 n500","H","mr","cov1_lower",,0.968,0.00556561,0.955175,0.977243,1000,"5ef6b748"
"orgrf","grf","or150","OR 1.5 n500","H","mr","cov2",,0.995,0.00223047,0.988349,0.997862,1000,"5ef6b748"
"orgrf","grf","or150","OR 1.5 n500","H","mr","halfwidth_or",,1.9838684,,,,1000,"5ef6b748"
"orgrf","grf","or150","OR 1.5 n500","H","mr","margin1_or",,0.76069715,,,,1000,"5ef6b748"
"orgrf","grf","or150","OR 1.5 n500","H","mr","cov2_theta_dagger",,0.966,0.00573097,0.952865,0.975569,1000,"5ef6b748"
"orgrf","grf","or150","OR 1.5 n500","H","mr","cov1_lower_theta_dagger",,1,0,0.996173,1,1000,"5ef6b748"
"orgrf","grf","or150","OR 1.5 n500","H","mr","cov2_theta_ddagger",,0.963,0.00596917,0.949418,0.973039,1000,"5ef6b748"
"orgrf","grf","or150","OR 1.5 n500","H","mr","cov1_lower_theta_ddagger",,1,0,0.996173,1,1000,"5ef6b748"
"orgrf","grf","or150","OR 1.5 n500","H","fld","n_nonconvergent_fits",,0,,,,1000,"5ef6b748"
"orgrf","grf","or150","OR 1.5 n500","H","fld","bias_or",,0.18715988,0.0180534,,,1000,"5ef6b748"
"orgrf","grf","or150","OR 1.5 n500","H","fld","bias_log",,0.10909872,0.0147777,,,1000,"5ef6b748"
"orgrf","grf","or150","OR 1.5 n500","H","fld","bias_sd_units",,0.24021341,0.0325375,,,1000,"5ef6b748"
"orgrf","grf","or150","OR 1.5 n500","H","fld","sd_emp_or",,0.56474625,0.0126344,,,1000,"5ef6b748"
"orgrf","grf","or150","OR 1.5 n500","H","fld","sd_emp_log",,0.45417416,0.0101607,,,1000,"5ef6b748"
"orgrf","grf","or150","OR 1.5 n500","H","fld","se_mean",,0.47112492,0.00118344,,,1000,"5ef6b748"
"orgrf","grf","or150","OR 1.5 n500","H","fld","se_over_sd",,1.0373222,0.0233527,,,1000,"5ef6b748"
"orgrf","grf","or150","OR 1.5 n500","H","fld","cov1_lower",,0.941,0.00745111,0.924639,0.953986,1000,"5ef6b748"
"orgrf","grf","or150","OR 1.5 n500","H","fld","cov2",,0.958,0.00634319,0.943716,0.968779,1000,"5ef6b748"
"orgrf","grf","or150","OR 1.5 n500","H","fld","halfwidth_or",,1.0251044,,,,1000,"5ef6b748"
"orgrf","grf","or150","OR 1.5 n500","H","fld","margin1_or",,0.73595886,,,,1000,"5ef6b748"
"orgrf","grf","or150","OR 1.5 n500","H","fld","cov2_theta_dagger",,0.739,0.0138881,0.710902,0.765269,1000,"5ef6b748"
"orgrf","grf","or150","OR 1.5 n500","H","fld","cov1_lower_theta_dagger",,0.996,0.001996,0.98976,0.998443,1000,"5ef6b748"
"orgrf","grf","or150","OR 1.5 n500","H","fld","cov2_theta_ddagger",,0.716,0.0142599,0.687266,0.743081,1000,"5ef6b748"
"orgrf","grf","or150","OR 1.5 n500","H","fld","cov1_lower_theta_ddagger",,0.997,0.00172945,0.991217,0.998979,1000,"5ef6b748"
"orgrf","grf","or150","OR 1.5 n500","H","fld","share_lower_ge_tau",0.7,0.105,0.00969407,0.0874878,0.125535,1000,"5ef6b748"
"orgrf","grf","or150","OR 1.5 n500","H","fld","share_lower_ge_tau",0.8,0.066,0.00785137,0.0522124,0.0831093,1000,"5ef6b748"
"orgrf","grf","or150","OR 1.5 n500","H","fld","share_lower_ge_tau",0.9,0.04,0.00619677,0.029511,0.0540096,1000,"5ef6b748"
"orgrf","grf","or150","OR 1.5 n500","H","fld","share_lower_ge_tau",1,0.024,0.00483983,0.0161802,0.0354629,1000,"5ef6b748"
"orgrf","grf","or150","OR 1.5 n500","H","fld","share_lower_ge_tau",1.25,0.009,0.00298647,0.00474206,0.0170158,1000,"5ef6b748"
"orgrf","grf","or150","OR 1.5 n500","H","fld","share_lower_ge_tau",1.5,0.004,0.001996,0.00155659,0.0102396,1000,"5ef6b748"
"orgrf","grf","or150","OR 1.5 n500","H","fld","share_lower_ge_tau",2,0,0,2.1684e-19,0.00382676,1000,"5ef6b748"
"orgrf","grf","or150","OR 1.5 n500","H","fld","bound_mean",,0.44165838,0.00674713,,,1000,"5ef6b748"
"orgrf","grf","or150","OR 1.5 n500","H","fld","bound_q05",,0.21226944,,,,1000,"5ef6b748"
"orgrf","grf","or150","OR 1.5 n500","H","fld","bound_q25",,0.29593034,,,,1000,"5ef6b748"
"orgrf","grf","or150","OR 1.5 n500","H","fld","bound_q50",,0.38396665,,,,1000,"5ef6b748"
"orgrf","grf","or150","OR 1.5 n500","H","fld","bound_q75",,0.53016274,,,,1000,"5ef6b748"
"orgrf","grf","or150","OR 1.5 n500","H","fld","bound_q95",,0.85489161,,,,1000,"5ef6b748"
"orgrf","grf","or150","OR 1.5 n500","H","oracle","share_lower_ge_tau",0.7,0.48,0.0157987,0.449171,0.510982,1000,"5ef6b748"
"orgrf","grf","or150","OR 1.5 n500","H","oracle","share_lower_ge_tau",0.8,0.363,0.0152063,0.333773,0.393276,1000,"5ef6b748"
"orgrf","grf","or150","OR 1.5 n500","H","oracle","share_lower_ge_tau",0.9,0.27,0.0140392,0.243402,0.298358,1000,"5ef6b748"
"orgrf","grf","or150","OR 1.5 n500","H","oracle","share_lower_ge_tau",1,0.198,0.0126014,0.174478,0.223834,1000,"5ef6b748"
"orgrf","grf","or150","OR 1.5 n500","H","oracle","share_lower_ge_tau",1.25,0.107,0.00977502,0.0893229,0.127685,1000,"5ef6b748"
"orgrf","grf","or150","OR 1.5 n500","H","oracle","share_lower_ge_tau",1.5,0.056,0.00727076,0.0433748,0.0720233,1000,"5ef6b748"
"orgrf","grf","or150","OR 1.5 n500","H","oracle","share_lower_ge_tau",2,0.013,0.00358204,0.00761282,0.0221144,1000,"5ef6b748"
"orgrf","grf","or150","OR 1.5 n500","H","oracle","bound_mean",,0.76725473,0.0124047,,,1000,"5ef6b748"
"orgrf","grf","or150","OR 1.5 n500","H","oracle","bound_q05",,0.31563423,,,,1000,"5ef6b748"
"orgrf","grf","or150","OR 1.5 n500","H","oracle","bound_q25",,0.50185981,,,,1000,"5ef6b748"
"orgrf","grf","or150","OR 1.5 n500","H","oracle","bound_q50",,0.68112262,,,,1000,"5ef6b748"
"orgrf","grf","or150","OR 1.5 n500","H","oracle","bound_q75",,0.93392764,,,,1000,"5ef6b748"
"orgrf","grf","or150","OR 1.5 n500","H","oracle","bound_q95",,1.5341784,,,,1000,"5ef6b748"
"orgrf","grf","or150","OR 1.5 n500","H","mr","share_lower_ge_tau",0.7,0.069,0.00801492,0.0548839,0.0864147,1000,"5ef6b748"
"orgrf","grf","or150","OR 1.5 n500","H","mr","share_lower_ge_tau",0.8,0.033,0.00564898,0.0235929,0.0459813,1000,"5ef6b748"
"orgrf","grf","or150","OR 1.5 n500","H","mr","share_lower_ge_tau",0.9,0.021,0.0045342,0.0137757,0.0318903,1000,"5ef6b748"
"orgrf","grf","or150","OR 1.5 n500","H","mr","share_lower_ge_tau",1,0.011,0.00329833,0.00615317,0.0195894,1000,"5ef6b748"
"orgrf","grf","or150","OR 1.5 n500","H","mr","share_lower_ge_tau",1.25,0.001,0.0009995,0.000176546,0.00564256,1000,"5ef6b748"
"orgrf","grf","or150","OR 1.5 n500","H","mr","share_lower_ge_tau",1.5,0,0,2.1684e-19,0.00382676,1000,"5ef6b748"
"orgrf","grf","or150","OR 1.5 n500","H","mr","share_lower_ge_tau",2,0,0,2.1684e-19,0.00382676,1000,"5ef6b748"
"orgrf","grf","or150","OR 1.5 n500","H","mr","bound_mean",,0.4169201,0.00536035,,,1000,"5ef6b748"
"orgrf","grf","or150","OR 1.5 n500","H","mr","bound_q05",,0.21974473,,,,1000,"5ef6b748"
"orgrf","grf","or150","OR 1.5 n500","H","mr","bound_q25",,0.30044072,,,,1000,"5ef6b748"
"orgrf","grf","or150","OR 1.5 n500","H","mr","bound_q50",,0.37805573,,,,1000,"5ef6b748"
"orgrf","grf","or150","OR 1.5 n500","H","mr","bound_q75",,0.49551481,,,,1000,"5ef6b748"
"orgrf","grf","or150","OR 1.5 n500","H","mr","bound_q95",,0.73264091,,,,1000,"5ef6b748"
"orgrf","grf","or150","OR 1.5 n500","H","naive","share_lower_ge_tau",0.7,0.934,0.00785137,0.916891,0.947788,1000,"5ef6b748"
"orgrf","grf","or150","OR 1.5 n500","H","naive","share_lower_ge_tau",0.8,0.839,0.0116223,0.81493,0.860475,1000,"5ef6b748"
"orgrf","grf","or150","OR 1.5 n500","H","naive","share_lower_ge_tau",0.9,0.72,0.0141986,0.69137,0.746946,1000,"5ef6b748"
"orgrf","grf","or150","OR 1.5 n500","H","naive","share_lower_ge_tau",1,0.581,0.0156025,0.550167,0.611213,1000,"5ef6b748"
"orgrf","grf","or150","OR 1.5 n500","H","naive","share_lower_ge_tau",1.25,0.301,0.0145051,0.273376,0.330147,1000,"5ef6b748"
"orgrf","grf","or150","OR 1.5 n500","H","naive","share_lower_ge_tau",1.5,0.132,0.010704,0.112422,0.154395,1000,"5ef6b748"
"orgrf","grf","or150","OR 1.5 n500","H","naive","share_lower_ge_tau",2,0.026,0.0050323,0.0178039,0.0378238,1000,"5ef6b748"
"orgrf","grf","or150","OR 1.5 n500","H","naive","bound_mean",,1.1239797,0.0112281,,,1000,"5ef6b748"
"orgrf","grf","or150","OR 1.5 n500","H","naive","bound_q05",,0.6787872,,,,1000,"5ef6b748"
"orgrf","grf","or150","OR 1.5 n500","H","naive","bound_q25",,0.88133393,,,,1000,"5ef6b748"
"orgrf","grf","or150","OR 1.5 n500","H","naive","bound_q50",,1.0606779,,,,1000,"5ef6b748"
"orgrf","grf","or150","OR 1.5 n500","H","naive","bound_q75",,1.3094857,,,,1000,"5ef6b748"
"orgrf","grf","or150","OR 1.5 n500","H","naive","bound_q95",,1.7830942,,,,1000,"5ef6b748"
"orgrf","grf","or150","OR 1.5 n500","Hc","naive","n_nonconvergent_fits",,0,,,,1000,"5ef6b748"
"orgrf","grf","or150","OR 1.5 n500","Hc","naive","bias_or",,-0.12364224,0.00373662,,,1000,"5ef6b748"
"orgrf","grf","or150","OR 1.5 n500","Hc","naive","bias_log",,-0.20368236,0.00614801,,,1000,"5ef6b748"
"orgrf","grf","or150","OR 1.5 n500","Hc","naive","bias_sd_units",,-1.036159,0.0312757,,,1000,"5ef6b748"
"orgrf","grf","or150","OR 1.5 n500","Hc","naive","sd_emp_or",,0.11907416,0.00266391,,,1000,"5ef6b748"
"orgrf","grf","or150","OR 1.5 n500","Hc","naive","sd_emp_log",,0.19657442,0.00439774,,,1000,"5ef6b748"
"orgrf","grf","or150","OR 1.5 n500","Hc","naive","se_mean",,0.20551073,0.000274828,,,1000,"5ef6b748"
"orgrf","grf","or150","OR 1.5 n500","Hc","naive","se_over_sd",,1.0454602,0.0234306,,,1000,"5ef6b748"
"orgrf","grf","or150","OR 1.5 n500","Hc","naive","cov1_upper",,0.769,0.0133281,0.741878,0.794064,1000,"5ef6b748"
"orgrf","grf","or150","OR 1.5 n500","Hc","naive","cov2",,0.857,0.0110703,0.833935,0.877333,1000,"5ef6b748"
"orgrf","grf","or150","OR 1.5 n500","Hc","naive","halfwidth_or",,0.25011607,,,,1000,"5ef6b748"
"orgrf","grf","or150","OR 1.5 n500","Hc","naive","margin1_or",,0.24305182,,,,1000,"5ef6b748"
"orgrf","grf","or150","OR 1.5 n500","Hc","oracle","n_nonconvergent_fits",,0,,,,1000,"5ef6b748"
"orgrf","grf","or150","OR 1.5 n500","Hc","oracle","bias_or",,0.01499093,0.00414529,,,1000,"5ef6b748"
"orgrf","grf","or150","OR 1.5 n500","Hc","oracle","bias_log",,0.0035698217,0.00619627,,,1000,"5ef6b748"
"orgrf","grf","or150","OR 1.5 n500","Hc","oracle","bias_sd_units",,0.01821865,0.0316228,,,1000,"5ef6b748"
"orgrf","grf","or150","OR 1.5 n500","Hc","oracle","sd_emp_or",,0.13108563,0.00293263,,,1000,"5ef6b748"
"orgrf","grf","or150","OR 1.5 n500","Hc","oracle","sd_emp_log",,0.19594326,0.00438362,,,1000,"5ef6b748"
"orgrf","grf","or150","OR 1.5 n500","Hc","oracle","se_mean",,0.20170159,0.000108325,,,1000,"5ef6b748"
"orgrf","grf","or150","OR 1.5 n500","Hc","oracle","se_over_sd",,1.0293877,0.023036,,,1000,"5ef6b748"
"orgrf","grf","or150","OR 1.5 n500","Hc","oracle","cov1_upper",,0.957,0.0064149,0.942581,0.967921,1000,"5ef6b748"
"orgrf","grf","or150","OR 1.5 n500","Hc","oracle","cov2",,0.957,0.0064149,0.942581,0.967921,1000,"5ef6b748"
"orgrf","grf","or150","OR 1.5 n500","Hc","oracle","halfwidth_or",,0.27204056,,,,1000,"5ef6b748"
"orgrf","grf","or150","OR 1.5 n500","Hc","oracle","margin1_or",,0.26377852,,,,1000,"5ef6b748"
"orgrf","grf","or150","OR 1.5 n500","Hc","mr","n_nonconvergent_fits",,0,,,,1000,"5ef6b748"
"orgrf","grf","or150","OR 1.5 n500","Hc","mr","bias_or",,-0.033620005,0.00424467,,,1000,"5ef6b748"
"orgrf","grf","or150","OR 1.5 n500","Hc","mr","bias_log",,-0.065008948,0.00608781,,,1000,"5ef6b748"
"orgrf","grf","or150","OR 1.5 n500","Hc","mr","bias_sd_units",,-0.33366795,0.0312466,,,1000,"5ef6b748"
"orgrf","grf","or150","OR 1.5 n500","Hc","mr","sd_emp_or",,0.13576143,0.00303724,,,1000,"5ef6b748"
"orgrf","grf","or150","OR 1.5 n500","Hc","mr","sd_emp_log",,0.19483126,0.00435874,,,1000,"5ef6b748"
"orgrf","grf","or150","OR 1.5 n500","Hc","mr","se_mean",,0.38055295,0.000346063,,,1000,"5ef6b748"
"orgrf","grf","or150","OR 1.5 n500","Hc","mr","se_over_sd",,1.9532438,0.0437338,,,1000,"5ef6b748"
"orgrf","grf","or150","OR 1.5 n500","Hc","mr","cov1_upper",,1,0,0.996173,1,1000,"5ef6b748"
"orgrf","grf","or150","OR 1.5 n500","Hc","mr","cov2",,1,0,0.996173,1,1000,"5ef6b748"
"orgrf","grf","or150","OR 1.5 n500","Hc","mr","halfwidth_or",,0.56828644,,,,1000,"5ef6b748"
"orgrf","grf","or150","OR 1.5 n500","Hc","mr","margin1_or",,0.60510588,,,,1000,"5ef6b748"
"orgrf","grf","or150","OR 1.5 n500","Hc","fld","n_nonconvergent_fits",,0,,,,1000,"5ef6b748"
"orgrf","grf","or150","OR 1.5 n500","Hc","fld","bias_or",,-0.011300643,0.00439713,,,1000,"5ef6b748"
"orgrf","grf","or150","OR 1.5 n500","Hc","fld","bias_log",,-0.033653498,0.00610982,,,1000,"5ef6b748"
"orgrf","grf","or150","OR 1.5 n500","Hc","fld","bias_sd_units",,-0.17196514,0.0312204,,,1000,"5ef6b748"
"orgrf","grf","or150","OR 1.5 n500","Hc","fld","sd_emp_or",,0.14082471,0.00315051,,,1000,"5ef6b748"
"orgrf","grf","or150","OR 1.5 n500","Hc","fld","sd_emp_log",,0.19569953,0.00437816,,,1000,"5ef6b748"
"orgrf","grf","or150","OR 1.5 n500","Hc","fld","se_mean",,0.20126232,0.000173081,,,1000,"5ef6b748"
"orgrf","grf","or150","OR 1.5 n500","Hc","fld","se_over_sd",,1.0284251,0.0230248,,,1000,"5ef6b748"
"orgrf","grf","or150","OR 1.5 n500","Hc","fld","cov1_upper",,0.942,0.00739162,0.92575,0.954867,1000,"5ef6b748"
"orgrf","grf","or150","OR 1.5 n500","Hc","fld","cov2",,0.945,0.00720937,0.929092,0.957503,1000,"5ef6b748"
"orgrf","grf","or150","OR 1.5 n500","Hc","fld","halfwidth_or",,0.28994241,,,,1000,"5ef6b748"
"orgrf","grf","or150","OR 1.5 n500","Hc","fld","margin1_or",,0.3040983,,,,1000,"5ef6b748"
"orgrf","grf","or150","OR 1.5 n500","Hc","fld_s","n_nonconvergent_fits",,0,,,,1000,"5ef6b748"
"orgrf","grf","or150","OR 1.5 n500","Hc","fld_s","bias_or",,-0.011588776,0.00439019,,,1000,"5ef6b748"
"orgrf","grf","or150","OR 1.5 n500","Hc","fld_s","bias_log",,-0.033998174,0.00610205,,,1000,"5ef6b748"
"orgrf","grf","or150","OR 1.5 n500","Hc","fld_s","bias_sd_units",,-0.17399206,0.0312284,,,1000,"5ef6b748"
"orgrf","grf","or150","OR 1.5 n500","Hc","fld_s","sd_emp_or",,0.14056895,0.00314479,,,1000,"5ef6b748"
"orgrf","grf","or150","OR 1.5 n500","Hc","fld_s","sd_emp_log",,0.19540072,0.00437148,,,1000,"5ef6b748"
"orgrf","grf","or150","OR 1.5 n500","Hc","fld_s","se_mean",,0.20341757,0.000301731,,,1000,"5ef6b748"
"orgrf","grf","or150","OR 1.5 n500","Hc","fld_s","se_over_sd",,1.0410278,0.0233409,,,1000,"5ef6b748"
"orgrf","grf","or150","OR 1.5 n500","Hc","fld_s","cov1_upper",,0.941,0.00745111,0.924639,0.953986,1000,"5ef6b748"
"orgrf","grf","or150","OR 1.5 n500","Hc","fld_s","cov2",,0.947,0.00708456,0.931325,0.959253,1000,"5ef6b748"
"orgrf","grf","or150","OR 1.5 n500","Hc","fld_s","halfwidth_or",,0.29195713,,,,1000,"5ef6b748"
"orgrf","grf","or150","OR 1.5 n500","Hc","fld_s","margin1_or",,0.30555592,,,,1000,"5ef6b748"
"orgrf","grf","or150","OR 1.5 n500","Hc","fld_s","share_upper_le_tau",0.7,0.044,0.00648568,0.0329382,0.0585518,1000,"5ef6b748"
"orgrf","grf","or150","OR 1.5 n500","Hc","fld_s","share_upper_le_tau",0.8,0.13,0.0106348,0.110564,0.152268,1000,"5ef6b748"
"orgrf","grf","or150","OR 1.5 n500","Hc","fld_s","share_upper_le_tau",0.9,0.32,0.0147513,0.291824,0.349554,1000,"5ef6b748"
"orgrf","grf","or150","OR 1.5 n500","Hc","fld_s","share_upper_le_tau",1,0.527,0.0157883,0.496011,0.557782,1000,"5ef6b748"
"orgrf","grf","or150","OR 1.5 n500","Hc","fld_s","share_upper_le_tau",1.25,0.899,0.00952885,0.87877,0.916176,1000,"5ef6b748"
"orgrf","grf","or150","OR 1.5 n500","Hc","fld_s","share_upper_le_tau",1.5,0.988,0.00344325,0.979143,0.993122,1000,"5ef6b748"
"orgrf","grf","or150","OR 1.5 n500","Hc","fld_s","share_upper_le_tau",2,1,0,0.996173,1,1000,"5ef6b748"
"orgrf","grf","or150","OR 1.5 n500","Hc","fld_s","bound_mean",,1.0022371,0.00603338,,,1000,"5ef6b748"
"orgrf","grf","or150","OR 1.5 n500","Hc","fld_s","bound_q05",,0.7191957,,,,1000,"5ef6b748"
"orgrf","grf","or150","OR 1.5 n500","Hc","fld_s","bound_q25",,0.86903274,,,,1000,"5ef6b748"
"orgrf","grf","or150","OR 1.5 n500","Hc","fld_s","bound_q50",,0.98510921,,,,1000,"5ef6b748"
"orgrf","grf","or150","OR 1.5 n500","Hc","fld_s","bound_q75",,1.1234907,,,,1000,"5ef6b748"
"orgrf","grf","or150","OR 1.5 n500","Hc","fld_s","bound_q95",,1.3459409,,,,1000,"5ef6b748"
"orgrf","grf","or150","OR 1.5 n500","Hc","oracle","share_upper_le_tau",0.7,0.08,0.00857904,0.064748,0.0984664,1000,"5ef6b748"
"orgrf","grf","or150","OR 1.5 n500","Hc","oracle","share_upper_le_tau",0.8,0.236,0.0134277,0.210723,0.263297,1000,"5ef6b748"
"orgrf","grf","or150","OR 1.5 n500","Hc","oracle","share_upper_le_tau",0.9,0.465,0.0157726,0.434279,0.495989,1000,"5ef6b748"
"orgrf","grf","or150","OR 1.5 n500","Hc","oracle","share_upper_le_tau",1,0.669,0.0148808,0.639236,0.69747,1000,"5ef6b748"
"orgrf","grf","or150","OR 1.5 n500","Hc","oracle","share_upper_le_tau",1.25,0.943,0.00733151,0.926863,0.955747,1000,"5ef6b748"
"orgrf","grf","or150","OR 1.5 n500","Hc","oracle","share_upper_le_tau",1.5,0.996,0.001996,0.98976,0.998443,1000,"5ef6b748"
"orgrf","grf","or150","OR 1.5 n500","Hc","oracle","share_upper_le_tau",2,1,0,0.996173,1,1000,"5ef6b748"
"orgrf","grf","or150","OR 1.5 n500","Hc","oracle","bound_mean",,0.93517719,0.00571761,,,1000,"5ef6b748"
"orgrf","grf","or150","OR 1.5 n500","Hc","oracle","bound_q05",,0.66742938,,,,1000,"5ef6b748"
"orgrf","grf","or150","OR 1.5 n500","Hc","oracle","bound_q25",,0.80510456,,,,1000,"5ef6b748"
"orgrf","grf","or150","OR 1.5 n500","Hc","oracle","bound_q50",,0.91549543,,,,1000,"5ef6b748"
"orgrf","grf","or150","OR 1.5 n500","Hc","oracle","bound_q75",,1.0479755,,,,1000,"5ef6b748"
"orgrf","grf","or150","OR 1.5 n500","Hc","oracle","bound_q95",,1.2642996,,,,1000,"5ef6b748"
"orgrf","grf","or150","OR 1.5 n500","Hc","fld","share_upper_le_tau",0.7,0.047,0.00669261,0.0355271,0.0619399,1000,"5ef6b748"
"orgrf","grf","or150","OR 1.5 n500","Hc","fld","share_upper_le_tau",0.8,0.137,0.0108734,0.117073,0.159705,1000,"5ef6b748"
"orgrf","grf","or150","OR 1.5 n500","Hc","fld","share_upper_le_tau",0.9,0.325,0.0148113,0.296688,0.354651,1000,"5ef6b748"
"orgrf","grf","or150","OR 1.5 n500","Hc","fld","share_upper_le_tau",1,0.542,0.0157555,0.511018,0.572661,1000,"5ef6b748"
"orgrf","grf","or150","OR 1.5 n500","Hc","fld","share_upper_le_tau",1.25,0.899,0.00952885,0.87877,0.916176,1000,"5ef6b748"
"orgrf","grf","or150","OR 1.5 n500","Hc","fld","share_upper_le_tau",1.5,0.987,0.00358204,0.977886,0.992387,1000,"5ef6b748"
"orgrf","grf","or150","OR 1.5 n500","Hc","fld","share_upper_le_tau",2,1,0,0.996173,1,1000,"5ef6b748"
"orgrf","grf","or150","OR 1.5 n500","Hc","fld","bound_mean",,1.0007795,0.00613531,,,1000,"5ef6b748"
"orgrf","grf","or150","OR 1.5 n500","Hc","fld","bound_q05",,0.70699548,,,,1000,"5ef6b748"
"orgrf","grf","or150","OR 1.5 n500","Hc","fld","bound_q25",,0.86549493,,,,1000,"5ef6b748"
"orgrf","grf","or150","OR 1.5 n500","Hc","fld","bound_q50",,0.98422881,,,,1000,"5ef6b748"
"orgrf","grf","or150","OR 1.5 n500","Hc","fld","bound_q75",,1.1259577,,,,1000,"5ef6b748"
"orgrf","grf","or150","OR 1.5 n500","Hc","fld","bound_q95",,1.3478683,,,,1000,"5ef6b748"
"orgrf","grf","or150","OR 1.5 n500","Hc","mr","share_upper_le_tau",0.7,0.001,0.0009995,0.000176546,0.00564256,1000,"5ef6b748"
"orgrf","grf","or150","OR 1.5 n500","Hc","mr","share_upper_le_tau",0.8,0.008,0.00281709,0.0040592,0.0157063,1000,"5ef6b748"
"orgrf","grf","or150","OR 1.5 n500","Hc","mr","share_upper_le_tau",0.9,0.04,0.00619677,0.029511,0.0540096,1000,"5ef6b748"
"orgrf","grf","or150","OR 1.5 n500","Hc","mr","share_upper_le_tau",1,0.093,0.00918428,0.0765237,0.112591,1000,"5ef6b748"
"orgrf","grf","or150","OR 1.5 n500","Hc","mr","share_upper_le_tau",1.25,0.455,0.0157472,0.424367,0.485978,1000,"5ef6b748"
"orgrf","grf","or150","OR 1.5 n500","Hc","mr","share_upper_le_tau",1.5,0.798,0.0126963,0.771997,0.821722,1000,"5ef6b748"
"orgrf","grf","or150","OR 1.5 n500","Hc","mr","share_upper_le_tau",2,0.992,0.00281709,0.984294,0.995941,1000,"5ef6b748"
"orgrf","grf","or150","OR 1.5 n500","Hc","mr","bound_mean",,1.301787,0.00786462,,,1000,"5ef6b748"
"orgrf","grf","or150","OR 1.5 n500","Hc","mr","bound_q05",,0.92640599,,,,1000,"5ef6b748"
"orgrf","grf","or150","OR 1.5 n500","Hc","mr","bound_q25",,1.1301732,,,,1000,"5ef6b748"
"orgrf","grf","or150","OR 1.5 n500","Hc","mr","bound_q50",,1.281626,,,,1000,"5ef6b748"
"orgrf","grf","or150","OR 1.5 n500","Hc","mr","bound_q75",,1.4535094,,,,1000,"5ef6b748"
"orgrf","grf","or150","OR 1.5 n500","Hc","mr","bound_q95",,1.742944,,,,1000,"5ef6b748"
"orgrf","grf","or150","OR 1.5 n500","Hc","naive","share_upper_le_tau",0.7,0.17,0.0118786,0.147992,0.194534,1000,"5ef6b748"
"orgrf","grf","or150","OR 1.5 n500","Hc","naive","share_upper_le_tau",0.8,0.419,0.0156025,0.388787,0.449833,1000,"5ef6b748"
"orgrf","grf","or150","OR 1.5 n500","Hc","naive","share_upper_le_tau",0.9,0.654,0.0150427,0.623978,0.682843,1000,"5ef6b748"
"orgrf","grf","or150","OR 1.5 n500","Hc","naive","share_upper_le_tau",1,0.829,0.0119063,0.804416,0.851066,1000,"5ef6b748"
"orgrf","grf","or150","OR 1.5 n500","Hc","naive","share_upper_le_tau",1.25,0.985,0.00384383,0.975399,0.990889,1000,"5ef6b748"
"orgrf","grf","or150","OR 1.5 n500","Hc","naive","share_upper_le_tau",1.5,0.999,0.0009995,0.994357,0.999823,1000,"5ef6b748"
"orgrf","grf","or150","OR 1.5 n500","Hc","naive","share_upper_le_tau",2,1,0,0.996173,1,1000,"5ef6b748"
"orgrf","grf","or150","OR 1.5 n500","Hc","naive","bound_mean",,0.84971076,0.00512599,,,1000,"5ef6b748"
"orgrf","grf","or150","OR 1.5 n500","Hc","naive","bound_q05",,0.60525548,,,,1000,"5ef6b748"
"orgrf","grf","or150","OR 1.5 n500","Hc","naive","bound_q25",,0.7371838,,,,1000,"5ef6b748"
"orgrf","grf","or150","OR 1.5 n500","Hc","naive","bound_q50",,0.83758019,,,,1000,"5ef6b748"
"orgrf","grf","or150","OR 1.5 n500","Hc","naive","bound_q75",,0.94913998,,,,1000,"5ef6b748"
"orgrf","grf","or150","OR 1.5 n500","Hc","naive","bound_q95",,1.1366674,,,,1000,"5ef6b748"
"orgrf","grf","or150","OR 1.5 n500","joint","bonf_s","joint_coverage",,0.933,0.00790639,0.915788,0.946898,1000,"5ef6b748"
"orgrf","grf","or150","OR 1.5 n500","joint","bonf_s","share_both_bounds",,1,0,0.996173,1,1000,"5ef6b748"
"orgrf","grf","or150","OR 1.5 n500","joint","bonf_s","cov_H",,0.97,0.00539444,0.957497,0.978906,1000,"5ef6b748"
"orgrf","grf","or150","OR 1.5 n500","joint","bonf_s","cov_Hc",,0.963,0.00596917,0.949418,0.973039,1000,"5ef6b748"
"orgrf","grf","or150","OR 1.5 n500","joint","bonf_s","margin_H_or",,0.81127176,0.0142669,,,1000,"5ef6b748"
"orgrf","grf","or150","OR 1.5 n500","joint","bonf_s","margin_Hc_or",,0.37119913,0.00226572,,,1000,"5ef6b748"
"orgrf","grf","or150","OR 1.5 n500","joint","bonf","joint_coverage",,0.932,0.0079609,0.914686,0.946008,1000,"5ef6b748"
"orgrf","grf","or150","OR 1.5 n500","joint","bonf","share_both_bounds",,1,0,0.996173,1,1000,"5ef6b748"
"orgrf","grf","or150","OR 1.5 n500","joint","bonf","cov_H",,0.97,0.00539444,0.957497,0.978906,1000,"5ef6b748"
"orgrf","grf","or150","OR 1.5 n500","joint","bonf","cov_Hc",,0.962,0.00604616,0.948273,0.972191,1000,"5ef6b748"
"orgrf","grf","or150","OR 1.5 n500","joint","bonf","margin_H_or",,0.81127176,0.0142669,,,1000,"5ef6b748"
"orgrf","grf","or150","OR 1.5 n500","joint","bonf","margin_Hc_or",,0.36960431,0.00235963,,,1000,"5ef6b748"
"orgrf","grf","or150","OR 1.5 n500","joint","separate_s","joint_coverage",,0.884,0.0101264,0.862667,0.902394,1000,"5ef6b748"
"orgrf","grf","or150","OR 1.5 n500","joint","separate_s","share_both_bounds",,1,0,0.996173,1,1000,"5ef6b748"
"orgrf","grf","or150","OR 1.5 n500","joint","separate_s","cov_H",,0.941,0.00745111,0.924639,0.953986,1000,"5ef6b748"
"orgrf","grf","or150","OR 1.5 n500","joint","separate_s","cov_Hc",,0.941,0.00745111,0.924639,0.953986,1000,"5ef6b748"
"orgrf","grf","or150","OR 1.5 n500","joint","separate_s","margin_H_or",,0.73595886,0.0129915,,,1000,"5ef6b748"
"orgrf","grf","or150","OR 1.5 n500","joint","separate_s","margin_Hc_or",,0.30555592,0.00184213,,,1000,"5ef6b748"
"orgrf","grf","or150","OR 1.5 n500","joint","calibrated","gamma_mean_s",,0.025158,1.20491e-05,,,1000,"5ef6b748"
"orgrf","grf","or150","OR 1.5 n500","joint","calibrated","corr_s",,0.098651846,0.00182366,,,1000,"5ef6b748"
"orgrf","grf","or150","OR 1.5 n500","joint","calibrated","gamma_mean",,0.025126,1.08739e-05,,,1000,"5ef6b748"
"orgrf","grf","or150","OR 1.5 n500","joint","calibrated","corr",,0.10508852,0.00185444,,,1000,"5ef6b748"
"orgrf","grf","or150","OR 1.5 n500","H","all","mean_size_hhat",,90.505,0.819596,,,1000,"5ef6b748"
"orgrf","grf","or150","OR 1.5 n500","H","all","mean_true_positives",,24.813,0.671927,,,1000,"5ef6b748"
"orgrf","grf","or150","OR 1.5 n500","H","all","sensitivity_mean",,0.33185679,0.00880564,,,1000,"5ef6b748"
"orgrf","grf","or150","OR 1.5 n500","H","all","ppv_mean",,0.2722684,0.00717627,,,1000,"5ef6b748"
"orgrf","grf","or150","OR 1.5 n500","H","all","spec_mean",,0.84578209,0.00205287,,,1000,"5ef6b748"
"orgrf","grf","or150","OR 1.5 n500","H","all","mean_n_family",,1093.342,1.41913,,,1000,"5ef6b748"
"orgrf","grf","or150","OR 1.5 n500","H","all","mean_admitted_n",,311.573,6.59253,,,1000,"5ef6b748"
"orgrf","grf","or150","OR 1.5 n500","H","all","mean_proposed_n",,,,,,0,"5ef6b748"
"orgrf","grf","or150","OR 1.5 n500","H","all","mean_n_cons_qual",,,,,,0,"5ef6b748"
"orgrf","grf","or150","OR 1.5 n500","H","all","mean_band_n",,,,,,0,"5ef6b748"
"orgrf","grf","or150","OR 1.5 n500","H","all","mean_n_true",,74.258,0.242867,,,1000,"5ef6b748"
"orgrf","grf","or150","OR 1.5 n500","H","all","p_hat_mean",,0.1579986,0.00397928,,,1000,"5ef6b748"
"orgrf","grf","or150","OR 1.5 n500","H","all","p_hat_share_lt_05",,0.981,0.00431729,0.970516,0.987803,1000,"5ef6b748"
"orgrf","grf","or150","OR 1.5 n500","Hc","mr","sd_btc_over_naive_se",,0.94803452,,,,1000,"5ef6b748"
"orgrf","grf","or150","OR 1.5 n500","Hc","fld","lamsd_over_naive_se",,0.97932757,,,,1000,"5ef6b748"
"orgrf","grf","or150","OR 1.5 n500","Hc","fld_s","lamsd_over_naive_se",,0.98981485,,,,1000,"5ef6b748"
"orgrf","grf","or150","OR 1.5 n500","all","all","secs_fit_mr_mean",,40.286888,0.133125,,,1000,"5ef6b748"
"orgrf","grf","or150","OR 1.5 n500","all","all","secs_id_mean",,5.486148,0.0227751,,,1000,"5ef6b748"
"orgrf","grf","or150","OR 1.5 n500","all","all","secs_field_mean",,23.807371,0.0920248,,,1000,"5ef6b748"
"orgrf","grf","or150","OR 1.5 n500","all","all","secs_complement_mean",,1.600305,0.00573292,,,1000,"5ef6b748"
"orgrf","grf","or150","OR 1.5 n500","H","naive","display_b",,2.8993858,,,,1000,"5ef6b748"
"orgrf","grf","or150","OR 1.5 n500","H","naive","display_r",,1.3130244,,,,1000,"5ef6b748"
"orgrf","grf","or150","OR 1.5 n500","H","naive","display_cov1",,0.192,,,,1000,"5ef6b748"
"orgrf","grf","or150","OR 1.5 n500","H","naive","display_cov1_ref",,0.22975533,,,,1000,"5ef6b748"
"orgrf","grf","or150","OR 1.5 n500","H","naive","display_cov2",,0.343,,,,1000,"5ef6b748"
"orgrf","grf","or150","OR 1.5 n500","H","naive","display_cov2_ref",,0.37224798,,,,1000,"5ef6b748"
"orgrf","grf","or150","OR 1.5 n500","H","mr","display_b",,0.60610311,,,,1000,"5ef6b748"
"orgrf","grf","or150","OR 1.5 n500","H","mr","display_r",,1.4086011,,,,1000,"5ef6b748"
"orgrf","grf","or150","OR 1.5 n500","H","mr","display_cov1",,0.968,,,,1000,"5ef6b748"
"orgrf","grf","or150","OR 1.5 n500","H","mr","display_cov1_ref",,0.95644462,,,,1000,"5ef6b748"
"orgrf","grf","or150","OR 1.5 n500","H","mr","display_cov2",,0.995,,,,1000,"5ef6b748"
"orgrf","grf","or150","OR 1.5 n500","H","mr","display_cov2_ref",,0.98402743,,,,1000,"5ef6b748"
"orgrf","grf","or150","OR 1.5 n500","H","fld","display_b",,0.24021341,,,,1000,"5ef6b748"
"orgrf","grf","or150","OR 1.5 n500","H","fld","display_r",,1.0373222,,,,1000,"5ef6b748"
"orgrf","grf","or150","OR 1.5 n500","H","fld","display_cov1",,0.941,,,,1000,"5ef6b748"
"orgrf","grf","or150","OR 1.5 n500","H","fld","display_cov1_ref",,0.9286799,,,,1000,"5ef6b748"
"orgrf","grf","or150","OR 1.5 n500","H","fld","display_cov2",,0.958,,,,1000,"5ef6b748"
"orgrf","grf","or150","OR 1.5 n500","H","fld","display_cov2_ref",,0.95200237,,,,1000,"5ef6b748"
"orgrf","grf","or150","OR 1.5 n500","Hc","naive","display_b",,-1.036159,,,,1000,"5ef6b748"
"orgrf","grf","or150","OR 1.5 n500","Hc","naive","display_r",,1.0454602,,,,1000,"5ef6b748"
"orgrf","grf","or150","OR 1.5 n500","Hc","naive","display_cov1",,0.769,,,,1000,"5ef6b748"
"orgrf","grf","or150","OR 1.5 n500","Hc","naive","display_cov1_ref",,0.75284502,,,,1000,"5ef6b748"
"orgrf","grf","or150","OR 1.5 n500","Hc","naive","display_cov2",,0.857,,,,1000,"5ef6b748"
"orgrf","grf","or150","OR 1.5 n500","Hc","naive","display_cov2_ref",,0.84343029,,,,1000,"5ef6b748"
"orgrf","grf","or150","OR 1.5 n500","Hc","mr","display_b",,-0.33366795,,,,1000,"5ef6b748"
"orgrf","grf","or150","OR 1.5 n500","Hc","mr","display_r",,1.9532438,,,,1000,"5ef6b748"
"orgrf","grf","or150","OR 1.5 n500","Hc","mr","display_cov1",,1,,,,1000,"5ef6b748"
"orgrf","grf","or150","OR 1.5 n500","Hc","mr","display_cov1_ref",,0.99800614,,,,1000,"5ef6b748"
"orgrf","grf","or150","OR 1.5 n500","Hc","mr","display_cov2",,1,,,,1000,"5ef6b748"
"orgrf","grf","or150","OR 1.5 n500","Hc","mr","display_cov2_ref",,0.99974685,,,,1000,"5ef6b748"
"orgrf","grf","or150","OR 1.5 n500","Hc","fld","display_b",,-0.17196514,,,,1000,"5ef6b748"
"orgrf","grf","or150","OR 1.5 n500","Hc","fld","display_r",,1.0284251,,,,1000,"5ef6b748"
"orgrf","grf","or150","OR 1.5 n500","Hc","fld","display_cov1",,0.942,,,,1000,"5ef6b748"
"orgrf","grf","or150","OR 1.5 n500","Hc","fld","display_cov1_ref",,0.93569973,,,,1000,"5ef6b748"
"orgrf","grf","or150","OR 1.5 n500","Hc","fld","display_cov2",,0.945,,,,1000,"5ef6b748"
"orgrf","grf","or150","OR 1.5 n500","Hc","fld","display_cov2_ref",,0.95303951,,,,1000,"5ef6b748"
"orgrf","grf","or150","OR 1.5 n500","Hc","fld_s","display_b",,-0.17399206,,,,1000,"5ef6b748"
"orgrf","grf","or150","OR 1.5 n500","Hc","fld_s","display_r",,1.0410278,,,,1000,"5ef6b748"
"orgrf","grf","or150","OR 1.5 n500","Hc","fld_s","display_cov1",,0.941,,,,1000,"5ef6b748"
"orgrf","grf","or150","OR 1.5 n500","Hc","fld_s","display_cov1_ref",,0.93801801,,,,1000,"5ef6b748"
"orgrf","grf","or150","OR 1.5 n500","Hc","fld_s","display_cov2",,0.947,,,,1000,"5ef6b748"
"orgrf","grf","or150","OR 1.5 n500","Hc","fld_s","display_cov2_ref",,0.95560453,,,,1000,"5ef6b748"
"ordina","dina","or150","OR 1.5 n500","H","all","declaration_rate",,0.979,0.0045342,0.96811,0.986224,1000,"adfd783f"
"ordina","dina","or150","OR 1.5 n500","H","naive","n_nonconvergent_fits",,0,,,,979,"adfd783f"
"ordina","dina","or150","OR 1.5 n500","H","naive","bias_or",,1.9883914,0.042724,,,979,"adfd783f"
"ordina","dina","or150","OR 1.5 n500","H","naive","bias_log",,1.1401428,0.0141482,,,979,"adfd783f"
"ordina","dina","or150","OR 1.5 n500","H","naive","bias_sd_units",,2.7321253,0.0339033,,,979,"adfd783f"
"ordina","dina","or150","OR 1.5 n500","H","naive","sd_emp_or",,1.3432269,0.0303714,,,979,"adfd783f"
"ordina","dina","or150","OR 1.5 n500","H","naive","sd_emp_log",,0.41730985,0.0094357,,,979,"adfd783f"
"ordina","dina","or150","OR 1.5 n500","H","naive","se_mean",,0.50030065,0.00319172,,,979,"adfd783f"
"ordina","dina","or150","OR 1.5 n500","H","naive","se_over_sd",,1.1988709,0.0281657,,,979,"adfd783f"
"ordina","dina","or150","OR 1.5 n500","H","naive","cov1_lower",,0.18181818,0.0123269,0.158917,0.207207,979,"adfd783f"
"ordina","dina","or150","OR 1.5 n500","H","naive","cov2",,0.32482125,0.0149672,0.29622,0.354792,979,"adfd783f"
"ordina","dina","or150","OR 1.5 n500","H","naive","halfwidth_or",,3.6262475,,,,979,"adfd783f"
"ordina","dina","or150","OR 1.5 n500","H","naive","margin1_or",,1.6302195,,,,979,"adfd783f"
"ordina","dina","or150","OR 1.5 n500","H","naive","cov2_theta_dagger",,0.91317671,0.00899921,0.893884,0.929239,979,"adfd783f"
"ordina","dina","or150","OR 1.5 n500","H","naive","cov1_lower_theta_dagger",,0.81818182,0.0123269,0.792793,0.841083,979,"adfd783f"
"ordina","dina","or150","OR 1.5 n500","H","naive","cov2_theta_ddagger",,0.92339122,0.00850043,0.905026,0.938446,979,"adfd783f"
"ordina","dina","or150","OR 1.5 n500","H","naive","cov1_lower_theta_ddagger",,0.83554648,0.0118472,0.811023,0.857447,979,"adfd783f"
"ordina","dina","or150","OR 1.5 n500","H","oracle","n_nonconvergent_fits",,0,,,,979,"adfd783f"
"ordina","dina","or150","OR 1.5 n500","H","oracle","bias_or",,0.23618359,0.0298185,,,979,"adfd783f"
"ordina","dina","or150","OR 1.5 n500","H","oracle","bias_log",,0.026669635,0.0154368,,,979,"adfd783f"
"ordina","dina","or150","OR 1.5 n500","H","oracle","bias_sd_units",,0.055216382,0.0319601,,,979,"adfd783f"
"ordina","dina","or150","OR 1.5 n500","H","oracle","sd_emp_or",,0.932991,0.0210957,,,979,"adfd783f"
"ordina","dina","or150","OR 1.5 n500","H","oracle","sd_emp_log",,0.48300221,0.0109211,,,979,"adfd783f"
"ordina","dina","or150","OR 1.5 n500","H","oracle","se_mean",,0.48609451,0.00102343,,,979,"adfd783f"
"ordina","dina","or150","OR 1.5 n500","H","oracle","se_over_sd",,1.0064022,0.022854,,,979,"adfd783f"
"ordina","dina","or150","OR 1.5 n500","H","oracle","cov1_lower",,0.94279877,0.007422,0.926447,0.955689,979,"adfd783f"
"ordina","dina","or150","OR 1.5 n500","H","oracle","cov2",,0.95301328,0.0067631,0.937895,0.96459,979,"adfd783f"
"ordina","dina","or150","OR 1.5 n500","H","oracle","halfwidth_or",,1.9484796,,,,979,"adfd783f"
"ordina","dina","or150","OR 1.5 n500","H","oracle","margin1_or",,0.96148921,,,,979,"adfd783f"
"ordina","dina","or150","OR 1.5 n500","H","mr","n_nonconvergent_fits",,0,,,,979,"adfd783f"
"ordina","dina","or150","OR 1.5 n500","H","mr","bias_or",,0.53448434,0.0229346,,,979,"adfd783f"
"ordina","dina","or150","OR 1.5 n500","H","mr","bias_log",,0.41267085,0.014073,,,979,"adfd783f"
"ordina","dina","or150","OR 1.5 n500","H","mr","bias_sd_units",,0.97620024,0.0332907,,,979,"adfd783f"
"ordina","dina","or150","OR 1.5 n500","H","mr","sd_emp_or",,0.72177677,0.0163199,,,979,"adfd783f"
"ordina","dina","or150","OR 1.5 n500","H","mr","sd_emp_log",,0.42273177,0.0095583,,,979,"adfd783f"
"ordina","dina","or150","OR 1.5 n500","H","mr","se_mean",,0.67078926,0.00339462,,,979,"adfd783f"
"ordina","dina","or150","OR 1.5 n500","H","mr","se_over_sd",,1.5867964,0.0367664,,,979,"adfd783f"
"ordina","dina","or150","OR 1.5 n500","H","mr","cov1_lower",,0.96016343,0.00625061,0.946006,0.970723,979,"adfd783f"
"ordina","dina","or150","OR 1.5 n500","H","mr","cov2",,0.98876404,0.00336868,0.979993,0.993715,979,"adfd783f"
"ordina","dina","or150","OR 1.5 n500","H","mr","halfwidth_or",,2.6516263,,,,979,"adfd783f"
"ordina","dina","or150","OR 1.5 n500","H","mr","margin1_or",,0.93576428,,,,979,"adfd783f"
"ordina","dina","or150","OR 1.5 n500","H","mr","cov2_theta_dagger",,0.99693565,0.00176649,0.991029,0.998957,979,"adfd783f"
"ordina","dina","or150","OR 1.5 n500","H","mr","cov1_lower_theta_dagger",,1,0,0.996091,1,979,"adfd783f"
"ordina","dina","or150","OR 1.5 n500","H","mr","cov2_theta_ddagger",,0.99693565,0.00176649,0.991029,0.998957,979,"adfd783f"
"ordina","dina","or150","OR 1.5 n500","H","mr","cov1_lower_theta_ddagger",,1,0,0.996091,1,979,"adfd783f"
"ordina","dina","or150","OR 1.5 n500","H","fld","n_nonconvergent_fits",,0,,,,979,"adfd783f"
"ordina","dina","or150","OR 1.5 n500","H","fld","bias_or",,0.35382741,0.0210025,,,979,"adfd783f"
"ordina","dina","or150","OR 1.5 n500","H","fld","bias_log",,0.26422175,0.0144394,,,979,"adfd783f"
"ordina","dina","or150","OR 1.5 n500","H","fld","bias_sd_units",,0.60266435,0.0329348,,,979,"adfd783f"
"ordina","dina","or150","OR 1.5 n500","H","fld","sd_emp_or",,0.66226117,0.0149742,,,979,"adfd783f"
"ordina","dina","or150","OR 1.5 n500","H","fld","sd_emp_log",,0.43842273,0.00991308,,,979,"adfd783f"
"ordina","dina","or150","OR 1.5 n500","H","fld","se_mean",,0.4720665,0.00135595,,,979,"adfd783f"
"ordina","dina","or150","OR 1.5 n500","H","fld","se_over_sd",,1.0767382,0.0245416,,,979,"adfd783f"
"ordina","dina","or150","OR 1.5 n500","H","fld","cov1_lower",,0.90296221,0.0094605,0.882814,0.91996,979,"adfd783f"
"ordina","dina","or150","OR 1.5 n500","H","fld","cov2",,0.93973442,0.00760582,0.923039,0.952993,979,"adfd783f"
"ordina","dina","or150","OR 1.5 n500","H","fld","halfwidth_or",,1.228,,,,979,"adfd783f"
"ordina","dina","or150","OR 1.5 n500","H","fld","margin1_or",,0.85940341,,,,979,"adfd783f"
"ordina","dina","or150","OR 1.5 n500","H","fld","cov2_theta_dagger",,0.85597549,0.0112217,0.832589,0.876579,979,"adfd783f"
"ordina","dina","or150","OR 1.5 n500","H","fld","cov1_lower_theta_dagger",,0.99284985,0.00269282,0.985315,0.996532,979,"adfd783f"
"ordina","dina","or150","OR 1.5 n500","H","fld","cov2_theta_ddagger",,0.84167518,0.0116669,0.817479,0.863201,979,"adfd783f"
"ordina","dina","or150","OR 1.5 n500","H","fld","cov1_lower_theta_ddagger",,0.9938713,0.00249435,0.986694,0.997188,979,"adfd783f"
"ordina","dina","or150","OR 1.5 n500","H","fld","share_lower_ge_tau",0.7,0.16649642,0.011906,0.144474,0.191126,979,"adfd783f"
"ordina","dina","or150","OR 1.5 n500","H","fld","share_lower_ge_tau",0.8,0.11440245,0.0101729,0.0959531,0.135866,979,"adfd783f"
"ordina","dina","or150","OR 1.5 n500","H","fld","share_lower_ge_tau",0.9,0.069458631,0.0081253,0.0551584,0.0871244,979,"adfd783f"
"ordina","dina","or150","OR 1.5 n500","H","fld","share_lower_ge_tau",1,0.040858018,0.00632687,0.030147,0.0551582,979,"adfd783f"
"ordina","dina","or150","OR 1.5 n500","H","fld","share_lower_ge_tau",1.25,0.020429009,0.00452116,0.013263,0.0313439,979,"adfd783f"
"ordina","dina","or150","OR 1.5 n500","H","fld","share_lower_ge_tau",1.5,0.0071501532,0.00269282,0.00346778,0.0146852,979,"adfd783f"
"ordina","dina","or150","OR 1.5 n500","H","fld","share_lower_ge_tau",2,0.0010214505,0.00102093,0.000180334,0.00576311,979,"adfd783f"
"ordina","dina","or150","OR 1.5 n500","H","fld","bound_mean",,0.51885031,0.00788459,,,979,"adfd783f"
"ordina","dina","or150","OR 1.5 n500","H","fld","bound_q05",,0.27002791,,,,979,"adfd783f"
"ordina","dina","or150","OR 1.5 n500","H","fld","bound_q25",,0.35746549,,,,979,"adfd783f"
"ordina","dina","or150","OR 1.5 n500","H","fld","bound_q50",,0.46158429,,,,979,"adfd783f"
"ordina","dina","or150","OR 1.5 n500","H","fld","bound_q75",,0.59811124,,,,979,"adfd783f"
"ordina","dina","or150","OR 1.5 n500","H","fld","bound_q95",,0.96412793,,,,979,"adfd783f"
"ordina","dina","or150","OR 1.5 n500","H","oracle","share_lower_ge_tau",0.7,0.48927477,0.0159764,0.458065,0.520569,979,"adfd783f"
"ordina","dina","or150","OR 1.5 n500","H","oracle","share_lower_ge_tau",0.8,0.36976507,0.0154285,0.34009,0.400458,979,"adfd783f"
"ordina","dina","or150","OR 1.5 n500","H","oracle","share_lower_ge_tau",0.9,0.27477017,0.014267,0.247729,0.303572,979,"adfd783f"
"ordina","dina","or150","OR 1.5 n500","H","oracle","share_lower_ge_tau",1,0.20224719,0.0128376,0.178272,0.22855,979,"adfd783f"
"ordina","dina","or150","OR 1.5 n500","H","oracle","share_lower_ge_tau",1.25,0.1092952,0.00997186,0.0912563,0.130388,979,"adfd783f"
"ordina","dina","or150","OR 1.5 n500","H","oracle","share_lower_ge_tau",1.5,0.057201226,0.007422,0.0443107,0.0735531,979,"adfd783f"
"ordina","dina","or150","OR 1.5 n500","H","oracle","share_lower_ge_tau",2,0.013278856,0.00365836,0.00777645,0.022586,979,"adfd783f"
"ordina","dina","or150","OR 1.5 n500","H","oracle","bound_mean",,0.77469438,0.0125407,,,979,"adfd783f"
"ordina","dina","or150","OR 1.5 n500","H","oracle","bound_q05",,0.3255825,,,,979,"adfd783f"
"ordina","dina","or150","OR 1.5 n500","H","oracle","bound_q25",,0.50985119,,,,979,"adfd783f"
"ordina","dina","or150","OR 1.5 n500","H","oracle","bound_q50",,0.68977934,,,,979,"adfd783f"
"ordina","dina","or150","OR 1.5 n500","H","oracle","bound_q75",,0.93541077,,,,979,"adfd783f"
"ordina","dina","or150","OR 1.5 n500","H","oracle","bound_q95",,1.5470963,,,,979,"adfd783f"
"ordina","dina","or150","OR 1.5 n500","H","mr","share_lower_ge_tau",0.7,0.081716037,0.00875489,0.0661473,0.100554,979,"adfd783f"
"ordina","dina","or150","OR 1.5 n500","H","mr","share_lower_ge_tau",0.8,0.050051073,0.00696892,0.0380646,0.0655548,979,"adfd783f"
"ordina","dina","or150","OR 1.5 n500","H","mr","share_lower_ge_tau",0.9,0.025536261,0.00504162,0.0173558,0.0374256,979,"adfd783f"
"ordina","dina","or150","OR 1.5 n500","H","mr","share_lower_ge_tau",1,0.016343207,0.00405228,0.0100845,0.0263827,979,"adfd783f"
"ordina","dina","or150","OR 1.5 n500","H","mr","share_lower_ge_tau",1.25,0.0040858018,0.00203872,0.00159,0.0104582,979,"adfd783f"
"ordina","dina","or150","OR 1.5 n500","H","mr","share_lower_ge_tau",1.5,0,0,4.33681e-19,0.00390852,979,"adfd783f"
"ordina","dina","or150","OR 1.5 n500","H","mr","share_lower_ge_tau",2,0,0,4.33681e-19,0.00390852,979,"adfd783f"
"ordina","dina","or150","OR 1.5 n500","H","mr","bound_mean",,0.44248944,0.00561433,,,979,"adfd783f"
"ordina","dina","or150","OR 1.5 n500","H","mr","bound_q05",,0.24327706,,,,979,"adfd783f"
"ordina","dina","or150","OR 1.5 n500","H","mr","bound_q25",,0.3222026,,,,979,"adfd783f"
"ordina","dina","or150","OR 1.5 n500","H","mr","bound_q50",,0.40864086,,,,979,"adfd783f"
"ordina","dina","or150","OR 1.5 n500","H","mr","bound_q75",,0.51218499,,,,979,"adfd783f"
"ordina","dina","or150","OR 1.5 n500","H","mr","bound_q95",,0.79908993,,,,979,"adfd783f"
"ordina","dina","or150","OR 1.5 n500","H","naive","share_lower_ge_tau",0.7,0.92849847,0.00823487,0.910628,0.943019,979,"adfd783f"
"ordina","dina","or150","OR 1.5 n500","H","naive","share_lower_ge_tau",0.8,0.85597549,0.0112217,0.832589,0.876579,979,"adfd783f"
"ordina","dina","or150","OR 1.5 n500","H","naive","share_lower_ge_tau",0.9,0.75791624,0.01369,0.73011,0.783706,979,"adfd783f"
"ordina","dina","or150","OR 1.5 n500","H","naive","share_lower_ge_tau",1,0.66292135,0.0151079,0.632725,0.691845,979,"adfd783f"
"ordina","dina","or150","OR 1.5 n500","H","naive","share_lower_ge_tau",1.25,0.38304392,0.0155367,0.353106,0.413896,979,"adfd783f"
"ordina","dina","or150","OR 1.5 n500","H","naive","share_lower_ge_tau",1.5,0.18181818,0.0123269,0.158917,0.207207,979,"adfd783f"
"ordina","dina","or150","OR 1.5 n500","H","naive","share_lower_ge_tau",2,0.052093973,0.00710207,0.0398422,0.0678471,979,"adfd783f"
"ordina","dina","or150","OR 1.5 n500","H","naive","bound_mean",,1.2019413,0.0136108,,,979,"adfd783f"
"ordina","dina","or150","OR 1.5 n500","H","naive","bound_q05",,0.63927317,,,,979,"adfd783f"
"ordina","dina","or150","OR 1.5 n500","H","naive","bound_q25",,0.90946298,,,,979,"adfd783f"
"ordina","dina","or150","OR 1.5 n500","H","naive","bound_q50",,1.1369,,,,979,"adfd783f"
"ordina","dina","or150","OR 1.5 n500","H","naive","bound_q75",,1.4153302,,,,979,"adfd783f"
"ordina","dina","or150","OR 1.5 n500","H","naive","bound_q95",,2.0165172,,,,979,"adfd783f"
"ordina","dina","or150","OR 1.5 n500","Hc","naive","n_nonconvergent_fits",,0,,,,979,"adfd783f"
"ordina","dina","or150","OR 1.5 n500","Hc","naive","bias_or",,-0.12058574,0.00370432,,,979,"adfd783f"
"ordina","dina","or150","OR 1.5 n500","Hc","naive","bias_log",,-0.19778935,0.00602358,,,979,"adfd783f"
"ordina","dina","or150","OR 1.5 n500","Hc","naive","bias_sd_units",,-1.0403631,0.0316837,,,979,"adfd783f"
"ordina","dina","or150","OR 1.5 n500","Hc","naive","sd_emp_or",,0.11657538,0.00263586,,,979,"adfd783f"
"ordina","dina","or150","OR 1.5 n500","Hc","naive","sd_emp_log",,0.19011569,0.00429866,,,979,"adfd783f"
"ordina","dina","or150","OR 1.5 n500","Hc","naive","se_mean",,0.20472015,0.000266485,,,979,"adfd783f"
"ordina","dina","or150","OR 1.5 n500","Hc","naive","se_over_sd",,1.0768188,0.024388,,,979,"adfd783f"
"ordina","dina","or150","OR 1.5 n500","Hc","naive","cov1_upper",,0.78038815,0.013231,0.753388,0.805197,979,"adfd783f"
"ordina","dina","or150","OR 1.5 n500","Hc","naive","cov2",,0.8804903,0.0103675,0.858669,0.899338,979,"adfd783f"
"ordina","dina","or150","OR 1.5 n500","Hc","naive","halfwidth_or",,0.25012122,,,,979,"adfd783f"
"ordina","dina","or150","OR 1.5 n500","Hc","naive","margin1_or",,0.24293975,,,,979,"adfd783f"
"ordina","dina","or150","OR 1.5 n500","Hc","oracle","n_nonconvergent_fits",,0,,,,979,"adfd783f"
"ordina","dina","or150","OR 1.5 n500","Hc","oracle","bias_or",,0.018169098,0.00414927,,,979,"adfd783f"
"ordina","dina","or150","OR 1.5 n500","Hc","oracle","bias_log",,0.0089206064,0.0061488,,,979,"adfd783f"
"ordina","dina","or150","OR 1.5 n500","Hc","oracle","bias_sd_units",,0.046367369,0.0319601,,,979,"adfd783f"
"ordina","dina","or150","OR 1.5 n500","Hc","oracle","sd_emp_or",,0.12982648,0.00293548,,,979,"adfd783f"
"ordina","dina","or150","OR 1.5 n500","Hc","oracle","sd_emp_log",,0.19238975,0.00435008,,,979,"adfd783f"
"ordina","dina","or150","OR 1.5 n500","Hc","oracle","se_mean",,0.20168237,0.000109413,,,979,"adfd783f"
"ordina","dina","or150","OR 1.5 n500","Hc","oracle","se_over_sd",,1.048301,0.0237097,,,979,"adfd783f"
"ordina","dina","or150","OR 1.5 n500","Hc","oracle","cov1_upper",,0.96322778,0.00601496,0.949513,0.973322,979,"adfd783f"
"ordina","dina","or150","OR 1.5 n500","Hc","oracle","cov2",,0.96118488,0.00617323,0.947173,0.971592,979,"adfd783f"
"ordina","dina","or150","OR 1.5 n500","Hc","oracle","halfwidth_or",,0.27331386,,,,979,"adfd783f"
"ordina","dina","or150","OR 1.5 n500","Hc","oracle","margin1_or",,0.2650115,,,,979,"adfd783f"
"ordina","dina","or150","OR 1.5 n500","Hc","mr","n_nonconvergent_fits",,0,,,,979,"adfd783f"
"ordina","dina","or150","OR 1.5 n500","Hc","mr","bias_or",,-0.043176013,0.00435933,,,979,"adfd783f"
"ordina","dina","or150","OR 1.5 n500","Hc","mr","bias_log",,-0.079803747,0.0063275,,,979,"adfd783f"
"ordina","dina","or150","OR 1.5 n500","Hc","mr","bias_sd_units",,-0.40124101,0.0318137,,,979,"adfd783f"
"ordina","dina","or150","OR 1.5 n500","Hc","mr","sd_emp_or",,0.13702891,0.00309833,,,979,"adfd783f"
"ordina","dina","or150","OR 1.5 n500","Hc","mr","sd_emp_log",,0.1988923,0.00449711,,,979,"adfd783f"
"ordina","dina","or150","OR 1.5 n500","Hc","mr","se_mean",,0.38390596,0.000376359,,,979,"adfd783f"
"ordina","dina","or150","OR 1.5 n500","Hc","mr","se_over_sd",,1.9302203,0.0436848,,,979,"adfd783f"
"ordina","dina","or150","OR 1.5 n500","Hc","mr","cov1_upper",,0.9979571,0.00144307,0.992582,0.99944,979,"adfd783f"
"ordina","dina","or150","OR 1.5 n500","Hc","mr","cov2",,1,0,0.996091,1,979,"adfd783f"
"ordina","dina","or150","OR 1.5 n500","Hc","mr","halfwidth_or",,0.5650854,,,,979,"adfd783f"
"ordina","dina","or150","OR 1.5 n500","Hc","mr","margin1_or",,0.60247566,,,,979,"adfd783f"
"ordina","dina","or150","OR 1.5 n500","Hc","fld","n_nonconvergent_fits",,0,,,,979,"adfd783f"
"ordina","dina","or150","OR 1.5 n500","Hc","fld","bias_or",,-0.024463093,0.00453249,,,979,"adfd783f"
"ordina","dina","or150","OR 1.5 n500","Hc","fld","bias_log",,-0.053451678,0.00642169,,,979,"adfd783f"
"ordina","dina","or150","OR 1.5 n500","Hc","fld","bias_sd_units",,-0.26491168,0.0318265,,,979,"adfd783f"
"ordina","dina","or150","OR 1.5 n500","Hc","fld","sd_emp_or",,0.14248244,0.00322164,,,979,"adfd783f"
"ordina","dina","or150","OR 1.5 n500","Hc","fld","sd_emp_log",,0.2017717,0.00456222,,,979,"adfd783f"
"ordina","dina","or150","OR 1.5 n500","Hc","fld","se_mean",,0.20106719,0.00018201,,,979,"adfd783f"
"ordina","dina","or150","OR 1.5 n500","Hc","fld","se_over_sd",,0.99650841,0.0225499,,,979,"adfd783f"
"ordina","dina","or150","OR 1.5 n500","Hc","fld","cov1_upper",,0.91726251,0.00880454,0.898332,0.932931,979,"adfd783f"
"ordina","dina","or150","OR 1.5 n500","Hc","fld","cov2",,0.93667007,0.00778407,0.919641,0.950285,979,"adfd783f"
"ordina","dina","or150","OR 1.5 n500","Hc","fld","halfwidth_or",,0.28359474,,,,979,"adfd783f"
"ordina","dina","or150","OR 1.5 n500","Hc","fld","margin1_or",,0.29419651,,,,979,"adfd783f"
"ordina","dina","or150","OR 1.5 n500","Hc","fld_s","n_nonconvergent_fits",,0,,,,979,"adfd783f"
"ordina","dina","or150","OR 1.5 n500","Hc","fld_s","bias_or",,-0.024612294,0.00452703,,,979,"adfd783f"
"ordina","dina","or150","OR 1.5 n500","Hc","fld_s","bias_log",,-0.053616236,0.00641503,,,979,"adfd783f"
"ordina","dina","or150","OR 1.5 n500","Hc","fld_s","bias_sd_units",,-0.26604269,0.0318312,,,979,"adfd783f"
"ordina","dina","or150","OR 1.5 n500","Hc","fld_s","sd_emp_or",,0.14229032,0.0032173,,,979,"adfd783f"
"ordina","dina","or150","OR 1.5 n500","Hc","fld_s","sd_emp_log",,0.20153245,0.00455681,,,979,"adfd783f"
"ordina","dina","or150","OR 1.5 n500","Hc","fld_s","se_mean",,0.20277143,0.000286786,,,979,"adfd783f"
"ordina","dina","or150","OR 1.5 n500","Hc","fld_s","se_over_sd",,1.0061478,0.0227943,,,979,"adfd783f"
"ordina","dina","or150","OR 1.5 n500","Hc","fld_s","cov1_upper",,0.91930541,0.00870484,0.90056,0.934773,979,"adfd783f"
"ordina","dina","or150","OR 1.5 n500","Hc","fld_s","cov2",,0.94688458,0.0071675,0.931009,0.959267,979,"adfd783f"
"ordina","dina","or150","OR 1.5 n500","Hc","fld_s","halfwidth_or",,0.285475,,,,979,"adfd783f"
"ordina","dina","or150","OR 1.5 n500","Hc","fld_s","margin1_or",,0.29596862,,,,979,"adfd783f"
"ordina","dina","or150","OR 1.5 n500","Hc","fld_s","share_upper_le_tau",0.7,0.061287028,0.00766583,0.0479087,0.0780948,979,"adfd783f"
"ordina","dina","or150","OR 1.5 n500","Hc","fld_s","share_upper_le_tau",0.8,0.15934627,0.0116974,0.137757,0.183598,979,"adfd783f"
"ordina","dina","or150","OR 1.5 n500","Hc","fld_s","share_upper_le_tau",0.9,0.35852911,0.0153271,0.329095,0.389069,979,"adfd783f"
"ordina","dina","or150","OR 1.5 n500","Hc","fld_s","share_upper_le_tau",1,0.57507661,0.0157989,0.543877,0.605689,979,"adfd783f"
"ordina","dina","or150","OR 1.5 n500","Hc","fld_s","share_upper_le_tau",1.25,0.91113381,0.00909427,0.891665,0.927389,979,"adfd783f"
"ordina","dina","or150","OR 1.5 n500","Hc","fld_s","share_upper_le_tau",1.5,0.98876404,0.00336868,0.979993,0.993715,979,"adfd783f"
"ordina","dina","or150","OR 1.5 n500","Hc","fld_s","share_upper_le_tau",2,1,0,0.996091,1,979,"adfd783f"
"ordina","dina","or150","OR 1.5 n500","Hc","fld_s","bound_mean",,0.9824608,0.00619757,,,979,"adfd783f"
"ordina","dina","or150","OR 1.5 n500","Hc","fld_s","bound_q05",,0.68567911,,,,979,"adfd783f"
"ordina","dina","or150","OR 1.5 n500","Hc","fld_s","bound_q25",,0.84261278,,,,979,"adfd783f"
"ordina","dina","or150","OR 1.5 n500","Hc","fld_s","bound_q50",,0.9646297,,,,979,"adfd783f"
"ordina","dina","or150","OR 1.5 n500","Hc","fld_s","bound_q75",,1.1039608,,,,979,"adfd783f"
"ordina","dina","or150","OR 1.5 n500","Hc","fld_s","bound_q95",,1.3195287,,,,979,"adfd783f"
"ordina","dina","or150","OR 1.5 n500","Hc","oracle","share_upper_le_tau",0.7,0.072522983,0.00828892,0.0578937,0.0904939,979,"adfd783f"
"ordina","dina","or150","OR 1.5 n500","Hc","oracle","share_upper_le_tau",0.8,0.22778345,0.0134042,0.202606,0.255089,979,"adfd783f"
"ordina","dina","or150","OR 1.5 n500","Hc","oracle","share_upper_le_tau",0.9,0.45556691,0.0159168,0.424605,0.486876,979,"adfd783f"
"ordina","dina","or150","OR 1.5 n500","Hc","oracle","share_upper_le_tau",1,0.6618999,0.0151192,0.631685,0.690849,979,"adfd783f"
"ordina","dina","or150","OR 1.5 n500","Hc","oracle","share_upper_le_tau",1.25,0.94177732,0.00748392,0.92531,0.954792,979,"adfd783f"
"ordina","dina","or150","OR 1.5 n500","Hc","oracle","share_upper_le_tau",1.5,0.9959142,0.00203872,0.989542,0.99841,979,"adfd783f"
"ordina","dina","or150","OR 1.5 n500","Hc","oracle","share_upper_le_tau",2,1,0,0.996091,1,979,"adfd783f"
"ordina","dina","or150","OR 1.5 n500","Hc","oracle","bound_mean",,0.93958834,0.00572298,,,979,"adfd783f"
"ordina","dina","or150","OR 1.5 n500","Hc","oracle","bound_q05",,0.67718494,,,,979,"adfd783f"
"ordina","dina","or150","OR 1.5 n500","Hc","oracle","bound_q25",,0.80851625,,,,979,"adfd783f"
"ordina","dina","or150","OR 1.5 n500","Hc","oracle","bound_q50",,0.92163508,,,,979,"adfd783f"
"ordina","dina","or150","OR 1.5 n500","Hc","oracle","bound_q75",,1.052008,,,,979,"adfd783f"
"ordina","dina","or150","OR 1.5 n500","Hc","oracle","bound_q95",,1.2661957,,,,979,"adfd783f"
"ordina","dina","or150","OR 1.5 n500","Hc","fld","share_upper_le_tau",0.7,0.06639428,0.00795712,0.0524319,0.0837462,979,"adfd783f"
"ordina","dina","or150","OR 1.5 n500","Hc","fld","share_upper_le_tau",0.8,0.17058223,0.0120216,0.148319,0.195421,979,"adfd783f"
"ordina","dina","or150","OR 1.5 n500","Hc","fld","share_upper_le_tau",0.9,0.36057201,0.0153462,0.331093,0.391141,979,"adfd783f"
"ordina","dina","or150","OR 1.5 n500","Hc","fld","share_upper_le_tau",1,0.58222676,0.0157625,0.55107,0.612741,979,"adfd783f"
"ordina","dina","or150","OR 1.5 n500","Hc","fld","share_upper_le_tau",1.25,0.91113381,0.00909427,0.891665,0.927389,979,"adfd783f"
"ordina","dina","or150","OR 1.5 n500","Hc","fld","share_upper_le_tau",1.5,0.9897855,0.00321357,0.9813,0.994442,979,"adfd783f"
"ordina","dina","or150","OR 1.5 n500","Hc","fld","share_upper_le_tau",2,1,0,0.996091,1,979,"adfd783f"
"ordina","dina","or150","OR 1.5 n500","Hc","fld","bound_mean",,0.98068869,0.0062757,,,979,"adfd783f"
"ordina","dina","or150","OR 1.5 n500","Hc","fld","bound_q05",,0.67798235,,,,979,"adfd783f"
"ordina","dina","or150","OR 1.5 n500","Hc","fld","bound_q25",,0.84086584,,,,979,"adfd783f"
"ordina","dina","or150","OR 1.5 n500","Hc","fld","bound_q50",,0.9616798,,,,979,"adfd783f"
"ordina","dina","or150","OR 1.5 n500","Hc","fld","bound_q75",,1.1041573,,,,979,"adfd783f"
"ordina","dina","or150","OR 1.5 n500","Hc","fld","bound_q95",,1.3244062,,,,979,"adfd783f"
"ordina","dina","or150","OR 1.5 n500","Hc","mr","share_upper_le_tau",0.7,0.0010214505,0.00102093,0.000180334,0.00576311,979,"adfd783f"
"ordina","dina","or150","OR 1.5 n500","Hc","mr","share_upper_le_tau",0.8,0.0091930541,0.00305023,0.00484393,0.0173788,979,"adfd783f"
"ordina","dina","or150","OR 1.5 n500","Hc","mr","share_upper_le_tau",0.9,0.041879469,0.00640205,0.0310194,0.0563207,979,"adfd783f"
"ordina","dina","or150","OR 1.5 n500","Hc","mr","share_upper_le_tau",1,0.1031665,0.00972151,0.0856378,0.123797,979,"adfd783f"
"ordina","dina","or150","OR 1.5 n500","Hc","mr","share_upper_le_tau",1.25,0.47497446,0.01596,0.443852,0.506292,979,"adfd783f"
"ordina","dina","or150","OR 1.5 n500","Hc","mr","share_upper_le_tau",1.5,0.80286006,0.012715,0.776776,0.826577,979,"adfd783f"
"ordina","dina","or150","OR 1.5 n500","Hc","mr","share_upper_le_tau",2,0.99284985,0.00269282,0.985315,0.996532,979,"adfd783f"
"ordina","dina","or150","OR 1.5 n500","Hc","mr","bound_mean",,1.2889678,0.0079281,,,979,"adfd783f"
"ordina","dina","or150","OR 1.5 n500","Hc","mr","bound_q05",,0.90909999,,,,979,"adfd783f"
"ordina","dina","or150","OR 1.5 n500","Hc","mr","bound_q25",,1.1118399,,,,979,"adfd783f"
"ordina","dina","or150","OR 1.5 n500","Hc","mr","bound_q50",,1.2615855,,,,979,"adfd783f"
"ordina","dina","or150","OR 1.5 n500","Hc","mr","bound_q75",,1.4421024,,,,979,"adfd783f"
"ordina","dina","or150","OR 1.5 n500","Hc","mr","bound_q95",,1.7177133,,,,979,"adfd783f"
"ordina","dina","or150","OR 1.5 n500","Hc","naive","share_upper_le_tau",0.7,0.14913177,0.0113848,0.128191,0.172815,979,"adfd783f"
"ordina","dina","or150","OR 1.5 n500","Hc","naive","share_upper_le_tau",0.8,0.40449438,0.0156858,0.374182,0.435553,979,"adfd783f"
"ordina","dina","or150","OR 1.5 n500","Hc","naive","share_upper_le_tau",0.9,0.65372829,0.015206,0.623376,0.682878,979,"adfd783f"
"ordina","dina","or150","OR 1.5 n500","Hc","naive","share_upper_le_tau",1,0.82737487,0.0120785,0.802434,0.849757,979,"adfd783f"
"ordina","dina","or150","OR 1.5 n500","Hc","naive","share_upper_le_tau",1.25,0.98467824,0.00392564,0.974875,0.990693,979,"adfd783f"
"ordina","dina","or150","OR 1.5 n500","Hc","naive","share_upper_le_tau",1.5,0.99897855,0.00102093,0.994237,0.99982,979,"adfd783f"
"ordina","dina","or150","OR 1.5 n500","Hc","naive","share_upper_le_tau",2,1,0,0.996091,1,979,"adfd783f"
"ordina","dina","or150","OR 1.5 n500","Hc","naive","bound_mean",,0.85202221,0.00506024,,,979,"adfd783f"
"ordina","dina","or150","OR 1.5 n500","Hc","naive","bound_q05",,0.60921921,,,,979,"adfd783f"
"ordina","dina","or150","OR 1.5 n500","Hc","naive","bound_q25",,0.74265112,,,,979,"adfd783f"
"ordina","dina","or150","OR 1.5 n500","Hc","naive","bound_q50",,0.83252363,,,,979,"adfd783f"
"ordina","dina","or150","OR 1.5 n500","Hc","naive","bound_q75",,0.95121892,,,,979,"adfd783f"
"ordina","dina","or150","OR 1.5 n500","Hc","naive","bound_q95",,1.1337417,,,,979,"adfd783f"
"ordina","dina","or150","OR 1.5 n500","joint","bonf_s","joint_coverage",,0.90398366,0.00941589,0.883918,0.920891,979,"adfd783f"
"ordina","dina","or150","OR 1.5 n500","joint","bonf_s","share_both_bounds",,1,0,0.996091,1,979,"adfd783f"
"ordina","dina","or150","OR 1.5 n500","joint","bonf_s","cov_H",,0.94484168,0.00729615,0.928725,0.957481,979,"adfd783f"
"ordina","dina","or150","OR 1.5 n500","joint","bonf_s","cov_Hc",,0.95709908,0.0064762,0.942519,0.968106,979,"adfd783f"
"ordina","dina","or150","OR 1.5 n500","joint","bonf_s","margin_H_or",,0.94623908,0.0169657,,,979,"adfd783f"
"ordina","dina","or150","OR 1.5 n500","joint","bonf_s","margin_Hc_or",,0.3597194,0.00230652,,,979,"adfd783f"
"ordina","dina","or150","OR 1.5 n500","joint","bonf","joint_coverage",,0.8947906,0.00980611,0.874004,0.912492,979,"adfd783f"
"ordina","dina","or150","OR 1.5 n500","joint","bonf","share_both_bounds",,1,0,0.996091,1,979,"adfd783f"
"ordina","dina","or150","OR 1.5 n500","joint","bonf","cov_H",,0.94484168,0.00729615,0.928725,0.957481,979,"adfd783f"
"ordina","dina","or150","OR 1.5 n500","joint","bonf","cov_Hc",,0.94790603,0.00710207,0.932153,0.960158,979,"adfd783f"
"ordina","dina","or150","OR 1.5 n500","joint","bonf","margin_H_or",,0.94623908,0.0169657,,,979,"adfd783f"
"ordina","dina","or150","OR 1.5 n500","joint","bonf","margin_Hc_or",,0.35766206,0.00237615,,,979,"adfd783f"
"ordina","dina","or150","OR 1.5 n500","joint","separate_s","joint_coverage",,0.83043922,0.0119929,0.805652,0.852643,979,"adfd783f"
"ordina","dina","or150","OR 1.5 n500","joint","separate_s","share_both_bounds",,1,0,0.996091,1,979,"adfd783f"
"ordina","dina","or150","OR 1.5 n500","joint","separate_s","cov_H",,0.90296221,0.0094605,0.882814,0.91996,979,"adfd783f"
"ordina","dina","or150","OR 1.5 n500","joint","separate_s","cov_Hc",,0.91930541,0.00870484,0.90056,0.934773,979,"adfd783f"
"ordina","dina","or150","OR 1.5 n500","joint","separate_s","margin_H_or",,0.85940341,0.0154774,,,979,"adfd783f"
"ordina","dina","or150","OR 1.5 n500","joint","separate_s","margin_Hc_or",,0.29596862,0.00191161,,,979,"adfd783f"
"ordina","dina","or150","OR 1.5 n500","joint","calibrated","gamma_mean_s",,0.025159346,1.2055e-05,,,979,"adfd783f"
"ordina","dina","or150","OR 1.5 n500","joint","calibrated","corr_s",,0.08114498,0.00180968,,,979,"adfd783f"
"ordina","dina","or150","OR 1.5 n500","joint","calibrated","gamma_mean",,0.025135853,1.10511e-05,,,979,"adfd783f"
"ordina","dina","or150","OR 1.5 n500","joint","calibrated","corr",,0.085152924,0.00183846,,,979,"adfd783f"
"ordina","dina","or150","OR 1.5 n500","H","all","mean_size_hhat",,87.275792,0.80175,,,979,"adfd783f"
"ordina","dina","or150","OR 1.5 n500","H","all","mean_true_positives",,24.865169,0.646294,,,979,"adfd783f"
"ordina","dina","or150","OR 1.5 n500","H","all","sensitivity_mean",,0.3329095,0.00852233,,,979,"adfd783f"
"ordina","dina","or150","OR 1.5 n500","H","all","ppv_mean",,0.28815198,0.00761753,,,979,"adfd783f"
"ordina","dina","or150","OR 1.5 n500","H","all","spec_mean",,0.85346636,0.00205912,,,979,"adfd783f"
"ordina","dina","or150","OR 1.5 n500","H","all","mean_n_family",,1432.8264,46.4685,,,979,"adfd783f"
"ordina","dina","or150","OR 1.5 n500","H","all","mean_admitted_n",,969.32686,35.5859,,,979,"adfd783f"
"ordina","dina","or150","OR 1.5 n500","H","all","mean_proposed_n",,1432.8264,46.4685,,,979,"adfd783f"
"ordina","dina","or150","OR 1.5 n500","H","all","mean_n_cons_qual",,,,,,0,"adfd783f"
"ordina","dina","or150","OR 1.5 n500","H","all","mean_band_n",,,,,,0,"adfd783f"
"ordina","dina","or150","OR 1.5 n500","H","all","mean_n_true",,74.315628,0.245902,,,979,"adfd783f"
"ordina","dina","or150","OR 1.5 n500","H","all","p_hat_mean",,0.15878979,0.00434613,,,979,"adfd783f"
"ordina","dina","or150","OR 1.5 n500","H","all","p_hat_share_lt_05",,0.97344229,0.00513877,0.961371,0.981813,979,"adfd783f"
"ordina","dina","or150","OR 1.5 n500","Hc","mr","sd_btc_over_naive_se",,0.97153261,,,,979,"adfd783f"
"ordina","dina","or150","OR 1.5 n500","Hc","fld","lamsd_over_naive_se",,0.98215635,,,,979,"adfd783f"
"ordina","dina","or150","OR 1.5 n500","Hc","fld_s","lamsd_over_naive_se",,0.99048107,,,,979,"adfd783f"
"ordina","dina","or150","OR 1.5 n500","all","all","secs_fit_mr_mean",,52.060191,1.29155,,,1000,"adfd783f"
"ordina","dina","or150","OR 1.5 n500","all","all","secs_id_mean",,5.273455,0.18142,,,1000,"adfd783f"
"ordina","dina","or150","OR 1.5 n500","all","all","secs_field_mean",,32.124027,0.580189,,,979,"adfd783f"
"ordina","dina","or150","OR 1.5 n500","all","all","secs_complement_mean",,2.0605434,0.0629526,,,979,"adfd783f"
"ordina","dina","or150","OR 1.5 n500","H","naive","display_b",,2.7321253,,,,979,"adfd783f"
"ordina","dina","or150","OR 1.5 n500","H","naive","display_r",,1.1988709,,,,979,"adfd783f"
"ordina","dina","or150","OR 1.5 n500","H","naive","display_cov1",,0.18181818,,,,979,"adfd783f"
"ordina","dina","or150","OR 1.5 n500","H","naive","display_cov1_ref",,0.22358004,,,,979,"adfd783f"
"ordina","dina","or150","OR 1.5 n500","H","naive","display_cov2",,0.32482125,,,,979,"adfd783f"
"ordina","dina","or150","OR 1.5 n500","H","naive","display_cov2_ref",,0.35108903,,,,979,"adfd783f"
"ordina","dina","or150","OR 1.5 n500","H","mr","display_b",,0.97620024,,,,979,"adfd783f"
"ordina","dina","or150","OR 1.5 n500","H","mr","display_r",,1.5867964,,,,979,"adfd783f"
"ordina","dina","or150","OR 1.5 n500","H","mr","display_cov1",,0.96016343,,,,979,"adfd783f"
"ordina","dina","or150","OR 1.5 n500","H","mr","display_cov1_ref",,0.94885458,,,,979,"adfd783f"
"ordina","dina","or150","OR 1.5 n500","H","mr","display_cov2",,0.98876404,,,,979,"adfd783f"
"ordina","dina","or150","OR 1.5 n500","H","mr","display_cov2_ref",,0.98355111,,,,979,"adfd783f"
"ordina","dina","or150","OR 1.5 n500","H","fld","display_b",,0.60266435,,,,979,"adfd783f"
"ordina","dina","or150","OR 1.5 n500","H","fld","display_r",,1.0767382,,,,979,"adfd783f"
"ordina","dina","or150","OR 1.5 n500","H","fld","display_cov1",,0.90296221,,,,979,"adfd783f"
"ordina","dina","or150","OR 1.5 n500","H","fld","display_cov1_ref",,0.87867977,,,,979,"adfd783f"
"ordina","dina","or150","OR 1.5 n500","H","fld","display_cov2",,0.93973442,,,,979,"adfd783f"
"ordina","dina","or150","OR 1.5 n500","H","fld","display_cov2_ref",,0.93085129,,,,979,"adfd783f"
"ordina","dina","or150","OR 1.5 n500","Hc","naive","display_b",,-1.0403631,,,,979,"adfd783f"
"ordina","dina","or150","OR 1.5 n500","Hc","naive","display_r",,1.0768188,,,,979,"adfd783f"
"ordina","dina","or150","OR 1.5 n500","Hc","naive","display_cov1",,0.78038815,,,,979,"adfd783f"
"ordina","dina","or150","OR 1.5 n500","Hc","naive","display_cov1_ref",,0.76756343,,,,979,"adfd783f"
"ordina","dina","or150","OR 1.5 n500","Hc","naive","display_cov2",,0.8804903,,,,979,"adfd783f"
"ordina","dina","or150","OR 1.5 n500","Hc","naive","display_cov2_ref",,0.85691313,,,,979,"adfd783f"
"ordina","dina","or150","OR 1.5 n500","Hc","mr","display_b",,-0.40124101,,,,979,"adfd783f"
"ordina","dina","or150","OR 1.5 n500","Hc","mr","display_r",,1.9302203,,,,979,"adfd783f"
"ordina","dina","or150","OR 1.5 n500","Hc","mr","display_cov1",,0.9979571,,,,979,"adfd783f"
"ordina","dina","or150","OR 1.5 n500","Hc","mr","display_cov1_ref",,0.99722877,,,,979,"adfd783f"
"ordina","dina","or150","OR 1.5 n500","Hc","mr","display_cov2",,1,,,,979,"adfd783f"
"ordina","dina","or150","OR 1.5 n500","Hc","mr","display_cov2_ref",,0.9996258,,,,979,"adfd783f"
"ordina","dina","or150","OR 1.5 n500","Hc","fld","display_b",,-0.26491168,,,,979,"adfd783f"
"ordina","dina","or150","OR 1.5 n500","Hc","fld","display_r",,0.99650841,,,,979,"adfd783f"
"ordina","dina","or150","OR 1.5 n500","Hc","fld","display_cov1",,0.91726251,,,,979,"adfd783f"
"ordina","dina","or150","OR 1.5 n500","Hc","fld","display_cov1_ref",,0.91531001,,,,979,"adfd783f"
"ordina","dina","or150","OR 1.5 n500","Hc","fld","display_cov2",,0.93667007,,,,979,"adfd783f"
"ordina","dina","or150","OR 1.5 n500","Hc","fld","display_cov2_ref",,0.94103812,,,,979,"adfd783f"
"ordina","dina","or150","OR 1.5 n500","Hc","fld_s","display_b",,-0.26604269,,,,979,"adfd783f"
"ordina","dina","or150","OR 1.5 n500","Hc","fld_s","display_r",,1.0061478,,,,979,"adfd783f"
"ordina","dina","or150","OR 1.5 n500","Hc","fld_s","display_cov1",,0.91930541,,,,979,"adfd783f"
"ordina","dina","or150","OR 1.5 n500","Hc","fld_s","display_cov1_ref",,0.91757193,,,,979,"adfd783f"
"ordina","dina","or150","OR 1.5 n500","Hc","fld_s","display_cov2",,0.94688458,,,,979,"adfd783f"
"ordina","dina","or150","OR 1.5 n500","Hc","fld_s","display_cov2_ref",,0.94338453,,,,979,"adfd783f"
"orfs","fs","or150","OR 1.5 n2000","H","all","declaration_rate",,0.998,0.0014128,0.992737,0.999451,1000,"ed607c82"
"orfs","fs","or150","OR 1.5 n2000","H","naive","n_nonconvergent_fits",,0,,,,998,"ed607c82"
"orfs","fs","or150","OR 1.5 n2000","H","naive","bias_or",,1.6368077,0.058856,,,998,"ed607c82"
"orfs","fs","or150","OR 1.5 n2000","H","naive","bias_log",,0.87095718,0.0134456,,,998,"ed607c82"
"orfs","fs","or150","OR 1.5 n2000","H","naive","bias_sd_units",,2.4012791,0.0370702,,,998,"ed607c82"
"orfs","fs","or150","OR 1.5 n2000","H","naive","sd_emp_or",,1.8770381,0.0420349,,,998,"ed607c82"
"orfs","fs","or150","OR 1.5 n2000","H","naive","sd_emp_log",,0.36270552,0.00812253,,,998,"ed607c82"
"orfs","fs","or150","OR 1.5 n2000","H","naive","se_mean",,0.4168901,0.00366297,,,998,"ed607c82"
"orfs","fs","or150","OR 1.5 n2000","H","naive","se_over_sd",,1.14939,0.0276501,,,998,"ed607c82"
"orfs","fs","or150","OR 1.5 n2000","H","naive","cov1_lower",,0.32164329,0.014786,0.293395,0.35126,998,"ed607c82"
"orfs","fs","or150","OR 1.5 n2000","H","naive","cov2",,0.43887776,0.0157085,0.408382,0.469842,998,"ed607c82"
"orfs","fs","or150","OR 1.5 n2000","H","naive","halfwidth_or",,2.9933049,,,,998,"ed607c82"
"orfs","fs","or150","OR 1.5 n2000","H","naive","margin1_or",,1.424761,,,,998,"ed607c82"
"orfs","fs","or150","OR 1.5 n2000","H","naive","cov2_theta_dagger",,0.89478958,0.00971236,0.874216,0.912335,998,"ed607c82"
"orfs","fs","or150","OR 1.5 n2000","H","naive","cov1_lower_theta_dagger",,0.76252505,0.0134701,0.735149,0.787888,998,"ed607c82"
"orfs","fs","or150","OR 1.5 n2000","H","naive","cov2_theta_ddagger",,0.90881764,0.00911231,0.889356,0.925144,998,"ed607c82"
"orfs","fs","or150","OR 1.5 n2000","H","naive","cov1_lower_theta_ddagger",,0.79058116,0.01288,0.764246,0.814687,998,"ed607c82"
"orfs","fs","or150","OR 1.5 n2000","H","oracle","n_nonconvergent_fits",,0,,,,998,"ed607c82"
"orfs","fs","or150","OR 1.5 n2000","H","oracle","bias_or",,0.055797204,0.0120116,,,998,"ed607c82"
"orfs","fs","or150","OR 1.5 n2000","H","oracle","bias_log",,0.0079318893,0.00755875,,,998,"ed607c82"
"orfs","fs","or150","OR 1.5 n2000","H","oracle","bias_sd_units",,0.033217061,0.0316544,,,998,"ed607c82"
"orfs","fs","or150","OR 1.5 n2000","H","oracle","sd_emp_or",,0.37945866,0.00849771,,,998,"ed607c82"
"orfs","fs","or150","OR 1.5 n2000","H","oracle","sd_emp_log",,0.23878962,0.00534753,,,998,"ed607c82"
"orfs","fs","or150","OR 1.5 n2000","H","oracle","se_mean",,0.23779055,0.000220897,,,998,"ed607c82"
"orfs","fs","or150","OR 1.5 n2000","H","oracle","se_over_sd",,0.99581612,0.0223198,,,998,"ed607c82"
"orfs","fs","or150","OR 1.5 n2000","H","oracle","cov1_lower",,0.95591182,0.00649837,0.941332,0.966995,998,"ed607c82"
"orfs","fs","or150","OR 1.5 n2000","H","oracle","cov2",,0.9498998,0.00690547,0.934556,0.961793,998,"ed607c82"
"orfs","fs","or150","OR 1.5 n2000","H","oracle","halfwidth_or",,0.75315152,,,,998,"ed607c82"
"orfs","fs","or150","OR 1.5 n2000","H","oracle","margin1_or",,0.50429096,,,,998,"ed607c82"
"orfs","fs","or150","OR 1.5 n2000","H","mr","n_nonconvergent_fits",,0,,,,998,"ed607c82"
"orfs","fs","or150","OR 1.5 n2000","H","mr","bias_or",,0.19771537,0.0424717,,,998,"ed607c82"
"orfs","fs","or150","OR 1.5 n2000","H","mr","bias_log",,0.082350306,0.0150717,,,998,"ed607c82"
"orfs","fs","or150","OR 1.5 n2000","H","mr","bias_sd_units",,0.18669141,0.034168,,,998,"ed607c82"
"orfs","fs","or150","OR 1.5 n2000","H","mr","sd_emp_or",,1.3460533,0.0301439,,,998,"ed607c82"
"orfs","fs","or150","OR 1.5 n2000","H","mr","sd_emp_log",,0.44110389,0.00987821,,,998,"ed607c82"
"orfs","fs","or150","OR 1.5 n2000","H","mr","se_mean",,0.49312947,0.00398236,,,998,"ed607c82"
"orfs","fs","or150","OR 1.5 n2000","H","mr","se_over_sd",,1.117944,0.0266137,,,998,"ed607c82"
"orfs","fs","or150","OR 1.5 n2000","H","mr","cov1_lower",,0.9739479,0.00504225,0.962101,0.98216,998,"ed607c82"
"orfs","fs","or150","OR 1.5 n2000","H","mr","cov2",,0.9509018,0.00683967,0.935682,0.962664,998,"ed607c82"
"orfs","fs","or150","OR 1.5 n2000","H","mr","halfwidth_or",,2.1797608,,,,998,"ed607c82"
"orfs","fs","or150","OR 1.5 n2000","H","mr","margin1_or",,0.76627206,,,,998,"ed607c82"
"orfs","fs","or150","OR 1.5 n2000","H","mr","cov2_theta_dagger",,0.89378758,0.00975303,0.873139,0.911416,998,"ed607c82"
"orfs","fs","or150","OR 1.5 n2000","H","mr","cov1_lower_theta_dagger",,0.99699399,0.00173291,0.991199,0.998977,998,"ed607c82"
"orfs","fs","or150","OR 1.5 n2000","H","mr","cov2_theta_ddagger",,0.87875752,0.0103323,0.857041,0.897569,998,"ed607c82"
"orfs","fs","or150","OR 1.5 n2000","H","mr","cov1_lower_theta_ddagger",,0.99699399,0.00173291,0.991199,0.998977,998,"ed607c82"
"orfs","fs","or150","OR 1.5 n2000","H","fld","n_nonconvergent_fits",,0,,,,998,"ed607c82"
"orfs","fs","or150","OR 1.5 n2000","H","fld","bias_or",,0.06280022,0.0441301,,,998,"ed607c82"
"orfs","fs","or150","OR 1.5 n2000","H","fld","bias_log",,-0.048057395,0.0157308,,,998,"ed607c82"
"orfs","fs","or150","OR 1.5 n2000","H","fld","bias_sd_units",,-0.10167245,0.0332809,,,998,"ed607c82"
"orfs","fs","or150","OR 1.5 n2000","H","fld","sd_emp_or",,1.3995194,0.0313413,,,998,"ed607c82"
"orfs","fs","or150","OR 1.5 n2000","H","fld","sd_emp_log",,0.47266882,0.0105851,,,998,"ed607c82"
"orfs","fs","or150","OR 1.5 n2000","H","fld","se_mean",,0.46600555,0.00167266,,,998,"ed607c82"
"orfs","fs","or150","OR 1.5 n2000","H","fld","se_over_sd",,0.98590289,0.0223604,,,998,"ed607c82"
"orfs","fs","or150","OR 1.5 n2000","H","fld","cov1_lower",,0.96392786,0.00590259,0.950466,0.973832,998,"ed607c82"
"orfs","fs","or150","OR 1.5 n2000","H","fld","cov2",,0.90881764,0.00911231,0.889356,0.925144,998,"ed607c82"
"orfs","fs","or150","OR 1.5 n2000","H","fld","halfwidth_or",,1.2440001,,,,998,"ed607c82"
"orfs","fs","or150","OR 1.5 n2000","H","fld","margin1_or",,0.81489415,,,,998,"ed607c82"
"orfs","fs","or150","OR 1.5 n2000","H","fld","cov2_theta_dagger",,0.76853707,0.0133508,0.74137,0.793645,998,"ed607c82"
"orfs","fs","or150","OR 1.5 n2000","H","fld","cov1_lower_theta_dagger",,0.98697395,0.00358917,0.977841,0.992372,998,"ed607c82"
"orfs","fs","or150","OR 1.5 n2000","H","fld","cov2_theta_ddagger",,0.74849699,0.0137341,0.720661,0.774428,998,"ed607c82"
"orfs","fs","or150","OR 1.5 n2000","H","fld","cov1_lower_theta_ddagger",,0.98897796,0.00330491,0.980372,0.993834,998,"ed607c82"
"orfs","fs","or150","OR 1.5 n2000","H","fld","share_lower_ge_tau",0.7,0.14028056,0.0109929,0.120111,0.163208,998,"ed607c82"
"orfs","fs","or150","OR 1.5 n2000","H","fld","share_lower_ge_tau",0.8,0.087174349,0.00892941,0.071218,0.106297,998,"ed607c82"
"orfs","fs","or150","OR 1.5 n2000","H","fld","share_lower_ge_tau",0.9,0.059118236,0.00746557,0.0461071,0.0755104,998,"ed607c82"
"orfs","fs","or150","OR 1.5 n2000","H","fld","share_lower_ge_tau",1,0.044088176,0.00649837,0.0330045,0.0586681,998,"ed607c82"
"orfs","fs","or150","OR 1.5 n2000","H","fld","share_lower_ge_tau",1.25,0.021042084,0.00454319,0.0138034,0.0319538,998,"ed607c82"
"orfs","fs","or150","OR 1.5 n2000","H","fld","share_lower_ge_tau",1.5,0.013026052,0.00358917,0.00762811,0.0221585,998,"ed607c82"
"orfs","fs","or150","OR 1.5 n2000","H","fld","share_lower_ge_tau",2,0.002004008,0.00141563,0.000549743,0.0072773,998,"ed607c82"
"orfs","fs","or150","OR 1.5 n2000","H","fld","bound_mean",,0.49170189,0.00928637,,,998,"ed607c82"
"orfs","fs","or150","OR 1.5 n2000","H","fld","bound_q05",,0.24050162,,,,998,"ed607c82"
"orfs","fs","or150","OR 1.5 n2000","H","fld","bound_q25",,0.32908435,,,,998,"ed607c82"
"orfs","fs","or150","OR 1.5 n2000","H","fld","bound_q50",,0.42678797,,,,998,"ed607c82"
"orfs","fs","or150","OR 1.5 n2000","H","fld","bound_q75",,0.56030078,,,,998,"ed607c82"
"orfs","fs","or150","OR 1.5 n2000","H","fld","bound_q95",,0.95823949,,,,998,"ed607c82"
"orfs","fs","or150","OR 1.5 n2000","H","oracle","share_lower_ge_tau",0.7,0.9488978,0.00697051,0.933433,0.96092,998,"ed607c82"
"orfs","fs","or150","OR 1.5 n2000","H","oracle","share_lower_ge_tau",0.8,0.85971944,0.0109929,0.836792,0.879889,998,"ed607c82"
"orfs","fs","or150","OR 1.5 n2000","H","oracle","share_lower_ge_tau",0.9,0.7004008,0.0145003,0.671256,0.728008,998,"ed607c82"
"orfs","fs","or150","OR 1.5 n2000","H","oracle","share_lower_ge_tau",1,0.54509018,0.0157627,0.514082,0.575753,998,"ed607c82"
"orfs","fs","or150","OR 1.5 n2000","H","oracle","share_lower_ge_tau",1.25,0.2004008,0.0126713,0.176735,0.226364,998,"ed607c82"
"orfs","fs","or150","OR 1.5 n2000","H","oracle","share_lower_ge_tau",1.5,0.044088176,0.00649837,0.0330045,0.0586681,998,"ed607c82"
"orfs","fs","or150","OR 1.5 n2000","H","oracle","share_lower_ge_tau",2,0.002004008,0.00141563,0.000549743,0.0072773,998,"ed607c82"
"orfs","fs","or150","OR 1.5 n2000","H","oracle","bound_mean",,1.0515062,0.00800679,,,998,"ed607c82"
"orfs","fs","or150","OR 1.5 n2000","H","oracle","bound_q05",,0.69346881,,,,998,"ed607c82"
"orfs","fs","or150","OR 1.5 n2000","H","oracle","bound_q25",,0.87377742,,,,998,"ed607c82"
"orfs","fs","or150","OR 1.5 n2000","H","oracle","bound_q50",,1.0262475,,,,998,"ed607c82"
"orfs","fs","or150","OR 1.5 n2000","H","oracle","bound_q75",,1.1954364,,,,998,"ed607c82"
"orfs","fs","or150","OR 1.5 n2000","H","oracle","bound_q95",,1.4801459,,,,998,"ed607c82"
"orfs","fs","or150","OR 1.5 n2000","H","mr","share_lower_ge_tau",0.7,0.15531062,0.0114653,0.134165,0.1791,998,"ed607c82"
"orfs","fs","or150","OR 1.5 n2000","H","mr","share_lower_ge_tau",0.8,0.097194389,0.00937675,0.0803312,0.117147,998,"ed607c82"
"orfs","fs","or150","OR 1.5 n2000","H","mr","share_lower_ge_tau",0.9,0.052104208,0.00703479,0.0399534,0.0676899,998,"ed607c82"
"orfs","fs","or150","OR 1.5 n2000","H","mr","share_lower_ge_tau",1,0.033066132,0.00566011,0.0236404,0.0460727,998,"ed607c82"
"orfs","fs","or150","OR 1.5 n2000","H","mr","share_lower_ge_tau",1.25,0.0090180361,0.00299243,0.00475158,0.0170497,998,"ed607c82"
"orfs","fs","or150","OR 1.5 n2000","H","mr","share_lower_ge_tau",1.5,0.003006012,0.00173291,0.00102283,0.00880054,998,"ed607c82"
"orfs","fs","or150","OR 1.5 n2000","H","mr","share_lower_ge_tau",2,0.001002004,0.0010015,0.0001769,0.00565382,998,"ed607c82"
"orfs","fs","or150","OR 1.5 n2000","H","mr","bound_mean",,0.54032397,0.00628599,,,998,"ed607c82"
"orfs","fs","or150","OR 1.5 n2000","H","mr","bound_q05",,0.31972704,,,,998,"ed607c82"
"orfs","fs","or150","OR 1.5 n2000","H","mr","bound_q25",,0.41005774,,,,998,"ed607c82"
"orfs","fs","or150","OR 1.5 n2000","H","mr","bound_q50",,0.49501207,,,,998,"ed607c82"
"orfs","fs","or150","OR 1.5 n2000","H","mr","bound_q75",,0.61562289,,,,998,"ed607c82"
"orfs","fs","or150","OR 1.5 n2000","H","mr","bound_q95",,0.91190022,,,,998,"ed607c82"
"orfs","fs","or150","OR 1.5 n2000","H","naive","share_lower_ge_tau",0.7,1,0,0.996166,1,998,"ed607c82"
"orfs","fs","or150","OR 1.5 n2000","H","naive","share_lower_ge_tau",0.8,0.99398798,0.00244701,0.986946,0.997242,998,"ed607c82"
"orfs","fs","or150","OR 1.5 n2000","H","naive","share_lower_ge_tau",0.9,0.93086172,0.00803039,0.913414,0.945005,998,"ed607c82"
"orfs","fs","or150","OR 1.5 n2000","H","naive","share_lower_ge_tau",1,0.83667335,0.0117015,0.812456,0.858309,998,"ed607c82"
"orfs","fs","or150","OR 1.5 n2000","H","naive","share_lower_ge_tau",1.25,0.49098196,0.0158246,0.46006,0.521973,998,"ed607c82"
"orfs","fs","or150","OR 1.5 n2000","H","naive","share_lower_ge_tau",1.5,0.23747495,0.0134701,0.212112,0.264851,998,"ed607c82"
"orfs","fs","or150","OR 1.5 n2000","H","naive","share_lower_ge_tau",2,0.046092184,0.00663745,0.0347323,0.060933,998,"ed607c82"
"orfs","fs","or150","OR 1.5 n2000","H","naive","bound_mean",,1.3209275,0.013046,,,998,"ed607c82"
"orfs","fs","or150","OR 1.5 n2000","H","naive","bound_q05",,0.87718297,,,,998,"ed607c82"
"orfs","fs","or150","OR 1.5 n2000","H","naive","bound_q25",,1.077043,,,,998,"ed607c82"
"orfs","fs","or150","OR 1.5 n2000","H","naive","bound_q50",,1.2436935,,,,998,"ed607c82"
"orfs","fs","or150","OR 1.5 n2000","H","naive","bound_q75",,1.476717,,,,998,"ed607c82"
"orfs","fs","or150","OR 1.5 n2000","H","naive","bound_q95",,1.9827111,,,,998,"ed607c82"
"orfs","fs","or150","OR 1.5 n2000","Hc","naive","n_nonconvergent_fits",,0,,,,998,"ed607c82"
"orfs","fs","or150","OR 1.5 n2000","Hc","naive","bias_or",,-0.031251221,0.0020954,,,998,"ed607c82"
"orfs","fs","or150","OR 1.5 n2000","Hc","naive","bias_log",,-0.048257099,0.00300597,,,998,"ed607c82"
"orfs","fs","or150","OR 1.5 n2000","Hc","naive","bias_sd_units",,-0.48923363,0.0304747,,,998,"ed607c82"
"orfs","fs","or150","OR 1.5 n2000","Hc","naive","sd_emp_or",,0.068324602,0.00153008,,,998,"ed607c82"
"orfs","fs","or150","OR 1.5 n2000","Hc","naive","sd_emp_log",,0.098638149,0.00220893,,,998,"ed607c82"
"orfs","fs","or150","OR 1.5 n2000","Hc","naive","se_mean",,0.095250749,7.42097e-05,,,998,"ed607c82"
"orfs","fs","or150","OR 1.5 n2000","Hc","naive","se_over_sd",,0.96565832,0.0216383,,,998,"ed607c82"
"orfs","fs","or150","OR 1.5 n2000","Hc","naive","cov1_upper",,0.86873747,0.0106893,0.846365,0.888282,998,"ed607c82"
"orfs","fs","or150","OR 1.5 n2000","Hc","naive","cov2",,0.9238477,0.00839608,0.905718,0.938727,998,"ed607c82"
"orfs","fs","or150","OR 1.5 n2000","Hc","naive","halfwidth_or",,0.13020463,,,,998,"ed607c82"
"orfs","fs","or150","OR 1.5 n2000","Hc","naive","margin1_or",,0.11760846,,,,998,"ed607c82"
"orfs","fs","or150","OR 1.5 n2000","Hc","oracle","n_nonconvergent_fits",,0,,,,998,"ed607c82"
"orfs","fs","or150","OR 1.5 n2000","Hc","oracle","bias_or",,0.0016438992,0.00209273,,,998,"ed607c82"
"orfs","fs","or150","OR 1.5 n2000","Hc","oracle","bias_log",,-0.0025054125,0.00316773,,,998,"ed607c82"
"orfs","fs","or150","OR 1.5 n2000","Hc","oracle","bias_sd_units",,-0.025036024,0.0316544,,,998,"ed607c82"
"orfs","fs","or150","OR 1.5 n2000","Hc","oracle","sd_emp_or",,0.066111801,0.00148053,,,998,"ed607c82"
"orfs","fs","or150","OR 1.5 n2000","Hc","oracle","sd_emp_log",,0.1000723,0.00224105,,,998,"ed607c82"
"orfs","fs","or150","OR 1.5 n2000","Hc","oracle","se_mean",,0.1005785,2.59801e-05,,,998,"ed607c82"
"orfs","fs","or150","OR 1.5 n2000","Hc","oracle","se_over_sd",,1.0050584,0.0225091,,,998,"ed607c82"
"orfs","fs","or150","OR 1.5 n2000","Hc","oracle","cov1_upper",,0.9509018,0.00683967,0.935682,0.962664,998,"ed607c82"
"orfs","fs","or150","OR 1.5 n2000","Hc","oracle","cov2",,0.94689379,0.00709836,0.931189,0.959171,998,"ed607c82"
"orfs","fs","or150","OR 1.5 n2000","Hc","oracle","halfwidth_or",,0.13052355,,,,998,"ed607c82"
"orfs","fs","or150","OR 1.5 n2000","Hc","oracle","margin1_or",,0.11835065,,,,998,"ed607c82"
"orfs","fs","or150","OR 1.5 n2000","Hc","mr","n_nonconvergent_fits",,0,,,,998,"ed607c82"
"orfs","fs","or150","OR 1.5 n2000","Hc","mr","bias_or",,-0.0076668594,0.00215414,,,998,"ed607c82"
"orfs","fs","or150","OR 1.5 n2000","Hc","mr","bias_log",,-0.014762722,0.00299271,,,998,"ed607c82"
"orfs","fs","or150","OR 1.5 n2000","Hc","mr","bias_sd_units",,-0.15094696,0.0306001,,,998,"ed607c82"
"orfs","fs","or150","OR 1.5 n2000","Hc","mr","sd_emp_or",,0.070084045,0.00156948,,,998,"ed607c82"
"orfs","fs","or150","OR 1.5 n2000","Hc","mr","sd_emp_log",,0.097800725,0.00219018,,,998,"ed607c82"
"orfs","fs","or150","OR 1.5 n2000","Hc","mr","se_mean",,0.18498541,0.000133173,,,998,"ed607c82"
"orfs","fs","or150","OR 1.5 n2000","Hc","mr","se_over_sd",,1.8914523,0.0423796,,,998,"ed607c82"
"orfs","fs","or150","OR 1.5 n2000","Hc","mr","cov1_upper",,1,0,0.996166,1,998,"ed607c82"
"orfs","fs","or150","OR 1.5 n2000","Hc","mr","cov2",,1,0,0.996166,1,998,"ed607c82"
"orfs","fs","or150","OR 1.5 n2000","Hc","mr","halfwidth_or",,0.26584737,,,,998,"ed607c82"
"orfs","fs","or150","OR 1.5 n2000","Hc","mr","margin1_or",,0.25514676,,,,998,"ed607c82"
"orfs","fs","or150","OR 1.5 n2000","Hc","fld","n_nonconvergent_fits",,0,,,,998,"ed607c82"
"orfs","fs","or150","OR 1.5 n2000","Hc","fld","bias_or",,-0.0027386103,0.00217367,,,998,"ed607c82"
"orfs","fs","or150","OR 1.5 n2000","Hc","fld","bias_log",,-0.0079396948,0.00299996,,,998,"ed607c82"
"orfs","fs","or150","OR 1.5 n2000","Hc","fld","bias_sd_units",,-0.081014544,0.0306108,,,998,"ed607c82"
"orfs","fs","or150","OR 1.5 n2000","Hc","fld","sd_emp_or",,0.070728882,0.00158392,,,998,"ed607c82"
"orfs","fs","or150","OR 1.5 n2000","Hc","fld","sd_emp_log",,0.098003326,0.00219472,,,998,"ed607c82"
"orfs","fs","or150","OR 1.5 n2000","Hc","fld","se_mean",,0.093988228,7.05487e-05,,,998,"ed607c82"
"orfs","fs","or150","OR 1.5 n2000","Hc","fld","se_over_sd",,0.959031,0.0214889,,,998,"ed607c82"
"orfs","fs","or150","OR 1.5 n2000","Hc","fld","cov1_upper",,0.94288577,0.00734575,0.926718,0.955657,998,"ed607c82"
"orfs","fs","or150","OR 1.5 n2000","Hc","fld","cov2",,0.94589178,0.00716122,0.930069,0.958295,998,"ed607c82"
"orfs","fs","or150","OR 1.5 n2000","Hc","fld","halfwidth_or",,0.13313664,,,,998,"ed607c82"
"orfs","fs","or150","OR 1.5 n2000","Hc","fld","margin1_or",,0.12529021,,,,998,"ed607c82"
"orfs","fs","or150","OR 1.5 n2000","Hc","fld_s","n_nonconvergent_fits",,0,,,,998,"ed607c82"
"orfs","fs","or150","OR 1.5 n2000","Hc","fld_s","bias_or",,-0.0027298305,0.00217369,,,998,"ed607c82"
"orfs","fs","or150","OR 1.5 n2000","Hc","fld_s","bias_log",,-0.0079240019,0.00299995,,,998,"ed607c82"
"orfs","fs","or150","OR 1.5 n2000","Hc","fld_s","bias_sd_units",,-0.080885197,0.0306224,,,998,"ed607c82"
"orfs","fs","or150","OR 1.5 n2000","Hc","fld_s","sd_emp_or",,0.07070484,0.00158339,,,998,"ed607c82"
"orfs","fs","or150","OR 1.5 n2000","Hc","fld_s","sd_emp_log",,0.097966034,0.00219388,,,998,"ed607c82"
"orfs","fs","or150","OR 1.5 n2000","Hc","fld_s","se_mean",,0.095205564,9.91663e-05,,,998,"ed607c82"
"orfs","fs","or150","OR 1.5 n2000","Hc","fld_s","se_over_sd",,0.97182217,0.0217868,,,998,"ed607c82"
"orfs","fs","or150","OR 1.5 n2000","Hc","fld_s","cov1_upper",,0.94488978,0.0072234,0.928951,0.957417,998,"ed607c82"
"orfs","fs","or150","OR 1.5 n2000","Hc","fld_s","cov2",,0.9488978,0.00697051,0.933433,0.96092,998,"ed607c82"
"orfs","fs","or150","OR 1.5 n2000","Hc","fld_s","halfwidth_or",,0.13478752,,,,998,"ed607c82"
"orfs","fs","or150","OR 1.5 n2000","Hc","fld_s","margin1_or",,0.12683128,,,,998,"ed607c82"
"orfs","fs","or150","OR 1.5 n2000","Hc","fld_s","share_upper_le_tau",0.7,0.028056112,0.0052272,0.0194814,0.0402501,998,"ed607c82"
"orfs","fs","or150","OR 1.5 n2000","Hc","fld_s","share_upper_le_tau",0.8,0.30160321,0.0145279,0.273934,0.330794,998,"ed607c82"
"orfs","fs","or150","OR 1.5 n2000","Hc","fld_s","share_upper_le_tau",0.9,0.76352705,0.0134505,0.736185,0.788848,998,"ed607c82"
"orfs","fs","or150","OR 1.5 n2000","Hc","fld_s","share_upper_le_tau",1,0.96092184,0.00613403,0.947026,0.971283,998,"ed607c82"
"orfs","fs","or150","OR 1.5 n2000","Hc","fld_s","share_upper_le_tau",1.25,1,0,0.996166,1,998,"ed607c82"
"orfs","fs","or150","OR 1.5 n2000","Hc","fld_s","share_upper_le_tau",1.5,1,0,0.996166,1,998,"ed607c82"
"orfs","fs","or150","OR 1.5 n2000","Hc","fld_s","share_upper_le_tau",2,1,0,0.996166,1,998,"ed607c82"
"orfs","fs","or150","OR 1.5 n2000","Hc","fld_s","bound_mean",,0.84450718,0.00258925,,,998,"ed607c82"
"orfs","fs","or150","OR 1.5 n2000","Hc","fld_s","bound_q05",,0.71049844,,,,998,"ed607c82"
"orfs","fs","or150","OR 1.5 n2000","Hc","fld_s","bound_q25",,0.78650522,,,,998,"ed607c82"
"orfs","fs","or150","OR 1.5 n2000","Hc","fld_s","bound_q50",,0.84156583,,,,998,"ed607c82"
"orfs","fs","or150","OR 1.5 n2000","Hc","fld_s","bound_q75",,0.89485174,,,,998,"ed607c82"
"orfs","fs","or150","OR 1.5 n2000","Hc","fld_s","bound_q95",,0.98766216,,,,998,"ed607c82"
"orfs","fs","or150","OR 1.5 n2000","Hc","oracle","share_upper_le_tau",0.7,0.14829659,0.0112498,0.127597,0.171693,998,"ed607c82"
"orfs","fs","or150","OR 1.5 n2000","Hc","oracle","share_upper_le_tau",0.8,0.63727455,0.015219,0.606972,0.666524,998,"ed607c82"
"orfs","fs","or150","OR 1.5 n2000","Hc","oracle","share_upper_le_tau",0.9,0.93887776,0.00758296,0.922266,0.952124,998,"ed607c82"
"orfs","fs","or150","OR 1.5 n2000","Hc","oracle","share_upper_le_tau",1,0.99398798,0.00244701,0.986946,0.997242,998,"ed607c82"
"orfs","fs","or150","OR 1.5 n2000","Hc","oracle","share_upper_le_tau",1.25,1,0,0.996166,1,998,"ed607c82"
"orfs","fs","or150","OR 1.5 n2000","Hc","oracle","share_upper_le_tau",1.5,1,0,0.996166,1,998,"ed607c82"
"orfs","fs","or150","OR 1.5 n2000","Hc","oracle","share_upper_le_tau",2,1,0,0.996166,1,998,"ed607c82"
"orfs","fs","or150","OR 1.5 n2000","Hc","oracle","bound_mean",,0.7764023,0.00245702,,,998,"ed607c82"
"orfs","fs","or150","OR 1.5 n2000","Hc","oracle","bound_q05",,0.65877103,,,,998,"ed607c82"
"orfs","fs","or150","OR 1.5 n2000","Hc","oracle","bound_q25",,0.7243086,,,,998,"ed607c82"
"orfs","fs","or150","OR 1.5 n2000","Hc","oracle","bound_q50",,0.77223076,,,,998,"ed607c82"
"orfs","fs","or150","OR 1.5 n2000","Hc","oracle","bound_q75",,0.82196952,,,,998,"ed607c82"
"orfs","fs","or150","OR 1.5 n2000","Hc","oracle","bound_q95",,0.91340745,,,,998,"ed607c82"
"orfs","fs","or150","OR 1.5 n2000","Hc","fld","share_upper_le_tau",0.7,0.034068136,0.00574225,0.0244805,0.0472289,998,"ed607c82"
"orfs","fs","or150","OR 1.5 n2000","Hc","fld","share_upper_le_tau",0.8,0.30761523,0.0146087,0.279766,0.33694,998,"ed607c82"
"orfs","fs","or150","OR 1.5 n2000","Hc","fld","share_upper_le_tau",0.9,0.76953908,0.0133306,0.742408,0.794603,998,"ed607c82"
"orfs","fs","or150","OR 1.5 n2000","Hc","fld","share_upper_le_tau",1,0.96192385,0.00605803,0.94817,0.972135,998,"ed607c82"
"orfs","fs","or150","OR 1.5 n2000","Hc","fld","share_upper_le_tau",1.25,1,0,0.996166,1,998,"ed607c82"
"orfs","fs","or150","OR 1.5 n2000","Hc","fld","share_upper_le_tau",1.5,1,0,0.996166,1,998,"ed607c82"
"orfs","fs","or150","OR 1.5 n2000","Hc","fld","share_upper_le_tau",2,1,0,0.996166,1,998,"ed607c82"
"orfs","fs","or150","OR 1.5 n2000","Hc","fld","bound_mean",,0.84296611,0.00260949,,,998,"ed607c82"
"orfs","fs","or150","OR 1.5 n2000","Hc","fld","bound_q05",,0.70711816,,,,998,"ed607c82"
"orfs","fs","or150","OR 1.5 n2000","Hc","fld","bound_q25",,0.78447015,,,,998,"ed607c82"
"orfs","fs","or150","OR 1.5 n2000","Hc","fld","bound_q50",,0.84003757,,,,998,"ed607c82"
"orfs","fs","or150","OR 1.5 n2000","Hc","fld","bound_q75",,0.89366714,,,,998,"ed607c82"
"orfs","fs","or150","OR 1.5 n2000","Hc","fld","bound_q95",,0.98827371,,,,998,"ed607c82"
"orfs","fs","or150","OR 1.5 n2000","Hc","mr","share_upper_le_tau",0.7,0,0,0,0.0038344,998,"ed607c82"
"orfs","fs","or150","OR 1.5 n2000","Hc","mr","share_upper_le_tau",0.8,0.0250501,0.00494687,0.0170243,0.0367182,998,"ed607c82"
"orfs","fs","or150","OR 1.5 n2000","Hc","mr","share_upper_le_tau",0.9,0.23246493,0.013371,0.207314,0.259667,998,"ed607c82"
"orfs","fs","or150","OR 1.5 n2000","Hc","mr","share_upper_le_tau",1,0.62224449,0.0153469,0.59175,0.651801,998,"ed607c82"
"orfs","fs","or150","OR 1.5 n2000","Hc","mr","share_upper_le_tau",1.25,0.99599198,0.00199999,0.98974,0.99844,998,"ed607c82"
"orfs","fs","or150","OR 1.5 n2000","Hc","mr","share_upper_le_tau",1.5,1,0,0.996166,1,998,"ed607c82"
"orfs","fs","or150","OR 1.5 n2000","Hc","mr","share_upper_le_tau",2,1,0,0.996166,1,998,"ed607c82"
"orfs","fs","or150","OR 1.5 n2000","Hc","mr","bound_mean",,0.97282266,0.00298062,,,998,"ed607c82"
"orfs","fs","or150","OR 1.5 n2000","Hc","mr","bound_q05",,0.82053485,,,,998,"ed607c82"
"orfs","fs","or150","OR 1.5 n2000","Hc","mr","bound_q25",,0.90551676,,,,998,"ed607c82"
"orfs","fs","or150","OR 1.5 n2000","Hc","mr","bound_q50",,0.97074744,,,,998,"ed607c82"
"orfs","fs","or150","OR 1.5 n2000","Hc","mr","bound_q75",,1.0326236,,,,998,"ed607c82"
"orfs","fs","or150","OR 1.5 n2000","Hc","mr","bound_q95",,1.1366408,,,,998,"ed607c82"
"orfs","fs","or150","OR 1.5 n2000","Hc","naive","share_upper_le_tau",0.7,0.072144289,0.00818985,0.0576801,0.0898896,998,"ed607c82"
"orfs","fs","or150","OR 1.5 n2000","Hc","naive","share_upper_le_tau",0.8,0.44488978,0.0157308,0.414328,0.475874,998,"ed607c82"
"orfs","fs","or150","OR 1.5 n2000","Hc","naive","share_upper_le_tau",0.9,0.86973948,0.0106546,0.847431,0.889212,998,"ed607c82"
"orfs","fs","or150","OR 1.5 n2000","Hc","naive","share_upper_le_tau",1,0.98697395,0.00358917,0.977841,0.992372,998,"ed607c82"
"orfs","fs","or150","OR 1.5 n2000","Hc","naive","share_upper_le_tau",1.25,1,0,0.996166,1,998,"ed607c82"
"orfs","fs","or150","OR 1.5 n2000","Hc","naive","share_upper_le_tau",1.5,1,0,0.996166,1,998,"ed607c82"
"orfs","fs","or150","OR 1.5 n2000","Hc","naive","share_upper_le_tau",2,1,0,0.996166,1,998,"ed607c82"
"orfs","fs","or150","OR 1.5 n2000","Hc","naive","bound_mean",,0.8117,0.00249252,,,998,"ed607c82"
"orfs","fs","or150","OR 1.5 n2000","Hc","naive","bound_q05",,0.68542856,,,,998,"ed607c82"
"orfs","fs","or150","OR 1.5 n2000","Hc","naive","bound_q25",,0.75542977,,,,998,"ed607c82"
"orfs","fs","or150","OR 1.5 n2000","Hc","naive","bound_q50",,0.80978886,,,,998,"ed607c82"
"orfs","fs","or150","OR 1.5 n2000","Hc","naive","bound_q75",,0.86185281,,,,998,"ed607c82"
"orfs","fs","or150","OR 1.5 n2000","Hc","naive","bound_q95",,0.95117559,,,,998,"ed607c82"
"orfs","fs","or150","OR 1.5 n2000","joint","bonf_s","joint_coverage",,0.95891784,0.00628278,0.944742,0.969574,998,"ed607c82"
"orfs","fs","or150","OR 1.5 n2000","joint","bonf_s","share_both_bounds",,1,0,0.996166,1,998,"ed607c82"
"orfs","fs","or150","OR 1.5 n2000","joint","bonf_s","cov_H",,0.98697395,0.00358917,0.977841,0.992372,998,"ed607c82"
"orfs","fs","or150","OR 1.5 n2000","joint","bonf_s","cov_Hc",,0.97194389,0.0052272,0.95975,0.980519,998,"ed607c82"
"orfs","fs","or150","OR 1.5 n2000","joint","bonf_s","margin_H_or",,0.90184402,0.0369528,,,998,"ed607c82"
"orfs","fs","or150","OR 1.5 n2000","joint","bonf_s","margin_Hc_or",,0.15226823,0.000525389,,,998,"ed607c82"
"orfs","fs","or150","OR 1.5 n2000","joint","bonf","joint_coverage",,0.95691383,0.00642747,0.942467,0.967857,998,"ed607c82"
"orfs","fs","or150","OR 1.5 n2000","joint","bonf","share_both_bounds",,1,0,0.996166,1,998,"ed607c82"
"orfs","fs","or150","OR 1.5 n2000","joint","bonf","cov_H",,0.98697395,0.00358917,0.977841,0.992372,998,"ed607c82"
"orfs","fs","or150","OR 1.5 n2000","joint","bonf","cov_Hc",,0.96993988,0.00540508,0.957412,0.978864,998,"ed607c82"
"orfs","fs","or150","OR 1.5 n2000","joint","bonf","margin_H_or",,0.90184402,0.0369528,,,998,"ed607c82"
"orfs","fs","or150","OR 1.5 n2000","joint","bonf","margin_Hc_or",,0.15046521,0.000533011,,,998,"ed607c82"
"orfs","fs","or150","OR 1.5 n2000","joint","separate_s","joint_coverage",,0.90981964,0.0090671,0.890442,0.926055,998,"ed607c82"
"orfs","fs","or150","OR 1.5 n2000","joint","separate_s","share_both_bounds",,1,0,0.996166,1,998,"ed607c82"
"orfs","fs","or150","OR 1.5 n2000","joint","separate_s","cov_H",,0.96392786,0.00590259,0.950466,0.973832,998,"ed607c82"
"orfs","fs","or150","OR 1.5 n2000","joint","separate_s","cov_Hc",,0.94488978,0.0072234,0.928951,0.957417,998,"ed607c82"
"orfs","fs","or150","OR 1.5 n2000","joint","separate_s","margin_H_or",,0.81489415,0.034669,,,998,"ed607c82"
"orfs","fs","or150","OR 1.5 n2000","joint","separate_s","margin_Hc_or",,0.12683128,0.000436039,,,998,"ed607c82"
"orfs","fs","or150","OR 1.5 n2000","joint","calibrated","gamma_mean_s",,0.025160321,1.19609e-05,,,998,"ed607c82"
"orfs","fs","or150","OR 1.5 n2000","joint","calibrated","corr_s",,0.051457262,0.00156267,,,998,"ed607c82"
"orfs","fs","or150","OR 1.5 n2000","joint","calibrated","gamma_mean",,0.025147295,1.15766e-05,,,998,"ed607c82"
"orfs","fs","or150","OR 1.5 n2000","joint","calibrated","corr",,0.05328745,0.00157661,,,998,"ed607c82"
"orfs","fs","or150","OR 1.5 n2000","H","all","mean_size_hhat",,137.4509,2.3113,,,998,"ed607c82"
"orfs","fs","or150","OR 1.5 n2000","H","all","mean_true_positives",,83.402806,2.37198,,,998,"ed607c82"
"orfs","fs","or150","OR 1.5 n2000","H","all","sensitivity_mean",,0.28048593,0.00800232,,,998,"ed607c82"
"orfs","fs","or150","OR 1.5 n2000","H","all","ppv_mean",,0.58751949,0.0113548,,,998,"ed607c82"
"orfs","fs","or150","OR 1.5 n2000","H","all","spec_mean",,0.96824601,0.00106728,,,998,"ed607c82"
"orfs","fs","or150","OR 1.5 n2000","H","all","mean_n_family",,2962.2545,1.98171,,,998,"ed607c82"
"orfs","fs","or150","OR 1.5 n2000","H","all","mean_admitted_n",,,,,,0,"ed607c82"
"orfs","fs","or150","OR 1.5 n2000","H","all","mean_proposed_n",,,,,,0,"ed607c82"
"orfs","fs","or150","OR 1.5 n2000","H","all","mean_n_cons_qual",,117.37575,3.88918,,,998,"ed607c82"
"orfs","fs","or150","OR 1.5 n2000","H","all","mean_band_n",,3.3066132,0.0715524,,,998,"ed607c82"
"orfs","fs","or150","OR 1.5 n2000","H","all","mean_n_true",,298.10822,0.475491,,,998,"ed607c82"
"orfs","fs","or150","OR 1.5 n2000","H","all","p_hat_mean",,0.13152906,0.0040062,,,998,"ed607c82"
"orfs","fs","or150","OR 1.5 n2000","H","all","p_hat_share_lt_05",,0.97795591,0.00464773,0.966848,0.985398,998,"ed607c82"
"orfs","fs","or150","OR 1.5 n2000","Hc","mr","sd_btc_over_naive_se",,1.0267712,,,,998,"ed607c82"
"orfs","fs","or150","OR 1.5 n2000","Hc","fld","lamsd_over_naive_se",,0.98674529,,,,998,"ed607c82"
"orfs","fs","or150","OR 1.5 n2000","Hc","fld_s","lamsd_over_naive_se",,0.99952562,,,,998,"ed607c82"
"orfs","fs","or150","OR 1.5 n2000","all","all","secs_fit_mr_mean",,326.31479,1.11087,,,1000,"ed607c82"
"orfs","fs","or150","OR 1.5 n2000","all","all","secs_id_mean",,30.662461,0.192128,,,1000,"ed607c82"
"orfs","fs","or150","OR 1.5 n2000","all","all","secs_field_mean",,77.782061,0.306304,,,998,"ed607c82"
"orfs","fs","or150","OR 1.5 n2000","all","all","secs_complement_mean",,28.999495,0.143056,,,998,"ed607c82"
"orfs","fs","or150","OR 1.5 n2000","H","naive","display_b",,2.4012791,,,,998,"ed607c82"
"orfs","fs","or150","OR 1.5 n2000","H","naive","display_r",,1.14939,,,,998,"ed607c82"
"orfs","fs","or150","OR 1.5 n2000","H","naive","display_cov1",,0.32164329,,,,998,"ed607c82"
"orfs","fs","or150","OR 1.5 n2000","H","naive","display_cov1_ref",,0.3047803,,,,998,"ed607c82"
"orfs","fs","or150","OR 1.5 n2000","H","naive","display_cov2",,0.43887776,,,,998,"ed607c82"
"orfs","fs","or150","OR 1.5 n2000","H","naive","display_cov2_ref",,0.44096612,,,,998,"ed607c82"
"orfs","fs","or150","OR 1.5 n2000","H","mr","display_b",,0.18669141,,,,998,"ed607c82"
"orfs","fs","or150","OR 1.5 n2000","H","mr","display_r",,1.117944,,,,998,"ed607c82"
"orfs","fs","or150","OR 1.5 n2000","H","mr","display_cov1",,0.9739479,,,,998,"ed607c82"
"orfs","fs","or150","OR 1.5 n2000","H","mr","display_cov1_ref",,0.95074933,,,,998,"ed607c82"
"orfs","fs","or150","OR 1.5 n2000","H","mr","display_cov2",,0.9509018,,,,998,"ed607c82"
"orfs","fs","or150","OR 1.5 n2000","H","mr","display_cov2_ref",,0.96878083,,,,998,"ed607c82"
"orfs","fs","or150","OR 1.5 n2000","H","fld","display_b",,-0.10167245,,,,998,"ed607c82"
"orfs","fs","or150","OR 1.5 n2000","H","fld","display_r",,0.98590289,,,,998,"ed607c82"
"orfs","fs","or150","OR 1.5 n2000","H","fld","display_cov1",,0.96392786,,,,998,"ed607c82"
"orfs","fs","or150","OR 1.5 n2000","H","fld","display_cov1_ref",,0.95758632,,,,998,"ed607c82"
"orfs","fs","or150","OR 1.5 n2000","H","fld","display_cov2",,0.90881764,,,,998,"ed607c82"
"orfs","fs","or150","OR 1.5 n2000","H","fld","display_cov2_ref",,0.94544901,,,,998,"ed607c82"
"orfs","fs","or150","OR 1.5 n2000","Hc","naive","display_b",,-0.48923363,,,,998,"ed607c82"
"orfs","fs","or150","OR 1.5 n2000","Hc","naive","display_r",,0.96565832,,,,998,"ed607c82"
"orfs","fs","or150","OR 1.5 n2000","Hc","naive","display_cov1",,0.86873747,,,,998,"ed607c82"
"orfs","fs","or150","OR 1.5 n2000","Hc","naive","display_cov1_ref",,0.86414496,,,,998,"ed607c82"
"orfs","fs","or150","OR 1.5 n2000","Hc","naive","display_cov2",,0.9238477,,,,998,"ed607c82"
"orfs","fs","or150","OR 1.5 n2000","Hc","naive","display_cov2_ref",,0.91114243,,,,998,"ed607c82"
"orfs","fs","or150","OR 1.5 n2000","Hc","mr","display_b",,-0.15094696,,,,998,"ed607c82"
"orfs","fs","or150","OR 1.5 n2000","Hc","mr","display_r",,1.8914523,,,,998,"ed607c82"
"orfs","fs","or150","OR 1.5 n2000","Hc","mr","display_cov1",,1,,,,998,"ed607c82"
"orfs","fs","or150","OR 1.5 n2000","Hc","mr","display_cov1_ref",,0.99846288,,,,998,"ed607c82"
"orfs","fs","or150","OR 1.5 n2000","Hc","mr","display_cov2",,1,,,,998,"ed607c82"
"orfs","fs","or150","OR 1.5 n2000","Hc","mr","display_cov2_ref",,0.99975476,,,,998,"ed607c82"
"orfs","fs","or150","OR 1.5 n2000","Hc","fld","display_b",,-0.081014544,,,,998,"ed607c82"
"orfs","fs","or150","OR 1.5 n2000","Hc","fld","display_r",,0.959031,,,,998,"ed607c82"
"orfs","fs","or150","OR 1.5 n2000","Hc","fld","display_cov1",,0.94288577,,,,998,"ed607c82"
"orfs","fs","or150","OR 1.5 n2000","Hc","fld","display_cov1_ref",,0.93273193,,,,998,"ed607c82"
"orfs","fs","or150","OR 1.5 n2000","Hc","fld","display_cov2",,0.94589178,,,,998,"ed607c82"
"orfs","fs","or150","OR 1.5 n2000","Hc","fld","display_cov2_ref",,0.93900496,,,,998,"ed607c82"
"orfs","fs","or150","OR 1.5 n2000","Hc","fld_s","display_b",,-0.080885197,,,,998,"ed607c82"
"orfs","fs","or150","OR 1.5 n2000","Hc","fld_s","display_r",,0.97182217,,,,998,"ed607c82"
"orfs","fs","or150","OR 1.5 n2000","Hc","fld_s","display_cov1",,0.94488978,,,,998,"ed607c82"
"orfs","fs","or150","OR 1.5 n2000","Hc","fld_s","display_cov1_ref",,0.93544489,,,,998,"ed607c82"
"orfs","fs","or150","OR 1.5 n2000","Hc","fld_s","display_cov2",,0.9488978,,,,998,"ed607c82"
"orfs","fs","or150","OR 1.5 n2000","Hc","fld_s","display_cov2_ref",,0.94237504,,,,998,"ed607c82"
"orgrf","grf","or150","OR 1.5 n2000","H","all","declaration_rate",,1,0,0.996173,1,1000,"4353aab9"
"orgrf","grf","or150","OR 1.5 n2000","H","naive","n_nonconvergent_fits",,0,,,,1000,"4353aab9"
"orgrf","grf","or150","OR 1.5 n2000","H","naive","bias_or",,1.3000409,0.0300285,,,1000,"4353aab9"
"orgrf","grf","or150","OR 1.5 n2000","H","naive","bias_log",,0.8094428,0.0140419,,,1000,"4353aab9"
"orgrf","grf","or150","OR 1.5 n2000","H","naive","bias_sd_units",,2.4811891,0.0430427,,,1000,"4353aab9"
"orgrf","grf","or150","OR 1.5 n2000","H","naive","sd_emp_or",,0.90254016,0.0201915,,,1000,"4353aab9"
"orgrf","grf","or150","OR 1.5 n2000","H","naive","sd_emp_log",,0.3262318,0.00729842,,,1000,"4353aab9"
"orgrf","grf","or150","OR 1.5 n2000","H","naive","se_mean",,0.39530025,0.00379848,,,1000,"4353aab9"
"orgrf","grf","or150","OR 1.5 n2000","H","naive","se_over_sd",,1.2117158,0.0295031,,,1000,"4353aab9"
"orgrf","grf","or150","OR 1.5 n2000","H","naive","cov1_lower",,0.319,0.014739,0.290852,0.348534,1000,"4353aab9"
"orgrf","grf","or150","OR 1.5 n2000","H","naive","cov2",,0.448,0.0157256,0.417436,0.478962,1000,"4353aab9"
"orgrf","grf","or150","OR 1.5 n2000","H","naive","halfwidth_or",,2.2452447,,,,1000,"4353aab9"
"orgrf","grf","or150","OR 1.5 n2000","H","naive","margin1_or",,1.1434327,,,,1000,"4353aab9"
"orgrf","grf","or150","OR 1.5 n2000","H","naive","cov2_theta_dagger",,0.943,0.00733151,0.926863,0.955747,1000,"4353aab9"
"orgrf","grf","or150","OR 1.5 n2000","H","naive","cov1_lower_theta_dagger",,0.876,0.0104223,0.854122,0.895,1000,"4353aab9"
"orgrf","grf","or150","OR 1.5 n2000","H","naive","cov2_theta_ddagger",,0.953,0.00669261,0.93806,0.964473,1000,"4353aab9"
"orgrf","grf","or150","OR 1.5 n2000","H","naive","cov1_lower_theta_ddagger",,0.892,0.00981509,0.871241,0.909759,1000,"4353aab9"
"orgrf","grf","or150","OR 1.5 n2000","H","oracle","n_nonconvergent_fits",,0,,,,1000,"4353aab9"
"orgrf","grf","or150","OR 1.5 n2000","H","oracle","bias_or",,0.054523272,0.0120214,,,1000,"4353aab9"
"orgrf","grf","or150","OR 1.5 n2000","H","oracle","bias_log",,0.0069342776,0.00757671,,,1000,"4353aab9"
"orgrf","grf","or150","OR 1.5 n2000","H","oracle","bias_sd_units",,0.028941484,0.0316228,,,1000,"4353aab9"
"orgrf","grf","or150","OR 1.5 n2000","H","oracle","sd_emp_or",,0.38014971,0.00850466,,,1000,"4353aab9"
"orgrf","grf","or150","OR 1.5 n2000","H","oracle","sd_emp_log",,0.23959647,0.00536022,,,1000,"4353aab9"
"orgrf","grf","or150","OR 1.5 n2000","H","oracle","se_mean",,0.23777111,0.000220941,,,1000,"4353aab9"
"orgrf","grf","or150","OR 1.5 n2000","H","oracle","se_over_sd",,0.99238148,0.0222206,,,1000,"4353aab9"
"orgrf","grf","or150","OR 1.5 n2000","H","oracle","cov1_lower",,0.956,0.00648568,0.941448,0.967062,1000,"4353aab9"
"orgrf","grf","or150","OR 1.5 n2000","H","oracle","cov2",,0.948,0.00702111,0.932444,0.960127,1000,"4353aab9"
"orgrf","grf","or150","OR 1.5 n2000","H","oracle","halfwidth_or",,0.75249375,,,,1000,"4353aab9"
"orgrf","grf","or150","OR 1.5 n2000","H","oracle","margin1_or",,0.5038569,,,,1000,"4353aab9"
"orgrf","grf","or150","OR 1.5 n2000","H","mr","n_nonconvergent_fits",,0,,,,1000,"4353aab9"
"orgrf","grf","or150","OR 1.5 n2000","H","mr","bias_or",,0.16132944,0.0210653,,,1000,"4353aab9"
"orgrf","grf","or150","OR 1.5 n2000","H","mr","bias_log",,0.10652112,0.0150364,,,1000,"4353aab9"
"orgrf","grf","or150","OR 1.5 n2000","H","mr","bias_sd_units",,0.27206295,0.038404,,,1000,"4353aab9"
"orgrf","grf","or150","OR 1.5 n2000","H","mr","sd_emp_or",,0.61600721,0.0137812,,,1000,"4353aab9"
"orgrf","grf","or150","OR 1.5 n2000","H","mr","sd_emp_log",,0.39153116,0.00875928,,,1000,"4353aab9"
"orgrf","grf","or150","OR 1.5 n2000","H","mr","se_mean",,0.4633719,0.00398138,,,1000,"4353aab9"
"orgrf","grf","or150","OR 1.5 n2000","H","mr","se_over_sd",,1.1834867,0.0283624,,,1000,"4353aab9"
"orgrf","grf","or150","OR 1.5 n2000","H","mr","cov1_lower",,0.963,0.00596917,0.949418,0.973039,1000,"4353aab9"
"orgrf","grf","or150","OR 1.5 n2000","H","mr","cov2",,0.947,0.00708456,0.931325,0.959253,1000,"4353aab9"
"orgrf","grf","or150","OR 1.5 n2000","H","mr","halfwidth_or",,1.4186587,,,,1000,"4353aab9"
"orgrf","grf","or150","OR 1.5 n2000","H","mr","margin1_or",,0.64961363,,,,1000,"4353aab9"
"orgrf","grf","or150","OR 1.5 n2000","H","mr","cov2_theta_dagger",,0.863,0.0108734,0.840295,0.882927,1000,"4353aab9"
"orgrf","grf","or150","OR 1.5 n2000","H","mr","cov1_lower_theta_dagger",,0.998,0.0014128,0.992737,0.999451,1000,"4353aab9"
"orgrf","grf","or150","OR 1.5 n2000","H","mr","cov2_theta_ddagger",,0.848,0.0113532,0.824419,0.868917,1000,"4353aab9"
"orgrf","grf","or150","OR 1.5 n2000","H","mr","cov1_lower_theta_ddagger",,0.998,0.0014128,0.992737,0.999451,1000,"4353aab9"
"orgrf","grf","or150","OR 1.5 n2000","H","fld","n_nonconvergent_fits",,0,,,,1000,"4353aab9"
"orgrf","grf","or150","OR 1.5 n2000","H","fld","bias_or",,0.035925142,0.0207372,,,1000,"4353aab9"
"orgrf","grf","or150","OR 1.5 n2000","H","fld","bias_log",,-0.016687483,0.0153254,,,1000,"4353aab9"
"orgrf","grf","or150","OR 1.5 n2000","H","fld","bias_sd_units",,-0.040425073,0.0371256,,,1000,"4353aab9"
"orgrf","grf","or150","OR 1.5 n2000","H","fld","sd_emp_or",,0.61278235,0.0137091,,,1000,"4353aab9"
"orgrf","grf","or150","OR 1.5 n2000","H","fld","sd_emp_log",,0.41280031,0.00923511,,,1000,"4353aab9"
"orgrf","grf","or150","OR 1.5 n2000","H","fld","se_mean",,0.42613822,0.00107281,,,1000,"4353aab9"
"orgrf","grf","or150","OR 1.5 n2000","H","fld","se_over_sd",,1.0323108,0.0232405,,,1000,"4353aab9"
"orgrf","grf","or150","OR 1.5 n2000","H","fld","cov1_lower",,0.948,0.00702111,0.932444,0.960127,1000,"4353aab9"
"orgrf","grf","or150","OR 1.5 n2000","H","fld","cov2",,0.907,0.00918428,0.887409,0.923476,1000,"4353aab9"
"orgrf","grf","or150","OR 1.5 n2000","H","fld","halfwidth_or",,0.9039117,,,,1000,"4353aab9"
"orgrf","grf","or150","OR 1.5 n2000","H","fld","margin1_or",,0.69648794,,,,1000,"4353aab9"
"orgrf","grf","or150","OR 1.5 n2000","H","fld","cov2_theta_dagger",,0.709,0.0143638,0.68009,0.73631,1000,"4353aab9"
"orgrf","grf","or150","OR 1.5 n2000","H","fld","cov1_lower_theta_dagger",,0.992,0.00281709,0.984294,0.995941,1000,"4353aab9"
"orgrf","grf","or150","OR 1.5 n2000","H","fld","cov2_theta_ddagger",,0.675,0.0148113,0.645349,0.703312,1000,"4353aab9"
"orgrf","grf","or150","OR 1.5 n2000","H","fld","cov1_lower_theta_ddagger",,0.992,0.00281709,0.984294,0.995941,1000,"4353aab9"
"orgrf","grf","or150","OR 1.5 n2000","H","fld","share_lower_ge_tau",0.7,0.127,0.0105295,0.10778,0.149075,1000,"4353aab9"
"orgrf","grf","or150","OR 1.5 n2000","H","fld","share_lower_ge_tau",0.8,0.082,0.00867617,0.066552,0.100647,1000,"4353aab9"
"orgrf","grf","or150","OR 1.5 n2000","H","fld","share_lower_ge_tau",0.9,0.049,0.00682635,0.037261,0.0641907,1000,"4353aab9"
"orgrf","grf","or150","OR 1.5 n2000","H","fld","share_lower_ge_tau",1,0.029,0.00530651,0.0202664,0.0413384,1000,"4353aab9"
"orgrf","grf","or150","OR 1.5 n2000","H","fld","share_lower_ge_tau",1.25,0.013,0.00358204,0.00761282,0.0221144,1000,"4353aab9"
"orgrf","grf","or150","OR 1.5 n2000","H","fld","share_lower_ge_tau",1.5,0.008,0.00281709,0.0040592,0.0157063,1000,"4353aab9"
"orgrf","grf","or150","OR 1.5 n2000","H","fld","share_lower_ge_tau",2,0.002,0.0014128,0.000548644,0.00726281,1000,"4353aab9"
"orgrf","grf","or150","OR 1.5 n2000","H","fld","bound_mean",,0.48734374,0.00772307,,,1000,"4353aab9"
"orgrf","grf","or150","OR 1.5 n2000","H","fld","bound_q05",,0.25556178,,,,1000,"4353aab9"
"orgrf","grf","or150","OR 1.5 n2000","H","fld","bound_q25",,0.34091407,,,,1000,"4353aab9"
"orgrf","grf","or150","OR 1.5 n2000","H","fld","bound_q50",,0.43349096,,,,1000,"4353aab9"
"orgrf","grf","or150","OR 1.5 n2000","H","fld","bound_q75",,0.56141033,,,,1000,"4353aab9"
"orgrf","grf","or150","OR 1.5 n2000","H","fld","bound_q95",,0.88310856,,,,1000,"4353aab9"
"orgrf","grf","or150","OR 1.5 n2000","H","oracle","share_lower_ge_tau",0.7,0.947,0.00708456,0.931325,0.959253,1000,"4353aab9"
"orgrf","grf","or150","OR 1.5 n2000","H","oracle","share_lower_ge_tau",0.8,0.858,0.0110379,0.834994,0.878266,1000,"4353aab9"
"orgrf","grf","or150","OR 1.5 n2000","H","oracle","share_lower_ge_tau",0.9,0.699,0.0145051,0.669853,0.726624,1000,"4353aab9"
"orgrf","grf","or150","OR 1.5 n2000","H","oracle","share_lower_ge_tau",1,0.544,0.01575,0.513021,0.574642,1000,"4353aab9"
"orgrf","grf","or150","OR 1.5 n2000","H","oracle","share_lower_ge_tau",1.25,0.2,0.0126491,0.176377,0.225919,1000,"4353aab9"
"orgrf","grf","or150","OR 1.5 n2000","H","oracle","share_lower_ge_tau",1.5,0.044,0.00648568,0.0329382,0.0585518,1000,"4353aab9"
"orgrf","grf","or150","OR 1.5 n2000","H","oracle","share_lower_ge_tau",2,0.002,0.0014128,0.000548644,0.00726281,1000,"4353aab9"
"orgrf","grf","or150","OR 1.5 n2000","H","oracle","bound_mean",,1.0506664,0.00801288,,,1000,"4353aab9"
"orgrf","grf","or150","OR 1.5 n2000","H","oracle","bound_q05",,0.6905843,,,,1000,"4353aab9"
"orgrf","grf","or150","OR 1.5 n2000","H","oracle","bound_q25",,0.87240831,,,,1000,"4353aab9"
"orgrf","grf","or150","OR 1.5 n2000","H","oracle","bound_q50",,1.0256958,,,,1000,"4353aab9"
"orgrf","grf","or150","OR 1.5 n2000","H","oracle","bound_q75",,1.195274,,,,1000,"4353aab9"
"orgrf","grf","or150","OR 1.5 n2000","H","oracle","bound_q95",,1.4799199,,,,1000,"4353aab9"
"orgrf","grf","or150","OR 1.5 n2000","H","mr","share_lower_ge_tau",0.7,0.148,0.0112292,0.127339,0.171355,1000,"4353aab9"
"orgrf","grf","or150","OR 1.5 n2000","H","mr","share_lower_ge_tau",0.8,0.091,0.009095,0.0747047,0.110426,1000,"4353aab9"
"orgrf","grf","or150","OR 1.5 n2000","H","mr","share_lower_ge_tau",0.9,0.052,0.00702111,0.039873,0.0675557,1000,"4353aab9"
"orgrf","grf","or150","OR 1.5 n2000","H","mr","share_lower_ge_tau",1,0.029,0.00530651,0.0202664,0.0413384,1000,"4353aab9"
"orgrf","grf","or150","OR 1.5 n2000","H","mr","share_lower_ge_tau",1.25,0.005,0.00223047,0.00213754,0.011651,1000,"4353aab9"
"orgrf","grf","or150","OR 1.5 n2000","H","mr","share_lower_ge_tau",1.5,0.002,0.0014128,0.000548644,0.00726281,1000,"4353aab9"
"orgrf","grf","or150","OR 1.5 n2000","H","mr","share_lower_ge_tau",2,0.001,0.0009995,0.000176546,0.00564256,1000,"4353aab9"
"orgrf","grf","or150","OR 1.5 n2000","H","mr","bound_mean",,0.53421805,0.00604715,,,1000,"4353aab9"
"orgrf","grf","or150","OR 1.5 n2000","H","mr","bound_q05",,0.32187,,,,1000,"4353aab9"
"orgrf","grf","or150","OR 1.5 n2000","H","mr","bound_q25",,0.40160451,,,,1000,"4353aab9"
"orgrf","grf","or150","OR 1.5 n2000","H","mr","bound_q50",,0.49301238,,,,1000,"4353aab9"
"orgrf","grf","or150","OR 1.5 n2000","H","mr","bound_q75",,0.61064208,,,,1000,"4353aab9"
"orgrf","grf","or150","OR 1.5 n2000","H","mr","bound_q95",,0.9120002,,,,1000,"4353aab9"
"orgrf","grf","or150","OR 1.5 n2000","H","naive","share_lower_ge_tau",0.7,0.993,0.00263647,0.985622,0.996605,1000,"4353aab9"
"orgrf","grf","or150","OR 1.5 n2000","H","naive","share_lower_ge_tau",0.8,0.953,0.00669261,0.93806,0.964473,1000,"4353aab9"
"orgrf","grf","or150","OR 1.5 n2000","H","naive","share_lower_ge_tau",0.9,0.844,0.0114745,0.820199,0.865169,1000,"4353aab9"
"orgrf","grf","or150","OR 1.5 n2000","H","naive","share_lower_ge_tau",1,0.704,0.0144355,0.67497,0.731469,1000,"4353aab9"
"orgrf","grf","or150","OR 1.5 n2000","H","naive","share_lower_ge_tau",1.25,0.33,0.0148694,0.301556,0.359746,1000,"4353aab9"
"orgrf","grf","or150","OR 1.5 n2000","H","naive","share_lower_ge_tau",1.5,0.124,0.0104223,0.105,0.145878,1000,"4353aab9"
"orgrf","grf","or150","OR 1.5 n2000","H","naive","share_lower_ge_tau",2,0.018,0.00420428,0.0114157,0.0282733,1000,"4353aab9"
"orgrf","grf","or150","OR 1.5 n2000","H","naive","bound_mean",,1.1791104,0.00986833,,,1000,"4353aab9"
"orgrf","grf","or150","OR 1.5 n2000","H","naive","bound_q05",,0.80547069,,,,1000,"4353aab9"
"orgrf","grf","or150","OR 1.5 n2000","H","naive","bound_q25",,0.96288871,,,,1000,"4353aab9"
"orgrf","grf","or150","OR 1.5 n2000","H","naive","bound_q50",,1.1273271,,,,1000,"4353aab9"
"orgrf","grf","or150","OR 1.5 n2000","H","naive","bound_q75",,1.3195006,,,,1000,"4353aab9"
"orgrf","grf","or150","OR 1.5 n2000","H","naive","bound_q95",,1.7561466,,,,1000,"4353aab9"
"orgrf","grf","or150","OR 1.5 n2000","Hc","naive","n_nonconvergent_fits",,0,,,,1000,"4353aab9"
"orgrf","grf","or150","OR 1.5 n2000","Hc","naive","bias_or",,-0.032041483,0.00211386,,,1000,"4353aab9"
"orgrf","grf","or150","OR 1.5 n2000","Hc","naive","bias_log",,-0.049533809,0.00304517,,,1000,"4353aab9"
"orgrf","grf","or150","OR 1.5 n2000","Hc","naive","bias_sd_units",,-0.48572371,0.0298606,,,1000,"4353aab9"
"orgrf","grf","or150","OR 1.5 n2000","Hc","naive","sd_emp_or",,0.070282819,0.00157236,,,1000,"4353aab9"
"orgrf","grf","or150","OR 1.5 n2000","Hc","naive","sd_emp_log",,0.10197939,0.00228147,,,1000,"4353aab9"
"orgrf","grf","or150","OR 1.5 n2000","Hc","naive","se_mean",,0.095718605,9.21284e-05,,,1000,"4353aab9"
"orgrf","grf","or150","OR 1.5 n2000","Hc","naive","se_over_sd",,0.93860732,0.0210178,,,1000,"4353aab9"
"orgrf","grf","or150","OR 1.5 n2000","Hc","naive","cov1_upper",,0.872,0.0105648,0.84986,0.891292,1000,"4353aab9"
"orgrf","grf","or150","OR 1.5 n2000","Hc","naive","cov2",,0.918,0.00867617,0.899353,0.933448,1000,"4353aab9"
"orgrf","grf","or150","OR 1.5 n2000","Hc","naive","halfwidth_or",,0.13071657,,,,1000,"4353aab9"
"orgrf","grf","or150","OR 1.5 n2000","Hc","naive","margin1_or",,0.11810972,,,,1000,"4353aab9"
"orgrf","grf","or150","OR 1.5 n2000","Hc","oracle","n_nonconvergent_fits",,0,,,,1000,"4353aab9"
"orgrf","grf","or150","OR 1.5 n2000","Hc","oracle","bias_or",,0.0014709822,0.00209315,,,1000,"4353aab9"
"orgrf","grf","or150","OR 1.5 n2000","Hc","oracle","bias_log",,-0.0027837682,0.00316962,,,1000,"4353aab9"
"orgrf","grf","or150","OR 1.5 n2000","Hc","oracle","bias_sd_units",,-0.027773239,0.0316228,,,1000,"4353aab9"
"orgrf","grf","or150","OR 1.5 n2000","Hc","oracle","sd_emp_or",,0.066191352,0.00148082,,,1000,"4353aab9"
"orgrf","grf","or150","OR 1.5 n2000","Hc","oracle","sd_emp_log",,0.10023203,0.00224238,,,1000,"4353aab9"
"orgrf","grf","or150","OR 1.5 n2000","Hc","oracle","se_mean",,0.10058053,2.59861e-05,,,1000,"4353aab9"
"orgrf","grf","or150","OR 1.5 n2000","Hc","oracle","se_over_sd",,1.0034769,0.0224511,,,1000,"4353aab9"
"orgrf","grf","or150","OR 1.5 n2000","Hc","oracle","cov1_upper",,0.95,0.00689202,0.934686,0.96187,1000,"4353aab9"
"orgrf","grf","or150","OR 1.5 n2000","Hc","oracle","cov2",,0.946,0.00714731,0.930208,0.958379,1000,"4353aab9"
"orgrf","grf","or150","OR 1.5 n2000","Hc","oracle","halfwidth_or",,0.13049151,,,,1000,"4353aab9"
"orgrf","grf","or150","OR 1.5 n2000","Hc","oracle","margin1_or",,0.11832175,,,,1000,"4353aab9"
"orgrf","grf","or150","OR 1.5 n2000","Hc","mr","n_nonconvergent_fits",,0,,,,1000,"4353aab9"
"orgrf","grf","or150","OR 1.5 n2000","Hc","mr","bias_or",,-0.0059949205,0.00218167,,,1000,"4353aab9"
"orgrf","grf","or150","OR 1.5 n2000","Hc","mr","bias_log",,-0.012567899,0.00303046,,,1000,"4353aab9"
"orgrf","grf","or150","OR 1.5 n2000","Hc","mr","bias_sd_units",,-0.12455622,0.0300338,,,1000,"4353aab9"
"orgrf","grf","or150","OR 1.5 n2000","Hc","mr","sd_emp_or",,0.072238479,0.00161611,,,1000,"4353aab9"
"orgrf","grf","or150","OR 1.5 n2000","Hc","mr","sd_emp_log",,0.10090142,0.00225735,,,1000,"4353aab9"
"orgrf","grf","or150","OR 1.5 n2000","Hc","mr","se_mean",,0.1853206,0.000139795,,,1000,"4353aab9"
"orgrf","grf","or150","OR 1.5 n2000","Hc","mr","se_over_sd",,1.8366502,0.0411126,,,1000,"4353aab9"
"orgrf","grf","or150","OR 1.5 n2000","Hc","mr","cov1_upper",,1,0,0.996173,1,1000,"4353aab9"
"orgrf","grf","or150","OR 1.5 n2000","Hc","mr","cov2",,1,0,0.996173,1,1000,"4353aab9"
"orgrf","grf","or150","OR 1.5 n2000","Hc","mr","halfwidth_or",,0.2670584,,,,1000,"4353aab9"
"orgrf","grf","or150","OR 1.5 n2000","Hc","mr","margin1_or",,0.25635942,,,,1000,"4353aab9"
"orgrf","grf","or150","OR 1.5 n2000","Hc","fld","n_nonconvergent_fits",,0,,,,1000,"4353aab9"
"orgrf","grf","or150","OR 1.5 n2000","Hc","fld","bias_or",,0.00049469443,0.00220881,,,1000,"4353aab9"
"orgrf","grf","or150","OR 1.5 n2000","Hc","fld","bias_log",,-0.0036205643,0.00303994,,,1000,"4353aab9"
"orgrf","grf","or150","OR 1.5 n2000","Hc","fld","bias_sd_units",,-0.035786842,0.0300477,,,1000,"4353aab9"
"orgrf","grf","or150","OR 1.5 n2000","Hc","fld","sd_emp_or",,0.073136152,0.00163619,,,1000,"4353aab9"
"orgrf","grf","or150","OR 1.5 n2000","Hc","fld","sd_emp_log",,0.10117027,0.00226337,,,1000,"4353aab9"
"orgrf","grf","or150","OR 1.5 n2000","Hc","fld","se_mean",,0.094493833,7.26496e-05,,,1000,"4353aab9"
"orgrf","grf","or150","OR 1.5 n2000","Hc","fld","se_over_sd",,0.93400795,0.0209078,,,1000,"4353aab9"
"orgrf","grf","or150","OR 1.5 n2000","Hc","fld","cov1_upper",,0.943,0.00733151,0.926863,0.955747,1000,"4353aab9"
"orgrf","grf","or150","OR 1.5 n2000","Hc","fld","cov2",,0.94,0.00750999,0.923529,0.953104,1000,"4353aab9"
"orgrf","grf","or150","OR 1.5 n2000","Hc","fld","halfwidth_or",,0.13450613,,,,1000,"4353aab9"
"orgrf","grf","or150","OR 1.5 n2000","Hc","fld","margin1_or",,0.12817382,,,,1000,"4353aab9"
"orgrf","grf","or150","OR 1.5 n2000","Hc","fld_s","n_nonconvergent_fits",,0,,,,1000,"4353aab9"
"orgrf","grf","or150","OR 1.5 n2000","Hc","fld_s","bias_or",,0.00044783847,0.00220824,,,1000,"4353aab9"
"orgrf","grf","or150","OR 1.5 n2000","Hc","fld_s","bias_log",,-0.0036759591,0.00303938,,,1000,"4353aab9"
"orgrf","grf","or150","OR 1.5 n2000","Hc","fld_s","bias_sd_units",,-0.036367738,0.0300698,,,1000,"4353aab9"
"orgrf","grf","or150","OR 1.5 n2000","Hc","fld_s","sd_emp_or",,0.073068102,0.00163467,,,1000,"4353aab9"
"orgrf","grf","or150","OR 1.5 n2000","Hc","fld_s","sd_emp_log",,0.10107748,0.00226129,,,1000,"4353aab9"
"orgrf","grf","or150","OR 1.5 n2000","Hc","fld_s","se_mean",,0.095530122,0.000114277,,,1000,"4353aab9"
"orgrf","grf","or150","OR 1.5 n2000","Hc","fld_s","se_over_sd",,0.9451178,0.0211743,,,1000,"4353aab9"
"orgrf","grf","or150","OR 1.5 n2000","Hc","fld_s","cov1_upper",,0.944,0.00727076,0.927977,0.956625,1000,"4353aab9"
"orgrf","grf","or150","OR 1.5 n2000","Hc","fld_s","cov2",,0.942,0.00739162,0.92575,0.954867,1000,"4353aab9"
"orgrf","grf","or150","OR 1.5 n2000","Hc","fld_s","halfwidth_or",,0.13578372,,,,1000,"4353aab9"
"orgrf","grf","or150","OR 1.5 n2000","Hc","fld_s","margin1_or",,0.12930751,,,,1000,"4353aab9"
"orgrf","grf","or150","OR 1.5 n2000","Hc","fld_s","share_upper_le_tau",0.7,0.037,0.00596917,0.0269612,0.0505824,1000,"4353aab9"
"orgrf","grf","or150","OR 1.5 n2000","Hc","fld_s","share_upper_le_tau",0.8,0.287,0.0143049,0.25982,0.31581,1000,"4353aab9"
"orgrf","grf","or150","OR 1.5 n2000","Hc","fld_s","share_upper_le_tau",0.9,0.738,0.0139053,0.709872,0.764306,1000,"4353aab9"
"orgrf","grf","or150","OR 1.5 n2000","Hc","fld_s","share_upper_le_tau",1,0.956,0.00648568,0.941448,0.967062,1000,"4353aab9"
"orgrf","grf","or150","OR 1.5 n2000","Hc","fld_s","share_upper_le_tau",1.25,1,0,0.996173,1,1000,"4353aab9"
"orgrf","grf","or150","OR 1.5 n2000","Hc","fld_s","share_upper_le_tau",1.5,1,0,0.996173,1,1000,"4353aab9"
"orgrf","grf","or150","OR 1.5 n2000","Hc","fld_s","share_upper_le_tau",2,1,0,0.996173,1,1000,"4353aab9"
"orgrf","grf","or150","OR 1.5 n2000","Hc","fld_s","bound_mean",,0.84901477,0.00265528,,,1000,"4353aab9"
"orgrf","grf","or150","OR 1.5 n2000","Hc","fld_s","bound_q05",,0.71797567,,,,1000,"4353aab9"
"orgrf","grf","or150","OR 1.5 n2000","Hc","fld_s","bound_q25",,0.79251909,,,,1000,"4353aab9"
"orgrf","grf","or150","OR 1.5 n2000","Hc","fld_s","bound_q50",,0.8460134,,,,1000,"4353aab9"
"orgrf","grf","or150","OR 1.5 n2000","Hc","fld_s","bound_q75",,0.90228716,,,,1000,"4353aab9"
"orgrf","grf","or150","OR 1.5 n2000","Hc","fld_s","bound_q95",,0.99455917,,,,1000,"4353aab9"
"orgrf","grf","or150","OR 1.5 n2000","Hc","oracle","share_upper_le_tau",0.7,0.149,0.0112605,0.128274,0.172412,1000,"4353aab9"
"orgrf","grf","or150","OR 1.5 n2000","Hc","oracle","share_upper_le_tau",0.8,0.638,0.0151972,0.607738,0.667206,1000,"4353aab9"
"orgrf","grf","or150","OR 1.5 n2000","Hc","oracle","share_upper_le_tau",0.9,0.939,0.00756829,0.92242,0.95222,1000,"4353aab9"
"orgrf","grf","or150","OR 1.5 n2000","Hc","oracle","share_upper_le_tau",1,0.994,0.00244213,0.986972,0.997247,1000,"4353aab9"
"orgrf","grf","or150","OR 1.5 n2000","Hc","oracle","share_upper_le_tau",1.25,1,0,0.996173,1,1000,"4353aab9"
"orgrf","grf","or150","OR 1.5 n2000","Hc","oracle","share_upper_le_tau",1.5,1,0,0.996173,1,1000,"4353aab9"
"orgrf","grf","or150","OR 1.5 n2000","Hc","oracle","share_upper_le_tau",2,1,0,0.996173,1,1000,"4353aab9"
"orgrf","grf","or150","OR 1.5 n2000","Hc","oracle","bound_mean",,0.77620048,0.00245745,,,1000,"4353aab9"
"orgrf","grf","or150","OR 1.5 n2000","Hc","oracle","bound_q05",,0.65826089,,,,1000,"4353aab9"
"orgrf","grf","or150","OR 1.5 n2000","Hc","oracle","bound_q25",,0.72430169,,,,1000,"4353aab9"
"orgrf","grf","or150","OR 1.5 n2000","Hc","oracle","bound_q50",,0.77205201,,,,1000,"4353aab9"
"orgrf","grf","or150","OR 1.5 n2000","Hc","oracle","bound_q75",,0.82195921,,,,1000,"4353aab9"
"orgrf","grf","or150","OR 1.5 n2000","Hc","oracle","bound_q95",,0.91329739,,,,1000,"4353aab9"
"orgrf","grf","or150","OR 1.5 n2000","Hc","fld","share_upper_le_tau",0.7,0.039,0.00612201,0.028659,0.0528693,1000,"4353aab9"
"orgrf","grf","or150","OR 1.5 n2000","Hc","fld","share_upper_le_tau",0.8,0.291,0.0143638,0.26369,0.31991,1000,"4353aab9"
"orgrf","grf","or150","OR 1.5 n2000","Hc","fld","share_upper_le_tau",0.9,0.74,0.0138708,0.711932,0.766231,1000,"4353aab9"
"orgrf","grf","or150","OR 1.5 n2000","Hc","fld","share_upper_le_tau",1,0.957,0.0064149,0.942581,0.967921,1000,"4353aab9"
"orgrf","grf","or150","OR 1.5 n2000","Hc","fld","share_upper_le_tau",1.25,1,0,0.996173,1,1000,"4353aab9"
"orgrf","grf","or150","OR 1.5 n2000","Hc","fld","share_upper_le_tau",1.5,1,0,0.996173,1,1000,"4353aab9"
"orgrf","grf","or150","OR 1.5 n2000","Hc","fld","share_upper_le_tau",2,1,0,0.996173,1,1000,"4353aab9"
"orgrf","grf","or150","OR 1.5 n2000","Hc","fld","bound_mean",,0.84788108,0.00269393,,,1000,"4353aab9"
"orgrf","grf","or150","OR 1.5 n2000","Hc","fld","bound_q05",,0.71543514,,,,1000,"4353aab9"
"orgrf","grf","or150","OR 1.5 n2000","Hc","fld","bound_q25",,0.79199787,,,,1000,"4353aab9"
"orgrf","grf","or150","OR 1.5 n2000","Hc","fld","bound_q50",,0.84447321,,,,1000,"4353aab9"
"orgrf","grf","or150","OR 1.5 n2000","Hc","fld","bound_q75",,0.90209411,,,,1000,"4353aab9"
"orgrf","grf","or150","OR 1.5 n2000","Hc","fld","bound_q95",,0.99537377,,,,1000,"4353aab9"
"orgrf","grf","or150","OR 1.5 n2000","Hc","mr","share_upper_le_tau",0.7,0.002,0.0014128,0.000548644,0.00726281,1000,"4353aab9"
"orgrf","grf","or150","OR 1.5 n2000","Hc","mr","share_upper_le_tau",0.8,0.028,0.0052169,0.0194423,0.0401702,1000,"4353aab9"
"orgrf","grf","or150","OR 1.5 n2000","Hc","mr","share_upper_le_tau",0.9,0.212,0.012925,0.187794,0.23841,1000,"4353aab9"
"orgrf","grf","or150","OR 1.5 n2000","Hc","mr","share_upper_le_tau",1,0.601,0.0154854,0.570318,0.630909,1000,"4353aab9"
"orgrf","grf","or150","OR 1.5 n2000","Hc","mr","share_upper_le_tau",1.25,0.997,0.00172945,0.991217,0.998979,1000,"4353aab9"
"orgrf","grf","or150","OR 1.5 n2000","Hc","mr","share_upper_le_tau",1.5,1,0,0.996173,1,1000,"4353aab9"
"orgrf","grf","or150","OR 1.5 n2000","Hc","mr","share_upper_le_tau",2,1,0,0.996173,1,1000,"4353aab9"
"orgrf","grf","or150","OR 1.5 n2000","Hc","mr","bound_mean",,0.97606669,0.00305877,,,1000,"4353aab9"
"orgrf","grf","or150","OR 1.5 n2000","Hc","mr","bound_q05",,0.82387612,,,,1000,"4353aab9"
"orgrf","grf","or150","OR 1.5 n2000","Hc","mr","bound_q25",,0.90974691,,,,1000,"4353aab9"
"orgrf","grf","or150","OR 1.5 n2000","Hc","mr","bound_q50",,0.97400827,,,,1000,"4353aab9"
"orgrf","grf","or150","OR 1.5 n2000","Hc","mr","bound_q75",,1.0369956,,,,1000,"4353aab9"
"orgrf","grf","or150","OR 1.5 n2000","Hc","mr","bound_q95",,1.1419019,,,,1000,"4353aab9"
"orgrf","grf","or150","OR 1.5 n2000","Hc","naive","share_upper_le_tau",0.7,0.08,0.00857904,0.064748,0.0984664,1000,"4353aab9"
"orgrf","grf","or150","OR 1.5 n2000","Hc","naive","share_upper_le_tau",0.8,0.446,0.0157189,0.415456,0.476957,1000,"4353aab9"
"orgrf","grf","or150","OR 1.5 n2000","Hc","naive","share_upper_le_tau",0.9,0.863,0.0108734,0.840295,0.882927,1000,"4353aab9"
"orgrf","grf","or150","OR 1.5 n2000","Hc","naive","share_upper_le_tau",1,0.983,0.00408791,0.972944,0.989359,1000,"4353aab9"
"orgrf","grf","or150","OR 1.5 n2000","Hc","naive","share_upper_le_tau",1.25,1,0,0.996173,1,1000,"4353aab9"
"orgrf","grf","or150","OR 1.5 n2000","Hc","naive","share_upper_le_tau",1.5,1,0,0.996173,1,1000,"4353aab9"
"orgrf","grf","or150","OR 1.5 n2000","Hc","naive","share_upper_le_tau",2,1,0,0.996173,1,1000,"4353aab9"
"orgrf","grf","or150","OR 1.5 n2000","Hc","naive","bound_mean",,0.81177042,0.00255081,,,1000,"4353aab9"
"orgrf","grf","or150","OR 1.5 n2000","Hc","naive","bound_q05",,0.68347186,,,,1000,"4353aab9"
"orgrf","grf","or150","OR 1.5 n2000","Hc","naive","bound_q25",,0.75674671,,,,1000,"4353aab9"
"orgrf","grf","or150","OR 1.5 n2000","Hc","naive","bound_q50",,0.81059501,,,,1000,"4353aab9"
"orgrf","grf","or150","OR 1.5 n2000","Hc","naive","bound_q75",,0.86344608,,,,1000,"4353aab9"
"orgrf","grf","or150","OR 1.5 n2000","Hc","naive","bound_q95",,0.95053592,,,,1000,"4353aab9"
"orgrf","grf","or150","OR 1.5 n2000","joint","bonf_s","joint_coverage",,0.949,0.00695694,0.933565,0.960999,1000,"4353aab9"
"orgrf","grf","or150","OR 1.5 n2000","joint","bonf_s","share_both_bounds",,1,0,0.996173,1,1000,"4353aab9"
"orgrf","grf","or150","OR 1.5 n2000","joint","bonf_s","cov_H",,0.98,0.00442719,0.96931,0.987016,1000,"4353aab9"
"orgrf","grf","or150","OR 1.5 n2000","joint","bonf_s","cov_Hc",,0.969,0.00548078,0.956335,0.978076,1000,"4353aab9"
"orgrf","grf","or150","OR 1.5 n2000","joint","bonf_s","margin_H_or",,0.77840719,0.0134195,,,1000,"4353aab9"
"orgrf","grf","or150","OR 1.5 n2000","joint","bonf_s","margin_Hc_or",,0.15471436,0.000519939,,,1000,"4353aab9"
"orgrf","grf","or150","OR 1.5 n2000","joint","bonf","joint_coverage",,0.949,0.00695694,0.933565,0.960999,1000,"4353aab9"
"orgrf","grf","or150","OR 1.5 n2000","joint","bonf","share_both_bounds",,1,0,0.996173,1,1000,"4353aab9"
"orgrf","grf","or150","OR 1.5 n2000","joint","bonf","cov_H",,0.98,0.00442719,0.96931,0.987016,1000,"4353aab9"
"orgrf","grf","or150","OR 1.5 n2000","joint","bonf","cov_Hc",,0.969,0.00548078,0.956335,0.978076,1000,"4353aab9"
"orgrf","grf","or150","OR 1.5 n2000","joint","bonf","margin_H_or",,0.77840719,0.0134195,,,1000,"4353aab9"
"orgrf","grf","or150","OR 1.5 n2000","joint","bonf","margin_Hc_or",,0.1534905,0.000543275,,,1000,"4353aab9"
"orgrf","grf","or150","OR 1.5 n2000","joint","separate_s","joint_coverage",,0.894,0.00973468,0.87339,0.911595,1000,"4353aab9"
"orgrf","grf","or150","OR 1.5 n2000","joint","separate_s","share_both_bounds",,1,0,0.996173,1,1000,"4353aab9"
"orgrf","grf","or150","OR 1.5 n2000","joint","separate_s","cov_H",,0.948,0.00702111,0.932444,0.960127,1000,"4353aab9"
"orgrf","grf","or150","OR 1.5 n2000","joint","separate_s","cov_Hc",,0.944,0.00727076,0.927977,0.956625,1000,"4353aab9"
"orgrf","grf","or150","OR 1.5 n2000","joint","separate_s","margin_H_or",,0.69648794,0.0119459,,,1000,"4353aab9"
"orgrf","grf","or150","OR 1.5 n2000","joint","separate_s","margin_Hc_or",,0.12930751,0.000437115,,,1000,"4353aab9"
"orgrf","grf","or150","OR 1.5 n2000","joint","calibrated","gamma_mean_s",,0.025151,1.16763e-05,,,1000,"4353aab9"
"orgrf","grf","or150","OR 1.5 n2000","joint","calibrated","corr_s",,0.074020229,0.00152591,,,1000,"4353aab9"
"orgrf","grf","or150","OR 1.5 n2000","joint","calibrated","gamma_mean",,0.025127,1.09996e-05,,,1000,"4353aab9"
"orgrf","grf","or150","OR 1.5 n2000","joint","calibrated","corr",,0.077239321,0.0015441,,,1000,"4353aab9"
"orgrf","grf","or150","OR 1.5 n2000","H","all","mean_size_hhat",,154.287,2.7811,,,1000,"4353aab9"
"orgrf","grf","or150","OR 1.5 n2000","H","all","mean_true_positives",,85.37,2.70467,,,1000,"4353aab9"
"orgrf","grf","or150","OR 1.5 n2000","H","all","sensitivity_mean",,0.28551825,0.00898128,,,1000,"4353aab9"
"orgrf","grf","or150","OR 1.5 n2000","H","all","ppv_mean",,0.4959977,0.0112418,,,1000,"4353aab9"
"orgrf","grf","or150","OR 1.5 n2000","H","all","spec_mean",,0.95953378,0.00110091,,,1000,"4353aab9"
"orgrf","grf","or150","OR 1.5 n2000","H","all","mean_n_family",,1367.144,1.17678,,,1000,"4353aab9"
"orgrf","grf","or150","OR 1.5 n2000","H","all","mean_admitted_n",,248.673,4.85467,,,1000,"4353aab9"
"orgrf","grf","or150","OR 1.5 n2000","H","all","mean_proposed_n",,,,,,0,"4353aab9"
"orgrf","grf","or150","OR 1.5 n2000","H","all","mean_n_cons_qual",,,,,,0,"4353aab9"
"orgrf","grf","or150","OR 1.5 n2000","H","all","mean_band_n",,,,,,0,"4353aab9"
"orgrf","grf","or150","OR 1.5 n2000","H","all","mean_n_true",,298.14,0.475326,,,1000,"4353aab9"
"orgrf","grf","or150","OR 1.5 n2000","H","all","p_hat_mean",,0.1896804,0.00454378,,,1000,"4353aab9"
"orgrf","grf","or150","OR 1.5 n2000","H","all","p_hat_share_lt_05",,0.966,0.00573097,0.952865,0.975569,1000,"4353aab9"
"orgrf","grf","or150","OR 1.5 n2000","Hc","mr","sd_btc_over_naive_se",,1.0541463,,,,1000,"4353aab9"
"orgrf","grf","or150","OR 1.5 n2000","Hc","fld","lamsd_over_naive_se",,0.98720445,,,,1000,"4353aab9"
"orgrf","grf","or150","OR 1.5 n2000","Hc","fld_s","lamsd_over_naive_se",,0.99803086,,,,1000,"4353aab9"
"orgrf","grf","or150","OR 1.5 n2000","all","all","secs_fit_mr_mean",,25.129743,0.0596992,,,1000,"4353aab9"
"orgrf","grf","or150","OR 1.5 n2000","all","all","secs_id_mean",,4.264686,0.0110613,,,1000,"4353aab9"
"orgrf","grf","or150","OR 1.5 n2000","all","all","secs_field_mean",,15.853239,0.0577061,,,1000,"4353aab9"
"orgrf","grf","or150","OR 1.5 n2000","all","all","secs_complement_mean",,0.920451,0.00594046,,,1000,"4353aab9"
"orgrf","grf","or150","OR 1.5 n2000","H","naive","display_b",,2.4811891,,,,1000,"4353aab9"
"orgrf","grf","or150","OR 1.5 n2000","H","naive","display_r",,1.2117158,,,,1000,"4353aab9"
"orgrf","grf","or150","OR 1.5 n2000","H","naive","display_cov1",,0.319,,,,1000,"4353aab9"
"orgrf","grf","or150","OR 1.5 n2000","H","naive","display_cov1_ref",,0.31274166,,,,1000,"4353aab9"
"orgrf","grf","or150","OR 1.5 n2000","H","naive","display_cov2",,0.448,,,,1000,"4353aab9"
"orgrf","grf","or150","OR 1.5 n2000","H","naive","display_cov2_ref",,0.45768359,,,,1000,"4353aab9"
"orgrf","grf","or150","OR 1.5 n2000","H","mr","display_b",,0.27206295,,,,1000,"4353aab9"
"orgrf","grf","or150","OR 1.5 n2000","H","mr","display_r",,1.1834867,,,,1000,"4353aab9"
"orgrf","grf","or150","OR 1.5 n2000","H","mr","display_cov1",,0.963,,,,1000,"4353aab9"
"orgrf","grf","or150","OR 1.5 n2000","H","mr","display_cov1_ref",,0.95299357,,,,1000,"4353aab9"
"orgrf","grf","or150","OR 1.5 n2000","H","mr","display_cov2",,0.947,,,,1000,"4353aab9"
"orgrf","grf","or150","OR 1.5 n2000","H","mr","display_cov2_ref",,0.97492109,,,,1000,"4353aab9"
"orgrf","grf","or150","OR 1.5 n2000","H","fld","display_b",,-0.040425073,,,,1000,"4353aab9"
"orgrf","grf","or150","OR 1.5 n2000","H","fld","display_r",,1.0323108,,,,1000,"4353aab9"
"orgrf","grf","or150","OR 1.5 n2000","H","fld","display_cov1",,0.948,,,,1000,"4353aab9"
"orgrf","grf","or150","OR 1.5 n2000","H","fld","display_cov1_ref",,0.95893204,,,,1000,"4353aab9"
"orgrf","grf","or150","OR 1.5 n2000","H","fld","display_cov2",,0.907,,,,1000,"4353aab9"
"orgrf","grf","or150","OR 1.5 n2000","H","fld","display_cov2_ref",,0.95678658,,,,1000,"4353aab9"
"orgrf","grf","or150","OR 1.5 n2000","Hc","naive","display_b",,-0.48572371,,,,1000,"4353aab9"
"orgrf","grf","or150","OR 1.5 n2000","Hc","naive","display_r",,0.93860732,,,,1000,"4353aab9"
"orgrf","grf","or150","OR 1.5 n2000","Hc","naive","display_cov1",,0.872,,,,1000,"4353aab9"
"orgrf","grf","or150","OR 1.5 n2000","Hc","naive","display_cov1_ref",,0.855006,,,,1000,"4353aab9"
"orgrf","grf","or150","OR 1.5 n2000","Hc","naive","display_cov2",,0.918,,,,1000,"4353aab9"
"orgrf","grf","or150","OR 1.5 n2000","Hc","naive","display_cov2_ref",,0.90209155,,,,1000,"4353aab9"
"orgrf","grf","or150","OR 1.5 n2000","Hc","mr","display_b",,-0.12455622,,,,1000,"4353aab9"
"orgrf","grf","or150","OR 1.5 n2000","Hc","mr","display_r",,1.8366502,,,,1000,"4353aab9"
"orgrf","grf","or150","OR 1.5 n2000","Hc","mr","display_cov1",,1,,,,1000,"4353aab9"
"orgrf","grf","or150","OR 1.5 n2000","Hc","mr","display_cov1_ref",,0.99811303,,,,1000,"4353aab9"
"orgrf","grf","or150","OR 1.5 n2000","Hc","mr","display_cov2",,1,,,,1000,"4353aab9"
"orgrf","grf","or150","OR 1.5 n2000","Hc","mr","display_cov2_ref",,0.99964686,,,,1000,"4353aab9"
"orgrf","grf","or150","OR 1.5 n2000","Hc","fld","display_b",,-0.035786842,,,,1000,"4353aab9"
"orgrf","grf","or150","OR 1.5 n2000","Hc","fld","display_r",,0.93400795,,,,1000,"4353aab9"
"orgrf","grf","or150","OR 1.5 n2000","Hc","fld","display_cov1",,0.943,,,,1000,"4353aab9"
"orgrf","grf","or150","OR 1.5 n2000","Hc","fld","display_cov1_ref",,0.93326006,,,,1000,"4353aab9"
"orgrf","grf","or150","OR 1.5 n2000","Hc","fld","display_cov2",,0.94,,,,1000,"4353aab9"
"orgrf","grf","or150","OR 1.5 n2000","Hc","fld","display_cov2_ref",,0.93266792,,,,1000,"4353aab9"
"orgrf","grf","or150","OR 1.5 n2000","Hc","fld_s","display_b",,-0.036367738,,,,1000,"4353aab9"
"orgrf","grf","or150","OR 1.5 n2000","Hc","fld_s","display_r",,0.9451178,,,,1000,"4353aab9"
"orgrf","grf","or150","OR 1.5 n2000","Hc","fld_s","display_cov1",,0.944,,,,1000,"4353aab9"
"orgrf","grf","or150","OR 1.5 n2000","Hc","fld_s","display_cov1_ref",,0.93551961,,,,1000,"4353aab9"
"orgrf","grf","or150","OR 1.5 n2000","Hc","fld_s","display_cov2",,0.942,,,,1000,"4353aab9"
"orgrf","grf","or150","OR 1.5 n2000","Hc","fld_s","display_cov2_ref",,0.93585536,,,,1000,"4353aab9"
"ordina","dina","or150","OR 1.5 n2000","H","all","declaration_rate",,0.987,0.00358204,0.977886,0.992387,1000,"50fdc6ec"
"ordina","dina","or150","OR 1.5 n2000","H","naive","n_nonconvergent_fits",,0,,,,987,"50fdc6ec"
"ordina","dina","or150","OR 1.5 n2000","H","naive","bias_or",,1.9355821,0.0511066,,,987,"50fdc6ec"
"ordina","dina","or150","OR 1.5 n2000","H","naive","bias_log",,1.0017203,0.015573,,,987,"50fdc6ec"
"ordina","dina","or150","OR 1.5 n2000","H","naive","bias_sd_units",,2.3754686,0.0369295,,,987,"50fdc6ec"
"ordina","dina","or150","OR 1.5 n2000","H","naive","sd_emp_or",,1.5992202,0.0360126,,,987,"50fdc6ec"
"ordina","dina","or150","OR 1.5 n2000","H","naive","sd_emp_log",,0.42169377,0.00949607,,,987,"50fdc6ec"
"ordina","dina","or150","OR 1.5 n2000","H","naive","se_mean",,0.46150766,0.00398226,,,987,"50fdc6ec"
"ordina","dina","or150","OR 1.5 n2000","H","naive","se_over_sd",,1.0944142,0.0263923,,,987,"50fdc6ec"
"ordina","dina","or150","OR 1.5 n2000","H","naive","cov1_lower",,0.27558257,0.014222,0.248618,0.304287,987,"50fdc6ec"
"ordina","dina","or150","OR 1.5 n2000","H","naive","cov2",,0.40222898,0.0156079,0.372074,0.433142,987,"50fdc6ec"
"ordina","dina","or150","OR 1.5 n2000","H","naive","halfwidth_or",,3.6004924,,,,987,"50fdc6ec"
"ordina","dina","or150","OR 1.5 n2000","H","naive","margin1_or",,1.6421841,,,,987,"50fdc6ec"
"ordina","dina","or150","OR 1.5 n2000","H","naive","cov2_theta_dagger",,0.8733536,0.010586,0.851148,0.892665,987,"50fdc6ec"
"ordina","dina","or150","OR 1.5 n2000","H","naive","cov1_lower_theta_dagger",,0.74366768,0.0138974,0.715521,0.769925,987,"50fdc6ec"
"ordina","dina","or150","OR 1.5 n2000","H","naive","cov2_theta_ddagger",,0.89159068,0.00989595,0.870655,0.90949,987,"50fdc6ec"
"ordina","dina","or150","OR 1.5 n2000","H","naive","cov1_lower_theta_ddagger",,0.76697062,0.0134566,0.739592,0.792279,987,"50fdc6ec"
"ordina","dina","or150","OR 1.5 n2000","H","oracle","n_nonconvergent_fits",,0,,,,987,"50fdc6ec"
"ordina","dina","or150","OR 1.5 n2000","H","oracle","bias_or",,0.060763711,0.0120408,,,987,"50fdc6ec"
"ordina","dina","or150","OR 1.5 n2000","H","oracle","bias_log",,0.011488572,0.00755041,,,987,"50fdc6ec"
"ordina","dina","or150","OR 1.5 n2000","H","oracle","bias_sd_units",,0.0484325,0.0318304,,,987,"50fdc6ec"
"ordina","dina","or150","OR 1.5 n2000","H","oracle","sd_emp_or",,0.37828044,0.00851845,,,987,"50fdc6ec"
"ordina","dina","or150","OR 1.5 n2000","H","oracle","sd_emp_log",,0.23720791,0.00534165,,,987,"50fdc6ec"
"ordina","dina","or150","OR 1.5 n2000","H","oracle","se_mean",,0.23779824,0.000222696,,,987,"50fdc6ec"
"ordina","dina","or150","OR 1.5 n2000","H","oracle","se_over_sd",,1.0024886,0.0225944,,,987,"50fdc6ec"
"ordina","dina","or150","OR 1.5 n2000","H","oracle","cov1_lower",,0.95542047,0.00656911,0.940684,0.966626,987,"50fdc6ec"
"ordina","dina","or150","OR 1.5 n2000","H","oracle","cov2",,0.94934144,0.00698038,0.933834,0.961365,987,"50fdc6ec"
"ordina","dina","or150","OR 1.5 n2000","H","oracle","halfwidth_or",,0.75559241,,,,987,"50fdc6ec"
"ordina","dina","or150","OR 1.5 n2000","H","oracle","margin1_or",,0.5059191,,,,987,"50fdc6ec"
"ordina","dina","or150","OR 1.5 n2000","H","mr","n_nonconvergent_fits",,0,,,,987,"50fdc6ec"
"ordina","dina","or150","OR 1.5 n2000","H","mr","bias_or",,0.48161347,0.0332657,,,987,"50fdc6ec"
"ordina","dina","or150","OR 1.5 n2000","H","mr","bias_log",,0.30662585,0.0159936,,,987,"50fdc6ec"
"ordina","dina","or150","OR 1.5 n2000","H","mr","bias_sd_units",,0.68512462,0.0357362,,,987,"50fdc6ec"
"ordina","dina","or150","OR 1.5 n2000","H","mr","sd_emp_or",,1.0305644,0.0232071,,,987,"50fdc6ec"
"ordina","dina","or150","OR 1.5 n2000","H","mr","sd_emp_log",,0.44754757,0.0100783,,,987,"50fdc6ec"
"ordina","dina","or150","OR 1.5 n2000","H","mr","se_mean",,0.57958354,0.00431046,,,987,"50fdc6ec"
"ordina","dina","or150","OR 1.5 n2000","H","mr","se_over_sd",,1.2950211,0.0307117,,,987,"50fdc6ec"
"ordina","dina","or150","OR 1.5 n2000","H","mr","cov1_lower",,0.93718338,0.00772309,0.920286,0.950691,987,"50fdc6ec"
"ordina","dina","or150","OR 1.5 n2000","H","mr","cov2",,0.96859169,0.0055518,0.955764,0.977786,987,"50fdc6ec"
"ordina","dina","or150","OR 1.5 n2000","H","mr","halfwidth_or",,2.5916122,,,,987,"50fdc6ec"
"ordina","dina","or150","OR 1.5 n2000","H","mr","margin1_or",,0.96234769,,,,987,"50fdc6ec"
"ordina","dina","or150","OR 1.5 n2000","H","mr","cov2_theta_dagger",,0.97163121,0.00528461,0.959305,0.980301,987,"50fdc6ec"
"ordina","dina","or150","OR 1.5 n2000","H","mr","cov1_lower_theta_dagger",,0.99189463,0.00285404,0.984088,0.995887,987,"50fdc6ec"
"ordina","dina","or150","OR 1.5 n2000","H","mr","cov2_theta_ddagger",,0.96757852,0.00563769,0.95459,0.976942,987,"50fdc6ec"
"ordina","dina","or150","OR 1.5 n2000","H","mr","cov1_lower_theta_ddagger",,0.9929078,0.00267108,0.985433,0.99656,987,"50fdc6ec"
"ordina","dina","or150","OR 1.5 n2000","H","fld","n_nonconvergent_fits",,0,,,,987,"50fdc6ec"
"ordina","dina","or150","OR 1.5 n2000","H","fld","bias_or",,0.30639037,0.0322718,,,987,"50fdc6ec"
"ordina","dina","or150","OR 1.5 n2000","H","fld","bias_log",,0.17162946,0.0163316,,,987,"50fdc6ec"
"ordina","dina","or150","OR 1.5 n2000","H","fld","bias_sd_units",,0.36951642,0.0351619,,,987,"50fdc6ec"
"ordina","dina","or150","OR 1.5 n2000","H","fld","sd_emp_or",,1.0008468,0.0225379,,,987,"50fdc6ec"
"ordina","dina","or150","OR 1.5 n2000","H","fld","sd_emp_log",,0.46447046,0.0104593,,,987,"50fdc6ec"
"ordina","dina","or150","OR 1.5 n2000","H","fld","se_mean",,0.45547531,0.00148119,,,987,"50fdc6ec"
"ordina","dina","or150","OR 1.5 n2000","H","fld","se_over_sd",,0.98063354,0.0223118,,,987,"50fdc6ec"
"ordina","dina","or150","OR 1.5 n2000","H","fld","cov1_lower",,0.90273556,0.00943189,0.882658,0.91969,987,"50fdc6ec"
"ordina","dina","or150","OR 1.5 n2000","H","fld","cov2",,0.93819656,0.00766469,0.921408,0.951587,987,"50fdc6ec"
"ordina","dina","or150","OR 1.5 n2000","H","fld","halfwidth_or",,1.3044917,,,,987,"50fdc6ec"
"ordina","dina","or150","OR 1.5 n2000","H","fld","margin1_or",,0.93343523,,,,987,"50fdc6ec"
"ordina","dina","or150","OR 1.5 n2000","H","fld","cov2_theta_dagger",,0.86423506,0.0109031,0.841448,0.884198,987,"50fdc6ec"
"ordina","dina","or150","OR 1.5 n2000","H","fld","cov1_lower_theta_dagger",,0.98277609,0.00414128,0.97259,0.989219,987,"50fdc6ec"
"ordina","dina","or150","OR 1.5 n2000","H","fld","cov2_theta_ddagger",,0.84802432,0.011427,0.824281,0.869069,987,"50fdc6ec"
"ordina","dina","or150","OR 1.5 n2000","H","fld","cov1_lower_theta_ddagger",,0.98378926,0.0040197,0.97383,0.989997,987,"50fdc6ec"
"ordina","dina","or150","OR 1.5 n2000","H","fld","share_lower_ge_tau",0.7,0.21681864,0.0131166,0.192235,0.243598,987,"50fdc6ec"
"ordina","dina","or150","OR 1.5 n2000","H","fld","share_lower_ge_tau",0.8,0.13880446,0.0110051,0.118632,0.161778,987,"50fdc6ec"
"ordina","dina","or150","OR 1.5 n2000","H","fld","share_lower_ge_tau",0.9,0.09929078,0.00951893,0.0821591,0.11953,987,"50fdc6ec"
"ordina","dina","or150","OR 1.5 n2000","H","fld","share_lower_ge_tau",1,0.069908815,0.00811653,0.0556117,0.0875408,987,"50fdc6ec"
"ordina","dina","or150","OR 1.5 n2000","H","fld","share_lower_ge_tau",1.25,0.03343465,0.0057221,0.0239049,0.0465821,987,"50fdc6ec"
"ordina","dina","or150","OR 1.5 n2000","H","fld","share_lower_ge_tau",1.5,0.017223911,0.00414128,0.0107812,0.02741,987,"50fdc6ec"
"ordina","dina","or150","OR 1.5 n2000","H","fld","share_lower_ge_tau",2,0.009118541,0.00302562,0.00480461,0.0172387,987,"50fdc6ec"
"ordina","dina","or150","OR 1.5 n2000","H","fld","bound_mean",,0.58075089,0.0105568,,,987,"50fdc6ec"
"ordina","dina","or150","OR 1.5 n2000","H","fld","bound_q05",,0.28805233,,,,987,"50fdc6ec"
"ordina","dina","or150","OR 1.5 n2000","H","fld","bound_q25",,0.39257256,,,,987,"50fdc6ec"
"ordina","dina","or150","OR 1.5 n2000","H","fld","bound_q50",,0.5047382,,,,987,"50fdc6ec"
"ordina","dina","or150","OR 1.5 n2000","H","fld","bound_q75",,0.67493787,,,,987,"50fdc6ec"
"ordina","dina","or150","OR 1.5 n2000","H","fld","bound_q95",,1.0947012,,,,987,"50fdc6ec"
"ordina","dina","or150","OR 1.5 n2000","H","oracle","share_lower_ge_tau",0.7,0.95238095,0.00677856,0.937252,0.964003,987,"50fdc6ec"
"ordina","dina","or150","OR 1.5 n2000","H","oracle","share_lower_ge_tau",0.8,0.86524823,0.0108687,0.842524,0.88514,987,"50fdc6ec"
"ordina","dina","or150","OR 1.5 n2000","H","oracle","share_lower_ge_tau",0.9,0.70719352,0.0144844,0.678045,0.734735,987,"50fdc6ec"
"ordina","dina","or150","OR 1.5 n2000","H","oracle","share_lower_ge_tau",1,0.55116515,0.0158316,0.519997,0.581937,987,"50fdc6ec"
"ordina","dina","or150","OR 1.5 n2000","H","oracle","share_lower_ge_tau",1.25,0.20263425,0.0127946,0.178732,0.228842,987,"50fdc6ec"
"ordina","dina","or150","OR 1.5 n2000","H","oracle","share_lower_ge_tau",1.5,0.044579534,0.00656911,0.0333742,0.0593162,987,"50fdc6ec"
"ordina","dina","or150","OR 1.5 n2000","H","oracle","share_lower_ge_tau",2,0.0020263425,0.00143139,0.000555872,0.00735807,987,"50fdc6ec"
"ordina","dina","or150","OR 1.5 n2000","H","oracle","bound_mean",,1.0548446,0.00802463,,,987,"50fdc6ec"
"ordina","dina","or150","OR 1.5 n2000","H","oracle","bound_q05",,0.70714254,,,,987,"50fdc6ec"
"ordina","dina","or150","OR 1.5 n2000","H","oracle","bound_q25",,0.8768998,,,,987,"50fdc6ec"
"ordina","dina","or150","OR 1.5 n2000","H","oracle","bound_q50",,1.0283635,,,,987,"50fdc6ec"
"ordina","dina","or150","OR 1.5 n2000","H","oracle","bound_q75",,1.1963588,,,,987,"50fdc6ec"
"ordina","dina","or150","OR 1.5 n2000","H","oracle","bound_q95",,1.4813887,,,,987,"50fdc6ec"
"ordina","dina","or150","OR 1.5 n2000","H","mr","share_lower_ge_tau",0.7,0.17730496,0.0121569,0.154742,0.20237,987,"50fdc6ec"
"ordina","dina","or150","OR 1.5 n2000","H","mr","share_lower_ge_tau",0.8,0.10131712,0.00960475,0.0840109,0.121715,987,"50fdc6ec"
"ordina","dina","or150","OR 1.5 n2000","H","mr","share_lower_ge_tau",0.9,0.05775076,0.00742511,0.0448398,0.0740909,987,"50fdc6ec"
"ordina","dina","or150","OR 1.5 n2000","H","mr","share_lower_ge_tau",1,0.032421479,0.00563769,0.023058,0.0454105,987,"50fdc6ec"
"ordina","dina","or150","OR 1.5 n2000","H","mr","share_lower_ge_tau",1.25,0.018237082,0.00425914,0.0115665,0.0286432,987,"50fdc6ec"
"ordina","dina","or150","OR 1.5 n2000","H","mr","share_lower_ge_tau",1.5,0.0081053698,0.00285404,0.00411273,0.0159121,987,"50fdc6ec"
"ordina","dina","or150","OR 1.5 n2000","H","mr","share_lower_ge_tau",2,0.0010131712,0.00101266,0.000178872,0.00571658,987,"50fdc6ec"
"ordina","dina","or150","OR 1.5 n2000","H","mr","bound_mean",,0.55183844,0.00703018,,,987,"50fdc6ec"
"ordina","dina","or150","OR 1.5 n2000","H","mr","bound_q05",,0.31562165,,,,987,"50fdc6ec"
"ordina","dina","or150","OR 1.5 n2000","H","mr","bound_q25",,0.41044342,,,,987,"50fdc6ec"
"ordina","dina","or150","OR 1.5 n2000","H","mr","bound_q50",,0.50091393,,,,987,"50fdc6ec"
"ordina","dina","or150","OR 1.5 n2000","H","mr","bound_q75",,0.63363791,,,,987,"50fdc6ec"
"ordina","dina","or150","OR 1.5 n2000","H","mr","bound_q95",,0.9308834,,,,987,"50fdc6ec"
"ordina","dina","or150","OR 1.5 n2000","H","naive","share_lower_ge_tau",0.7,0.96960486,0.00546438,0.956941,0.978627,987,"50fdc6ec"
"ordina","dina","or150","OR 1.5 n2000","H","naive","share_lower_ge_tau",0.8,0.93414387,0.0078949,0.916926,0.947996,987,"50fdc6ec"
"ordina","dina","or150","OR 1.5 n2000","H","naive","share_lower_ge_tau",0.9,0.87537994,0.0105132,0.853308,0.894541,987,"50fdc6ec"
"ordina","dina","or150","OR 1.5 n2000","H","naive","share_lower_ge_tau",1,0.7993921,0.0127466,0.77327,0.823193,987,"50fdc6ec"
"ordina","dina","or150","OR 1.5 n2000","H","naive","share_lower_ge_tau",1.25,0.50050659,0.0159152,0.469372,0.531637,987,"50fdc6ec"
"ordina","dina","or150","OR 1.5 n2000","H","naive","share_lower_ge_tau",1.5,0.25633232,0.0138974,0.230075,0.284479,987,"50fdc6ec"
"ordina","dina","or150","OR 1.5 n2000","H","naive","share_lower_ge_tau",2,0.060790274,0.00760571,0.047518,0.0774682,987,"50fdc6ec"
"ordina","dina","or150","OR 1.5 n2000","H","naive","bound_mean",,1.3259706,0.014696,,,987,"50fdc6ec"
"ordina","dina","or150","OR 1.5 n2000","H","naive","bound_q05",,0.74763402,,,,987,"50fdc6ec"
"ordina","dina","or150","OR 1.5 n2000","H","naive","bound_q25",,1.0447951,,,,987,"50fdc6ec"
"ordina","dina","or150","OR 1.5 n2000","H","naive","bound_q50",,1.25052,,,,987,"50fdc6ec"
"ordina","dina","or150","OR 1.5 n2000","H","naive","bound_q75",,1.5168914,,,,987,"50fdc6ec"
"ordina","dina","or150","OR 1.5 n2000","H","naive","bound_q95",,2.0807466,,,,987,"50fdc6ec"
"ordina","dina","or150","OR 1.5 n2000","Hc","naive","n_nonconvergent_fits",,0,,,,987,"50fdc6ec"
"ordina","dina","or150","OR 1.5 n2000","Hc","naive","bias_or",,-0.028109477,0.00206989,,,987,"50fdc6ec"
"ordina","dina","or150","OR 1.5 n2000","Hc","naive","bias_log",,-0.043333991,0.00292808,,,987,"50fdc6ec"
"ordina","dina","or150","OR 1.5 n2000","Hc","naive","bias_sd_units",,-0.45389956,0.03067,,,987,"50fdc6ec"
"ordina","dina","or150","OR 1.5 n2000","Hc","naive","sd_emp_or",,0.067382024,0.00151737,,,987,"50fdc6ec"
"ordina","dina","or150","OR 1.5 n2000","Hc","naive","sd_emp_log",,0.095470441,0.00214989,,,987,"50fdc6ec"
"ordina","dina","or150","OR 1.5 n2000","Hc","naive","se_mean",,0.094541323,5.93769e-05,,,987,"50fdc6ec"
"ordina","dina","or150","OR 1.5 n2000","Hc","naive","se_over_sd",,0.990268,0.0223084,,,987,"50fdc6ec"
"ordina","dina","or150","OR 1.5 n2000","Hc","naive","cov1_upper",,0.88753799,0.0100563,0.866307,0.905765,987,"50fdc6ec"
"ordina","dina","or150","OR 1.5 n2000","Hc","naive","cov2",,0.9331307,0.00795108,0.915807,0.947095,987,"50fdc6ec"
"ordina","dina","or150","OR 1.5 n2000","Hc","naive","halfwidth_or",,0.13112812,,,,987,"50fdc6ec"
"ordina","dina","or150","OR 1.5 n2000","Hc","naive","margin1_or",,0.11838161,,,,987,"50fdc6ec"
"ordina","dina","or150","OR 1.5 n2000","Hc","oracle","n_nonconvergent_fits",,0,,,,987,"50fdc6ec"
"ordina","dina","or150","OR 1.5 n2000","Hc","oracle","bias_or",,0.002587745,0.00209317,,,987,"50fdc6ec"
"ordina","dina","or150","OR 1.5 n2000","Hc","oracle","bias_log",,-0.0010046252,0.0031638,,,987,"50fdc6ec"
"ordina","dina","or150","OR 1.5 n2000","Hc","oracle","bias_sd_units",,-0.010107328,0.0318304,,,987,"50fdc6ec"
"ordina","dina","or150","OR 1.5 n2000","Hc","oracle","sd_emp_or",,0.065760282,0.00148085,,,987,"50fdc6ec"
"ordina","dina","or150","OR 1.5 n2000","Hc","oracle","sd_emp_log",,0.099395721,0.00223828,,,987,"50fdc6ec"
"ordina","dina","or150","OR 1.5 n2000","Hc","oracle","se_mean",,0.10057282,2.60934e-05,,,987,"50fdc6ec"
"ordina","dina","or150","OR 1.5 n2000","Hc","oracle","se_over_sd",,1.0118425,0.0227871,,,987,"50fdc6ec"
"ordina","dina","or150","OR 1.5 n2000","Hc","oracle","cov1_upper",,0.95339412,0.00670962,0.938394,0.964879,987,"50fdc6ec"
"ordina","dina","or150","OR 1.5 n2000","Hc","oracle","cov2",,0.9473151,0.00711102,0.931563,0.959599,987,"50fdc6ec"
"ordina","dina","or150","OR 1.5 n2000","Hc","oracle","halfwidth_or",,0.13070376,,,,987,"50fdc6ec"
"ordina","dina","or150","OR 1.5 n2000","Hc","oracle","margin1_or",,0.1185136,,,,987,"50fdc6ec"
"ordina","dina","or150","OR 1.5 n2000","Hc","mr","n_nonconvergent_fits",,0,,,,987,"50fdc6ec"
"ordina","dina","or150","OR 1.5 n2000","Hc","mr","bias_or",,-0.0075770688,0.00215925,,,987,"50fdc6ec"
"ordina","dina","or150","OR 1.5 n2000","Hc","mr","bias_log",,-0.014683585,0.00296892,,,987,"50fdc6ec"
"ordina","dina","or150","OR 1.5 n2000","Hc","mr","bias_sd_units",,-0.15232314,0.0307987,,,987,"50fdc6ec"
"ordina","dina","or150","OR 1.5 n2000","Hc","mr","sd_emp_or",,0.070035031,0.00157711,,,987,"50fdc6ec"
"ordina","dina","or150","OR 1.5 n2000","Hc","mr","sd_emp_log",,0.096397605,0.00217076,,,987,"50fdc6ec"
"ordina","dina","or150","OR 1.5 n2000","Hc","mr","se_mean",,0.18504032,0.00013375,,,987,"50fdc6ec"
"ordina","dina","or150","OR 1.5 n2000","Hc","mr","se_over_sd",,1.9195531,0.0432484,,,987,"50fdc6ec"
"ordina","dina","or150","OR 1.5 n2000","Hc","mr","cov1_upper",,1,0,0.996123,1,987,"50fdc6ec"
"ordina","dina","or150","OR 1.5 n2000","Hc","mr","cov2",,1,0,0.996123,1,987,"50fdc6ec"
"ordina","dina","or150","OR 1.5 n2000","Hc","mr","halfwidth_or",,0.26851338,,,,987,"50fdc6ec"
"ordina","dina","or150","OR 1.5 n2000","Hc","mr","margin1_or",,0.25771058,,,,987,"50fdc6ec"
"ordina","dina","or150","OR 1.5 n2000","Hc","fld","n_nonconvergent_fits",,0,,,,987,"50fdc6ec"
"ordina","dina","or150","OR 1.5 n2000","Hc","fld","bias_or",,-0.0029393792,0.00218568,,,987,"50fdc6ec"
"ordina","dina","or150","OR 1.5 n2000","Hc","fld","bias_log",,-0.0083535885,0.00298724,,,987,"50fdc6ec"
"ordina","dina","or150","OR 1.5 n2000","Hc","fld","bias_sd_units",,-0.086198663,0.0308246,,,987,"50fdc6ec"
"ordina","dina","or150","OR 1.5 n2000","Hc","fld","sd_emp_or",,0.070844217,0.00159533,,,987,"50fdc6ec"
"ordina","dina","or150","OR 1.5 n2000","Hc","fld","sd_emp_log",,0.096910882,0.00218232,,,987,"50fdc6ec"
"ordina","dina","or150","OR 1.5 n2000","Hc","fld","se_mean",,0.093853382,7.30493e-05,,,987,"50fdc6ec"
"ordina","dina","or150","OR 1.5 n2000","Hc","fld","se_over_sd",,0.96845039,0.0218214,,,987,"50fdc6ec"
"ordina","dina","or150","OR 1.5 n2000","Hc","fld","cov1_upper",,0.93617021,0.00778091,0.919165,0.949794,987,"50fdc6ec"
"ordina","dina","or150","OR 1.5 n2000","Hc","fld","cov2",,0.94528875,0.00723872,0.929297,0.957827,987,"50fdc6ec"
"ordina","dina","or150","OR 1.5 n2000","Hc","fld","halfwidth_or",,0.13416231,,,,987,"50fdc6ec"
"ordina","dina","or150","OR 1.5 n2000","Hc","fld","margin1_or",,0.12586552,,,,987,"50fdc6ec"
"ordina","dina","or150","OR 1.5 n2000","Hc","fld_s","n_nonconvergent_fits",,0,,,,987,"50fdc6ec"
"ordina","dina","or150","OR 1.5 n2000","Hc","fld_s","bias_or",,-0.0029512117,0.00218541,,,987,"50fdc6ec"
"ordina","dina","or150","OR 1.5 n2000","Hc","fld_s","bias_log",,-0.0083670784,0.00298698,,,987,"50fdc6ec"
"ordina","dina","or150","OR 1.5 n2000","Hc","fld_s","bias_sd_units",,-0.086362781,0.0308309,,,987,"50fdc6ec"
"ordina","dina","or150","OR 1.5 n2000","Hc","fld_s","sd_emp_or",,0.070822033,0.00159483,,,987,"50fdc6ec"
"ordina","dina","or150","OR 1.5 n2000","Hc","fld_s","sd_emp_log",,0.096882921,0.00218169,,,987,"50fdc6ec"
"ordina","dina","or150","OR 1.5 n2000","Hc","fld_s","se_mean",,0.094347637,9.06927e-05,,,987,"50fdc6ec"
"ordina","dina","or150","OR 1.5 n2000","Hc","fld_s","se_over_sd",,0.97383147,0.0219496,,,987,"50fdc6ec"
"ordina","dina","or150","OR 1.5 n2000","Hc","fld_s","cov1_upper",,0.93920973,0.00760571,0.922532,0.952482,987,"50fdc6ec"
"ordina","dina","or150","OR 1.5 n2000","Hc","fld_s","cov2",,0.94528875,0.00723872,0.929297,0.957827,987,"50fdc6ec"
"ordina","dina","or150","OR 1.5 n2000","Hc","fld_s","halfwidth_or",,0.13478443,,,,987,"50fdc6ec"
"ordina","dina","or150","OR 1.5 n2000","Hc","fld_s","margin1_or",,0.12646294,,,,987,"50fdc6ec"
"ordina","dina","or150","OR 1.5 n2000","Hc","fld_s","share_upper_le_tau",0.7,0.028368794,0.00528461,0.0196993,0.0406953,987,"50fdc6ec"
"ordina","dina","or150","OR 1.5 n2000","Hc","fld_s","share_upper_le_tau",0.8,0.26950355,0.0141232,0.242755,0.298039,987,"50fdc6ec"
"ordina","dina","or150","OR 1.5 n2000","Hc","fld_s","share_upper_le_tau",0.9,0.74569402,0.0138612,0.71761,0.771873,987,"50fdc6ec"
"ordina","dina","or150","OR 1.5 n2000","Hc","fld_s","share_upper_le_tau",1,0.95643364,0.00649747,0.941831,0.967497,987,"50fdc6ec"
"ordina","dina","or150","OR 1.5 n2000","Hc","fld_s","share_upper_le_tau",1.25,1,0,0.996123,1,987,"50fdc6ec"
"ordina","dina","or150","OR 1.5 n2000","Hc","fld_s","share_upper_le_tau",1.5,1,0,0.996123,1,987,"50fdc6ec"
"ordina","dina","or150","OR 1.5 n2000","Hc","fld_s","share_upper_le_tau",2,1,0,0.996123,1,987,"50fdc6ec"
"ordina","dina","or150","OR 1.5 n2000","Hc","fld_s","bound_mean",,0.85120348,0.00260326,,,987,"50fdc6ec"
"ordina","dina","or150","OR 1.5 n2000","Hc","fld_s","bound_q05",,0.72345059,,,,987,"50fdc6ec"
"ordina","dina","or150","OR 1.5 n2000","Hc","fld_s","bound_q25",,0.79516168,,,,987,"50fdc6ec"
"ordina","dina","or150","OR 1.5 n2000","Hc","fld_s","bound_q50",,0.84707972,,,,987,"50fdc6ec"
"ordina","dina","or150","OR 1.5 n2000","Hc","fld_s","bound_q75",,0.90181256,,,,987,"50fdc6ec"
"ordina","dina","or150","OR 1.5 n2000","Hc","fld_s","bound_q95",,0.9910234,,,,987,"50fdc6ec"
"ordina","dina","or150","OR 1.5 n2000","Hc","oracle","share_upper_le_tau",0.7,0.14184397,0.0111053,0.121464,0.165001,987,"50fdc6ec"
"ordina","dina","or150","OR 1.5 n2000","Hc","oracle","share_upper_le_tau",0.8,0.63323202,0.0153398,0.602704,0.662727,987,"50fdc6ec"
"ordina","dina","or150","OR 1.5 n2000","Hc","oracle","share_upper_le_tau",0.9,0.93819656,0.00766469,0.921408,0.951587,987,"50fdc6ec"
"ordina","dina","or150","OR 1.5 n2000","Hc","oracle","share_upper_le_tau",1,0.99392097,0.0024742,0.986801,0.997211,987,"50fdc6ec"
"ordina","dina","or150","OR 1.5 n2000","Hc","oracle","share_upper_le_tau",1.25,1,0,0.996123,1,987,"50fdc6ec"
"ordina","dina","or150","OR 1.5 n2000","Hc","oracle","share_upper_le_tau",1.5,1,0,0.996123,1,987,"50fdc6ec"
"ordina","dina","or150","OR 1.5 n2000","Hc","oracle","share_upper_le_tau",2,1,0,0.996123,1,987,"50fdc6ec"
"ordina","dina","or150","OR 1.5 n2000","Hc","oracle","bound_mean",,0.77750909,0.00245752,,,987,"50fdc6ec"
"ordina","dina","or150","OR 1.5 n2000","Hc","oracle","bound_q05",,0.66010294,,,,987,"50fdc6ec"
"ordina","dina","or150","OR 1.5 n2000","Hc","oracle","bound_q25",,0.72684894,,,,987,"50fdc6ec"
"ordina","dina","or150","OR 1.5 n2000","Hc","oracle","bound_q50",,0.7731934,,,,987,"50fdc6ec"
"ordina","dina","or150","OR 1.5 n2000","Hc","oracle","bound_q75",,0.82307557,,,,987,"50fdc6ec"
"ordina","dina","or150","OR 1.5 n2000","Hc","oracle","bound_q95",,0.91401278,,,,987,"50fdc6ec"
"ordina","dina","or150","OR 1.5 n2000","Hc","fld","share_upper_le_tau",0.7,0.028368794,0.00528461,0.0196993,0.0406953,987,"50fdc6ec"
"ordina","dina","or150","OR 1.5 n2000","Hc","fld","share_upper_le_tau",0.8,0.27558257,0.014222,0.248618,0.304287,987,"50fdc6ec"
"ordina","dina","or150","OR 1.5 n2000","Hc","fld","share_upper_le_tau",0.9,0.74468085,0.0138793,0.716565,0.770899,987,"50fdc6ec"
"ordina","dina","or150","OR 1.5 n2000","Hc","fld","share_upper_le_tau",1,0.95744681,0.00642488,0.942981,0.968366,987,"50fdc6ec"
"ordina","dina","or150","OR 1.5 n2000","Hc","fld","share_upper_le_tau",1.25,1,0,0.996123,1,987,"50fdc6ec"
"ordina","dina","or150","OR 1.5 n2000","Hc","fld","share_upper_le_tau",1.5,1,0,0.996123,1,987,"50fdc6ec"
"ordina","dina","or150","OR 1.5 n2000","Hc","fld","share_upper_le_tau",2,1,0,0.996123,1,987,"50fdc6ec"
"ordina","dina","or150","OR 1.5 n2000","Hc","fld","bound_mean",,0.85060606,0.00262159,,,987,"50fdc6ec"
"ordina","dina","or150","OR 1.5 n2000","Hc","fld","bound_q05",,0.72232633,,,,987,"50fdc6ec"
"ordina","dina","or150","OR 1.5 n2000","Hc","fld","bound_q25",,0.79471769,,,,987,"50fdc6ec"
"ordina","dina","or150","OR 1.5 n2000","Hc","fld","bound_q50",,0.84697008,,,,987,"50fdc6ec"
"ordina","dina","or150","OR 1.5 n2000","Hc","fld","bound_q75",,0.90108355,,,,987,"50fdc6ec"
"ordina","dina","or150","OR 1.5 n2000","Hc","fld","bound_q95",,0.99116915,,,,987,"50fdc6ec"
"ordina","dina","or150","OR 1.5 n2000","Hc","mr","share_upper_le_tau",0.7,0,0,2.1684e-19,0.00387697,987,"50fdc6ec"
"ordina","dina","or150","OR 1.5 n2000","Hc","mr","share_upper_le_tau",0.8,0.024316109,0.00490279,0.016394,0.0359267,987,"50fdc6ec"
"ordina","dina","or150","OR 1.5 n2000","Hc","mr","share_upper_le_tau",0.9,0.18439716,0.0123441,0.161443,0.209799,987,"50fdc6ec"
"ordina","dina","or150","OR 1.5 n2000","Hc","mr","share_upper_le_tau",1,0.59979737,0.0155949,0.568902,0.629919,987,"50fdc6ec"
"ordina","dina","or150","OR 1.5 n2000","Hc","mr","share_upper_le_tau",1.25,0.99493414,0.00225977,0.988196,0.997834,987,"50fdc6ec"
"ordina","dina","or150","OR 1.5 n2000","Hc","mr","share_upper_le_tau",1.5,1,0,0.996123,1,987,"50fdc6ec"
"ordina","dina","or150","OR 1.5 n2000","Hc","mr","share_upper_le_tau",2,1,0,0.996123,1,987,"50fdc6ec"
"ordina","dina","or150","OR 1.5 n2000","Hc","mr","bound_mean",,0.98245112,0.00298224,,,987,"50fdc6ec"
"ordina","dina","or150","OR 1.5 n2000","Hc","mr","bound_q05",,0.83767766,,,,987,"50fdc6ec"
"ordina","dina","or150","OR 1.5 n2000","Hc","mr","bound_q25",,0.91816862,,,,987,"50fdc6ec"
"ordina","dina","or150","OR 1.5 n2000","Hc","mr","bound_q50",,0.97874857,,,,987,"50fdc6ec"
"ordina","dina","or150","OR 1.5 n2000","Hc","mr","bound_q75",,1.0404651,,,,987,"50fdc6ec"
"ordina","dina","or150","OR 1.5 n2000","Hc","mr","bound_q95",,1.147987,,,,987,"50fdc6ec"
"ordina","dina","or150","OR 1.5 n2000","Hc","naive","share_upper_le_tau",0.7,0.050658561,0.00698038,0.0386352,0.0661661,987,"50fdc6ec"
"ordina","dina","or150","OR 1.5 n2000","Hc","naive","share_upper_le_tau",0.8,0.39614995,0.0155681,0.366096,0.427009,987,"50fdc6ec"
"ordina","dina","or150","OR 1.5 n2000","Hc","naive","share_upper_le_tau",0.9,0.84194529,0.0116115,0.817867,0.863372,987,"50fdc6ec"
"ordina","dina","or150","OR 1.5 n2000","Hc","naive","share_upper_le_tau",1,0.97771023,0.00469893,0.966482,0.985235,987,"50fdc6ec"
"ordina","dina","or150","OR 1.5 n2000","Hc","naive","share_upper_le_tau",1.25,1,0,0.996123,1,987,"50fdc6ec"
"ordina","dina","or150","OR 1.5 n2000","Hc","naive","share_upper_le_tau",1.5,1,0,0.996123,1,987,"50fdc6ec"
"ordina","dina","or150","OR 1.5 n2000","Hc","naive","share_upper_le_tau",2,1,0,0.996123,1,987,"50fdc6ec"
"ordina","dina","or150","OR 1.5 n2000","Hc","naive","bound_mean",,0.82258974,0.00247226,,,987,"50fdc6ec"
"ordina","dina","or150","OR 1.5 n2000","Hc","naive","bound_q05",,0.69993577,,,,987,"50fdc6ec"
"ordina","dina","or150","OR 1.5 n2000","Hc","naive","bound_q25",,0.76995701,,,,987,"50fdc6ec"
"ordina","dina","or150","OR 1.5 n2000","Hc","naive","bound_q50",,0.81917041,,,,987,"50fdc6ec"
"ordina","dina","or150","OR 1.5 n2000","Hc","naive","bound_q75",,0.8703854,,,,987,"50fdc6ec"
"ordina","dina","or150","OR 1.5 n2000","Hc","naive","bound_q95",,0.96079167,,,,987,"50fdc6ec"
"ordina","dina","or150","OR 1.5 n2000","joint","bonf_s","joint_coverage",,0.92299899,0.00848575,0.904679,0.938039,987,"50fdc6ec"
"ordina","dina","or150","OR 1.5 n2000","joint","bonf_s","share_both_bounds",,1,0,0.996123,1,987,"50fdc6ec"
"ordina","dina","or150","OR 1.5 n2000","joint","bonf_s","cov_H",,0.95339412,0.00670962,0.938394,0.964879,987,"50fdc6ec"
"ordina","dina","or150","OR 1.5 n2000","joint","bonf_s","cov_Hc",,0.96859169,0.0055518,0.955764,0.977786,987,"50fdc6ec"
"ordina","dina","or150","OR 1.5 n2000","joint","bonf_s","margin_H_or",,1.0344651,0.0248607,,,987,"50fdc6ec"
"ordina","dina","or150","OR 1.5 n2000","joint","bonf_s","margin_Hc_or",,0.15168622,0.000522577,,,987,"50fdc6ec"
"ordina","dina","or150","OR 1.5 n2000","joint","bonf","joint_coverage",,0.92198582,0.00853671,0.903571,0.937129,987,"50fdc6ec"
"ordina","dina","or150","OR 1.5 n2000","joint","bonf","share_both_bounds",,1,0,0.996123,1,987,"50fdc6ec"
"ordina","dina","or150","OR 1.5 n2000","joint","bonf","cov_H",,0.95339412,0.00670962,0.938394,0.964879,987,"50fdc6ec"
"ordina","dina","or150","OR 1.5 n2000","joint","bonf","cov_Hc",,0.96757852,0.00563769,0.95459,0.976942,987,"50fdc6ec"
"ordina","dina","or150","OR 1.5 n2000","joint","bonf","margin_H_or",,1.0344651,0.0248607,,,987,"50fdc6ec"
"ordina","dina","or150","OR 1.5 n2000","joint","bonf","margin_Hc_or",,0.15102573,0.00053396,,,987,"50fdc6ec"
"ordina","dina","or150","OR 1.5 n2000","joint","separate_s","joint_coverage",,0.84701114,0.0114582,0.823211,0.86812,987,"50fdc6ec"
"ordina","dina","or150","OR 1.5 n2000","joint","separate_s","share_both_bounds",,1,0,0.996123,1,987,"50fdc6ec"
"ordina","dina","or150","OR 1.5 n2000","joint","separate_s","cov_H",,0.90273556,0.00943189,0.882658,0.91969,987,"50fdc6ec"
"ordina","dina","or150","OR 1.5 n2000","joint","separate_s","cov_Hc",,0.93920973,0.00760571,0.922532,0.952482,987,"50fdc6ec"
"ordina","dina","or150","OR 1.5 n2000","joint","separate_s","margin_H_or",,0.93343523,0.0227241,,,987,"50fdc6ec"
"ordina","dina","or150","OR 1.5 n2000","joint","separate_s","margin_Hc_or",,0.12646294,0.000430238,,,987,"50fdc6ec"
"ordina","dina","or150","OR 1.5 n2000","joint","calibrated","gamma_mean_s",,0.025139818,1.11369e-05,,,987,"50fdc6ec"
"ordina","dina","or150","OR 1.5 n2000","joint","calibrated","corr_s",,0.04905731,0.00134704,,,987,"50fdc6ec"
"ordina","dina","or150","OR 1.5 n2000","joint","calibrated","gamma_mean",,0.02512766,1.07238e-05,,,987,"50fdc6ec"
"ordina","dina","or150","OR 1.5 n2000","joint","calibrated","corr",,0.050300738,0.00135413,,,987,"50fdc6ec"
"ordina","dina","or150","OR 1.5 n2000","H","all","mean_size_hhat",,115.08916,1.84643,,,987,"50fdc6ec"
"ordina","dina","or150","OR 1.5 n2000","H","all","mean_true_positives",,61.797366,1.87296,,,987,"50fdc6ec"
"ordina","dina","or150","OR 1.5 n2000","H","all","sensitivity_mean",,0.20732294,0.00627636,,,987,"50fdc6ec"
"ordina","dina","or150","OR 1.5 n2000","H","all","ppv_mean",,0.51211688,0.0109987,,,987,"50fdc6ec"
"ordina","dina","or150","OR 1.5 n2000","H","all","spec_mean",,0.96869517,0.00087083,,,987,"50fdc6ec"
"ordina","dina","or150","OR 1.5 n2000","H","all","mean_n_family",,947.1074,29.7046,,,987,"50fdc6ec"
"ordina","dina","or150","OR 1.5 n2000","H","all","mean_admitted_n",,689.5613,23.7077,,,987,"50fdc6ec"
"ordina","dina","or150","OR 1.5 n2000","H","all","mean_proposed_n",,947.0922,29.7047,,,987,"50fdc6ec"
"ordina","dina","or150","OR 1.5 n2000","H","all","mean_n_cons_qual",,,,,,0,"50fdc6ec"
"ordina","dina","or150","OR 1.5 n2000","H","all","mean_band_n",,,,,,0,"50fdc6ec"
"ordina","dina","or150","OR 1.5 n2000","H","all","mean_n_true",,298.09321,0.478504,,,987,"50fdc6ec"
"ordina","dina","or150","OR 1.5 n2000","H","all","p_hat_mean",,0.18771084,0.00470694,,,987,"50fdc6ec"
"ordina","dina","or150","OR 1.5 n2000","H","all","p_hat_share_lt_05",,0.95947315,0.00627667,0.945285,0.970099,987,"50fdc6ec"
"ordina","dina","or150","OR 1.5 n2000","Hc","mr","sd_btc_over_naive_se",,1.0196346,,,,987,"50fdc6ec"
"ordina","dina","or150","OR 1.5 n2000","Hc","fld","lamsd_over_naive_se",,0.99272339,,,,987,"50fdc6ec"
"ordina","dina","or150","OR 1.5 n2000","Hc","fld_s","lamsd_over_naive_se",,0.99795131,,,,987,"50fdc6ec"
"ordina","dina","or150","OR 1.5 n2000","all","all","secs_fit_mr_mean",,18.304397,0.397724,,,1000,"50fdc6ec"
"ordina","dina","or150","OR 1.5 n2000","all","all","secs_id_mean",,1.548262,0.052074,,,1000,"50fdc6ec"
"ordina","dina","or150","OR 1.5 n2000","all","all","secs_field_mean",,13.879924,0.273929,,,987,"50fdc6ec"
"ordina","dina","or150","OR 1.5 n2000","all","all","secs_complement_mean",,0.57791692,0.0100014,,,987,"50fdc6ec"
"ordina","dina","or150","OR 1.5 n2000","H","naive","display_b",,2.3754686,,,,987,"50fdc6ec"
"ordina","dina","or150","OR 1.5 n2000","H","naive","display_r",,1.0944142,,,,987,"50fdc6ec"
"ordina","dina","or150","OR 1.5 n2000","H","naive","display_cov1",,0.27558257,,,,987,"50fdc6ec"
"ordina","dina","or150","OR 1.5 n2000","H","naive","display_cov1_ref",,0.28253834,,,,987,"50fdc6ec"
"ordina","dina","or150","OR 1.5 n2000","H","naive","display_cov2",,0.40222898,,,,987,"50fdc6ec"
"ordina","dina","or150","OR 1.5 n2000","H","naive","display_cov2_ref",,0.40886561,,,,987,"50fdc6ec"
"ordina","dina","or150","OR 1.5 n2000","H","mr","display_b",,0.68512462,,,,987,"50fdc6ec"
"ordina","dina","or150","OR 1.5 n2000","H","mr","display_r",,1.2950211,,,,987,"50fdc6ec"
"ordina","dina","or150","OR 1.5 n2000","H","mr","display_cov1",,0.93718338,,,,987,"50fdc6ec"
"ordina","dina","or150","OR 1.5 n2000","H","mr","display_cov1_ref",,0.92577043,,,,987,"50fdc6ec"
"ordina","dina","or150","OR 1.5 n2000","H","mr","display_cov2",,0.96859169,,,,987,"50fdc6ec"
"ordina","dina","or150","OR 1.5 n2000","H","mr","display_cov2_ref",,0.96743027,,,,987,"50fdc6ec"
"ordina","dina","or150","OR 1.5 n2000","H","fld","display_b",,0.36951642,,,,987,"50fdc6ec"
"ordina","dina","or150","OR 1.5 n2000","H","fld","display_r",,0.98063354,,,,987,"50fdc6ec"
"ordina","dina","or150","OR 1.5 n2000","H","fld","display_cov1",,0.90273556,,,,987,"50fdc6ec"
"ordina","dina","or150","OR 1.5 n2000","H","fld","display_cov1_ref",,0.8931549,,,,987,"50fdc6ec"
"ordina","dina","or150","OR 1.5 n2000","H","fld","display_cov2",,0.93819656,,,,987,"50fdc6ec"
"ordina","dina","or150","OR 1.5 n2000","H","fld","display_cov2_ref",,0.92876089,,,,987,"50fdc6ec"
"ordina","dina","or150","OR 1.5 n2000","Hc","naive","display_b",,-0.45389956,,,,987,"50fdc6ec"
"ordina","dina","or150","OR 1.5 n2000","Hc","naive","display_r",,0.990268,,,,987,"50fdc6ec"
"ordina","dina","or150","OR 1.5 n2000","Hc","naive","display_cov1",,0.88753799,,,,987,"50fdc6ec"
"ordina","dina","or150","OR 1.5 n2000","Hc","naive","display_cov1_ref",,0.87999191,,,,987,"50fdc6ec"
"ordina","dina","or150","OR 1.5 n2000","Hc","naive","display_cov2",,0.9331307,,,,987,"50fdc6ec"
"ordina","dina","or150","OR 1.5 n2000","Hc","naive","display_cov2_ref",,0.92317632,,,,987,"50fdc6ec"
"ordina","dina","or150","OR 1.5 n2000","Hc","mr","display_b",,-0.15232314,,,,987,"50fdc6ec"
"ordina","dina","or150","OR 1.5 n2000","Hc","mr","display_r",,1.9195531,,,,987,"50fdc6ec"
"ordina","dina","or150","OR 1.5 n2000","Hc","mr","display_cov1",,1,,,,987,"50fdc6ec"
"ordina","dina","or150","OR 1.5 n2000","Hc","mr","display_cov1_ref",,0.99867236,,,,987,"50fdc6ec"
"ordina","dina","or150","OR 1.5 n2000","Hc","mr","display_cov2",,1,,,,987,"50fdc6ec"
"ordina","dina","or150","OR 1.5 n2000","Hc","mr","display_cov2_ref",,0.99980158,,,,987,"50fdc6ec"
"ordina","dina","or150","OR 1.5 n2000","Hc","fld","display_b",,-0.086198663,,,,987,"50fdc6ec"
"ordina","dina","or150","OR 1.5 n2000","Hc","fld","display_r",,0.96845039,,,,987,"50fdc6ec"
"ordina","dina","or150","OR 1.5 n2000","Hc","fld","display_cov1",,0.93617021,,,,987,"50fdc6ec"
"ordina","dina","or150","OR 1.5 n2000","Hc","fld","display_cov1_ref",,0.93406397,,,,987,"50fdc6ec"
"ordina","dina","or150","OR 1.5 n2000","Hc","fld","display_cov2",,0.94528875,,,,987,"50fdc6ec"
"ordina","dina","or150","OR 1.5 n2000","Hc","fld","display_cov2_ref",,0.94139171,,,,987,"50fdc6ec"
"ordina","dina","or150","OR 1.5 n2000","Hc","fld_s","display_b",,-0.086362781,,,,987,"50fdc6ec"
"ordina","dina","or150","OR 1.5 n2000","Hc","fld_s","display_r",,0.97383147,,,,987,"50fdc6ec"
"ordina","dina","or150","OR 1.5 n2000","Hc","fld_s","display_cov1",,0.93920973,,,,987,"50fdc6ec"
"ordina","dina","or150","OR 1.5 n2000","Hc","fld_s","display_cov1_ref",,0.93517043,,,,987,"50fdc6ec"
"ordina","dina","or150","OR 1.5 n2000","Hc","fld_s","display_cov2",,0.94528875,,,,987,"50fdc6ec"
"ordina","dina","or150","OR 1.5 n2000","Hc","fld_s","display_cov2_ref",,0.94277676,,,,987,"50fdc6ec"
"orfs","fs","or100","OR 1.0 n500","H","all","declaration_rate",,0.852,0.0112292,0.828645,0.872661,1000,"3ee0db52"
"orfs","fs","or100","OR 1.0 n500","H","naive","n_nonconvergent_fits",,0,,,,852,"3ee0db52"
"orfs","fs","or100","OR 1.0 n500","H","naive","bias_or",,1.5674319,0.0252098,,,852,"3ee0db52"
"orfs","fs","or100","OR 1.0 n500","H","naive","bias_log",,1.1144112,0.00918683,,,852,"3ee0db52"
"orfs","fs","or100","OR 1.0 n500","H","naive","bias_sd_units",,4.1240022,0.0339969,,,852,"3ee0db52"
"orfs","fs","or100","OR 1.0 n500","H","naive","sd_emp_or",,0.74684923,0.0181031,,,852,"3ee0db52"
"orfs","fs","or100","OR 1.0 n500","H","naive","sd_emp_log",,0.27022565,0.00655008,,,852,"3ee0db52"
"orfs","fs","or100","OR 1.0 n500","H","naive","se_mean",,0.44531742,0.00219277,,,852,"3ee0db52"
"orfs","fs","or100","OR 1.0 n500","H","naive","se_over_sd",,1.6479465,0.040761,,,852,"3ee0db52"
"orfs","fs","or100","OR 1.0 n500","H","naive","cov1_lower",,0.018779343,0.00465054,0.0115919,0.0302867,852,"3ee0db52"
"orfs","fs","or100","OR 1.0 n500","H","naive","cov2",,0.11032864,0.0107334,0.091015,0.13314,852,"3ee0db52"
"orfs","fs","or100","OR 1.0 n500","H","naive","halfwidth_or",,2.3638836,,,,852,"3ee0db52"
"orfs","fs","or100","OR 1.0 n500","H","naive","margin1_or",,1.2065216,,,,852,"3ee0db52"
"orfs","fs","or100","OR 1.0 n500","H","naive","cov2_theta_dagger",,0.68075117,0.0159713,0.648697,0.711183,852,"3ee0db52"
"orfs","fs","or100","OR 1.0 n500","H","naive","cov1_lower_theta_dagger",,0.47535211,0.0171089,0.442005,0.50892,852,"3ee0db52"
"orfs","fs","or100","OR 1.0 n500","H","naive","cov2_theta_ddagger",,0.68075117,0.0159713,0.648697,0.711183,852,"3ee0db52"
"orfs","fs","or100","OR 1.0 n500","H","naive","cov1_lower_theta_ddagger",,0.47535211,0.0171089,0.442005,0.50892,852,"3ee0db52"
"orfs","fs","or100","OR 1.0 n500","H","oracle","n_nonconvergent_fits",,0,,,,852,"3ee0db52"
"orfs","fs","or100","OR 1.0 n500","H","oracle","bias_or",,0.18377282,0.0214366,,,852,"3ee0db52"
"orfs","fs","or100","OR 1.0 n500","H","oracle","bias_log",,0.057428298,0.0159175,,,852,"3ee0db52"
"orfs","fs","or100","OR 1.0 n500","H","oracle","bias_sd_units",,0.12360353,0.0342594,,,852,"3ee0db52"
"orfs","fs","or100","OR 1.0 n500","H","oracle","sd_emp_or",,0.62571374,0.0151669,,,852,"3ee0db52"
"orfs","fs","or100","OR 1.0 n500","H","oracle","sd_emp_log",,0.46461696,0.011262,,,852,"3ee0db52"
"orfs","fs","or100","OR 1.0 n500","H","oracle","se_mean",,0.47731375,0.000967938,,,852,"3ee0db52"
"orfs","fs","or100","OR 1.0 n500","H","oracle","se_over_sd",,1.0273274,0.0249887,,,852,"3ee0db52"
"orfs","fs","or100","OR 1.0 n500","H","oracle","cov1_lower",,0.94483568,0.00782145,0.927414,0.958264,852,"3ee0db52"
"orfs","fs","or100","OR 1.0 n500","H","oracle","cov2",,0.96361502,0.00641495,0.948818,0.97425,852,"3ee0db52"
"orfs","fs","or100","OR 1.0 n500","H","oracle","halfwidth_or",,1.2846864,,,,852,"3ee0db52"
"orfs","fs","or100","OR 1.0 n500","H","oracle","margin1_or",,0.64491852,,,,852,"3ee0db52"
"orfs","fs","or100","OR 1.0 n500","H","mr","n_nonconvergent_fits",,0,,,,852,"3ee0db52"
"orfs","fs","or100","OR 1.0 n500","H","mr","bias_or",,0.25700806,0.0137315,,,852,"3ee0db52"
"orfs","fs","or100","OR 1.0 n500","H","mr","bias_log",,0.2482681,0.0109051,,,852,"3ee0db52"
"orfs","fs","or100","OR 1.0 n500","H","mr","bias_sd_units",,0.76882624,0.0337703,,,852,"3ee0db52"
"orfs","fs","or100","OR 1.0 n500","H","mr","sd_emp_or",,0.40861464,0.00990454,,,852,"3ee0db52"
"orfs","fs","or100","OR 1.0 n500","H","mr","sd_emp_log",,0.32291835,0.00782732,,,852,"3ee0db52"
"orfs","fs","or100","OR 1.0 n500","H","mr","se_mean",,0.56688739,0.00207549,,,852,"3ee0db52"
"orfs","fs","or100","OR 1.0 n500","H","mr","se_over_sd",,1.7555131,0.0430351,,,852,"3ee0db52"
"orfs","fs","or100","OR 1.0 n500","H","mr","cov1_lower",,0.98004695,0.0047908,0.968279,0.987506,852,"3ee0db52"
"orfs","fs","or100","OR 1.0 n500","H","mr","cov2",,0.99530516,0.0023419,0.987991,0.998173,852,"3ee0db52"
"orfs","fs","or100","OR 1.0 n500","H","mr","halfwidth_or",,1.3924442,,,,852,"3ee0db52"
"orfs","fs","or100","OR 1.0 n500","H","mr","margin1_or",,0.603163,,,,852,"3ee0db52"
"orfs","fs","or100","OR 1.0 n500","H","mr","cov2_theta_dagger",,0.99882629,0.00117302,0.993382,0.999793,852,"3ee0db52"
"orfs","fs","or100","OR 1.0 n500","H","mr","cov1_lower_theta_dagger",,0.99647887,0.00202934,0.989699,0.998802,852,"3ee0db52"
"orfs","fs","or100","OR 1.0 n500","H","mr","cov2_theta_ddagger",,0.99882629,0.00117302,0.993382,0.999793,852,"3ee0db52"
"orfs","fs","or100","OR 1.0 n500","H","mr","cov1_lower_theta_ddagger",,0.99647887,0.00202934,0.989699,0.998802,852,"3ee0db52"
"orfs","fs","or100","OR 1.0 n500","H","fld","n_nonconvergent_fits",,0,,,,852,"3ee0db52"
"orfs","fs","or100","OR 1.0 n500","H","fld","bias_or",,0.12304894,0.012987,,,852,"3ee0db52"
"orfs","fs","or100","OR 1.0 n500","H","fld","bias_log",,0.091764061,0.0117474,,,852,"3ee0db52"
"orfs","fs","or100","OR 1.0 n500","H","fld","bias_sd_units",,0.26345703,0.0337272,,,852,"3ee0db52"
"orfs","fs","or100","OR 1.0 n500","H","fld","sd_emp_or",,0.38622431,0.00936181,,,852,"3ee0db52"
"orfs","fs","or100","OR 1.0 n500","H","fld","sd_emp_log",,0.3483075,0.00844273,,,852,"3ee0db52"
"orfs","fs","or100","OR 1.0 n500","H","fld","se_mean",,0.48340393,0.00174603,,,852,"3ee0db52"
"orfs","fs","or100","OR 1.0 n500","H","fld","se_over_sd",,1.3878654,0.0340123,,,852,"3ee0db52"
"orfs","fs","or100","OR 1.0 n500","H","fld","cov1_lower",,0.97769953,0.00505871,0.965433,0.985678,852,"3ee0db52"
"orfs","fs","or100","OR 1.0 n500","H","fld","cov2",,0.99061033,0.00330413,0.981582,0.995235,852,"3ee0db52"
"orfs","fs","or100","OR 1.0 n500","H","fld","halfwidth_or",,0.87183588,,,,852,"3ee0db52"
"orfs","fs","or100","OR 1.0 n500","H","fld","margin1_or",,0.61970508,,,,852,"3ee0db52"
"orfs","fs","or100","OR 1.0 n500","H","fld","cov2_theta_dagger",,0.97535211,0.00531191,0.962614,0.983823,852,"3ee0db52"
"orfs","fs","or100","OR 1.0 n500","H","fld","cov1_lower_theta_dagger",,0.99295775,0.00286485,0.984722,0.996769,852,"3ee0db52"
"orfs","fs","or100","OR 1.0 n500","H","fld","cov2_theta_ddagger",,0.97535211,0.00531191,0.962614,0.983823,852,"3ee0db52"
"orfs","fs","or100","OR 1.0 n500","H","fld","cov1_lower_theta_ddagger",,0.99295775,0.00286485,0.984722,0.996769,852,"3ee0db52"
"orfs","fs","or100","OR 1.0 n500","H","fld","share_lower_ge_tau",0.7,0.034037559,0.00621212,0.0238021,0.0484559,852,"3ee0db52"
"orfs","fs","or100","OR 1.0 n500","H","fld","share_lower_ge_tau",0.8,0.015258216,0.00419946,0.00893836,0.0259296,852,"3ee0db52"
"orfs","fs","or100","OR 1.0 n500","H","fld","share_lower_ge_tau",0.9,0.01056338,0.00350248,0.00556723,0.0199532,852,"3ee0db52"
"orfs","fs","or100","OR 1.0 n500","H","fld","share_lower_ge_tau",1,0.0070422535,0.00286485,0.00323141,0.0152784,852,"3ee0db52"
"orfs","fs","or100","OR 1.0 n500","H","fld","share_lower_ge_tau",1.25,0.0035211268,0.00202934,0.00119821,0.010301,852,"3ee0db52"
"orfs","fs","or100","OR 1.0 n500","H","fld","share_lower_ge_tau",1.5,0.0023474178,0.00165793,0.000643983,0.0085183,852,"3ee0db52"
"orfs","fs","or100","OR 1.0 n500","H","fld","share_lower_ge_tau",2,0,0,0,0.00448852,852,"3ee0db52"
"orfs","fs","or100","OR 1.0 n500","H","fld","bound_mean",,0.36338116,0.00515371,,,852,"3ee0db52"
"orfs","fs","or100","OR 1.0 n500","H","fld","bound_q05",,0.21806495,,,,852,"3ee0db52"
"orfs","fs","or100","OR 1.0 n500","H","fld","bound_q25",,0.27143697,,,,852,"3ee0db52"
"orfs","fs","or100","OR 1.0 n500","H","fld","bound_q50",,0.32705603,,,,852,"3ee0db52"
"orfs","fs","or100","OR 1.0 n500","H","fld","bound_q75",,0.4056282,,,,852,"3ee0db52"
"orfs","fs","or100","OR 1.0 n500","H","fld","bound_q95",,0.64752429,,,,852,"3ee0db52"
"orfs","fs","or100","OR 1.0 n500","H","oracle","share_lower_ge_tau",0.7,0.20539906,0.0138406,0.179623,0.23382,852,"3ee0db52"
"orfs","fs","or100","OR 1.0 n500","H","oracle","share_lower_ge_tau",0.8,0.13849765,0.0118339,0.116921,0.163319,852,"3ee0db52"
"orfs","fs","or100","OR 1.0 n500","H","oracle","share_lower_ge_tau",0.9,0.091549296,0.00988003,0.0739748,0.11279,852,"3ee0db52"
"orfs","fs","or100","OR 1.0 n500","H","oracle","share_lower_ge_tau",1,0.055164319,0.00782145,0.0417359,0.0725861,852,"3ee0db52"
"orfs","fs","or100","OR 1.0 n500","H","oracle","share_lower_ge_tau",1.25,0.018779343,0.00465054,0.0115919,0.0302867,852,"3ee0db52"
"orfs","fs","or100","OR 1.0 n500","H","oracle","share_lower_ge_tau",1.5,0.01056338,0.00350248,0.00556723,0.0199532,852,"3ee0db52"
"orfs","fs","or100","OR 1.0 n500","H","oracle","share_lower_ge_tau",2,0.0023474178,0.00165793,0.000643983,0.0085183,852,"3ee0db52"
"orfs","fs","or100","OR 1.0 n500","H","oracle","bound_mean",,0.5388543,0.00942147,,,852,"3ee0db52"
"orfs","fs","or100","OR 1.0 n500","H","oracle","bound_q05",,0.22460202,,,,852,"3ee0db52"
"orfs","fs","or100","OR 1.0 n500","H","oracle","bound_q25",,0.35868346,,,,852,"3ee0db52"
"orfs","fs","or100","OR 1.0 n500","H","oracle","bound_q50",,0.47838857,,,,852,"3ee0db52"
"orfs","fs","or100","OR 1.0 n500","H","oracle","bound_q75",,0.6520439,,,,852,"3ee0db52"
"orfs","fs","or100","OR 1.0 n500","H","oracle","bound_q95",,1.0225696,,,,852,"3ee0db52"
"orfs","fs","or100","OR 1.0 n500","H","mr","share_lower_ge_tau",0.7,0.026995305,0.00555241,0.0180547,0.0401821,852,"3ee0db52"
"orfs","fs","or100","OR 1.0 n500","H","mr","share_lower_ge_tau",0.8,0.014084507,0.00403711,0.008075,0.0244561,852,"3ee0db52"
"orfs","fs","or100","OR 1.0 n500","H","mr","share_lower_ge_tau",0.9,0.0058685446,0.00261678,0.00250922,0.0136637,852,"3ee0db52"
"orfs","fs","or100","OR 1.0 n500","H","mr","share_lower_ge_tau",1,0.0035211268,0.00202934,0.00119821,0.010301,852,"3ee0db52"
"orfs","fs","or100","OR 1.0 n500","H","mr","share_lower_ge_tau",1.25,0.0011737089,0.00117302,0.000207218,0.00661818,852,"3ee0db52"
"orfs","fs","or100","OR 1.0 n500","H","mr","share_lower_ge_tau",1.5,0,0,0,0.00448852,852,"3ee0db52"
"orfs","fs","or100","OR 1.0 n500","H","mr","share_lower_ge_tau",2,0,0,0,0.00448852,852,"3ee0db52"
"orfs","fs","or100","OR 1.0 n500","H","mr","bound_mean",,0.37992324,0.00424199,,,852,"3ee0db52"
"orfs","fs","or100","OR 1.0 n500","H","mr","bound_q05",,0.25900288,,,,852,"3ee0db52"
"orfs","fs","or100","OR 1.0 n500","H","mr","bound_q25",,0.29815908,,,,852,"3ee0db52"
"orfs","fs","or100","OR 1.0 n500","H","mr","bound_q50",,0.34633449,,,,852,"3ee0db52"
"orfs","fs","or100","OR 1.0 n500","H","mr","bound_q75",,0.42560643,,,,852,"3ee0db52"
"orfs","fs","or100","OR 1.0 n500","H","mr","bound_q95",,0.623807,,,,852,"3ee0db52"
"orfs","fs","or100","OR 1.0 n500","H","naive","share_lower_ge_tau",0.7,1,0,0.995511,1,852,"3ee0db52"
"orfs","fs","or100","OR 1.0 n500","H","naive","share_lower_ge_tau",0.8,0.97769953,0.00505871,0.965433,0.985678,852,"3ee0db52"
"orfs","fs","or100","OR 1.0 n500","H","naive","share_lower_ge_tau",0.9,0.73943662,0.0150379,0.708935,0.767789,852,"3ee0db52"
"orfs","fs","or100","OR 1.0 n500","H","naive","share_lower_ge_tau",1,0.52464789,0.0171089,0.49108,0.557995,852,"3ee0db52"
"orfs","fs","or100","OR 1.0 n500","H","naive","share_lower_ge_tau",1.25,0.20187793,0.0137518,0.17629,0.230142,852,"3ee0db52"
"orfs","fs","or100","OR 1.0 n500","H","naive","share_lower_ge_tau",1.5,0.078638498,0.00922174,0.0623972,0.0986624,852,"3ee0db52"
"orfs","fs","or100","OR 1.0 n500","H","naive","share_lower_ge_tau",2,0.01056338,0.00350248,0.00556723,0.0199532,852,"3ee0db52"
"orfs","fs","or100","OR 1.0 n500","H","naive","bound_mean",,1.0869885,0.00946464,,,852,"3ee0db52"
"orfs","fs","or100","OR 1.0 n500","H","naive","bound_q05",,0.80870599,,,,852,"3ee0db52"
"orfs","fs","or100","OR 1.0 n500","H","naive","bound_q25",,0.89334459,,,,852,"3ee0db52"
"orfs","fs","or100","OR 1.0 n500","H","naive","bound_q50",,1.0186897,,,,852,"3ee0db52"
"orfs","fs","or100","OR 1.0 n500","H","naive","bound_q75",,1.1963207,,,,852,"3ee0db52"
"orfs","fs","or100","OR 1.0 n500","H","naive","bound_q95",,1.6282729,,,,852,"3ee0db52"
"orfs","fs","or100","OR 1.0 n500","Hc","naive","n_nonconvergent_fits",,0,,,,852,"3ee0db52"
"orfs","fs","or100","OR 1.0 n500","Hc","naive","bias_or",,-0.12284162,0.00355048,,,852,"3ee0db52"
"orfs","fs","or100","OR 1.0 n500","Hc","naive","bias_log",,-0.21037206,0.00620043,,,852,"3ee0db52"
"orfs","fs","or100","OR 1.0 n500","Hc","naive","bias_sd_units",,-1.162035,0.0342494,,,852,"3ee0db52"
"orfs","fs","or100","OR 1.0 n500","Hc","naive","sd_emp_or",,0.1034747,0.00250816,,,852,"3ee0db52"
"orfs","fs","or100","OR 1.0 n500","Hc","naive","sd_emp_log",,0.18103762,0.00438823,,,852,"3ee0db52"
"orfs","fs","or100","OR 1.0 n500","Hc","naive","se_mean",,0.20934947,0.000336034,,,852,"3ee0db52"
"orfs","fs","or100","OR 1.0 n500","Hc","naive","se_over_sd",,1.1563865,0.0280914,,,852,"3ee0db52"
"orfs","fs","or100","OR 1.0 n500","Hc","naive","cov1_upper",,0.79460094,0.0138406,0.76618,0.820377,852,"3ee0db52"
"orfs","fs","or100","OR 1.0 n500","Hc","naive","cov2",,0.87558685,0.0113074,0.851725,0.896078,852,"3ee0db52"
"orfs","fs","or100","OR 1.0 n500","Hc","naive","halfwidth_or",,0.24085684,,,,852,"3ee0db52"
"orfs","fs","or100","OR 1.0 n500","Hc","naive","margin1_or",,0.23462668,,,,852,"3ee0db52"
"orfs","fs","or100","OR 1.0 n500","Hc","oracle","n_nonconvergent_fits",,0,,,,852,"3ee0db52"
"orfs","fs","or100","OR 1.0 n500","Hc","oracle","bias_or",,0.037520129,0.00427465,,,852,"3ee0db52"
"orfs","fs","or100","OR 1.0 n500","Hc","oracle","bias_log",,0.0396331,0.00612798,,,852,"3ee0db52"
"orfs","fs","or100","OR 1.0 n500","Hc","oracle","bias_sd_units",,0.221575,0.0342594,,,852,"3ee0db52"
"orfs","fs","or100","OR 1.0 n500","Hc","oracle","sd_emp_or",,0.12477306,0.00302441,,,852,"3ee0db52"
"orfs","fs","or100","OR 1.0 n500","Hc","oracle","sd_emp_log",,0.17886991,0.00433568,,,852,"3ee0db52"
"orfs","fs","or100","OR 1.0 n500","Hc","oracle","se_mean",,0.20145545,0.000116295,,,852,"3ee0db52"
"orfs","fs","or100","OR 1.0 n500","Hc","oracle","se_over_sd",,1.126268,0.0273077,,,852,"3ee0db52"
"orfs","fs","or100","OR 1.0 n500","Hc","oracle","cov1_upper",,0.98239437,0.00450556,0.971156,0.989302,852,"3ee0db52"
"orfs","fs","or100","OR 1.0 n500","Hc","oracle","cov2",,0.96948357,0.00589274,0.955662,0.979091,852,"3ee0db52"
"orfs","fs","or100","OR 1.0 n500","Hc","oracle","halfwidth_or",,0.28088268,,,,852,"3ee0db52"
"orfs","fs","or100","OR 1.0 n500","Hc","oracle","margin1_or",,0.27231942,,,,852,"3ee0db52"
"orfs","fs","or100","OR 1.0 n500","Hc","mr","n_nonconvergent_fits",,0,,,,852,"3ee0db52"
"orfs","fs","or100","OR 1.0 n500","Hc","mr","bias_or",,-0.037689102,0.00411133,,,852,"3ee0db52"
"orfs","fs","or100","OR 1.0 n500","Hc","mr","bias_log",,-0.072090783,0.00628578,,,852,"3ee0db52"
"orfs","fs","or100","OR 1.0 n500","Hc","mr","bias_sd_units",,-0.39311926,0.0342771,,,852,"3ee0db52"
"orfs","fs","or100","OR 1.0 n500","Hc","mr","sd_emp_or",,0.11992885,0.00290699,,,852,"3ee0db52"
"orfs","fs","or100","OR 1.0 n500","Hc","mr","sd_emp_log",,0.18338146,0.00444504,,,852,"3ee0db52"
"orfs","fs","or100","OR 1.0 n500","Hc","mr","se_mean",,0.37988634,0.000417325,,,852,"3ee0db52"
"orfs","fs","or100","OR 1.0 n500","Hc","mr","se_over_sd",,2.0715635,0.0502648,,,852,"3ee0db52"
"orfs","fs","or100","OR 1.0 n500","Hc","mr","cov1_upper",,0.99882629,0.00117302,0.993382,0.999793,852,"3ee0db52"
"orfs","fs","or100","OR 1.0 n500","Hc","mr","cov2",,1,0,0.995511,1,852,"3ee0db52"
"orfs","fs","or100","OR 1.0 n500","Hc","mr","halfwidth_or",,0.53609734,,,,852,"3ee0db52"
"orfs","fs","or100","OR 1.0 n500","Hc","mr","margin1_or",,0.57078619,,,,852,"3ee0db52"
"orfs","fs","or100","OR 1.0 n500","Hc","fld","n_nonconvergent_fits",,0,,,,852,"3ee0db52"
"orfs","fs","or100","OR 1.0 n500","Hc","fld","bias_or",,-0.01903643,0.00428134,,,852,"3ee0db52"
"orfs","fs","or100","OR 1.0 n500","Hc","fld","bias_log",,-0.044609136,0.00638016,,,852,"3ee0db52"
"orfs","fs","or100","OR 1.0 n500","Hc","fld","bias_sd_units",,-0.23962469,0.034272,,,852,"3ee0db52"
"orfs","fs","or100","OR 1.0 n500","Hc","fld","sd_emp_or",,0.12496203,0.00302899,,,852,"3ee0db52"
"orfs","fs","or100","OR 1.0 n500","Hc","fld","sd_emp_log",,0.18616252,0.00451245,,,852,"3ee0db52"
"orfs","fs","or100","OR 1.0 n500","Hc","fld","se_mean",,0.20133462,0.000191022,,,852,"3ee0db52"
"orfs","fs","or100","OR 1.0 n500","Hc","fld","se_over_sd",,1.0814993,0.0262349,,,852,"3ee0db52"
"orfs","fs","or100","OR 1.0 n500","Hc","fld","cov1_upper",,0.92840376,0.00883271,0.909101,0.94386,852,"3ee0db52"
"orfs","fs","or100","OR 1.0 n500","Hc","fld","cov2",,0.96126761,0.00661058,0.946105,0.972289,852,"3ee0db52"
"orfs","fs","or100","OR 1.0 n500","Hc","fld","halfwidth_or",,0.27244007,,,,852,"3ee0db52"
"orfs","fs","or100","OR 1.0 n500","Hc","fld","margin1_or",,0.28360839,,,,852,"3ee0db52"
"orfs","fs","or100","OR 1.0 n500","Hc","fld_s","n_nonconvergent_fits",,0,,,,852,"3ee0db52"
"orfs","fs","or100","OR 1.0 n500","Hc","fld_s","bias_or",,-0.018874462,0.00427934,,,852,"3ee0db52"
"orfs","fs","or100","OR 1.0 n500","Hc","fld_s","bias_log",,-0.044341488,0.00637391,,,852,"3ee0db52"
"orfs","fs","or100","OR 1.0 n500","Hc","fld_s","bias_sd_units",,-0.23840939,0.0342704,,,852,"3ee0db52"
"orfs","fs","or100","OR 1.0 n500","Hc","fld_s","sd_emp_or",,0.12491138,0.00302777,,,852,"3ee0db52"
"orfs","fs","or100","OR 1.0 n500","Hc","fld_s","sd_emp_log",,0.18598885,0.00450824,,,852,"3ee0db52"
"orfs","fs","or100","OR 1.0 n500","Hc","fld_s","se_mean",,0.20777033,0.000379926,,,852,"3ee0db52"
"orfs","fs","or100","OR 1.0 n500","Hc","fld_s","se_over_sd",,1.1171117,0.027155,,,852,"3ee0db52"
"orfs","fs","or100","OR 1.0 n500","Hc","fld_s","cov1_upper",,0.94835681,0.00758181,0.931382,0.961307,852,"3ee0db52"
"orfs","fs","or100","OR 1.0 n500","Hc","fld_s","cov2",,0.96830986,0.00600136,0.954285,0.978131,852,"3ee0db52"
"orfs","fs","or100","OR 1.0 n500","Hc","fld_s","halfwidth_or",,0.28078453,,,,852,"3ee0db52"
"orfs","fs","or100","OR 1.0 n500","Hc","fld_s","margin1_or",,0.29274248,,,,852,"3ee0db52"
"orfs","fs","or100","OR 1.0 n500","Hc","fld_s","share_upper_le_tau",0.7,0.056338028,0.00789931,0.042754,0.0739048,852,"3ee0db52"
"orfs","fs","or100","OR 1.0 n500","Hc","fld_s","share_upper_le_tau",0.8,0.1842723,0.0132826,0.159676,0.211703,852,"3ee0db52"
"orfs","fs","or100","OR 1.0 n500","Hc","fld_s","share_upper_le_tau",0.9,0.41431925,0.0168763,0.381699,0.447709,852,"3ee0db52"
"orfs","fs","or100","OR 1.0 n500","Hc","fld_s","share_upper_le_tau",1,0.64084507,0.0164361,0.608065,0.672361,852,"3ee0db52"
"orfs","fs","or100","OR 1.0 n500","Hc","fld_s","share_upper_le_tau",1.25,0.94366197,0.00789931,0.926095,0.957246,852,"3ee0db52"
"orfs","fs","or100","OR 1.0 n500","Hc","fld_s","share_upper_le_tau",1.5,0.99882629,0.00117302,0.993382,0.999793,852,"3ee0db52"
"orfs","fs","or100","OR 1.0 n500","Hc","fld_s","share_upper_le_tau",2,1,0,0.995511,1,852,"3ee0db52"
"orfs","fs","or100","OR 1.0 n500","Hc","fld_s","bound_mean",,0.95040573,0.0059103,,,852,"3ee0db52"
"orfs","fs","or100","OR 1.0 n500","Hc","fld_s","bound_q05",,0.69234491,,,,852,"3ee0db52"
"orfs","fs","or100","OR 1.0 n500","Hc","fld_s","bound_q25",,0.82899879,,,,852,"3ee0db52"
"orfs","fs","or100","OR 1.0 n500","Hc","fld_s","bound_q50",,0.93988203,,,,852,"3ee0db52"
"orfs","fs","or100","OR 1.0 n500","Hc","fld_s","bound_q75",,1.0589359,,,,852,"3ee0db52"
"orfs","fs","or100","OR 1.0 n500","Hc","fld_s","bound_q95",,1.2615033,,,,852,"3ee0db52"
"orfs","fs","or100","OR 1.0 n500","Hc","oracle","share_upper_le_tau",0.7,0.042253521,0.00689187,0.030675,0.0579413,852,"3ee0db52"
"orfs","fs","or100","OR 1.0 n500","Hc","oracle","share_upper_le_tau",0.8,0.16431925,0.0126953,0.140954,0.190698,852,"3ee0db52"
"orfs","fs","or100","OR 1.0 n500","Hc","oracle","share_upper_le_tau",0.9,0.38967136,0.0167075,0.35749,0.422843,852,"3ee0db52"
"orfs","fs","or100","OR 1.0 n500","Hc","oracle","share_upper_le_tau",1,0.61384977,0.0166797,0.580716,0.645961,852,"3ee0db52"
"orfs","fs","or100","OR 1.0 n500","Hc","oracle","share_upper_le_tau",1.25,0.93309859,0.00855976,0.914303,0.948006,852,"3ee0db52"
"orfs","fs","or100","OR 1.0 n500","Hc","oracle","share_upper_le_tau",1.5,0.99530516,0.0023419,0.987991,0.998173,852,"3ee0db52"
"orfs","fs","or100","OR 1.0 n500","Hc","oracle","share_upper_le_tau",2,1,0,0.995511,1,852,"3ee0db52"
"orfs","fs","or100","OR 1.0 n500","Hc","oracle","bound_mean",,0.96624729,0.00589753,,,852,"3ee0db52"
"orfs","fs","or100","OR 1.0 n500","Hc","oracle","bound_q05",,0.71346332,,,,852,"3ee0db52"
"orfs","fs","or100","OR 1.0 n500","Hc","oracle","bound_q25",,0.84664132,,,,852,"3ee0db52"
"orfs","fs","or100","OR 1.0 n500","Hc","oracle","bound_q50",,0.95671938,,,,852,"3ee0db52"
"orfs","fs","or100","OR 1.0 n500","Hc","oracle","bound_q75",,1.0676716,,,,852,"3ee0db52"
"orfs","fs","or100","OR 1.0 n500","Hc","oracle","bound_q95",,1.2826289,,,,852,"3ee0db52"
"orfs","fs","or100","OR 1.0 n500","Hc","fld","share_upper_le_tau",0.7,0.071596244,0.00883271,0.0561395,0.0908987,852,"3ee0db52"
"orfs","fs","or100","OR 1.0 n500","Hc","fld","share_upper_le_tau",0.8,0.19835681,0.0136614,0.172961,0.226461,852,"3ee0db52"
"orfs","fs","or100","OR 1.0 n500","Hc","fld","share_upper_le_tau",0.9,0.43661972,0.0169915,0.403675,0.470133,852,"3ee0db52"
"orfs","fs","or100","OR 1.0 n500","Hc","fld","share_upper_le_tau",1,0.657277,0.0162602,0.624765,0.688377,852,"3ee0db52"
"orfs","fs","or100","OR 1.0 n500","Hc","fld","share_upper_le_tau",1.25,0.95305164,0.00724684,0.936701,0.965335,852,"3ee0db52"
"orfs","fs","or100","OR 1.0 n500","Hc","fld","share_upper_le_tau",1.5,0.99882629,0.00117302,0.993382,0.999793,852,"3ee0db52"
"orfs","fs","or100","OR 1.0 n500","Hc","fld","share_upper_le_tau",2,1,0,0.995511,1,852,"3ee0db52"
"orfs","fs","or100","OR 1.0 n500","Hc","fld","bound_mean",,0.94127164,0.00593887,,,852,"3ee0db52"
"orfs","fs","or100","OR 1.0 n500","Hc","fld","bound_q05",,0.67809126,,,,852,"3ee0db52"
"orfs","fs","or100","OR 1.0 n500","Hc","fld","bound_q25",,0.82079385,,,,852,"3ee0db52"
"orfs","fs","or100","OR 1.0 n500","Hc","fld","bound_q50",,0.92869892,,,,852,"3ee0db52"
"orfs","fs","or100","OR 1.0 n500","Hc","fld","bound_q75",,1.053773,,,,852,"3ee0db52"
"orfs","fs","or100","OR 1.0 n500","Hc","fld","bound_q95",,1.2427296,,,,852,"3ee0db52"
"orfs","fs","or100","OR 1.0 n500","Hc","mr","share_upper_le_tau",0.7,0.0035211268,0.00202934,0.00119821,0.010301,852,"3ee0db52"
"orfs","fs","or100","OR 1.0 n500","Hc","mr","share_upper_le_tau",0.8,0.011737089,0.00368975,0.00638766,0.0214697,852,"3ee0db52"
"orfs","fs","or100","OR 1.0 n500","Hc","mr","share_upper_le_tau",0.9,0.058685446,0.00805217,0.0447957,0.0765369,852,"3ee0db52"
"orfs","fs","or100","OR 1.0 n500","Hc","mr","share_upper_le_tau",1,0.13732394,0.0117917,0.115835,0.162069,852,"3ee0db52"
"orfs","fs","or100","OR 1.0 n500","Hc","mr","share_upper_le_tau",1.25,0.55633803,0.0170206,0.522799,0.589371,852,"3ee0db52"
"orfs","fs","or100","OR 1.0 n500","Hc","mr","share_upper_le_tau",1.5,0.88497653,0.0109305,0.861804,0.904694,852,"3ee0db52"
"orfs","fs","or100","OR 1.0 n500","Hc","mr","share_upper_le_tau",2,0.99882629,0.00117302,0.993382,0.999793,852,"3ee0db52"
"orfs","fs","or100","OR 1.0 n500","Hc","mr","bound_mean",,1.2284494,0.00766463,,,852,"3ee0db52"
"orfs","fs","or100","OR 1.0 n500","Hc","mr","bound_q05",,0.88455847,,,,852,"3ee0db52"
"orfs","fs","or100","OR 1.0 n500","Hc","mr","bound_q25",,1.0716875,,,,852,"3ee0db52"
"orfs","fs","or100","OR 1.0 n500","Hc","mr","bound_q50",,1.2164122,,,,852,"3ee0db52"
"orfs","fs","or100","OR 1.0 n500","Hc","mr","bound_q75",,1.3722451,,,,852,"3ee0db52"
"orfs","fs","or100","OR 1.0 n500","Hc","mr","bound_q95",,1.6232749,,,,852,"3ee0db52"
"orfs","fs","or100","OR 1.0 n500","Hc","naive","share_upper_le_tau",0.7,0.22887324,0.0143926,0.201918,0.258262,852,"3ee0db52"
"orfs","fs","or100","OR 1.0 n500","Hc","naive","share_upper_le_tau",0.8,0.51525822,0.0171217,0.481707,0.548672,852,"3ee0db52"
"orfs","fs","or100","OR 1.0 n500","Hc","naive","share_upper_le_tau",0.9,0.7629108,0.0145705,0.733213,0.790249,852,"3ee0db52"
"orfs","fs","or100","OR 1.0 n500","Hc","naive","share_upper_le_tau",1,0.90375587,0.010104,0.882102,0.921786,852,"3ee0db52"
"orfs","fs","or100","OR 1.0 n500","Hc","naive","share_upper_le_tau",1.25,0.99765258,0.00165793,0.991482,0.999356,852,"3ee0db52"
"orfs","fs","or100","OR 1.0 n500","Hc","naive","share_upper_le_tau",1.5,1,0,0.995511,1,852,"3ee0db52"
"orfs","fs","or100","OR 1.0 n500","Hc","naive","share_upper_le_tau",2,1,0,0.995511,1,852,"3ee0db52"
"orfs","fs","or100","OR 1.0 n500","Hc","naive","bound_mean",,0.80713741,0.00487064,,,852,"3ee0db52"
"orfs","fs","or100","OR 1.0 n500","Hc","naive","bound_q05",,0.59112951,,,,852,"3ee0db52"
"orfs","fs","or100","OR 1.0 n500","Hc","naive","bound_q25",,0.7088389,,,,852,"3ee0db52"
"orfs","fs","or100","OR 1.0 n500","Hc","naive","bound_q50",,0.79611758,,,,852,"3ee0db52"
"orfs","fs","or100","OR 1.0 n500","Hc","naive","bound_q75",,0.89508594,,,,852,"3ee0db52"
"orfs","fs","or100","OR 1.0 n500","Hc","naive","bound_q95",,1.0551669,,,,852,"3ee0db52"
"orfs","fs","or100","OR 1.0 n500","joint","bonf_s","joint_coverage",,0.96361502,0.00641495,0.948818,0.97425,852,"3ee0db52"
"orfs","fs","or100","OR 1.0 n500","joint","bonf_s","share_both_bounds",,1,0,0.995511,1,852,"3ee0db52"
"orfs","fs","or100","OR 1.0 n500","joint","bonf_s","cov_H",,0.99061033,0.00330413,0.981582,0.995235,852,"3ee0db52"
"orfs","fs","or100","OR 1.0 n500","joint","bonf_s","cov_Hc",,0.97300469,0.00555241,0.959818,0.981945,852,"3ee0db52"
"orfs","fs","or100","OR 1.0 n500","joint","bonf_s","margin_H_or",,0.68100534,0.00984965,,,852,"3ee0db52"
"orfs","fs","or100","OR 1.0 n500","joint","bonf_s","margin_Hc_or",,0.35560733,0.00230392,,,852,"3ee0db52"
"orfs","fs","or100","OR 1.0 n500","joint","bonf","joint_coverage",,0.95657277,0.00698265,0.940716,0.968331,852,"3ee0db52"
"orfs","fs","or100","OR 1.0 n500","joint","bonf","share_both_bounds",,1,0,0.995511,1,852,"3ee0db52"
"orfs","fs","or100","OR 1.0 n500","joint","bonf","cov_H",,0.99061033,0.00330413,0.981582,0.995235,852,"3ee0db52"
"orfs","fs","or100","OR 1.0 n500","joint","bonf","cov_Hc",,0.96596244,0.00621212,0.951544,0.976198,852,"3ee0db52"
"orfs","fs","or100","OR 1.0 n500","joint","bonf","margin_H_or",,0.68100534,0.00984965,,,852,"3ee0db52"
"orfs","fs","or100","OR 1.0 n500","joint","bonf","margin_Hc_or",,0.3445872,0.00228426,,,852,"3ee0db52"
"orfs","fs","or100","OR 1.0 n500","joint","separate_s","joint_coverage",,0.92605634,0.00896498,0.906508,0.94178,852,"3ee0db52"
"orfs","fs","or100","OR 1.0 n500","joint","separate_s","share_both_bounds",,1,0,0.995511,1,852,"3ee0db52"
"orfs","fs","or100","OR 1.0 n500","joint","separate_s","cov_H",,0.97769953,0.00505871,0.965433,0.985678,852,"3ee0db52"
"orfs","fs","or100","OR 1.0 n500","joint","separate_s","cov_Hc",,0.94835681,0.00758181,0.931382,0.961307,852,"3ee0db52"
"orfs","fs","or100","OR 1.0 n500","joint","separate_s","margin_H_or",,0.61970508,0.00902744,,,852,"3ee0db52"
"orfs","fs","or100","OR 1.0 n500","joint","separate_s","margin_Hc_or",,0.29274248,0.00192046,,,852,"3ee0db52"
"orfs","fs","or100","OR 1.0 n500","joint","calibrated","gamma_mean_s",,0.025075117,9.33573e-06,,,852,"3ee0db52"
"orfs","fs","or100","OR 1.0 n500","joint","calibrated","corr_s",,0.077236124,0.0020661,,,852,"3ee0db52"
"orfs","fs","or100","OR 1.0 n500","joint","calibrated","gamma_mean",,0.02506338,8.67605e-06,,,852,"3ee0db52"
"orfs","fs","or100","OR 1.0 n500","joint","calibrated","corr",,0.082011556,0.00210915,,,852,"3ee0db52"
"orfs","fs","or100","OR 1.0 n500","H","all","mean_size_hhat",,101.28169,1.0736,,,852,"3ee0db52"
"orfs","fs","or100","OR 1.0 n500","H","all","mean_true_positives",,22.537559,0.65005,,,852,"3ee0db52"
"orfs","fs","or100","OR 1.0 n500","H","all","sensitivity_mean",,0.3026938,0.00863203,,,852,"3ee0db52"
"orfs","fs","or100","OR 1.0 n500","H","all","ppv_mean",,0.23738924,0.0071506,,,852,"3ee0db52"
"orfs","fs","or100","OR 1.0 n500","H","all","spec_mean",,0.81510591,0.00284519,,,852,"3ee0db52"
"orfs","fs","or100","OR 1.0 n500","H","all","mean_n_family",,2140.0927,4.28763,,,852,"3ee0db52"
"orfs","fs","or100","OR 1.0 n500","H","all","mean_admitted_n",,,,,,0,"3ee0db52"
"orfs","fs","or100","OR 1.0 n500","H","all","mean_proposed_n",,,,,,0,"3ee0db52"
"orfs","fs","or100","OR 1.0 n500","H","all","mean_n_cons_qual",,41.951878,2.31898,,,852,"3ee0db52"
"orfs","fs","or100","OR 1.0 n500","H","all","mean_band_n",,3.5833333,0.0956474,,,852,"3ee0db52"
"orfs","fs","or100","OR 1.0 n500","H","all","mean_n_true",,74.29108,0.263594,,,852,"3ee0db52"
"orfs","fs","or100","OR 1.0 n500","H","all","p_hat_mean",,0.078492958,0.00282353,,,852,"3ee0db52"
"orfs","fs","or100","OR 1.0 n500","H","all","p_hat_share_lt_05",,0.99765258,0.00165793,0.991482,0.999356,852,"3ee0db52"
"orfs","fs","or100","OR 1.0 n500","Hc","mr","sd_btc_over_naive_se",,0.87595854,,,,852,"3ee0db52"
"orfs","fs","or100","OR 1.0 n500","Hc","fld","lamsd_over_naive_se",,0.96171546,,,,852,"3ee0db52"
"orfs","fs","or100","OR 1.0 n500","Hc","fld_s","lamsd_over_naive_se",,0.99245691,,,,852,"3ee0db52"
"orfs","fs","or100","OR 1.0 n500","all","all","secs_fit_mr_mean",,51.167196,0.616182,,,1000,"3ee0db52"
"orfs","fs","or100","OR 1.0 n500","all","all","secs_id_mean",,9.170039,0.067438,,,1000,"3ee0db52"
"orfs","fs","or100","OR 1.0 n500","all","all","secs_field_mean",,26.590511,0.122861,,,852,"3ee0db52"
"orfs","fs","or100","OR 1.0 n500","all","all","secs_complement_mean",,3.756108,0.0190773,,,852,"3ee0db52"
"orfs","fs","or100","OR 1.0 n500","H","naive","display_b",,4.1240022,,,,852,"3ee0db52"
"orfs","fs","or100","OR 1.0 n500","H","naive","display_r",,1.6479465,,,,852,"3ee0db52"
"orfs","fs","or100","OR 1.0 n500","H","naive","display_cov1",,0.018779343,,,,852,"3ee0db52"
"orfs","fs","or100","OR 1.0 n500","H","naive","display_cov1_ref",,0.078773264,,,,852,"3ee0db52"
"orfs","fs","or100","OR 1.0 n500","H","naive","display_cov2",,0.11032864,,,,852,"3ee0db52"
"orfs","fs","or100","OR 1.0 n500","H","naive","display_cov2_ref",,0.18563781,,,,852,"3ee0db52"
"orfs","fs","or100","OR 1.0 n500","H","mr","display_b",,0.76882624,,,,852,"3ee0db52"
"orfs","fs","or100","OR 1.0 n500","H","mr","display_r",,1.7555131,,,,852,"3ee0db52"
"orfs","fs","or100","OR 1.0 n500","H","mr","display_cov1",,0.98004695,,,,852,"3ee0db52"
"orfs","fs","or100","OR 1.0 n500","H","mr","display_cov1_ref",,0.9829436,,,,852,"3ee0db52"
"orfs","fs","or100","OR 1.0 n500","H","mr","display_cov2",,0.99530516,,,,852,"3ee0db52"
"orfs","fs","or100","OR 1.0 n500","H","mr","display_cov2_ref",,0.99621623,,,,852,"3ee0db52"
"orfs","fs","or100","OR 1.0 n500","H","fld","display_b",,0.26345703,,,,852,"3ee0db52"
"orfs","fs","or100","OR 1.0 n500","H","fld","display_r",,1.3878654,,,,852,"3ee0db52"
"orfs","fs","or100","OR 1.0 n500","H","fld","display_cov1",,0.97769953,,,,852,"3ee0db52"
"orfs","fs","or100","OR 1.0 n500","H","fld","display_cov1_ref",,0.97827605,,,,852,"3ee0db52"
"orfs","fs","or100","OR 1.0 n500","H","fld","display_cov2",,0.99061033,,,,852,"3ee0db52"
"orfs","fs","or100","OR 1.0 n500","H","fld","display_cov2_ref",,0.99156491,,,,852,"3ee0db52"
"orfs","fs","or100","OR 1.0 n500","Hc","naive","display_b",,-1.162035,,,,852,"3ee0db52"
"orfs","fs","or100","OR 1.0 n500","Hc","naive","display_r",,1.1563865,,,,852,"3ee0db52"
"orfs","fs","or100","OR 1.0 n500","Hc","naive","display_cov1",,0.79460094,,,,852,"3ee0db52"
"orfs","fs","or100","OR 1.0 n500","Hc","naive","display_cov1_ref",,0.77036564,,,,852,"3ee0db52"
"orfs","fs","or100","OR 1.0 n500","Hc","naive","display_cov2",,0.87558685,,,,852,"3ee0db52"
"orfs","fs","or100","OR 1.0 n500","Hc","naive","display_cov2_ref",,0.86499559,,,,852,"3ee0db52"
"orfs","fs","or100","OR 1.0 n500","Hc","mr","display_b",,-0.39311926,,,,852,"3ee0db52"
"orfs","fs","or100","OR 1.0 n500","Hc","mr","display_r",,2.0715635,,,,852,"3ee0db52"
"orfs","fs","or100","OR 1.0 n500","Hc","mr","display_cov1",,0.99882629,,,,852,"3ee0db52"
"orfs","fs","or100","OR 1.0 n500","Hc","mr","display_cov1_ref",,0.99871213,,,,852,"3ee0db52"
"orfs","fs","or100","OR 1.0 n500","Hc","mr","display_cov2",,1,,,,852,"3ee0db52"
"orfs","fs","or100","OR 1.0 n500","Hc","mr","display_cov2_ref",,0.9998731,,,,852,"3ee0db52"
"orfs","fs","or100","OR 1.0 n500","Hc","fld","display_b",,-0.23962469,,,,852,"3ee0db52"
"orfs","fs","or100","OR 1.0 n500","Hc","fld","display_r",,1.0814993,,,,852,"3ee0db52"
"orfs","fs","or100","OR 1.0 n500","Hc","fld","display_cov1",,0.92840376,,,,852,"3ee0db52"
"orfs","fs","or100","OR 1.0 n500","Hc","fld","display_cov1_ref",,0.93813242,,,,852,"3ee0db52"
"orfs","fs","or100","OR 1.0 n500","Hc","fld","display_cov2",,0.96126761,,,,852,"3ee0db52"
"orfs","fs","or100","OR 1.0 n500","Hc","fld","display_cov2_ref",,0.96079694,,,,852,"3ee0db52"
"orfs","fs","or100","OR 1.0 n500","Hc","fld_s","display_b",,-0.23840939,,,,852,"3ee0db52"
"orfs","fs","or100","OR 1.0 n500","Hc","fld_s","display_r",,1.1171117,,,,852,"3ee0db52"
"orfs","fs","or100","OR 1.0 n500","Hc","fld_s","display_cov1",,0.94835681,,,,852,"3ee0db52"
"orfs","fs","or100","OR 1.0 n500","Hc","fld_s","display_cov1_ref",,0.94509813,,,,852,"3ee0db52"
"orfs","fs","or100","OR 1.0 n500","Hc","fld_s","display_cov2",,0.96830986,,,,852,"3ee0db52"
"orfs","fs","or100","OR 1.0 n500","Hc","fld_s","display_cov2_ref",,0.9668837,,,,852,"3ee0db52"
"orgrf","grf","or100","OR 1.0 n500","H","all","declaration_rate",,0.999,0.0009995,0.994357,0.999823,1000,"d392ff52"
"orgrf","grf","or100","OR 1.0 n500","H","naive","n_nonconvergent_fits",,0,,,,999,"d392ff52"
"orgrf","grf","or100","OR 1.0 n500","H","naive","bias_or",,1.6295518,0.0315797,,,999,"d392ff52"
"orgrf","grf","or100","OR 1.0 n500","H","naive","bias_log",,1.119832,0.0120908,,,999,"d392ff52"
"orgrf","grf","or100","OR 1.0 n500","H","naive","bias_sd_units",,3.0220732,0.0326293,,,999,"d392ff52"
"orgrf","grf","or100","OR 1.0 n500","H","naive","sd_emp_or",,0.99391689,0.0222469,,,999,"d392ff52"
"orgrf","grf","or100","OR 1.0 n500","H","naive","sd_emp_log",,0.37055091,0.00829407,,,999,"d392ff52"
"orgrf","grf","or100","OR 1.0 n500","H","naive","se_mean",,0.49180497,0.00322555,,,999,"d392ff52"
"orgrf","grf","or100","OR 1.0 n500","H","naive","se_over_sd",,1.3272264,0.0309565,,,999,"d392ff52"
"orgrf","grf","or100","OR 1.0 n500","H","naive","cov1_lower",,0.14414414,0.0111126,0.123726,0.167289,999,"d392ff52"
"orgrf","grf","or100","OR 1.0 n500","H","naive","cov2",,0.3023023,0.0145302,0.274625,0.331494,999,"d392ff52"
"orgrf","grf","or100","OR 1.0 n500","H","naive","halfwidth_or",,2.925126,,,,999,"d392ff52"
"orgrf","grf","or100","OR 1.0 n500","H","naive","margin1_or",,1.3303512,,,,999,"d392ff52"
"orgrf","grf","or100","OR 1.0 n500","H","naive","cov2_theta_dagger",,0.75375375,0.0136307,0.7261,0.779464,999,"d392ff52"
"orgrf","grf","or100","OR 1.0 n500","H","naive","cov1_lower_theta_dagger",,0.56656657,0.0156785,0.53564,0.596983,999,"d392ff52"
"orgrf","grf","or100","OR 1.0 n500","H","naive","cov2_theta_ddagger",,0.75375375,0.0136307,0.7261,0.779464,999,"d392ff52"
"orgrf","grf","or100","OR 1.0 n500","H","naive","cov1_lower_theta_ddagger",,0.56656657,0.0156785,0.53564,0.596983,999,"d392ff52"
"orgrf","grf","or100","OR 1.0 n500","H","oracle","n_nonconvergent_fits",,0,,,,999,"d392ff52"
"orgrf","grf","or100","OR 1.0 n500","H","oracle","bias_or",,0.12964742,0.0191264,,,999,"d392ff52"
"orgrf","grf","or100","OR 1.0 n500","H","oracle","bias_log",,0.0082365783,0.0148446,,,999,"d392ff52"
"orgrf","grf","or100","OR 1.0 n500","H","oracle","bias_sd_units",,0.017554742,0.0316386,,,999,"d392ff52"
"orgrf","grf","or100","OR 1.0 n500","H","oracle","sd_emp_or",,0.60452831,0.0135312,,,999,"d392ff52"
"orgrf","grf","or100","OR 1.0 n500","H","oracle","sd_emp_log",,0.46919392,0.010502,,,999,"d392ff52"
"orgrf","grf","or100","OR 1.0 n500","H","oracle","se_mean",,0.47738203,0.000891347,,,999,"d392ff52"
"orgrf","grf","or100","OR 1.0 n500","H","oracle","se_over_sd",,1.0174514,0.0228528,,,999,"d392ff52"
"orgrf","grf","or100","OR 1.0 n500","H","oracle","cov1_lower",,0.95295295,0.00669914,0.937999,0.964437,999,"d392ff52"
"orgrf","grf","or100","OR 1.0 n500","H","oracle","cov2",,0.96196196,0.00605209,0.948222,0.972163,999,"d392ff52"
"orgrf","grf","or100","OR 1.0 n500","H","oracle","halfwidth_or",,1.2255515,,,,999,"d392ff52"
"orgrf","grf","or100","OR 1.0 n500","H","oracle","margin1_or",,0.61533223,,,,999,"d392ff52"
"orgrf","grf","or100","OR 1.0 n500","H","mr","n_nonconvergent_fits",,0,,,,999,"d392ff52"
"orgrf","grf","or100","OR 1.0 n500","H","mr","bias_or",,0.33621948,0.0174681,,,999,"d392ff52"
"orgrf","grf","or100","OR 1.0 n500","H","mr","bias_log",,0.28933896,0.013848,,,999,"d392ff52"
"orgrf","grf","or100","OR 1.0 n500","H","mr","bias_sd_units",,0.67463915,0.0322888,,,999,"d392ff52"
"orgrf","grf","or100","OR 1.0 n500","H","mr","sd_emp_or",,0.54750065,0.0122547,,,999,"d392ff52"
"orgrf","grf","or100","OR 1.0 n500","H","mr","sd_emp_log",,0.42887958,0.00959964,,,999,"d392ff52"
"orgrf","grf","or100","OR 1.0 n500","H","mr","se_mean",,0.61817642,0.00330496,,,999,"d392ff52"
"orgrf","grf","or100","OR 1.0 n500","H","mr","se_over_sd",,1.4413753,0.03317,,,999,"d392ff52"
"orgrf","grf","or100","OR 1.0 n500","H","mr","cov1_lower",,0.96196196,0.00605209,0.948222,0.972163,999,"d392ff52"
"orgrf","grf","or100","OR 1.0 n500","H","mr","cov2",,0.99099099,0.00298945,0.982967,0.995253,999,"d392ff52"
"orgrf","grf","or100","OR 1.0 n500","H","mr","halfwidth_or",,1.8077613,,,,999,"d392ff52"
"orgrf","grf","or100","OR 1.0 n500","H","mr","margin1_or",,0.68208501,,,,999,"d392ff52"
"orgrf","grf","or100","OR 1.0 n500","H","mr","cov2_theta_dagger",,0.998999,0.0010005,0.994352,0.999823,999,"d392ff52"
"orgrf","grf","or100","OR 1.0 n500","H","mr","cov1_lower_theta_dagger",,0.996997,0.00173118,0.991208,0.998978,999,"d392ff52"
"orgrf","grf","or100","OR 1.0 n500","H","mr","cov2_theta_ddagger",,0.998999,0.0010005,0.994352,0.999823,999,"d392ff52"
"orgrf","grf","or100","OR 1.0 n500","H","mr","cov1_lower_theta_ddagger",,0.996997,0.00173118,0.991208,0.998978,999,"d392ff52"
"orgrf","grf","or100","OR 1.0 n500","H","fld","n_nonconvergent_fits",,0,,,,999,"d392ff52"
"orgrf","grf","or100","OR 1.0 n500","H","fld","bias_or",,0.18991831,0.01587,,,999,"d392ff52"
"orgrf","grf","or100","OR 1.0 n500","H","fld","bias_log",,0.13040491,0.0143608,,,999,"d392ff52"
"orgrf","grf","or100","OR 1.0 n500","H","fld","bias_sd_units",,0.29224787,0.0321837,,,999,"d392ff52"
"orgrf","grf","or100","OR 1.0 n500","H","fld","sd_emp_or",,0.4973228,0.0111316,,,999,"d392ff52"
"orgrf","grf","or100","OR 1.0 n500","H","fld","sd_emp_log",,0.44621338,0.00998763,,,999,"d392ff52"
"orgrf","grf","or100","OR 1.0 n500","H","fld","se_mean",,0.47019166,0.0011685,,,999,"d392ff52"
"orgrf","grf","or100","OR 1.0 n500","H","fld","se_over_sd",,1.0537372,0.0237308,,,999,"d392ff52"
"orgrf","grf","or100","OR 1.0 n500","H","fld","cov1_lower",,0.93593594,0.00774725,0.919019,0.949513,999,"d392ff52"
"orgrf","grf","or100","OR 1.0 n500","H","fld","cov2",,0.95795796,0.0063494,0.94366,0.968748,999,"d392ff52"
"orgrf","grf","or100","OR 1.0 n500","H","fld","halfwidth_or",,0.90437637,,,,999,"d392ff52"
"orgrf","grf","or100","OR 1.0 n500","H","fld","margin1_or",,0.65708627,,,,999,"d392ff52"
"orgrf","grf","or100","OR 1.0 n500","H","fld","cov2_theta_dagger",,0.90890891,0.00910365,0.889465,0.92522,999,"d392ff52"
"orgrf","grf","or100","OR 1.0 n500","H","fld","cov1_lower_theta_dagger",,0.98298298,0.00409197,0.972917,0.989349,999,"d392ff52"
"orgrf","grf","or100","OR 1.0 n500","H","fld","cov2_theta_ddagger",,0.90890891,0.00910365,0.889465,0.92522,999,"d392ff52"
"orgrf","grf","or100","OR 1.0 n500","H","fld","cov1_lower_theta_ddagger",,0.98298298,0.00409197,0.972917,0.989349,999,"d392ff52"
"orgrf","grf","or100","OR 1.0 n500","H","fld","share_lower_ge_tau",0.7,0.067067067,0.00791402,0.0531554,0.0842955,999,"d392ff52"
"orgrf","grf","or100","OR 1.0 n500","H","fld","share_lower_ge_tau",0.8,0.041041041,0.00627663,0.0303955,0.0552027,999,"d392ff52"
"orgrf","grf","or100","OR 1.0 n500","H","fld","share_lower_ge_tau",0.9,0.027027027,0.00513058,0.0186401,0.0390375,999,"d392ff52"
"orgrf","grf","or100","OR 1.0 n500","H","fld","share_lower_ge_tau",1,0.017017017,0.00409197,0.0106514,0.0270829,999,"d392ff52"
"orgrf","grf","or100","OR 1.0 n500","H","fld","share_lower_ge_tau",1.25,0.004004004,0.00199799,0.00155815,0.0102498,999,"d392ff52"
"orgrf","grf","or100","OR 1.0 n500","H","fld","share_lower_ge_tau",1.5,0.001001001,0.0010005,0.000176723,0.00564818,999,"d392ff52"
"orgrf","grf","or100","OR 1.0 n500","H","fld","share_lower_ge_tau",2,0,0,-2.1684e-19,0.00383057,999,"d392ff52"
"orgrf","grf","or100","OR 1.0 n500","H","fld","bound_mean",,0.392336,0.00596404,,,999,"d392ff52"
"orgrf","grf","or100","OR 1.0 n500","H","fld","bound_q05",,0.18928232,,,,999,"d392ff52"
"orgrf","grf","or100","OR 1.0 n500","H","fld","bound_q25",,0.26454499,,,,999,"d392ff52"
"orgrf","grf","or100","OR 1.0 n500","H","fld","bound_q50",,0.3464691,,,,999,"d392ff52"
"orgrf","grf","or100","OR 1.0 n500","H","fld","bound_q75",,0.46084418,,,,999,"d392ff52"
"orgrf","grf","or100","OR 1.0 n500","H","fld","bound_q95",,0.77018639,,,,999,"d392ff52"
"orgrf","grf","or100","OR 1.0 n500","H","oracle","share_lower_ge_tau",0.7,0.17817818,0.0121069,0.155695,0.203127,999,"d392ff52"
"orgrf","grf","or100","OR 1.0 n500","H","oracle","share_lower_ge_tau",0.8,0.11911912,0.0102486,0.100477,0.14068,999,"d392ff52"
"orgrf","grf","or100","OR 1.0 n500","H","oracle","share_lower_ge_tau",0.9,0.078078078,0.00848846,0.0630106,0.0963779,999,"d392ff52"
"orgrf","grf","or100","OR 1.0 n500","H","oracle","share_lower_ge_tau",1,0.047047047,0.00669914,0.0355629,0.0620014,999,"d392ff52"
"orgrf","grf","or100","OR 1.0 n500","H","oracle","share_lower_ge_tau",1.25,0.016016016,0.00397181,0.00988215,0.0258578,999,"d392ff52"
"orgrf","grf","or100","OR 1.0 n500","H","oracle","share_lower_ge_tau",1.5,0.009009009,0.00298945,0.00474681,0.0170328,999,"d392ff52"
"orgrf","grf","or100","OR 1.0 n500","H","oracle","share_lower_ge_tau",2,0.002002002,0.00141421,0.000549193,0.00727005,999,"d392ff52"
"orgrf","grf","or100","OR 1.0 n500","H","oracle","bound_mean",,0.51431519,0.00842659,,,999,"d392ff52"
"orgrf","grf","or100","OR 1.0 n500","H","oracle","bound_q05",,0.20298191,,,,999,"d392ff52"
"orgrf","grf","or100","OR 1.0 n500","H","oracle","bound_q25",,0.33874525,,,,999,"d392ff52"
"orgrf","grf","or100","OR 1.0 n500","H","oracle","bound_q50",,0.4609338,,,,999,"d392ff52"
"orgrf","grf","or100","OR 1.0 n500","H","oracle","bound_q75",,0.61623317,,,,999,"d392ff52"
"orgrf","grf","or100","OR 1.0 n500","H","oracle","bound_q95",,0.98039026,,,,999,"d392ff52"
"orgrf","grf","or100","OR 1.0 n500","H","mr","share_lower_ge_tau",0.7,0.035035035,0.00581734,0.0252977,0.0483346,999,"d392ff52"
"orgrf","grf","or100","OR 1.0 n500","H","mr","share_lower_ge_tau",0.8,0.019019019,0.00432157,0.0122091,0.0295138,999,"d392ff52"
"orgrf","grf","or100","OR 1.0 n500","H","mr","share_lower_ge_tau",0.9,0.008008008,0.0028199,0.00406326,0.015722,999,"d392ff52"
"orgrf","grf","or100","OR 1.0 n500","H","mr","share_lower_ge_tau",1,0.003003003,0.00173118,0.00102181,0.00879177,999,"d392ff52"
"orgrf","grf","or100","OR 1.0 n500","H","mr","share_lower_ge_tau",1.25,0,0,-2.1684e-19,0.00383057,999,"d392ff52"
"orgrf","grf","or100","OR 1.0 n500","H","mr","share_lower_ge_tau",1.5,0,0,-2.1684e-19,0.00383057,999,"d392ff52"
"orgrf","grf","or100","OR 1.0 n500","H","mr","share_lower_ge_tau",2,0,0,-2.1684e-19,0.00383057,999,"d392ff52"
"orgrf","grf","or100","OR 1.0 n500","H","mr","bound_mean",,0.36733726,0.0045961,,,999,"d392ff52"
"orgrf","grf","or100","OR 1.0 n500","H","mr","bound_q05",,0.19850759,,,,999,"d392ff52"
"orgrf","grf","or100","OR 1.0 n500","H","mr","bound_q25",,0.26555904,,,,999,"d392ff52"
"orgrf","grf","or100","OR 1.0 n500","H","mr","bound_q50",,0.33510807,,,,999,"d392ff52"
"orgrf","grf","or100","OR 1.0 n500","H","mr","bound_q75",,0.42633027,,,,999,"d392ff52"
"orgrf","grf","or100","OR 1.0 n500","H","mr","bound_q95",,0.66398006,,,,999,"d392ff52"
"orgrf","grf","or100","OR 1.0 n500","H","naive","share_lower_ge_tau",0.7,0.88088088,0.0102486,0.85932,0.899523,999,"d392ff52"
"orgrf","grf","or100","OR 1.0 n500","H","naive","share_lower_ge_tau",0.8,0.73873874,0.0138995,0.710619,0.76503,999,"d392ff52"
"orgrf","grf","or100","OR 1.0 n500","H","naive","share_lower_ge_tau",0.9,0.58058058,0.0156125,0.549729,0.610815,999,"d392ff52"
"orgrf","grf","or100","OR 1.0 n500","H","naive","share_lower_ge_tau",1,0.43343343,0.0156785,0.403017,0.46436,999,"d392ff52"
"orgrf","grf","or100","OR 1.0 n500","H","naive","share_lower_ge_tau",1.25,0.18018018,0.0121599,0.157586,0.205224,999,"d392ff52"
"orgrf","grf","or100","OR 1.0 n500","H","naive","share_lower_ge_tau",1.5,0.073073073,0.00823415,0.0585179,0.0908989,999,"d392ff52"
"orgrf","grf","or100","OR 1.0 n500","H","naive","share_lower_ge_tau",2,0.014014014,0.00371907,0.00836596,0.0233853,999,"d392ff52"
"orgrf","grf","or100","OR 1.0 n500","H","naive","bound_mean",,1.0124034,0.0098832,,,999,"d392ff52"
"orgrf","grf","or100","OR 1.0 n500","H","naive","bound_q05",,0.61748117,,,,999,"d392ff52"
"orgrf","grf","or100","OR 1.0 n500","H","naive","bound_q25",,0.79488985,,,,999,"d392ff52"
"orgrf","grf","or100","OR 1.0 n500","H","naive","bound_q50",,0.94788109,,,,999,"d392ff52"
"orgrf","grf","or100","OR 1.0 n500","H","naive","bound_q75",,1.1714668,,,,999,"d392ff52"
"orgrf","grf","or100","OR 1.0 n500","H","naive","bound_q95",,1.5763908,,,,999,"d392ff52"
"orgrf","grf","or100","OR 1.0 n500","Hc","naive","n_nonconvergent_fits",,0,,,,999,"d392ff52"
"orgrf","grf","or100","OR 1.0 n500","Hc","naive","bias_or",,-0.12020507,0.00360419,,,999,"d392ff52"
"orgrf","grf","or100","OR 1.0 n500","Hc","naive","bias_log",,-0.20880976,0.00630575,,,999,"d392ff52"
"orgrf","grf","or100","OR 1.0 n500","Hc","naive","bias_sd_units",,-1.0414736,0.031451,,,999,"d392ff52"
"orgrf","grf","or100","OR 1.0 n500","Hc","naive","sd_emp_or",,0.11453596,0.00256367,,,999,"d392ff52"
"orgrf","grf","or100","OR 1.0 n500","Hc","naive","sd_emp_log",,0.20049452,0.00448768,,,999,"d392ff52"
"orgrf","grf","or100","OR 1.0 n500","Hc","naive","se_mean",,0.20598268,0.000279091,,,999,"d392ff52"
"orgrf","grf","or100","OR 1.0 n500","Hc","naive","se_over_sd",,1.0273731,0.0230379,,,999,"d392ff52"
"orgrf","grf","or100","OR 1.0 n500","Hc","naive","cov1_upper",,0.76176176,0.0134782,0.734374,0.787144,999,"d392ff52"
"orgrf","grf","or100","OR 1.0 n500","Hc","naive","cov2",,0.84684685,0.0113942,0.823189,0.867847,999,"d392ff52"
"orgrf","grf","or100","OR 1.0 n500","Hc","naive","halfwidth_or",,0.23841892,,,,999,"d392ff52"
"orgrf","grf","or100","OR 1.0 n500","Hc","naive","margin1_or",,0.23174048,,,,999,"d392ff52"
"orgrf","grf","or100","OR 1.0 n500","Hc","oracle","n_nonconvergent_fits",,0,,,,999,"d392ff52"
"orgrf","grf","or100","OR 1.0 n500","Hc","oracle","bias_or",,0.0152955,0.00413823,,,999,"d392ff52"
"orgrf","grf","or100","OR 1.0 n500","Hc","oracle","bias_log",,0.0041550339,0.00617475,,,999,"d392ff52"
"orgrf","grf","or100","OR 1.0 n500","Hc","oracle","bias_sd_units",,0.021289841,0.0316386,,,999,"d392ff52"
"orgrf","grf","or100","OR 1.0 n500","Hc","oracle","sd_emp_or",,0.1307968,0.00292763,,,999,"d392ff52"
"orgrf","grf","or100","OR 1.0 n500","Hc","oracle","sd_emp_log",,0.1951651,0.00436839,,,999,"d392ff52"
"orgrf","grf","or100","OR 1.0 n500","Hc","oracle","se_mean",,0.20169654,0.000108315,,,999,"d392ff52"
"orgrf","grf","or100","OR 1.0 n500","Hc","oracle","se_over_sd",,1.0334663,0.0231388,,,999,"d392ff52"
"orgrf","grf","or100","OR 1.0 n500","Hc","oracle","cov1_upper",,0.95795796,0.0063494,0.94366,0.968748,999,"d392ff52"
"orgrf","grf","or100","OR 1.0 n500","Hc","oracle","cov2",,0.95795796,0.0063494,0.94366,0.968748,999,"d392ff52"
"orgrf","grf","or100","OR 1.0 n500","Hc","oracle","halfwidth_or",,0.27215985,,,,999,"d392ff52"
"orgrf","grf","or100","OR 1.0 n500","Hc","oracle","margin1_or",,0.26389371,,,,999,"d392ff52"
"orgrf","grf","or100","OR 1.0 n500","Hc","mr","n_nonconvergent_fits",,0,,,,999,"d392ff52"
"orgrf","grf","or100","OR 1.0 n500","Hc","mr","bias_or",,-0.032462088,0.0040965,,,999,"d392ff52"
"orgrf","grf","or100","OR 1.0 n500","Hc","mr","bias_log",,-0.066697736,0.00621672,,,999,"d392ff52"
"orgrf","grf","or100","OR 1.0 n500","Hc","mr","bias_sd_units",,-0.33779426,0.0314849,,,999,"d392ff52"
"orgrf","grf","or100","OR 1.0 n500","Hc","mr","sd_emp_or",,0.1300534,0.00291099,,,999,"d392ff52"
"orgrf","grf","or100","OR 1.0 n500","Hc","mr","sd_emp_log",,0.19745077,0.00441956,,,999,"d392ff52"
"orgrf","grf","or100","OR 1.0 n500","Hc","mr","se_mean",,0.38103105,0.000340847,,,999,"d392ff52"
"orgrf","grf","or100","OR 1.0 n500","Hc","mr","se_over_sd",,1.9297522,0.0432283,,,999,"d392ff52"
"orgrf","grf","or100","OR 1.0 n500","Hc","mr","cov1_upper",,0.997998,0.00141421,0.99273,0.999451,999,"d392ff52"
"orgrf","grf","or100","OR 1.0 n500","Hc","mr","cov2",,0.998999,0.0010005,0.994352,0.999823,999,"d392ff52"
"orgrf","grf","or100","OR 1.0 n500","Hc","mr","halfwidth_or",,0.54300445,,,,999,"d392ff52"
"orgrf","grf","or100","OR 1.0 n500","Hc","mr","margin1_or",,0.57828355,,,,999,"d392ff52"
"orgrf","grf","or100","OR 1.0 n500","Hc","fld","n_nonconvergent_fits",,0,,,,999,"d392ff52"
"orgrf","grf","or100","OR 1.0 n500","Hc","fld","bias_or",,-0.010264398,0.00424585,,,999,"d392ff52"
"orgrf","grf","or100","OR 1.0 n500","Hc","fld","bias_log",,-0.033989273,0.00624142,,,999,"d392ff52"
"orgrf","grf","or100","OR 1.0 n500","Hc","fld","bias_sd_units",,-0.17149836,0.0314921,,,999,"d392ff52"
"orgrf","grf","or100","OR 1.0 n500","Hc","fld","sd_emp_or",,0.13477863,0.00301676,,,999,"d392ff52"
"orgrf","grf","or100","OR 1.0 n500","Hc","fld","sd_emp_log",,0.19819007,0.0044361,,,999,"d392ff52"
"orgrf","grf","or100","OR 1.0 n500","Hc","fld","se_mean",,0.20187741,0.000173764,,,999,"d392ff52"
"orgrf","grf","or100","OR 1.0 n500","Hc","fld","se_over_sd",,1.0186051,0.0228164,,,999,"d392ff52"
"orgrf","grf","or100","OR 1.0 n500","Hc","fld","cov1_upper",,0.93393393,0.00785895,0.916808,0.947735,999,"d392ff52"
"orgrf","grf","or100","OR 1.0 n500","Hc","fld","cov2",,0.95495495,0.00656194,0.940258,0.966166,999,"d392ff52"
"orgrf","grf","or100","OR 1.0 n500","Hc","fld","halfwidth_or",,0.27783425,,,,999,"d392ff52"
"orgrf","grf","or100","OR 1.0 n500","Hc","fld","margin1_or",,0.29251717,,,,999,"d392ff52"
"orgrf","grf","or100","OR 1.0 n500","Hc","fld_s","n_nonconvergent_fits",,0,,,,999,"d392ff52"
"orgrf","grf","or100","OR 1.0 n500","Hc","fld_s","bias_or",,-0.01056666,0.00423886,,,999,"d392ff52"
"orgrf","grf","or100","OR 1.0 n500","Hc","fld_s","bias_log",,-0.034372294,0.00623228,,,999,"d392ff52"
"orgrf","grf","or100","OR 1.0 n500","Hc","fld_s","bias_sd_units",,-0.17370448,0.0314956,,,999,"d392ff52"
"orgrf","grf","or100","OR 1.0 n500","Hc","fld_s","sd_emp_or",,0.13454222,0.00301147,,,999,"d392ff52"
"orgrf","grf","or100","OR 1.0 n500","Hc","fld_s","sd_emp_log",,0.19787799,0.00442912,,,999,"d392ff52"
"orgrf","grf","or100","OR 1.0 n500","Hc","fld_s","se_mean",,0.20375059,0.000300816,,,999,"d392ff52"
"orgrf","grf","or100","OR 1.0 n500","Hc","fld_s","se_over_sd",,1.0296779,0.0230974,,,999,"d392ff52"
"orgrf","grf","or100","OR 1.0 n500","Hc","fld_s","cov1_upper",,0.93893894,0.00757562,0.922343,0.952172,999,"d392ff52"
"orgrf","grf","or100","OR 1.0 n500","Hc","fld_s","cov2",,0.95795796,0.0063494,0.94366,0.968748,999,"d392ff52"
"orgrf","grf","or100","OR 1.0 n500","Hc","fld_s","halfwidth_or",,0.27933414,,,,999,"d392ff52"
"orgrf","grf","or100","OR 1.0 n500","Hc","fld_s","margin1_or",,0.29344799,,,,999,"d392ff52"
"orgrf","grf","or100","OR 1.0 n500","Hc","fld_s","share_upper_le_tau",0.7,0.064064064,0.00774725,0.050487,0.0809809,999,"d392ff52"
"orgrf","grf","or100","OR 1.0 n500","Hc","fld_s","share_upper_le_tau",0.8,0.19319319,0.012491,0.169905,0.218832,999,"d392ff52"
"orgrf","grf","or100","OR 1.0 n500","Hc","fld_s","share_upper_le_tau",0.9,0.41041041,0.0155633,0.380307,0.441201,999,"d392ff52"
"orgrf","grf","or100","OR 1.0 n500","Hc","fld_s","share_upper_le_tau",1,0.61361361,0.0154055,0.583039,0.643318,999,"d392ff52"
"orgrf","grf","or100","OR 1.0 n500","Hc","fld_s","share_upper_le_tau",1.25,0.93093093,0.00802265,0.9135,0.945061,999,"d392ff52"
"orgrf","grf","or100","OR 1.0 n500","Hc","fld_s","share_upper_le_tau",1.5,0.995996,0.00199799,0.98975,0.998442,999,"d392ff52"
"orgrf","grf","or100","OR 1.0 n500","Hc","fld_s","share_upper_le_tau",2,1,0,0.996169,1,999,"d392ff52"
"orgrf","grf","or100","OR 1.0 n500","Hc","fld_s","bound_mean",,0.9583189,0.00581148,,,999,"d392ff52"
"orgrf","grf","or100","OR 1.0 n500","Hc","fld_s","bound_q05",,0.67969107,,,,999,"d392ff52"
"orgrf","grf","or100","OR 1.0 n500","Hc","fld_s","bound_q25",,0.83142109,,,,999,"d392ff52"
"orgrf","grf","or100","OR 1.0 n500","Hc","fld_s","bound_q50",,0.94578758,,,,999,"d392ff52"
"orgrf","grf","or100","OR 1.0 n500","Hc","fld_s","bound_q75",,1.0733911,,,,999,"d392ff52"
"orgrf","grf","or100","OR 1.0 n500","Hc","fld_s","bound_q95",,1.2843703,,,,999,"d392ff52"
"orgrf","grf","or100","OR 1.0 n500","Hc","oracle","share_upper_le_tau",0.7,0.079079079,0.00853806,0.0639116,0.0974713,999,"d392ff52"
"orgrf","grf","or100","OR 1.0 n500","Hc","oracle","share_upper_le_tau",0.8,0.23523524,0.0134194,0.209979,0.26252,999,"d392ff52"
"orgrf","grf","or100","OR 1.0 n500","Hc","oracle","share_upper_le_tau",0.9,0.46446446,0.0157793,0.433733,0.495468,999,"d392ff52"
"orgrf","grf","or100","OR 1.0 n500","Hc","oracle","share_upper_le_tau",1,0.66866867,0.014892,0.638884,0.697162,999,"d392ff52"
"orgrf","grf","or100","OR 1.0 n500","Hc","oracle","share_upper_le_tau",1.25,0.94294294,0.00733862,0.92679,0.955702,999,"d392ff52"
"orgrf","grf","or100","OR 1.0 n500","Hc","oracle","share_upper_le_tau",1.5,0.995996,0.00199799,0.98975,0.998442,999,"d392ff52"
"orgrf","grf","or100","OR 1.0 n500","Hc","oracle","share_upper_le_tau",2,1,0,0.996169,1,999,"d392ff52"
"orgrf","grf","or100","OR 1.0 n500","Hc","oracle","bound_mean",,0.93559696,0.00570789,,,999,"d392ff52"
"orgrf","grf","or100","OR 1.0 n500","Hc","oracle","bound_q05",,0.66932457,,,,999,"d392ff52"
"orgrf","grf","or100","OR 1.0 n500","Hc","oracle","bound_q25",,0.80552018,,,,999,"d392ff52"
"orgrf","grf","or100","OR 1.0 n500","Hc","oracle","bound_q50",,0.91558972,,,,999,"d392ff52"
"orgrf","grf","or100","OR 1.0 n500","Hc","oracle","bound_q75",,1.0483186,,,,999,"d392ff52"
"orgrf","grf","or100","OR 1.0 n500","Hc","oracle","bound_q95",,1.2643968,,,,999,"d392ff52"
"orgrf","grf","or100","OR 1.0 n500","Hc","fld","share_upper_le_tau",0.7,0.07007007,0.00807623,0.0558326,0.0876013,999,"d392ff52"
"orgrf","grf","or100","OR 1.0 n500","Hc","fld","share_upper_le_tau",0.8,0.1981982,0.0126125,0.174655,0.224054,999,"d392ff52"
"orgrf","grf","or100","OR 1.0 n500","Hc","fld","share_upper_le_tau",0.9,0.41341341,0.0155803,0.383265,0.444225,999,"d392ff52"
"orgrf","grf","or100","OR 1.0 n500","Hc","fld","share_upper_le_tau",1,0.61361361,0.0154055,0.583039,0.643318,999,"d392ff52"
"orgrf","grf","or100","OR 1.0 n500","Hc","fld","share_upper_le_tau",1.25,0.92792793,0.00818197,0.910199,0.942378,999,"d392ff52"
"orgrf","grf","or100","OR 1.0 n500","Hc","fld","share_upper_le_tau",1.5,0.99399399,0.00244457,0.986959,0.997245,999,"d392ff52"
"orgrf","grf","or100","OR 1.0 n500","Hc","fld","share_upper_le_tau",2,1,0,0.996169,1,999,"d392ff52"
"orgrf","grf","or100","OR 1.0 n500","Hc","fld","bound_mean",,0.95738808,0.00589309,,,999,"d392ff52"
"orgrf","grf","or100","OR 1.0 n500","Hc","fld","bound_q05",,0.67563198,,,,999,"d392ff52"
"orgrf","grf","or100","OR 1.0 n500","Hc","fld","bound_q25",,0.82782312,,,,999,"d392ff52"
"orgrf","grf","or100","OR 1.0 n500","Hc","fld","bound_q50",,0.94307735,,,,999,"d392ff52"
"orgrf","grf","or100","OR 1.0 n500","Hc","fld","bound_q75",,1.0772929,,,,999,"d392ff52"
"orgrf","grf","or100","OR 1.0 n500","Hc","fld","bound_q95",,1.2854528,,,,999,"d392ff52"
"orgrf","grf","or100","OR 1.0 n500","Hc","mr","share_upper_le_tau",0.7,0.003003003,0.00173118,0.00102181,0.00879177,999,"d392ff52"
"orgrf","grf","or100","OR 1.0 n500","Hc","mr","share_upper_le_tau",0.8,0.018018018,0.00420845,0.0114272,0.0283014,999,"d392ff52"
"orgrf","grf","or100","OR 1.0 n500","Hc","mr","share_upper_le_tau",0.9,0.056056056,0.00727783,0.0434185,0.0720947,999,"d392ff52"
"orgrf","grf","or100","OR 1.0 n500","Hc","mr","share_upper_le_tau",1,0.14414414,0.0111126,0.123726,0.167289,999,"d392ff52"
"orgrf","grf","or100","OR 1.0 n500","Hc","mr","share_upper_le_tau",1.25,0.54154154,0.0157646,0.510543,0.572222,999,"d392ff52"
"orgrf","grf","or100","OR 1.0 n500","Hc","mr","share_upper_le_tau",1.5,0.85685686,0.0110804,0.833771,0.877209,999,"d392ff52"
"orgrf","grf","or100","OR 1.0 n500","Hc","mr","share_upper_le_tau",2,0.997998,0.00141421,0.99273,0.999451,999,"d392ff52"
"orgrf","grf","or100","OR 1.0 n500","Hc","mr","bound_mean",,1.2431545,0.00752081,,,999,"d392ff52"
"orgrf","grf","or100","OR 1.0 n500","Hc","mr","bound_q05",,0.89211518,,,,999,"d392ff52"
"orgrf","grf","or100","OR 1.0 n500","Hc","mr","bound_q25",,1.0780547,,,,999,"d392ff52"
"orgrf","grf","or100","OR 1.0 n500","Hc","mr","bound_q50",,1.2246062,,,,999,"d392ff52"
"orgrf","grf","or100","OR 1.0 n500","Hc","mr","bound_q75",,1.3986458,,,,999,"d392ff52"
"orgrf","grf","or100","OR 1.0 n500","Hc","mr","bound_q95",,1.6700417,,,,999,"d392ff52"
"orgrf","grf","or100","OR 1.0 n500","Hc","naive","share_upper_le_tau",0.7,0.25325325,0.0137588,0.227267,0.28113,999,"d392ff52"
"orgrf","grf","or100","OR 1.0 n500","Hc","naive","share_upper_le_tau",0.8,0.5005005,0.0158193,0.469553,0.531444,999,"d392ff52"
"orgrf","grf","or100","OR 1.0 n500","Hc","naive","share_upper_le_tau",0.9,0.73373373,0.0139844,0.705467,0.760209,999,"d392ff52"
"orgrf","grf","or100","OR 1.0 n500","Hc","naive","share_upper_le_tau",1,0.88788789,0.00998212,0.866819,0.905986,999,"d392ff52"
"orgrf","grf","or100","OR 1.0 n500","Hc","naive","share_upper_le_tau",1.25,0.99499499,0.0022327,0.988337,0.99786,999,"d392ff52"
"orgrf","grf","or100","OR 1.0 n500","Hc","naive","share_upper_le_tau",1.5,0.998999,0.0010005,0.994352,0.999823,999,"d392ff52"
"orgrf","grf","or100","OR 1.0 n500","Hc","naive","share_upper_le_tau",2,1,0,0.996169,1,999,"d392ff52"
"orgrf","grf","or100","OR 1.0 n500","Hc","naive","bound_mean",,0.8088684,0.00492999,,,999,"d392ff52"
"orgrf","grf","or100","OR 1.0 n500","Hc","naive","bound_q05",,0.57722585,,,,999,"d392ff52"
"orgrf","grf","or100","OR 1.0 n500","Hc","naive","bound_q25",,0.69896423,,,,999,"d392ff52"
"orgrf","grf","or100","OR 1.0 n500","Hc","naive","bound_q50",,0.79970902,,,,999,"d392ff52"
"orgrf","grf","or100","OR 1.0 n500","Hc","naive","bound_q75",,0.91002929,,,,999,"d392ff52"
"orgrf","grf","or100","OR 1.0 n500","Hc","naive","bound_q95",,1.0775425,,,,999,"d392ff52"
"orgrf","grf","or100","OR 1.0 n500","joint","bonf_s","joint_coverage",,0.93393393,0.00785895,0.916808,0.947735,999,"d392ff52"
"orgrf","grf","or100","OR 1.0 n500","joint","bonf_s","share_both_bounds",,1,0,0.996169,1,999,"d392ff52"
"orgrf","grf","or100","OR 1.0 n500","joint","bonf_s","cov_H",,0.96596597,0.0057366,0.952818,0.975544,999,"d392ff52"
"orgrf","grf","or100","OR 1.0 n500","joint","bonf_s","cov_Hc",,0.96796797,0.00557109,0.955131,0.97722,999,"d392ff52"
"orgrf","grf","or100","OR 1.0 n500","joint","bonf_s","margin_H_or",,0.72470896,0.0127675,,,999,"d392ff52"
"orgrf","grf","or100","OR 1.0 n500","joint","bonf_s","margin_Hc_or",,0.35585185,0.00216714,,,999,"d392ff52"
"orgrf","grf","or100","OR 1.0 n500","joint","bonf","joint_coverage",,0.92992993,0.00807623,0.912399,0.944167,999,"d392ff52"
"orgrf","grf","or100","OR 1.0 n500","joint","bonf","share_both_bounds",,1,0,0.996169,1,999,"d392ff52"
"orgrf","grf","or100","OR 1.0 n500","joint","bonf","cov_H",,0.96596597,0.0057366,0.952818,0.975544,999,"d392ff52"
"orgrf","grf","or100","OR 1.0 n500","joint","bonf","cov_Hc",,0.96396396,0.0058968,0.950515,0.973858,999,"d392ff52"
"orgrf","grf","or100","OR 1.0 n500","joint","bonf","margin_H_or",,0.72470896,0.0127675,,,999,"d392ff52"
"orgrf","grf","or100","OR 1.0 n500","joint","bonf","margin_Hc_or",,0.35506663,0.00224793,,,999,"d392ff52"
"orgrf","grf","or100","OR 1.0 n500","joint","separate_s","joint_coverage",,0.87887888,0.0103227,0.857182,0.897673,999,"d392ff52"
"orgrf","grf","or100","OR 1.0 n500","joint","separate_s","share_both_bounds",,1,0,0.996169,1,999,"d392ff52"
"orgrf","grf","or100","OR 1.0 n500","joint","separate_s","cov_H",,0.93593594,0.00774725,0.919019,0.949513,999,"d392ff52"
"orgrf","grf","or100","OR 1.0 n500","joint","separate_s","cov_Hc",,0.93893894,0.00757562,0.922343,0.952172,999,"d392ff52"
"orgrf","grf","or100","OR 1.0 n500","joint","separate_s","margin_H_or",,0.65708627,0.0115731,,,999,"d392ff52"
"orgrf","grf","or100","OR 1.0 n500","joint","separate_s","margin_Hc_or",,0.29344799,0.00179983,,,999,"d392ff52"
"orgrf","grf","or100","OR 1.0 n500","joint","calibrated","gamma_mean_s",,0.02517017,1.24715e-05,,,999,"d392ff52"
"orgrf","grf","or100","OR 1.0 n500","joint","calibrated","corr_s",,0.1048558,0.00180501,,,999,"d392ff52"
"orgrf","grf","or100","OR 1.0 n500","joint","calibrated","gamma_mean",,0.025148148,1.15964e-05,,,999,"d392ff52"
"orgrf","grf","or100","OR 1.0 n500","joint","calibrated","corr",,0.11140927,0.00184474,,,999,"d392ff52"
"orgrf","grf","or100","OR 1.0 n500","H","all","mean_size_hhat",,89.993994,0.818563,,,999,"d392ff52"
"orgrf","grf","or100","OR 1.0 n500","H","all","mean_true_positives",,18.198198,0.551009,,,999,"d392ff52"
"orgrf","grf","or100","OR 1.0 n500","H","all","sensitivity_mean",,0.24533903,0.00735244,,,999,"d392ff52"
"orgrf","grf","or100","OR 1.0 n500","H","all","ppv_mean",,0.19982601,0.00575067,,,999,"d392ff52"
"orgrf","grf","or100","OR 1.0 n500","H","all","spec_mean",,0.83140667,0.00191502,,,999,"d392ff52"
"orgrf","grf","or100","OR 1.0 n500","H","all","mean_n_family",,1093.3884,1.41979,,,999,"d392ff52"
"orgrf","grf","or100","OR 1.0 n500","H","all","mean_admitted_n",,241.45646,5.81284,,,999,"d392ff52"
"orgrf","grf","or100","OR 1.0 n500","H","all","mean_proposed_n",,,,,,0,"d392ff52"
"orgrf","grf","or100","OR 1.0 n500","H","all","mean_n_cons_qual",,,,,,0,"d392ff52"
"orgrf","grf","or100","OR 1.0 n500","H","all","mean_band_n",,,,,,0,"d392ff52"
"orgrf","grf","or100","OR 1.0 n500","H","all","mean_n_true",,74.255255,0.243095,,,999,"d392ff52"
"orgrf","grf","or100","OR 1.0 n500","H","all","p_hat_mean",,0.15024905,0.00376386,,,999,"d392ff52"
"orgrf","grf","or100","OR 1.0 n500","H","all","p_hat_share_lt_05",,0.98398398,0.00397181,0.974142,0.990118,999,"d392ff52"
"orgrf","grf","or100","OR 1.0 n500","Hc","mr","sd_btc_over_naive_se",,0.95857946,,,,999,"d392ff52"
"orgrf","grf","or100","OR 1.0 n500","Hc","fld","lamsd_over_naive_se",,0.98006984,,,,999,"d392ff52"
"orgrf","grf","or100","OR 1.0 n500","Hc","fld_s","lamsd_over_naive_se",,0.9891637,,,,999,"d392ff52"
"orgrf","grf","or100","OR 1.0 n500","all","all","secs_fit_mr_mean",,17.070103,0.0516307,,,1000,"d392ff52"
"orgrf","grf","or100","OR 1.0 n500","all","all","secs_id_mean",,2.094083,0.00403603,,,1000,"d392ff52"
"orgrf","grf","or100","OR 1.0 n500","all","all","secs_field_mean",,12.67093,0.0469872,,,999,"d392ff52"
"orgrf","grf","or100","OR 1.0 n500","all","all","secs_complement_mean",,0.41118418,0.0016172,,,999,"d392ff52"
"orgrf","grf","or100","OR 1.0 n500","H","naive","display_b",,3.0220732,,,,999,"d392ff52"
"orgrf","grf","or100","OR 1.0 n500","H","naive","display_r",,1.3272264,,,,999,"d392ff52"
"orgrf","grf","or100","OR 1.0 n500","H","naive","display_cov1",,0.14414414,,,,999,"d392ff52"
"orgrf","grf","or100","OR 1.0 n500","H","naive","display_cov1_ref",,0.20074027,,,,999,"d392ff52"
"orgrf","grf","or100","OR 1.0 n500","H","naive","display_cov2",,0.3023023,,,,999,"d392ff52"
"orgrf","grf","or100","OR 1.0 n500","H","naive","display_cov2_ref",,0.33696618,,,,999,"d392ff52"
"orgrf","grf","or100","OR 1.0 n500","H","mr","display_b",,0.67463915,,,,999,"d392ff52"
"orgrf","grf","or100","OR 1.0 n500","H","mr","display_r",,1.4413753,,,,999,"d392ff52"
"orgrf","grf","or100","OR 1.0 n500","H","mr","display_cov1",,0.96196196,,,,999,"d392ff52"
"orgrf","grf","or100","OR 1.0 n500","H","mr","display_cov1_ref",,0.95507715,,,,999,"d392ff52"
"orgrf","grf","or100","OR 1.0 n500","H","mr","display_cov2",,0.99099099,,,,999,"d392ff52"
"orgrf","grf","or100","OR 1.0 n500","H","mr","display_cov2_ref",,0.98400548,,,,999,"d392ff52"
"orgrf","grf","or100","OR 1.0 n500","H","fld","display_b",,0.29224787,,,,999,"d392ff52"
"orgrf","grf","or100","OR 1.0 n500","H","fld","display_r",,1.0537372,,,,999,"d392ff52"
"orgrf","grf","or100","OR 1.0 n500","H","fld","display_cov1",,0.93593594,,,,999,"d392ff52"
"orgrf","grf","or100","OR 1.0 n500","H","fld","display_cov1_ref",,0.92520704,,,,999,"d392ff52"
"orgrf","grf","or100","OR 1.0 n500","H","fld","display_cov2",,0.95795796,,,,999,"d392ff52"
"orgrf","grf","or100","OR 1.0 n500","H","fld","display_cov2_ref",,0.95269053,,,,999,"d392ff52"
"orgrf","grf","or100","OR 1.0 n500","Hc","naive","display_b",,-1.0414736,,,,999,"d392ff52"
"orgrf","grf","or100","OR 1.0 n500","Hc","naive","display_r",,1.0273731,,,,999,"d392ff52"
"orgrf","grf","or100","OR 1.0 n500","Hc","naive","display_cov1",,0.76176176,,,,999,"d392ff52"
"orgrf","grf","or100","OR 1.0 n500","Hc","naive","display_cov1_ref",,0.74163841,,,,999,"d392ff52"
"orgrf","grf","or100","OR 1.0 n500","Hc","naive","display_cov2",,0.84684685,,,,999,"d392ff52"
"orgrf","grf","or100","OR 1.0 n500","Hc","naive","display_cov2_ref",,0.83338475,,,,999,"d392ff52"
"orgrf","grf","or100","OR 1.0 n500","Hc","mr","display_b",,-0.33779426,,,,999,"d392ff52"
"orgrf","grf","or100","OR 1.0 n500","Hc","mr","display_r",,1.9297522,,,,999,"d392ff52"
"orgrf","grf","or100","OR 1.0 n500","Hc","mr","display_cov1",,0.997998,,,,999,"d392ff52"
"orgrf","grf","or100","OR 1.0 n500","Hc","mr","display_cov1_ref",,0.99771849,,,,999,"d392ff52"
"orgrf","grf","or100","OR 1.0 n500","Hc","mr","display_cov2",,0.998999,,,,999,"d392ff52"
"orgrf","grf","or100","OR 1.0 n500","Hc","mr","display_cov2_ref",,0.99969495,,,,999,"d392ff52"
"orgrf","grf","or100","OR 1.0 n500","Hc","fld","display_b",,-0.17149836,,,,999,"d392ff52"
"orgrf","grf","or100","OR 1.0 n500","Hc","fld","display_r",,1.0186051,,,,999,"d392ff52"
"orgrf","grf","or100","OR 1.0 n500","Hc","fld","display_cov1",,0.93393393,,,,999,"d392ff52"
"orgrf","grf","or100","OR 1.0 n500","Hc","fld","display_cov1_ref",,0.93370389,,,,999,"d392ff52"
"orgrf","grf","or100","OR 1.0 n500","Hc","fld","display_cov2",,0.95495495,,,,999,"d392ff52"
"orgrf","grf","or100","OR 1.0 n500","Hc","fld","display_cov2_ref",,0.95091217,,,,999,"d392ff52"
"orgrf","grf","or100","OR 1.0 n500","Hc","fld_s","display_b",,-0.17370448,,,,999,"d392ff52"
"orgrf","grf","or100","OR 1.0 n500","Hc","fld_s","display_r",,1.0296779,,,,999,"d392ff52"
"orgrf","grf","or100","OR 1.0 n500","Hc","fld_s","display_cov1",,0.93893894,,,,999,"d392ff52"
"orgrf","grf","or100","OR 1.0 n500","Hc","fld_s","display_cov1_ref",,0.9357401,,,,999,"d392ff52"
"orgrf","grf","or100","OR 1.0 n500","Hc","fld_s","display_cov2",,0.95795796,,,,999,"d392ff52"
"orgrf","grf","or100","OR 1.0 n500","Hc","fld_s","display_cov2_ref",,0.95324386,,,,999,"d392ff52"
"ordina","dina","or100","OR 1.0 n500","H","all","declaration_rate",,0.968,0.00556561,0.955175,0.977243,1000,"944c73a4"
"ordina","dina","or100","OR 1.0 n500","H","naive","n_nonconvergent_fits",,0,,,,968,"944c73a4"
"ordina","dina","or100","OR 1.0 n500","H","naive","bias_or",,1.8242929,0.0389499,,,968,"944c73a4"
"ordina","dina","or100","OR 1.0 n500","H","naive","bias_log",,1.1790957,0.013599,,,968,"944c73a4"
"ordina","dina","or100","OR 1.0 n500","H","naive","bias_sd_units",,2.8208561,0.032534,,,968,"944c73a4"
"ordina","dina","or100","OR 1.0 n500","H","naive","sd_emp_or",,1.2127713,0.0275772,,,968,"944c73a4"
"ordina","dina","or100","OR 1.0 n500","H","naive","sd_emp_log",,0.41799215,0.00950473,,,968,"944c73a4"
"ordina","dina","or100","OR 1.0 n500","H","naive","se_mean",,0.50182125,0.00322876,,,968,"944c73a4"
"ordina","dina","or100","OR 1.0 n500","H","naive","se_over_sd",,1.2005518,0.0283712,,,968,"944c73a4"
"ordina","dina","or100","OR 1.0 n500","H","naive","cov1_lower",,0.14669421,0.0113716,0.125803,0.170378,968,"944c73a4"
"ordina","dina","or100","OR 1.0 n500","H","naive","cov2",,0.27169421,0.0142975,0.244615,0.300578,968,"944c73a4"
"ordina","dina","or100","OR 1.0 n500","H","naive","halfwidth_or",,3.2725086,,,,968,"944c73a4"
"ordina","dina","or100","OR 1.0 n500","H","naive","margin1_or",,1.4642758,,,,968,"944c73a4"
"ordina","dina","or100","OR 1.0 n500","H","naive","cov2_theta_dagger",,0.67252066,0.0150837,0.642326,0.701352,968,"944c73a4"
"ordina","dina","or100","OR 1.0 n500","H","naive","cov1_lower_theta_dagger",,0.48347107,0.0160618,0.452118,0.514955,968,"944c73a4"
"ordina","dina","or100","OR 1.0 n500","H","naive","cov2_theta_ddagger",,0.67252066,0.0150837,0.642326,0.701352,968,"944c73a4"
"ordina","dina","or100","OR 1.0 n500","H","naive","cov1_lower_theta_ddagger",,0.48347107,0.0160618,0.452118,0.514955,968,"944c73a4"
"ordina","dina","or100","OR 1.0 n500","H","oracle","n_nonconvergent_fits",,0,,,,968,"944c73a4"
"ordina","dina","or100","OR 1.0 n500","H","oracle","bias_or",,0.13887368,0.0195305,,,968,"944c73a4"
"ordina","dina","or100","OR 1.0 n500","H","oracle","bias_log",,0.017464284,0.0149942,,,968,"944c73a4"
"ordina","dina","or100","OR 1.0 n500","H","oracle","bias_sd_units",,0.037436098,0.0321412,,,968,"944c73a4"
"ordina","dina","or100","OR 1.0 n500","H","oracle","sd_emp_or",,0.60764525,0.0138173,,,968,"944c73a4"
"ordina","dina","or100","OR 1.0 n500","H","oracle","sd_emp_log",,0.4665092,0.010608,,,968,"944c73a4"
"ordina","dina","or100","OR 1.0 n500","H","oracle","se_mean",,0.47715668,0.000906006,,,968,"944c73a4"
"ordina","dina","or100","OR 1.0 n500","H","oracle","se_over_sd",,1.0228237,0.023339,,,968,"944c73a4"
"ordina","dina","or100","OR 1.0 n500","H","oracle","cov1_lower",,0.95144628,0.00690821,0.936031,0.963292,968,"944c73a4"
"ordina","dina","or100","OR 1.0 n500","H","oracle","cov2",,0.96280992,0.006082,0.948944,0.973017,968,"944c73a4"
"ordina","dina","or100","OR 1.0 n500","H","oracle","halfwidth_or",,1.235035,,,,968,"944c73a4"
"ordina","dina","or100","OR 1.0 n500","H","oracle","margin1_or",,0.62022308,,,,968,"944c73a4"
"ordina","dina","or100","OR 1.0 n500","H","mr","n_nonconvergent_fits",,0,,,,968,"944c73a4"
"ordina","dina","or100","OR 1.0 n500","H","mr","bias_or",,0.53957647,0.0199643,,,968,"944c73a4"
"ordina","dina","or100","OR 1.0 n500","H","mr","bias_log",,0.47452988,0.0132386,,,968,"944c73a4"
"ordina","dina","or100","OR 1.0 n500","H","mr","bias_sd_units",,1.1598934,0.032359,,,968,"944c73a4"
"ordina","dina","or100","OR 1.0 n500","H","mr","sd_emp_or",,0.62243099,0.0141535,,,968,"944c73a4"
"ordina","dina","or100","OR 1.0 n500","H","mr","sd_emp_log",,0.40911508,0.00930288,,,968,"944c73a4"
"ordina","dina","or100","OR 1.0 n500","H","mr","se_mean",,0.6785429,0.00353937,,,968,"944c73a4"
"ordina","dina","or100","OR 1.0 n500","H","mr","se_over_sd",,1.6585624,0.0386936,,,968,"944c73a4"
"ordina","dina","or100","OR 1.0 n500","H","mr","cov1_lower",,0.97004132,0.00547922,0.957306,0.979061,968,"944c73a4"
"ordina","dina","or100","OR 1.0 n500","H","mr","cov2",,0.99380165,0.00252261,0.986543,0.997156,968,"944c73a4"
"ordina","dina","or100","OR 1.0 n500","H","mr","halfwidth_or",,2.4572868,,,,968,"944c73a4"
"ordina","dina","or100","OR 1.0 n500","H","mr","margin1_or",,0.85627097,,,,968,"944c73a4"
"ordina","dina","or100","OR 1.0 n500","H","mr","cov2_theta_dagger",,0.99896694,0.00103252,0.994172,0.999818,968,"944c73a4"
"ordina","dina","or100","OR 1.0 n500","H","mr","cov1_lower_theta_dagger",,0.99380165,0.00252261,0.986543,0.997156,968,"944c73a4"
"ordina","dina","or100","OR 1.0 n500","H","mr","cov2_theta_ddagger",,0.99896694,0.00103252,0.994172,0.999818,968,"944c73a4"
"ordina","dina","or100","OR 1.0 n500","H","mr","cov1_lower_theta_ddagger",,0.99380165,0.00252261,0.986543,0.997156,968,"944c73a4"
"ordina","dina","or100","OR 1.0 n500","H","fld","n_nonconvergent_fits",,0,,,,968,"944c73a4"
"ordina","dina","or100","OR 1.0 n500","H","fld","bias_or",,0.37548416,0.0181258,,,968,"944c73a4"
"ordina","dina","or100","OR 1.0 n500","H","fld","bias_log",,0.32770321,0.0136666,,,968,"944c73a4"
"ordina","dina","or100","OR 1.0 n500","H","fld","bias_sd_units",,0.77367477,0.0322654,,,968,"944c73a4"
"ordina","dina","or100","OR 1.0 n500","H","fld","sd_emp_or",,0.56561242,0.0128615,,,968,"944c73a4"
"ordina","dina","or100","OR 1.0 n500","H","fld","sd_emp_log",,0.42356714,0.0096315,,,968,"944c73a4"
"ordina","dina","or100","OR 1.0 n500","H","fld","se_mean",,0.47282426,0.00135599,,,968,"944c73a4"
"ordina","dina","or100","OR 1.0 n500","H","fld","se_over_sd",,1.1162912,0.0255845,,,968,"944c73a4"
"ordina","dina","or100","OR 1.0 n500","H","fld","cov1_lower",,0.88119835,0.0103995,0.859294,0.90009,968,"944c73a4"
"ordina","dina","or100","OR 1.0 n500","H","fld","cov2",,0.94008264,0.00762819,0.923321,0.953366,968,"944c73a4"
"ordina","dina","or100","OR 1.0 n500","H","fld","halfwidth_or",,1.1112651,,,,968,"944c73a4"
"ordina","dina","or100","OR 1.0 n500","H","fld","margin1_or",,0.78124761,,,,968,"944c73a4"
"ordina","dina","or100","OR 1.0 n500","H","fld","cov2_theta_dagger",,0.9731405,0.00519636,0.960935,0.981605,968,"944c73a4"
"ordina","dina","or100","OR 1.0 n500","H","fld","cov1_lower_theta_dagger",,0.97830579,0.00468243,0.967063,0.985767,968,"944c73a4"
"ordina","dina","or100","OR 1.0 n500","H","fld","cov2_theta_ddagger",,0.9731405,0.00519636,0.960935,0.981605,968,"944c73a4"
"ordina","dina","or100","OR 1.0 n500","H","fld","cov1_lower_theta_ddagger",,0.97830579,0.00468243,0.967063,0.985767,968,"944c73a4"
"ordina","dina","or100","OR 1.0 n500","H","fld","share_lower_ge_tau",0.7,0.12706612,0.0107045,0.107549,0.149531,968,"944c73a4"
"ordina","dina","or100","OR 1.0 n500","H","fld","share_lower_ge_tau",0.8,0.075413223,0.00848711,0.0604054,0.0937777,968,"944c73a4"
"ordina","dina","or100","OR 1.0 n500","H","fld","share_lower_ge_tau",0.9,0.049586777,0.00697753,0.0376029,0.0651314,968,"944c73a4"
"ordina","dina","or100","OR 1.0 n500","H","fld","share_lower_ge_tau",1,0.021694215,0.00468243,0.0142325,0.0329372,968,"944c73a4"
"ordina","dina","or100","OR 1.0 n500","H","fld","share_lower_ge_tau",1.25,0.007231405,0.00272331,0.00350723,0.0148512,968,"944c73a4"
"ordina","dina","or100","OR 1.0 n500","H","fld","share_lower_ge_tau",1.5,0.0051652893,0.00230401,0.00220826,0.0120342,968,"944c73a4"
"ordina","dina","or100","OR 1.0 n500","H","fld","share_lower_ge_tau",2,0.0010330579,0.00103252,0.000182383,0.00582833,968,"944c73a4"
"ordina","dina","or100","OR 1.0 n500","H","fld","bound_mean",,0.47286661,0.00689986,,,968,"944c73a4"
"ordina","dina","or100","OR 1.0 n500","H","fld","bound_q05",,0.24779802,,,,968,"944c73a4"
"ordina","dina","or100","OR 1.0 n500","H","fld","bound_q25",,0.32719656,,,,968,"944c73a4"
"ordina","dina","or100","OR 1.0 n500","H","fld","bound_q50",,0.42590942,,,,968,"944c73a4"
"ordina","dina","or100","OR 1.0 n500","H","fld","bound_q75",,0.54903204,,,,968,"944c73a4"
"ordina","dina","or100","OR 1.0 n500","H","fld","bound_q95",,0.89315866,,,,968,"944c73a4"
"ordina","dina","or100","OR 1.0 n500","H","oracle","share_lower_ge_tau",0.7,0.18181818,0.0123967,0.158794,0.207357,968,"944c73a4"
"ordina","dina","or100","OR 1.0 n500","H","oracle","share_lower_ge_tau",0.8,0.12190083,0.0105157,0.102772,0.144019,968,"944c73a4"
"ordina","dina","or100","OR 1.0 n500","H","oracle","share_lower_ge_tau",0.9,0.080578512,0.00874841,0.0650436,0.0994292,968,"944c73a4"
"ordina","dina","or100","OR 1.0 n500","H","oracle","share_lower_ge_tau",1,0.048553719,0.00690821,0.0367078,0.0639686,968,"944c73a4"
"ordina","dina","or100","OR 1.0 n500","H","oracle","share_lower_ge_tau",1.25,0.016528926,0.00409794,0.0101994,0.0266805,968,"944c73a4"
"ordina","dina","or100","OR 1.0 n500","H","oracle","share_lower_ge_tau",1.5,0.0092975207,0.00308473,0.00489906,0.0175752,968,"944c73a4"
"ordina","dina","or100","OR 1.0 n500","H","oracle","share_lower_ge_tau",2,0.0020661157,0.00145945,0.000566786,0.00750187,968,"944c73a4"
"ordina","dina","or100","OR 1.0 n500","H","oracle","bound_mean",,0.51865059,0.00859927,,,968,"944c73a4"
"ordina","dina","or100","OR 1.0 n500","H","oracle","bound_q05",,0.20843242,,,,968,"944c73a4"
"ordina","dina","or100","OR 1.0 n500","H","oracle","bound_q25",,0.34455919,,,,968,"944c73a4"
"ordina","dina","or100","OR 1.0 n500","H","oracle","bound_q50",,0.46577562,,,,968,"944c73a4"
"ordina","dina","or100","OR 1.0 n500","H","oracle","bound_q75",,0.61812024,,,,968,"944c73a4"
"ordina","dina","or100","OR 1.0 n500","H","oracle","bound_q95",,0.99154437,,,,968,"944c73a4"
"ordina","dina","or100","OR 1.0 n500","H","mr","share_lower_ge_tau",0.7,0.044421488,0.00662204,0.0331444,0.0593001,968,"944c73a4"
"ordina","dina","or100","OR 1.0 n500","H","mr","share_lower_ge_tau",0.8,0.015495868,0.0039699,0.00941287,0.0254091,968,"944c73a4"
"ordina","dina","or100","OR 1.0 n500","H","mr","share_lower_ge_tau",0.9,0.0092975207,0.00308473,0.00489906,0.0175752,968,"944c73a4"
"ordina","dina","or100","OR 1.0 n500","H","mr","share_lower_ge_tau",1,0.0061983471,0.00252261,0.00284376,0.0134567,968,"944c73a4"
"ordina","dina","or100","OR 1.0 n500","H","mr","share_lower_ge_tau",1.25,0.0010330579,0.00103252,0.000182383,0.00582833,968,"944c73a4"
"ordina","dina","or100","OR 1.0 n500","H","mr","share_lower_ge_tau",1.5,0,0,0,0.00395276,968,"944c73a4"
"ordina","dina","or100","OR 1.0 n500","H","mr","share_lower_ge_tau",2,0,0,0,0.00395276,968,"944c73a4"
"ordina","dina","or100","OR 1.0 n500","H","mr","bound_mean",,0.39784324,0.00473464,,,968,"944c73a4"
"ordina","dina","or100","OR 1.0 n500","H","mr","bound_q05",,0.22633297,,,,968,"944c73a4"
"ordina","dina","or100","OR 1.0 n500","H","mr","bound_q25",,0.29578644,,,,968,"944c73a4"
"ordina","dina","or100","OR 1.0 n500","H","mr","bound_q50",,0.36847456,,,,968,"944c73a4"
"ordina","dina","or100","OR 1.0 n500","H","mr","bound_q75",,0.46224973,,,,968,"944c73a4"
"ordina","dina","or100","OR 1.0 n500","H","mr","bound_q95",,0.68586691,,,,968,"944c73a4"
"ordina","dina","or100","OR 1.0 n500","H","naive","share_lower_ge_tau",0.7,0.8677686,0.0108876,0.844968,0.887662,968,"944c73a4"
"ordina","dina","or100","OR 1.0 n500","H","naive","share_lower_ge_tau",0.8,0.75929752,0.0137407,0.731375,0.78517,968,"944c73a4"
"ordina","dina","or100","OR 1.0 n500","H","naive","share_lower_ge_tau",0.9,0.64566116,0.0153735,0.615008,0.675163,968,"944c73a4"
"ordina","dina","or100","OR 1.0 n500","H","naive","share_lower_ge_tau",1,0.51652893,0.0160618,0.485045,0.547882,968,"944c73a4"
"ordina","dina","or100","OR 1.0 n500","H","naive","share_lower_ge_tau",1.25,0.2696281,0.0142632,0.242624,0.298454,968,"944c73a4"
"ordina","dina","or100","OR 1.0 n500","H","naive","share_lower_ge_tau",1.5,0.125,0.0106297,0.105637,0.147328,968,"944c73a4"
"ordina","dina","or100","OR 1.0 n500","H","naive","share_lower_ge_tau",2,0.023760331,0.00489516,0.0158842,0.0354014,968,"944c73a4"
"ordina","dina","or100","OR 1.0 n500","H","naive","bound_mean",,1.0745548,0.0122048,,,968,"944c73a4"
"ordina","dina","or100","OR 1.0 n500","H","naive","bound_q05",,0.57519554,,,,968,"944c73a4"
"ordina","dina","or100","OR 1.0 n500","H","naive","bound_q25",,0.80639341,,,,968,"944c73a4"
"ordina","dina","or100","OR 1.0 n500","H","naive","bound_q50",,1.0076473,,,,968,"944c73a4"
"ordina","dina","or100","OR 1.0 n500","H","naive","bound_q75",,1.2695612,,,,968,"944c73a4"
"ordina","dina","or100","OR 1.0 n500","H","naive","bound_q95",,1.7772746,,,,968,"944c73a4"
"ordina","dina","or100","OR 1.0 n500","Hc","naive","n_nonconvergent_fits",,0,,,,968,"944c73a4"
"ordina","dina","or100","OR 1.0 n500","Hc","naive","bias_or",,-0.11732831,0.00349454,,,968,"944c73a4"
"ordina","dina","or100","OR 1.0 n500","Hc","naive","bias_log",,-0.20150759,0.00602064,,,968,"944c73a4"
"ordina","dina","or100","OR 1.0 n500","Hc","naive","bias_sd_units",,-1.0747302,0.0321107,,,968,"944c73a4"
"ordina","dina","or100","OR 1.0 n500","Hc","naive","sd_emp_or",,0.10870549,0.00247186,,,968,"944c73a4"
"ordina","dina","or100","OR 1.0 n500","Hc","naive","sd_emp_log",,0.18749597,0.00426347,,,968,"944c73a4"
"ordina","dina","or100","OR 1.0 n500","Hc","naive","se_mean",,0.20503279,0.000244671,,,968,"944c73a4"
"ordina","dina","or100","OR 1.0 n500","Hc","naive","se_over_sd",,1.0935317,0.0249001,,,968,"944c73a4"
"ordina","dina","or100","OR 1.0 n500","Hc","naive","cov1_upper",,0.78615702,0.0131785,0.759223,0.810829,968,"944c73a4"
"ordina","dina","or100","OR 1.0 n500","Hc","naive","cov2",,0.86157025,0.0111,0.838382,0.881901,968,"944c73a4"
"ordina","dina","or100","OR 1.0 n500","Hc","naive","halfwidth_or",,0.23867051,,,,968,"944c73a4"
"ordina","dina","or100","OR 1.0 n500","Hc","naive","margin1_or",,0.23186776,,,,968,"944c73a4"
"ordina","dina","or100","OR 1.0 n500","Hc","oracle","n_nonconvergent_fits",,0,,,,968,"944c73a4"
"ordina","dina","or100","OR 1.0 n500","Hc","oracle","bias_or",,0.019703561,0.00415989,,,968,"944c73a4"
"ordina","dina","or100","OR 1.0 n500","Hc","oracle","bias_log",,0.011387326,0.00615109,,,968,"944c73a4"
"ordina","dina","or100","OR 1.0 n500","Hc","oracle","bias_sd_units",,0.059502047,0.0321412,,,968,"944c73a4"
"ordina","dina","or100","OR 1.0 n500","Hc","oracle","sd_emp_or",,0.12942551,0.00294301,,,968,"944c73a4"
"ordina","dina","or100","OR 1.0 n500","Hc","oracle","sd_emp_log",,0.19137705,0.00435173,,,968,"944c73a4"
"ordina","dina","or100","OR 1.0 n500","Hc","oracle","se_mean",,0.20165464,0.000110575,,,968,"944c73a4"
"ordina","dina","or100","OR 1.0 n500","Hc","oracle","se_over_sd",,1.0537034,0.0239671,,,968,"944c73a4"
"ordina","dina","or100","OR 1.0 n500","Hc","oracle","cov1_upper",,0.96694215,0.00574645,0.953705,0.976488,968,"944c73a4"
"ordina","dina","or100","OR 1.0 n500","Hc","oracle","cov2",,0.96177686,0.00616258,0.94776,0.972144,968,"944c73a4"
"ordina","dina","or100","OR 1.0 n500","Hc","oracle","halfwidth_or",,0.27389803,,,,968,"944c73a4"
"ordina","dina","or100","OR 1.0 n500","Hc","oracle","margin1_or",,0.26557371,,,,968,"944c73a4"
"ordina","dina","or100","OR 1.0 n500","Hc","mr","n_nonconvergent_fits",,0,,,,968,"944c73a4"
"ordina","dina","or100","OR 1.0 n500","Hc","mr","bias_or",,-0.0465968,0.00416775,,,968,"944c73a4"
"ordina","dina","or100","OR 1.0 n500","Hc","mr","bias_log",,-0.088759128,0.00642985,,,968,"944c73a4"
"ordina","dina","or100","OR 1.0 n500","Hc","mr","bias_sd_units",,-0.44407441,0.0321695,,,968,"944c73a4"
"ordina","dina","or100","OR 1.0 n500","Hc","mr","sd_emp_or",,0.12949609,0.00294461,,,968,"944c73a4"
"ordina","dina","or100","OR 1.0 n500","Hc","mr","sd_emp_log",,0.19987445,0.00454495,,,968,"944c73a4"
"ordina","dina","or100","OR 1.0 n500","Hc","mr","se_mean",,0.38529328,0.000395903,,,968,"944c73a4"
"ordina","dina","or100","OR 1.0 n500","Hc","mr","se_over_sd",,1.9276765,0.0438782,,,968,"944c73a4"
"ordina","dina","or100","OR 1.0 n500","Hc","mr","cov1_upper",,0.99690083,0.00178653,0.990928,0.998945,968,"944c73a4"
"ordina","dina","or100","OR 1.0 n500","Hc","mr","cov2",,1,0,0.996047,1,968,"944c73a4"
"ordina","dina","or100","OR 1.0 n500","Hc","mr","halfwidth_or",,0.53779507,,,,968,"944c73a4"
"ordina","dina","or100","OR 1.0 n500","Hc","mr","margin1_or",,0.57370383,,,,968,"944c73a4"
"ordina","dina","or100","OR 1.0 n500","Hc","fld","n_nonconvergent_fits",,0,,,,968,"944c73a4"
"ordina","dina","or100","OR 1.0 n500","Hc","fld","bias_or",,-0.029121571,0.0043551,,,968,"944c73a4"
"ordina","dina","or100","OR 1.0 n500","Hc","fld","bias_log",,-0.063002236,0.00655515,,,968,"944c73a4"
"ordina","dina","or100","OR 1.0 n500","Hc","fld","bias_sd_units",,-0.30925644,0.032177,,,968,"944c73a4"
"ordina","dina","or100","OR 1.0 n500","Hc","fld","sd_emp_or",,0.13531441,0.00307692,,,968,"944c73a4"
"ordina","dina","or100","OR 1.0 n500","Hc","fld","sd_emp_log",,0.20372166,0.00463243,,,968,"944c73a4"
"ordina","dina","or100","OR 1.0 n500","Hc","fld","se_mean",,0.20165239,0.000183359,,,968,"944c73a4"
"ordina","dina","or100","OR 1.0 n500","Hc","fld","se_over_sd",,0.98984268,0.022526,,,968,"944c73a4"
"ordina","dina","or100","OR 1.0 n500","Hc","fld","cov1_upper",,0.90495868,0.00942612,0.88485,0.921866,968,"944c73a4"
"ordina","dina","or100","OR 1.0 n500","Hc","fld","cov2",,0.93801653,0.00775007,0.921027,0.951544,968,"944c73a4"
"ordina","dina","or100","OR 1.0 n500","Hc","fld","halfwidth_or",,0.26940254,,,,968,"944c73a4"
"ordina","dina","or100","OR 1.0 n500","Hc","fld","margin1_or",,0.27936797,,,,968,"944c73a4"
"ordina","dina","or100","OR 1.0 n500","Hc","fld_s","n_nonconvergent_fits",,0,,,,968,"944c73a4"
"ordina","dina","or100","OR 1.0 n500","Hc","fld_s","bias_or",,-0.029262114,0.00434938,,,968,"944c73a4"
"ordina","dina","or100","OR 1.0 n500","Hc","fld_s","bias_log",,-0.063165993,0.00654826,,,968,"944c73a4"
"ordina","dina","or100","OR 1.0 n500","Hc","fld_s","bias_sd_units",,-0.31040916,0.0321793,,,968,"944c73a4"
"ordina","dina","or100","OR 1.0 n500","Hc","fld_s","sd_emp_or",,0.13512639,0.00307264,,,968,"944c73a4"
"ordina","dina","or100","OR 1.0 n500","Hc","fld_s","sd_emp_log",,0.20349268,0.00462722,,,968,"944c73a4"
"ordina","dina","or100","OR 1.0 n500","Hc","fld_s","se_mean",,0.20312616,0.000270306,,,968,"944c73a4"
"ordina","dina","or100","OR 1.0 n500","Hc","fld_s","se_over_sd",,0.99819885,0.0227369,,,968,"944c73a4"
"ordina","dina","or100","OR 1.0 n500","Hc","fld_s","cov1_upper",,0.90805785,0.00928702,0.888207,0.924683,968,"944c73a4"
"ordina","dina","or100","OR 1.0 n500","Hc","fld_s","cov2",,0.94008264,0.00762819,0.923321,0.953366,968,"944c73a4"
"ordina","dina","or100","OR 1.0 n500","Hc","fld_s","halfwidth_or",,0.2707849,,,,968,"944c73a4"
"ordina","dina","or100","OR 1.0 n500","Hc","fld_s","margin1_or",,0.28063929,,,,968,"944c73a4"
"ordina","dina","or100","OR 1.0 n500","Hc","fld_s","share_upper_le_tau",0.7,0.090909091,0.00923995,0.0743798,0.110672,968,"944c73a4"
"ordina","dina","or100","OR 1.0 n500","Hc","fld_s","share_upper_le_tau",0.8,0.23760331,0.0136798,0.211862,0.265419,968,"944c73a4"
"ordina","dina","or100","OR 1.0 n500","Hc","fld_s","share_upper_le_tau",0.9,0.46900826,0.0160397,0.437755,0.500506,968,"944c73a4"
"ordina","dina","or100","OR 1.0 n500","Hc","fld_s","share_upper_le_tau",1,0.67561983,0.0150467,0.645485,0.704366,968,"944c73a4"
"ordina","dina","or100","OR 1.0 n500","Hc","fld_s","share_upper_le_tau",1.25,0.94214876,0.00750375,0.925619,0.955183,968,"944c73a4"
"ordina","dina","or100","OR 1.0 n500","Hc","fld_s","share_upper_le_tau",1.5,0.99586777,0.00206184,0.989424,0.998392,968,"944c73a4"
"ordina","dina","or100","OR 1.0 n500","Hc","fld_s","share_upper_le_tau",2,1,0,0.996047,1,968,"944c73a4"
"ordina","dina","or100","OR 1.0 n500","Hc","fld_s","bound_mean",,0.93138824,0.00594822,,,968,"944c73a4"
"ordina","dina","or100","OR 1.0 n500","Hc","fld_s","bound_q05",,0.65100348,,,,968,"944c73a4"
"ordina","dina","or100","OR 1.0 n500","Hc","fld_s","bound_q25",,0.80549327,,,,968,"944c73a4"
"ordina","dina","or100","OR 1.0 n500","Hc","fld_s","bound_q50",,0.91541927,,,,968,"944c73a4"
"ordina","dina","or100","OR 1.0 n500","Hc","fld_s","bound_q75",,1.0406588,,,,968,"944c73a4"
"ordina","dina","or100","OR 1.0 n500","Hc","fld_s","bound_q95",,1.2625382,,,,968,"944c73a4"
"ordina","dina","or100","OR 1.0 n500","Hc","oracle","share_upper_le_tau",0.7,0.070247934,0.00821415,0.0557895,0.0881038,968,"944c73a4"
"ordina","dina","or100","OR 1.0 n500","Hc","oracle","share_upper_le_tau",0.8,0.22210744,0.0133599,0.19705,0.249362,968,"944c73a4"
"ordina","dina","or100","OR 1.0 n500","Hc","oracle","share_upper_le_tau",0.9,0.44938017,0.015988,0.418306,0.480855,968,"944c73a4"
"ordina","dina","or100","OR 1.0 n500","Hc","oracle","share_upper_le_tau",1,0.65909091,0.0152354,0.628654,0.68827,968,"944c73a4"
"ordina","dina","or100","OR 1.0 n500","Hc","oracle","share_upper_le_tau",1.25,0.9411157,0.0075663,0.924469,0.954275,968,"944c73a4"
"ordina","dina","or100","OR 1.0 n500","Hc","oracle","share_upper_le_tau",1.5,0.99586777,0.00206184,0.989424,0.998392,968,"944c73a4"
"ordina","dina","or100","OR 1.0 n500","Hc","oracle","share_upper_le_tau",2,1,0,0.996047,1,968,"944c73a4"
"ordina","dina","or100","OR 1.0 n500","Hc","oracle","bound_mean",,0.94168502,0.00573743,,,968,"944c73a4"
"ordina","dina","or100","OR 1.0 n500","Hc","oracle","bound_q05",,0.68197906,,,,968,"944c73a4"
"ordina","dina","or100","OR 1.0 n500","Hc","oracle","bound_q25",,0.80996341,,,,968,"944c73a4"
"ordina","dina","or100","OR 1.0 n500","Hc","oracle","bound_q50",,0.92703931,,,,968,"944c73a4"
"ordina","dina","or100","OR 1.0 n500","Hc","oracle","bound_q75",,1.0529677,,,,968,"944c73a4"
"ordina","dina","or100","OR 1.0 n500","Hc","oracle","bound_q95",,1.266468,,,,968,"944c73a4"
"ordina","dina","or100","OR 1.0 n500","Hc","fld","share_upper_le_tau",0.7,0.099173554,0.00960685,0.0818994,0.119616,968,"944c73a4"
"ordina","dina","or100","OR 1.0 n500","Hc","fld","share_upper_le_tau",0.8,0.24793388,0.013879,0.221763,0.276097,968,"944c73a4"
"ordina","dina","or100","OR 1.0 n500","Hc","fld","share_upper_le_tau",0.9,0.47520661,0.0160508,0.443908,0.506702,968,"944c73a4"
"ordina","dina","or100","OR 1.0 n500","Hc","fld","share_upper_le_tau",1,0.6714876,0.0150958,0.641273,0.700346,968,"944c73a4"
"ordina","dina","or100","OR 1.0 n500","Hc","fld","share_upper_le_tau",1.25,0.94008264,0.00762819,0.923321,0.953366,968,"944c73a4"
"ordina","dina","or100","OR 1.0 n500","Hc","fld","share_upper_le_tau",1.5,0.99586777,0.00206184,0.989424,0.998392,968,"944c73a4"
"ordina","dina","or100","OR 1.0 n500","Hc","fld","share_upper_le_tau",2,1,0,0.996047,1,968,"944c73a4"
"ordina","dina","or100","OR 1.0 n500","Hc","fld","bound_mean",,0.93011692,0.0060166,,,968,"944c73a4"
"ordina","dina","or100","OR 1.0 n500","Hc","fld","bound_q05",,0.64535038,,,,968,"944c73a4"
"ordina","dina","or100","OR 1.0 n500","Hc","fld","bound_q25",,0.80288673,,,,968,"944c73a4"
"ordina","dina","or100","OR 1.0 n500","Hc","fld","bound_q50",,0.91411403,,,,968,"944c73a4"
"ordina","dina","or100","OR 1.0 n500","Hc","fld","bound_q75",,1.0415369,,,,968,"944c73a4"
"ordina","dina","or100","OR 1.0 n500","Hc","fld","bound_q95",,1.268618,,,,968,"944c73a4"
"ordina","dina","or100","OR 1.0 n500","Hc","mr","share_upper_le_tau",0.7,0.0041322314,0.00206184,0.00160808,0.0105765,968,"944c73a4"
"ordina","dina","or100","OR 1.0 n500","Hc","mr","share_upper_le_tau",0.8,0.019628099,0.00445858,0.0126012,0.0304526,968,"944c73a4"
"ordina","dina","or100","OR 1.0 n500","Hc","mr","share_upper_le_tau",0.9,0.064049587,0.0078695,0.0502832,0.0812624,968,"944c73a4"
"ordina","dina","or100","OR 1.0 n500","Hc","mr","share_upper_le_tau",1,0.16838843,0.0120276,0.146136,0.193263,968,"944c73a4"
"ordina","dina","or100","OR 1.0 n500","Hc","mr","share_upper_le_tau",1.25,0.57541322,0.0158868,0.544038,0.606192,968,"944c73a4"
"ordina","dina","or100","OR 1.0 n500","Hc","mr","share_upper_le_tau",1.5,0.8822314,0.0103602,0.860399,0.901042,968,"944c73a4"
"ordina","dina","or100","OR 1.0 n500","Hc","mr","share_upper_le_tau",2,0.99793388,0.00145945,0.992498,0.999433,968,"944c73a4"
"ordina","dina","or100","OR 1.0 n500","Hc","mr","bound_mean",,1.2244528,0.00751844,,,968,"944c73a4"
"ordina","dina","or100","OR 1.0 n500","Hc","mr","bound_q05",,0.87717274,,,,968,"944c73a4"
"ordina","dina","or100","OR 1.0 n500","Hc","mr","bound_q25",,1.0665181,,,,968,"944c73a4"
"ordina","dina","or100","OR 1.0 n500","Hc","mr","bound_q50",,1.2034272,,,,968,"944c73a4"
"ordina","dina","or100","OR 1.0 n500","Hc","mr","bound_q75",,1.3632248,,,,968,"944c73a4"
"ordina","dina","or100","OR 1.0 n500","Hc","mr","bound_q95",,1.6443143,,,,968,"944c73a4"
"ordina","dina","or100","OR 1.0 n500","Hc","naive","share_upper_le_tau",0.7,0.22107438,0.0133377,0.196064,0.24829,968,"944c73a4"
"ordina","dina","or100","OR 1.0 n500","Hc","naive","share_upper_le_tau",0.8,0.50206612,0.0160705,0.470623,0.533493,968,"944c73a4"
"ordina","dina","or100","OR 1.0 n500","Hc","naive","share_upper_le_tau",0.9,0.7427686,0.0140492,0.714311,0.769307,968,"944c73a4"
"ordina","dina","or100","OR 1.0 n500","Hc","naive","share_upper_le_tau",1,0.89876033,0.00969526,0.878154,0.916214,968,"944c73a4"
"ordina","dina","or100","OR 1.0 n500","Hc","naive","share_upper_le_tau",1.25,0.99483471,0.00230401,0.987966,0.997792,968,"944c73a4"
"ordina","dina","or100","OR 1.0 n500","Hc","naive","share_upper_le_tau",1.5,0.99896694,0.00103252,0.994172,0.999818,968,"944c73a4"
"ordina","dina","or100","OR 1.0 n500","Hc","naive","share_upper_le_tau",2,1,0,0.996047,1,968,"944c73a4"
"ordina","dina","or100","OR 1.0 n500","Hc","naive","bound_mean",,0.8118852,0.00476236,,,968,"944c73a4"
"ordina","dina","or100","OR 1.0 n500","Hc","naive","bound_q05",,0.59667463,,,,968,"944c73a4"
"ordina","dina","or100","OR 1.0 n500","Hc","naive","bound_q25",,0.71257276,,,,968,"944c73a4"
"ordina","dina","or100","OR 1.0 n500","Hc","naive","bound_q50",,0.79925179,,,,968,"944c73a4"
"ordina","dina","or100","OR 1.0 n500","Hc","naive","bound_q75",,0.90347601,,,,968,"944c73a4"
"ordina","dina","or100","OR 1.0 n500","Hc","naive","bound_q95",,1.0787958,,,,968,"944c73a4"
"ordina","dina","or100","OR 1.0 n500","joint","bonf_s","joint_coverage",,0.89256198,0.00995315,0.871479,0.910541,968,"944c73a4"
"ordina","dina","or100","OR 1.0 n500","joint","bonf_s","share_both_bounds",,1,0,0.996047,1,968,"944c73a4"
"ordina","dina","or100","OR 1.0 n500","joint","bonf_s","cov_H",,0.94318182,0.00744053,0.926771,0.956089,968,"944c73a4"
"ordina","dina","or100","OR 1.0 n500","joint","bonf_s","cov_Hc",,0.94731405,0.00718053,0.931389,0.959703,968,"944c73a4"
"ordina","dina","or100","OR 1.0 n500","joint","bonf_s","margin_H_or",,0.8598076,0.0147321,,,968,"944c73a4"
"ordina","dina","or100","OR 1.0 n500","joint","bonf_s","margin_Hc_or",,0.34114343,0.00225717,,,968,"944c73a4"
"ordina","dina","or100","OR 1.0 n500","joint","bonf","joint_coverage",,0.89049587,0.0100368,0.869259,0.908646,968,"944c73a4"
"ordina","dina","or100","OR 1.0 n500","joint","bonf","share_both_bounds",,1,0,0.996047,1,968,"944c73a4"
"ordina","dina","or100","OR 1.0 n500","joint","bonf","cov_H",,0.94318182,0.00744053,0.926771,0.956089,968,"944c73a4"
"ordina","dina","or100","OR 1.0 n500","joint","bonf","cov_Hc",,0.94524793,0.00731199,0.929077,0.957899,968,"944c73a4"
"ordina","dina","or100","OR 1.0 n500","joint","bonf","margin_H_or",,0.8598076,0.0147321,,,968,"944c73a4"
"ordina","dina","or100","OR 1.0 n500","joint","bonf","margin_Hc_or",,0.33988947,0.00231992,,,968,"944c73a4"
"ordina","dina","or100","OR 1.0 n500","joint","separate_s","joint_coverage",,0.80268595,0.0127913,0.77644,0.826539,968,"944c73a4"
"ordina","dina","or100","OR 1.0 n500","joint","separate_s","share_both_bounds",,1,0,0.996047,1,968,"944c73a4"
"ordina","dina","or100","OR 1.0 n500","joint","separate_s","cov_H",,0.88119835,0.0103995,0.859294,0.90009,968,"944c73a4"
"ordina","dina","or100","OR 1.0 n500","joint","separate_s","cov_Hc",,0.90805785,0.00928702,0.888207,0.924683,968,"944c73a4"
"ordina","dina","or100","OR 1.0 n500","joint","separate_s","margin_H_or",,0.78124761,0.0134079,,,968,"944c73a4"
"ordina","dina","or100","OR 1.0 n500","joint","separate_s","margin_Hc_or",,0.28063929,0.00186983,,,968,"944c73a4"
"ordina","dina","or100","OR 1.0 n500","joint","calibrated","gamma_mean_s",,0.025141529,1.15841e-05,,,968,"944c73a4"
"ordina","dina","or100","OR 1.0 n500","joint","calibrated","corr_s",,0.079031583,0.0017722,,,968,"944c73a4"
"ordina","dina","or100","OR 1.0 n500","joint","calibrated","gamma_mean",,0.025121901,1.08215e-05,,,968,"944c73a4"
"ordina","dina","or100","OR 1.0 n500","joint","calibrated","corr",,0.082679774,0.00180978,,,968,"944c73a4"
"ordina","dina","or100","OR 1.0 n500","H","all","mean_size_hhat",,86.121901,0.750974,,,968,"944c73a4"
"ordina","dina","or100","OR 1.0 n500","H","all","mean_true_positives",,18.092975,0.508331,,,968,"944c73a4"
"ordina","dina","or100","OR 1.0 n500","H","all","sensitivity_mean",,0.24306939,0.00677304,,,968,"944c73a4"
"ordina","dina","or100","OR 1.0 n500","H","all","ppv_mean",,0.20986009,0.00577907,,,968,"944c73a4"
"ordina","dina","or100","OR 1.0 n500","H","all","spec_mean",,0.84023162,0.00179662,,,968,"944c73a4"
"ordina","dina","or100","OR 1.0 n500","H","all","mean_n_family",,1052.6787,40.5881,,,968,"944c73a4"
"ordina","dina","or100","OR 1.0 n500","H","all","mean_admitted_n",,651.1436,28.3035,,,968,"944c73a4"
"ordina","dina","or100","OR 1.0 n500","H","all","mean_proposed_n",,1052.6787,40.5881,,,968,"944c73a4"
"ordina","dina","or100","OR 1.0 n500","H","all","mean_n_cons_qual",,,,,,0,"944c73a4"
"ordina","dina","or100","OR 1.0 n500","H","all","mean_band_n",,,,,,0,"944c73a4"
"ordina","dina","or100","OR 1.0 n500","H","all","mean_n_true",,74.31405,0.24739,,,968,"944c73a4"
"ordina","dina","or100","OR 1.0 n500","H","all","p_hat_mean",,0.17494628,0.00490503,,,968,"944c73a4"
"ordina","dina","or100","OR 1.0 n500","H","all","p_hat_share_lt_05",,0.95454545,0.00669498,0.93953,0.965967,968,"944c73a4"
"ordina","dina","or100","OR 1.0 n500","Hc","mr","sd_btc_over_naive_se",,0.97484142,,,,968,"944c73a4"
"ordina","dina","or100","OR 1.0 n500","Hc","fld","lamsd_over_naive_se",,0.98351292,,,,968,"944c73a4"
"ordina","dina","or100","OR 1.0 n500","Hc","fld_s","lamsd_over_naive_se",,0.99070088,,,,968,"944c73a4"
"ordina","dina","or100","OR 1.0 n500","all","all","secs_fit_mr_mean",,16.425059,0.452091,,,1000,"944c73a4"
"ordina","dina","or100","OR 1.0 n500","all","all","secs_id_mean",,1.235969,0.0476547,,,1000,"944c73a4"
"ordina","dina","or100","OR 1.0 n500","all","all","secs_field_mean",,13.650644,0.342895,,,968,"944c73a4"
"ordina","dina","or100","OR 1.0 n500","all","all","secs_complement_mean",,0.30965289,0.00771432,,,968,"944c73a4"
"ordina","dina","or100","OR 1.0 n500","H","naive","display_b",,2.8208561,,,,968,"944c73a4"
"ordina","dina","or100","OR 1.0 n500","H","naive","display_r",,1.2005518,,,,968,"944c73a4"
"ordina","dina","or100","OR 1.0 n500","H","naive","display_cov1",,0.14669421,,,,968,"944c73a4"
"ordina","dina","or100","OR 1.0 n500","H","naive","display_cov1_ref",,0.19874178,,,,968,"944c73a4"
"ordina","dina","or100","OR 1.0 n500","H","naive","display_cov2",,0.27169421,,,,968,"944c73a4"
"ordina","dina","or100","OR 1.0 n500","H","naive","display_cov2_ref",,0.31995736,,,,968,"944c73a4"
"ordina","dina","or100","OR 1.0 n500","H","mr","display_b",,1.1598934,,,,968,"944c73a4"
"ordina","dina","or100","OR 1.0 n500","H","mr","display_r",,1.6585624,,,,968,"944c73a4"
"ordina","dina","or100","OR 1.0 n500","H","mr","display_cov1",,0.97004132,,,,968,"944c73a4"
"ordina","dina","or100","OR 1.0 n500","H","mr","display_cov1_ref",,0.94158265,,,,968,"944c73a4"
"ordina","dina","or100","OR 1.0 n500","H","mr","display_cov2",,0.99380165,,,,968,"944c73a4"
"ordina","dina","or100","OR 1.0 n500","H","mr","display_cov2_ref",,0.98172316,,,,968,"944c73a4"
"ordina","dina","or100","OR 1.0 n500","H","fld","display_b",,0.77367477,,,,968,"944c73a4"
"ordina","dina","or100","OR 1.0 n500","H","fld","display_r",,1.1162912,,,,968,"944c73a4"
"ordina","dina","or100","OR 1.0 n500","H","fld","display_cov1",,0.88119835,,,,968,"944c73a4"
"ordina","dina","or100","OR 1.0 n500","H","fld","display_cov1_ref",,0.85598673,,,,968,"944c73a4"
"ordina","dina","or100","OR 1.0 n500","H","fld","display_cov2",,0.94008264,,,,968,"944c73a4"
"ordina","dina","or100","OR 1.0 n500","H","fld","display_cov2_ref",,0.91982032,,,,968,"944c73a4"
"ordina","dina","or100","OR 1.0 n500","Hc","naive","display_b",,-1.0747302,,,,968,"944c73a4"
"ordina","dina","or100","OR 1.0 n500","Hc","naive","display_r",,1.0935317,,,,968,"944c73a4"
"ordina","dina","or100","OR 1.0 n500","Hc","naive","display_cov1",,0.78615702,,,,968,"944c73a4"
"ordina","dina","or100","OR 1.0 n500","Hc","naive","display_cov1_ref",,0.76545771,,,,968,"944c73a4"
"ordina","dina","or100","OR 1.0 n500","Hc","naive","display_cov2",,0.86157025,,,,968,"944c73a4"
"ordina","dina","or100","OR 1.0 n500","Hc","naive","display_cov2_ref",,0.8567189,,,,968,"944c73a4"
"ordina","dina","or100","OR 1.0 n500","Hc","mr","display_b",,-0.44407441,,,,968,"944c73a4"
"ordina","dina","or100","OR 1.0 n500","Hc","mr","display_r",,1.9276765,,,,968,"944c73a4"
"ordina","dina","or100","OR 1.0 n500","Hc","mr","display_cov1",,0.99690083,,,,968,"944c73a4"
"ordina","dina","or100","OR 1.0 n500","Hc","mr","display_cov1_ref",,0.99680116,,,,968,"944c73a4"
"ordina","dina","or100","OR 1.0 n500","Hc","mr","display_cov2",,1,,,,968,"944c73a4"
"ordina","dina","or100","OR 1.0 n500","Hc","mr","display_cov2_ref",,0.99956003,,,,968,"944c73a4"
"ordina","dina","or100","OR 1.0 n500","Hc","fld","display_b",,-0.30925644,,,,968,"944c73a4"
"ordina","dina","or100","OR 1.0 n500","Hc","fld","display_r",,0.98984268,,,,968,"944c73a4"
"ordina","dina","or100","OR 1.0 n500","Hc","fld","display_cov1",,0.90495868,,,,968,"944c73a4"
"ordina","dina","or100","OR 1.0 n500","Hc","fld","display_cov1_ref",,0.90639703,,,,968,"944c73a4"
"ordina","dina","or100","OR 1.0 n500","Hc","fld","display_cov2",,0.93801653,,,,968,"944c73a4"
"ordina","dina","or100","OR 1.0 n500","Hc","fld","display_cov2_ref",,0.93628738,,,,968,"944c73a4"
"ordina","dina","or100","OR 1.0 n500","Hc","fld_s","display_b",,-0.31040916,,,,968,"944c73a4"
"ordina","dina","or100","OR 1.0 n500","Hc","fld_s","display_r",,0.99819885,,,,968,"944c73a4"
"ordina","dina","or100","OR 1.0 n500","Hc","fld_s","display_cov1",,0.90805785,,,,968,"944c73a4"
"ordina","dina","or100","OR 1.0 n500","Hc","fld_s","display_cov1_ref",,0.90848474,,,,968,"944c73a4"
"ordina","dina","or100","OR 1.0 n500","Hc","fld_s","display_cov2",,0.94008264,,,,968,"944c73a4"
"ordina","dina","or100","OR 1.0 n500","Hc","fld_s","display_cov2_ref",,0.93842075,,,,968,"944c73a4"
"orfs","fs","or100","OR 1.0 n2000","H","all","declaration_rate",,0.961,0.00612201,0.947131,0.971341,1000,"6da4df13"
"orfs","fs","or100","OR 1.0 n2000","H","naive","n_nonconvergent_fits",,0,,,,961,"6da4df13"
"orfs","fs","or100","OR 1.0 n2000","H","naive","bias_or",,1.4097543,0.022773,,,961,"6da4df13"
"orfs","fs","or100","OR 1.0 n2000","H","naive","bias_log",,1.0180686,0.00964674,,,961,"6da4df13"
"orfs","fs","or100","OR 1.0 n2000","H","naive","bias_sd_units",,3.4950303,0.0331173,,,961,"6da4df13"
"orfs","fs","or100","OR 1.0 n2000","H","naive","sd_emp_or",,0.71771505,0.0163795,,,961,"6da4df13"
"orfs","fs","or100","OR 1.0 n2000","H","naive","sd_emp_log",,0.29129034,0.00664776,,,961,"6da4df13"
"orfs","fs","or100","OR 1.0 n2000","H","naive","se_mean",,0.40204772,0.0030361,,,961,"6da4df13"
"orfs","fs","or100","OR 1.0 n2000","H","naive","se_over_sd",,1.3802302,0.033179,,,961,"6da4df13"
"orfs","fs","or100","OR 1.0 n2000","H","naive","cov1_lower",,0.044745057,0.00666915,0.0333871,0.0597282,961,"6da4df13"
"orfs","fs","or100","OR 1.0 n2000","H","naive","cov2",,0.11654527,0.0103509,0.0977675,0.138376,961,"6da4df13"
"orfs","fs","or100","OR 1.0 n2000","H","naive","halfwidth_or",,2.0477631,,,,961,"6da4df13"
"orfs","fs","or100","OR 1.0 n2000","H","naive","margin1_or",,1.0729664,,,,961,"6da4df13"
"orfs","fs","or100","OR 1.0 n2000","H","naive","cov2_theta_dagger",,0.66597294,0.0152145,0.635544,0.69508,961,"6da4df13"
"orfs","fs","or100","OR 1.0 n2000","H","naive","cov1_lower_theta_dagger",,0.4276795,0.0159594,0.396749,0.459186,961,"6da4df13"
"orfs","fs","or100","OR 1.0 n2000","H","naive","cov2_theta_ddagger",,0.66597294,0.0152145,0.635544,0.69508,961,"6da4df13"
"orfs","fs","or100","OR 1.0 n2000","H","naive","cov1_lower_theta_ddagger",,0.4276795,0.0159594,0.396749,0.459186,961,"6da4df13"
"orfs","fs","or100","OR 1.0 n2000","H","oracle","n_nonconvergent_fits",,0,,,,961,"6da4df13"
"orfs","fs","or100","OR 1.0 n2000","H","oracle","bias_or",,0.025791973,0.00794842,,,961,"6da4df13"
"orfs","fs","or100","OR 1.0 n2000","H","oracle","bias_log",,-0.0026921632,0.00767125,,,961,"6da4df13"
"orfs","fs","or100","OR 1.0 n2000","H","oracle","bias_sd_units",,-0.011320713,0.0322581,,,961,"6da4df13"
"orfs","fs","or100","OR 1.0 n2000","H","oracle","sd_emp_or",,0.24640091,0.00562331,,,961,"6da4df13"
"orfs","fs","or100","OR 1.0 n2000","H","oracle","sd_emp_log",,0.23780863,0.00542721,,,961,"6da4df13"
"orfs","fs","or100","OR 1.0 n2000","H","oracle","se_mean",,0.2335469,0.000199022,,,961,"6da4df13"
"orfs","fs","or100","OR 1.0 n2000","H","oracle","se_over_sd",,0.98207913,0.0224284,,,961,"6da4df13"
"orfs","fs","or100","OR 1.0 n2000","H","oracle","cov1_lower",,0.94693028,0.00723137,0.930894,0.959407,961,"6da4df13"
"orfs","fs","or100","OR 1.0 n2000","H","oracle","cov2",,0.9458897,0.00729791,0.929729,0.9585,961,"6da4df13"
"orfs","fs","or100","OR 1.0 n2000","H","oracle","halfwidth_or",,0.48621395,,,,961,"6da4df13"
"orfs","fs","or100","OR 1.0 n2000","H","oracle","margin1_or",,0.32719169,,,,961,"6da4df13"
"orfs","fs","or100","OR 1.0 n2000","H","mr","n_nonconvergent_fits",,0,,,,961,"6da4df13"
"orfs","fs","or100","OR 1.0 n2000","H","mr","bias_or",,0.21154348,0.0134279,,,961,"6da4df13"
"orfs","fs","or100","OR 1.0 n2000","H","mr","bias_log",,0.18877892,0.0113226,,,961,"6da4df13"
"orfs","fs","or100","OR 1.0 n2000","H","mr","bias_sd_units",,0.54016207,0.0323978,,,961,"6da4df13"
"orfs","fs","or100","OR 1.0 n2000","H","mr","sd_emp_or",,0.42258061,0.00964404,,,961,"6da4df13"
"orfs","fs","or100","OR 1.0 n2000","H","mr","sd_emp_log",,0.3494857,0.00797588,,,961,"6da4df13"
"orfs","fs","or100","OR 1.0 n2000","H","mr","se_mean",,0.46856172,0.00296872,,,961,"6da4df13"
"orfs","fs","or100","OR 1.0 n2000","H","mr","se_over_sd",,1.3407179,0.0317548,,,961,"6da4df13"
"orfs","fs","or100","OR 1.0 n2000","H","mr","cov1_lower",,0.96670135,0.00578759,0.953371,0.976316,961,"6da4df13"
"orfs","fs","or100","OR 1.0 n2000","H","mr","cov2",,0.98439126,0.00399858,0.974407,0.990518,961,"6da4df13"
"orfs","fs","or100","OR 1.0 n2000","H","mr","halfwidth_or",,1.1101057,,,,961,"6da4df13"
"orfs","fs","or100","OR 1.0 n2000","H","mr","margin1_or",,0.53132554,,,,961,"6da4df13"
"orfs","fs","or100","OR 1.0 n2000","H","mr","cov2_theta_dagger",,0.96045786,0.00628648,0.946192,0.971057,961,"6da4df13"
"orfs","fs","or100","OR 1.0 n2000","H","mr","cov1_lower_theta_dagger",,0.99167534,0.00293094,0.98366,0.995776,961,"6da4df13"
"orfs","fs","or100","OR 1.0 n2000","H","mr","cov2_theta_ddagger",,0.96045786,0.00628648,0.946192,0.971057,961,"6da4df13"
"orfs","fs","or100","OR 1.0 n2000","H","mr","cov1_lower_theta_ddagger",,0.99167534,0.00293094,0.98366,0.995776,961,"6da4df13"
"orfs","fs","or100","OR 1.0 n2000","H","fld","n_nonconvergent_fits",,0,,,,961,"6da4df13"
"orfs","fs","or100","OR 1.0 n2000","H","fld","bias_or",,0.088316302,0.0129319,,,961,"6da4df13"
"orfs","fs","or100","OR 1.0 n2000","H","fld","bias_log",,0.041551028,0.0120319,,,961,"6da4df13"
"orfs","fs","or100","OR 1.0 n2000","H","fld","bias_sd_units",,0.11115305,0.0321866,,,961,"6da4df13"
"orfs","fs","or100","OR 1.0 n2000","H","fld","sd_emp_or",,0.40688548,0.00928585,,,961,"6da4df13"
"orfs","fs","or100","OR 1.0 n2000","H","fld","sd_emp_log",,0.37381817,0.00853119,,,961,"6da4df13"
"orfs","fs","or100","OR 1.0 n2000","H","fld","se_mean",,0.45195844,0.00150382,,,961,"6da4df13"
"orfs","fs","or100","OR 1.0 n2000","H","fld","se_over_sd",,1.2090328,0.027884,,,961,"6da4df13"
"orfs","fs","or100","OR 1.0 n2000","H","fld","cov1_lower",,0.97398543,0.00513479,0.961879,0.982318,961,"6da4df13"
"orfs","fs","or100","OR 1.0 n2000","H","fld","cov2",,0.97502601,0.00503373,0.963108,0.983161,961,"6da4df13"
"orfs","fs","or100","OR 1.0 n2000","H","fld","halfwidth_or",,0.77871238,,,,961,"6da4df13"
"orfs","fs","or100","OR 1.0 n2000","H","fld","margin1_or",,0.59198965,,,,961,"6da4df13"
"orfs","fs","or100","OR 1.0 n2000","H","fld","cov2_theta_dagger",,0.91675338,0.00891144,0.897584,0.932604,961,"6da4df13"
"orfs","fs","or100","OR 1.0 n2000","H","fld","cov1_lower_theta_dagger",,0.98959417,0.00327345,0.980952,0.994338,961,"6da4df13"
"orfs","fs","or100","OR 1.0 n2000","H","fld","cov2_theta_ddagger",,0.91675338,0.00891144,0.897584,0.932604,961,"6da4df13"
"orfs","fs","or100","OR 1.0 n2000","H","fld","cov1_lower_theta_ddagger",,0.98959417,0.00327345,0.980952,0.994338,961,"6da4df13"
"orfs","fs","or100","OR 1.0 n2000","H","fld","share_lower_ge_tau",0.7,0.033298647,0.00578759,0.0236844,0.0466291,961,"6da4df13"
"orfs","fs","or100","OR 1.0 n2000","H","fld","share_lower_ge_tau",0.8,0.019771072,0.00449073,0.0126933,0.0306729,961,"6da4df13"
"orfs","fs","or100","OR 1.0 n2000","H","fld","share_lower_ge_tau",0.9,0.012486993,0.00358211,0.00715731,0.0216987,961,"6da4df13"
"orfs","fs","or100","OR 1.0 n2000","H","fld","share_lower_ge_tau",1,0.010405827,0.00327345,0.00566193,0.0190483,961,"6da4df13"
"orfs","fs","or100","OR 1.0 n2000","H","fld","share_lower_ge_tau",1.25,0.0010405827,0.00104004,0.000183712,0.00587061,961,"6da4df13"
"orfs","fs","or100","OR 1.0 n2000","H","fld","share_lower_ge_tau",1.5,0.0010405827,0.00104004,0.000183712,0.00587061,961,"6da4df13"
"orfs","fs","or100","OR 1.0 n2000","H","fld","share_lower_ge_tau",2,0.0010405827,0.00104004,0.000183712,0.00587061,961,"6da4df13"
"orfs","fs","or100","OR 1.0 n2000","H","fld","bound_mean",,0.37366783,0.00505913,,,961,"6da4df13"
"orfs","fs","or100","OR 1.0 n2000","H","fld","bound_q05",,0.20866805,,,,961,"6da4df13"
"orfs","fs","or100","OR 1.0 n2000","H","fld","bound_q25",,0.27587255,,,,961,"6da4df13"
"orfs","fs","or100","OR 1.0 n2000","H","fld","bound_q50",,0.33620125,,,,961,"6da4df13"
"orfs","fs","or100","OR 1.0 n2000","H","fld","bound_q75",,0.42696819,,,,961,"6da4df13"
"orfs","fs","or100","OR 1.0 n2000","H","fld","bound_q95",,0.64708694,,,,961,"6da4df13"
"orfs","fs","or100","OR 1.0 n2000","H","oracle","share_lower_ge_tau",0.7,0.45369407,0.0160597,0.422464,0.485293,961,"6da4df13"
"orfs","fs","or100","OR 1.0 n2000","H","oracle","share_lower_ge_tau",0.8,0.23725286,0.0137225,0.211437,0.265161,961,"6da4df13"
"orfs","fs","or100","OR 1.0 n2000","H","oracle","share_lower_ge_tau",0.9,0.11134235,0.010147,0.0929815,0.132798,961,"6da4df13"
"orfs","fs","or100","OR 1.0 n2000","H","oracle","share_lower_ge_tau",1,0.053069719,0.00723137,0.0405927,0.0691056,961,"6da4df13"
"orfs","fs","or100","OR 1.0 n2000","H","oracle","share_lower_ge_tau",1.25,0.0041623309,0.00207683,0.0016198,0.0106532,961,"6da4df13"
"orfs","fs","or100","OR 1.0 n2000","H","oracle","share_lower_ge_tau",1.5,0,0,0,0.00398144,961,"6da4df13"
"orfs","fs","or100","OR 1.0 n2000","H","oracle","share_lower_ge_tau",2,0,0,0,0.00398144,961,"6da4df13"
"orfs","fs","or100","OR 1.0 n2000","H","oracle","bound_mean",,0.69860028,0.00539929,,,961,"6da4df13"
"orfs","fs","or100","OR 1.0 n2000","H","oracle","bound_q05",,0.45493976,,,,961,"6da4df13"
"orfs","fs","or100","OR 1.0 n2000","H","oracle","bound_q25",,0.58264041,,,,961,"6da4df13"
"orfs","fs","or100","OR 1.0 n2000","H","oracle","bound_q50",,0.67969711,,,,961,"6da4df13"
"orfs","fs","or100","OR 1.0 n2000","H","oracle","bound_q75",,0.79548139,,,,961,"6da4df13"
"orfs","fs","or100","OR 1.0 n2000","H","oracle","bound_q95",,1.0041331,,,,961,"6da4df13"
"orfs","fs","or100","OR 1.0 n2000","H","mr","share_lower_ge_tau",0.7,0.041623309,0.0064428,0.0307144,0.0561823,961,"6da4df13"
"orfs","fs","or100","OR 1.0 n2000","H","mr","share_lower_ge_tau",0.8,0.020811655,0.00460495,0.0135121,0.0319269,961,"6da4df13"
"orfs","fs","or100","OR 1.0 n2000","H","mr","share_lower_ge_tau",0.9,0.01144641,0.00343141,0.00640334,0.0203798,961,"6da4df13"
"orfs","fs","or100","OR 1.0 n2000","H","mr","share_lower_ge_tau",1,0.0083246618,0.00293094,0.00422416,0.0163403,961,"6da4df13"
"orfs","fs","or100","OR 1.0 n2000","H","mr","share_lower_ge_tau",1.25,0.0010405827,0.00104004,0.000183712,0.00587061,961,"6da4df13"
"orfs","fs","or100","OR 1.0 n2000","H","mr","share_lower_ge_tau",1.5,0.0010405827,0.00104004,0.000183712,0.00587061,961,"6da4df13"
"orfs","fs","or100","OR 1.0 n2000","H","mr","share_lower_ge_tau",2,0,0,0,0.00398144,961,"6da4df13"
"orfs","fs","or100","OR 1.0 n2000","H","mr","bound_mean",,0.43433194,0.00439335,,,961,"6da4df13"
"orfs","fs","or100","OR 1.0 n2000","H","mr","bound_q05",,0.29096691,,,,961,"6da4df13"
"orfs","fs","or100","OR 1.0 n2000","H","mr","bound_q25",,0.34267819,,,,961,"6da4df13"
"orfs","fs","or100","OR 1.0 n2000","H","mr","bound_q50",,0.40102106,,,,961,"6da4df13"
"orfs","fs","or100","OR 1.0 n2000","H","mr","bound_q75",,0.48537537,,,,961,"6da4df13"
"orfs","fs","or100","OR 1.0 n2000","H","mr","bound_q95",,0.67009677,,,,961,"6da4df13"
"orfs","fs","or100","OR 1.0 n2000","H","naive","share_lower_ge_tau",0.7,1,0,0.996019,1,961,"6da4df13"
"orfs","fs","or100","OR 1.0 n2000","H","naive","share_lower_ge_tau",0.8,0.98855359,0.00343141,0.97962,0.993597,961,"6da4df13"
"orfs","fs","or100","OR 1.0 n2000","H","naive","share_lower_ge_tau",0.9,0.78147763,0.0133304,0.754258,0.806456,961,"6da4df13"
"orfs","fs","or100","OR 1.0 n2000","H","naive","share_lower_ge_tau",1,0.5723205,0.0159594,0.540814,0.603251,961,"6da4df13"
"orfs","fs","or100","OR 1.0 n2000","H","naive","share_lower_ge_tau",1.25,0.19771072,0.0128475,0.173755,0.224074,961,"6da4df13"
"orfs","fs","or100","OR 1.0 n2000","H","naive","share_lower_ge_tau",1.5,0.062434964,0.00780464,0.0488117,0.0795425,961,"6da4df13"
"orfs","fs","or100","OR 1.0 n2000","H","naive","share_lower_ge_tau",2,0.0072840791,0.00274308,0.00353281,0.0149588,961,"6da4df13"
"orfs","fs","or100","OR 1.0 n2000","H","naive","bound_mean",,1.0909019,0.00789961,,,961,"6da4df13"
"orfs","fs","or100","OR 1.0 n2000","H","naive","bound_q05",,0.81877086,,,,961,"6da4df13"
"orfs","fs","or100","OR 1.0 n2000","H","naive","bound_q25",,0.91394907,,,,961,"6da4df13"
"orfs","fs","or100","OR 1.0 n2000","H","naive","bound_q50",,1.0428309,,,,961,"6da4df13"
"orfs","fs","or100","OR 1.0 n2000","H","naive","bound_q75",,1.2000759,,,,961,"6da4df13"
"orfs","fs","or100","OR 1.0 n2000","H","naive","bound_q95",,1.5294465,,,,961,"6da4df13"
"orfs","fs","or100","OR 1.0 n2000","Hc","naive","n_nonconvergent_fits",,0,,,,961,"6da4df13"
"orfs","fs","or100","OR 1.0 n2000","Hc","naive","bias_or",,-0.038736038,0.00198764,,,961,"6da4df13"
"orfs","fs","or100","OR 1.0 n2000","Hc","naive","bias_log",,-0.06145333,0.00300558,,,961,"6da4df13"
"orfs","fs","or100","OR 1.0 n2000","Hc","naive","bias_sd_units",,-0.65662204,0.0321143,,,961,"6da4df13"
"orfs","fs","or100","OR 1.0 n2000","Hc","naive","sd_emp_or",,0.061823253,0.00141092,,,961,"6da4df13"
"orfs","fs","or100","OR 1.0 n2000","Hc","naive","sd_emp_log",,0.093590112,0.00213589,,,961,"6da4df13"
"orfs","fs","or100","OR 1.0 n2000","Hc","naive","se_mean",,0.09553961,7.94606e-05,,,961,"6da4df13"
"orfs","fs","or100","OR 1.0 n2000","Hc","naive","se_over_sd",,1.0208302,0.0233126,,,961,"6da4df13"
"orfs","fs","or100","OR 1.0 n2000","Hc","naive","cov1_upper",,0.84495317,0.0116758,0.8207,0.86646,961,"6da4df13"
"orfs","fs","or100","OR 1.0 n2000","Hc","naive","cov2",,0.92403746,0.00854639,0.905547,0.939151,961,"6da4df13"
"orfs","fs","or100","OR 1.0 n2000","Hc","naive","halfwidth_or",,0.12394421,,,,961,"6da4df13"
"orfs","fs","or100","OR 1.0 n2000","Hc","naive","margin1_or",,0.11197946,,,,961,"6da4df13"
"orfs","fs","or100","OR 1.0 n2000","Hc","oracle","n_nonconvergent_fits",,0,,,,961,"6da4df13"
"orfs","fs","or100","OR 1.0 n2000","Hc","oracle","bias_or",,0.0041431781,0.0021038,,,961,"6da4df13"
"orfs","fs","or100","OR 1.0 n2000","Hc","oracle","bias_log",,0.0014658314,0.00316789,,,961,"6da4df13"
"orfs","fs","or100","OR 1.0 n2000","Hc","oracle","bias_sd_units",,0.014926295,0.0322581,,,961,"6da4df13"
"orfs","fs","or100","OR 1.0 n2000","Hc","oracle","sd_emp_or",,0.065217672,0.00148838,,,961,"6da4df13"
"orfs","fs","or100","OR 1.0 n2000","Hc","oracle","sd_emp_log",,0.098204636,0.0022412,,,961,"6da4df13"
"orfs","fs","or100","OR 1.0 n2000","Hc","oracle","se_mean",,0.10056848,2.63836e-05,,,961,"6da4df13"
"orfs","fs","or100","OR 1.0 n2000","Hc","oracle","se_over_sd",,1.0240706,0.0233727,,,961,"6da4df13"
"orfs","fs","or100","OR 1.0 n2000","Hc","oracle","cov1_upper",,0.95941727,0.00636521,0.945004,0.970172,961,"6da4df13"
"orfs","fs","or100","OR 1.0 n2000","Hc","oracle","cov2",,0.95005203,0.00702702,0.934399,0.962122,961,"6da4df13"
"orfs","fs","or100","OR 1.0 n2000","Hc","oracle","halfwidth_or",,0.13100768,,,,961,"6da4df13"
"orfs","fs","or100","OR 1.0 n2000","Hc","oracle","margin1_or",,0.11878888,,,,961,"6da4df13"
"orfs","fs","or100","OR 1.0 n2000","Hc","mr","n_nonconvergent_fits",,0,,,,961,"6da4df13"
"orfs","fs","or100","OR 1.0 n2000","Hc","mr","bias_or",,-0.014613105,0.00205617,,,961,"6da4df13"
"orfs","fs","or100","OR 1.0 n2000","Hc","mr","bias_log",,-0.025454075,0.00299915,,,961,"6da4df13"
"orfs","fs","or100","OR 1.0 n2000","Hc","mr","bias_sd_units",,-0.27270532,0.0321318,,,961,"6da4df13"
"orfs","fs","or100","OR 1.0 n2000","Hc","mr","sd_emp_or",,0.063940214,0.00145923,,,961,"6da4df13"
"orfs","fs","or100","OR 1.0 n2000","Hc","mr","sd_emp_log",,0.09333912,0.00213016,,,961,"6da4df13"
"orfs","fs","or100","OR 1.0 n2000","Hc","mr","se_mean",,0.18538044,0.000138686,,,961,"6da4df13"
"orfs","fs","or100","OR 1.0 n2000","Hc","mr","se_over_sd",,1.9860959,0.0453506,,,961,"6da4df13"
"orfs","fs","or100","OR 1.0 n2000","Hc","mr","cov1_upper",,1,0,0.996019,1,961,"6da4df13"
"orfs","fs","or100","OR 1.0 n2000","Hc","mr","cov2",,1,0,0.996019,1,961,"6da4df13"
"orfs","fs","or100","OR 1.0 n2000","Hc","mr","halfwidth_or",,0.2534535,,,,961,"6da4df13"
"orfs","fs","or100","OR 1.0 n2000","Hc","mr","margin1_or",,0.24331465,,,,961,"6da4df13"
"orfs","fs","or100","OR 1.0 n2000","Hc","fld","n_nonconvergent_fits",,0,,,,961,"6da4df13"
"orfs","fs","or100","OR 1.0 n2000","Hc","fld","bias_or",,-0.0092197661,0.00207979,,,961,"6da4df13"
"orfs","fs","or100","OR 1.0 n2000","Hc","fld","bias_log",,-0.017613864,0.0030092,,,961,"6da4df13"
"orfs","fs","or100","OR 1.0 n2000","Hc","fld","bias_sd_units",,-0.18809087,0.032134,,,961,"6da4df13"
"orfs","fs","or100","OR 1.0 n2000","Hc","fld","sd_emp_or",,0.064676425,0.00147603,,,961,"6da4df13"
"orfs","fs","or100","OR 1.0 n2000","Hc","fld","sd_emp_log",,0.093645499,0.00213716,,,961,"6da4df13"
"orfs","fs","or100","OR 1.0 n2000","Hc","fld","se_mean",,0.09429262,7.14165e-05,,,961,"6da4df13"
"orfs","fs","or100","OR 1.0 n2000","Hc","fld","se_over_sd",,1.0069103,0.0229921,,,961,"6da4df13"
"orfs","fs","or100","OR 1.0 n2000","Hc","fld","cov1_upper",,0.93860562,0.00774362,0.921612,0.952107,961,"6da4df13"
"orfs","fs","or100","OR 1.0 n2000","Hc","fld","cov2",,0.94068678,0.00761968,0.923925,0.95394,961,"6da4df13"
"orfs","fs","or100","OR 1.0 n2000","Hc","fld","halfwidth_or",,0.12718957,,,,961,"6da4df13"
"orfs","fs","or100","OR 1.0 n2000","Hc","fld","margin1_or",,0.1204018,,,,961,"6da4df13"
"orfs","fs","or100","OR 1.0 n2000","Hc","fld_s","n_nonconvergent_fits",,0,,,,961,"6da4df13"
"orfs","fs","or100","OR 1.0 n2000","Hc","fld_s","bias_or",,-0.009201873,0.00207946,,,961,"6da4df13"
"orfs","fs","or100","OR 1.0 n2000","Hc","fld_s","bias_log",,-0.017585208,0.00300865,,,961,"6da4df13"
"orfs","fs","or100","OR 1.0 n2000","Hc","fld_s","bias_sd_units",,-0.18784235,0.0321379,,,961,"6da4df13"
"orfs","fs","or100","OR 1.0 n2000","Hc","fld_s","sd_emp_or",,0.064659004,0.00147563,,,961,"6da4df13"
"orfs","fs","or100","OR 1.0 n2000","Hc","fld_s","sd_emp_log",,0.093616842,0.0021365,,,961,"6da4df13"
"orfs","fs","or100","OR 1.0 n2000","Hc","fld_s","se_mean",,0.095495082,0.000103644,,,961,"6da4df13"
"orfs","fs","or100","OR 1.0 n2000","Hc","fld_s","se_over_sd",,1.0200631,0.023306,,,961,"6da4df13"
"orfs","fs","or100","OR 1.0 n2000","Hc","fld_s","cov1_upper",,0.93756504,0.00780464,0.920457,0.951188,961,"6da4df13"
"orfs","fs","or100","OR 1.0 n2000","Hc","fld_s","cov2",,0.94068678,0.00761968,0.923925,0.95394,961,"6da4df13"
"orfs","fs","or100","OR 1.0 n2000","Hc","fld_s","halfwidth_or",,0.12871418,,,,961,"6da4df13"
"orfs","fs","or100","OR 1.0 n2000","Hc","fld_s","margin1_or",,0.12186649,,,,961,"6da4df13"
"orfs","fs","or100","OR 1.0 n2000","Hc","fld_s","share_upper_le_tau",0.7,0.064516129,0.00792484,0.0506519,0.0818481,961,"6da4df13"
"orfs","fs","or100","OR 1.0 n2000","Hc","fld_s","share_upper_le_tau",0.8,0.49739854,0.0161288,0.46586,0.528958,961,"6da4df13"
"orfs","fs","or100","OR 1.0 n2000","Hc","fld_s","share_upper_le_tau",0.9,0.89490114,0.00989293,0.873914,0.912744,961,"6da4df13"
"orfs","fs","or100","OR 1.0 n2000","Hc","fld_s","share_upper_le_tau",1,0.99063476,0.0031071,0.982297,0.995065,961,"6da4df13"
"orfs","fs","or100","OR 1.0 n2000","Hc","fld_s","share_upper_le_tau",1.25,1,0,0.996019,1,961,"6da4df13"
"orfs","fs","or100","OR 1.0 n2000","Hc","fld_s","share_upper_le_tau",1.5,1,0,0.996019,1,961,"6da4df13"
"orfs","fs","or100","OR 1.0 n2000","Hc","fld_s","share_upper_le_tau",2,1,0,0.996019,1,961,"6da4df13"
"orfs","fs","or100","OR 1.0 n2000","Hc","fld_s","bound_mean",,0.80451378,0.00241875,,,961,"6da4df13"
"orfs","fs","or100","OR 1.0 n2000","Hc","fld_s","bound_q05",,0.69071445,,,,961,"6da4df13"
"orfs","fs","or100","OR 1.0 n2000","Hc","fld_s","bound_q25",,0.75357153,,,,961,"6da4df13"
"orfs","fs","or100","OR 1.0 n2000","Hc","fld_s","bound_q50",,0.80041359,,,,961,"6da4df13"
"orfs","fs","or100","OR 1.0 n2000","Hc","fld_s","bound_q75",,0.85083963,,,,961,"6da4df13"
"orfs","fs","or100","OR 1.0 n2000","Hc","fld_s","bound_q95",,0.94248412,,,,961,"6da4df13"
"orfs","fs","or100","OR 1.0 n2000","Hc","oracle","share_upper_le_tau",0.7,0.13319459,0.0109608,0.113165,0.156145,961,"6da4df13"
"orfs","fs","or100","OR 1.0 n2000","Hc","oracle","share_upper_le_tau",0.8,0.6264308,0.0156049,0.595399,0.656456,961,"6da4df13"
"orfs","fs","or100","OR 1.0 n2000","Hc","oracle","share_upper_le_tau",0.9,0.93652445,0.00786504,0.919304,0.950269,961,"6da4df13"
"orfs","fs","or100","OR 1.0 n2000","Hc","oracle","share_upper_le_tau",1,0.9937565,0.00254093,0.986446,0.997136,961,"6da4df13"
"orfs","fs","or100","OR 1.0 n2000","Hc","oracle","share_upper_le_tau",1.25,1,0,0.996019,1,961,"6da4df13"
"orfs","fs","or100","OR 1.0 n2000","Hc","oracle","share_upper_le_tau",1.5,1,0,0.996019,1,961,"6da4df13"
"orfs","fs","or100","OR 1.0 n2000","Hc","oracle","share_upper_le_tau",2,1,0,0.996019,1,961,"6da4df13"
"orfs","fs","or100","OR 1.0 n2000","Hc","oracle","bound_mean",,0.77933981,0.00246999,,,961,"6da4df13"
"orfs","fs","or100","OR 1.0 n2000","Hc","oracle","bound_q05",,0.66190837,,,,961,"6da4df13"
"orfs","fs","or100","OR 1.0 n2000","Hc","oracle","bound_q25",,0.72817483,,,,961,"6da4df13"
"orfs","fs","or100","OR 1.0 n2000","Hc","oracle","bound_q50",,0.77444481,,,,961,"6da4df13"
"orfs","fs","or100","OR 1.0 n2000","Hc","oracle","bound_q75",,0.82397032,,,,961,"6da4df13"
"orfs","fs","or100","OR 1.0 n2000","Hc","oracle","bound_q95",,0.91456484,,,,961,"6da4df13"
"orfs","fs","or100","OR 1.0 n2000","Hc","fld","share_upper_le_tau",0.7,0.067637877,0.00810076,0.0534205,0.0852981,961,"6da4df13"
"orfs","fs","or100","OR 1.0 n2000","Hc","fld","share_upper_le_tau",0.8,0.50780437,0.0161271,0.476228,0.539319,961,"6da4df13"
"orfs","fs","or100","OR 1.0 n2000","Hc","fld","share_upper_le_tau",0.9,0.89802289,0.00976188,0.877278,0.915599,961,"6da4df13"
"orfs","fs","or100","OR 1.0 n2000","Hc","fld","share_upper_le_tau",1,0.99063476,0.0031071,0.982297,0.995065,961,"6da4df13"
"orfs","fs","or100","OR 1.0 n2000","Hc","fld","share_upper_le_tau",1.25,1,0,0.996019,1,961,"6da4df13"
"orfs","fs","or100","OR 1.0 n2000","Hc","fld","share_upper_le_tau",1.5,1,0,0.996019,1,961,"6da4df13"
"orfs","fs","or100","OR 1.0 n2000","Hc","fld","share_upper_le_tau",2,1,0,0.996019,1,961,"6da4df13"
"orfs","fs","or100","OR 1.0 n2000","Hc","fld","bound_mean",,0.80304908,0.00243083,,,961,"6da4df13"
"orfs","fs","or100","OR 1.0 n2000","Hc","fld","bound_q05",,0.68920342,,,,961,"6da4df13"
"orfs","fs","or100","OR 1.0 n2000","Hc","fld","bound_q25",,0.74970645,,,,961,"6da4df13"
"orfs","fs","or100","OR 1.0 n2000","Hc","fld","bound_q50",,0.79852802,,,,961,"6da4df13"
"orfs","fs","or100","OR 1.0 n2000","Hc","fld","bound_q75",,0.84987294,,,,961,"6da4df13"
"orfs","fs","or100","OR 1.0 n2000","Hc","fld","bound_q95",,0.93785589,,,,961,"6da4df13"
"orfs","fs","or100","OR 1.0 n2000","Hc","mr","share_upper_le_tau",0.7,0.0020811655,0.00147007,0.000570916,0.00755628,961,"6da4df13"
"orfs","fs","or100","OR 1.0 n2000","Hc","mr","share_upper_le_tau",0.8,0.056191467,0.00742874,0.0433204,0.0725966,961,"6da4df13"
"orfs","fs","or100","OR 1.0 n2000","Hc","mr","share_upper_le_tau",0.9,0.39334027,0.0157578,0.362939,0.424591,961,"6da4df13"
"orfs","fs","or100","OR 1.0 n2000","Hc","mr","share_upper_le_tau",1,0.81373569,0.0125587,0.787889,0.837084,961,"6da4df13"
"orfs","fs","or100","OR 1.0 n2000","Hc","mr","share_upper_le_tau",1.25,1,0,0.996019,1,961,"6da4df13"
"orfs","fs","or100","OR 1.0 n2000","Hc","mr","share_upper_le_tau",1.5,1,0,0.996019,1,961,"6da4df13"
"orfs","fs","or100","OR 1.0 n2000","Hc","mr","share_upper_le_tau",2,1,0,0.996019,1,961,"6da4df13"
"orfs","fs","or100","OR 1.0 n2000","Hc","mr","bound_mean",,0.92596193,0.00277473,,,961,"6da4df13"
"orfs","fs","or100","OR 1.0 n2000","Hc","mr","bound_q05",,0.79624987,,,,961,"6da4df13"
"orfs","fs","or100","OR 1.0 n2000","Hc","mr","bound_q25",,0.86274438,,,,961,"6da4df13"
"orfs","fs","or100","OR 1.0 n2000","Hc","mr","bound_q50",,0.9218467,,,,961,"6da4df13"
"orfs","fs","or100","OR 1.0 n2000","Hc","mr","bound_q75",,0.97837161,,,,961,"6da4df13"
"orfs","fs","or100","OR 1.0 n2000","Hc","mr","bound_q95",,1.0793657,,,,961,"6da4df13"
"orfs","fs","or100","OR 1.0 n2000","Hc","naive","share_upper_le_tau",0.7,0.17169615,0.012165,0.149172,0.196835,961,"6da4df13"
"orfs","fs","or100","OR 1.0 n2000","Hc","naive","share_upper_le_tau",0.8,0.67845994,0.0150667,0.64827,0.707229,961,"6da4df13"
"orfs","fs","or100","OR 1.0 n2000","Hc","naive","share_upper_le_tau",0.9,0.95005203,0.00702702,0.934399,0.962122,961,"6da4df13"
"orfs","fs","or100","OR 1.0 n2000","Hc","naive","share_upper_le_tau",1,1,0,0.996019,1,961,"6da4df13"
"orfs","fs","or100","OR 1.0 n2000","Hc","naive","share_upper_le_tau",1.25,1,0,0.996019,1,961,"6da4df13"
"orfs","fs","or100","OR 1.0 n2000","Hc","naive","share_upper_le_tau",1.5,1,0,0.996019,1,961,"6da4df13"
"orfs","fs","or100","OR 1.0 n2000","Hc","naive","share_upper_le_tau",2,1,0,0.996019,1,961,"6da4df13"
"orfs","fs","or100","OR 1.0 n2000","Hc","naive","bound_mean",,0.77050382,0.00230566,,,961,"6da4df13"
"orfs","fs","or100","OR 1.0 n2000","Hc","naive","bound_q05",,0.66349662,,,,961,"6da4df13"
"orfs","fs","or100","OR 1.0 n2000","Hc","naive","bound_q25",,0.71899544,,,,961,"6da4df13"
"orfs","fs","or100","OR 1.0 n2000","Hc","naive","bound_q50",,0.76811164,,,,961,"6da4df13"
"orfs","fs","or100","OR 1.0 n2000","Hc","naive","bound_q75",,0.81410979,,,,961,"6da4df13"
"orfs","fs","or100","OR 1.0 n2000","Hc","naive","bound_q95",,0.89824238,,,,961,"6da4df13"
"orfs","fs","or100","OR 1.0 n2000","joint","bonf_s","joint_coverage",,0.95525494,0.00666915,0.940272,0.966613,961,"6da4df13"
"orfs","fs","or100","OR 1.0 n2000","joint","bonf_s","share_both_bounds",,1,0,0.996019,1,961,"6da4df13"
"orfs","fs","or100","OR 1.0 n2000","joint","bonf_s","cov_H",,0.98959417,0.00327345,0.980952,0.994338,961,"6da4df13"
"orfs","fs","or100","OR 1.0 n2000","joint","bonf_s","cov_Hc",,0.96566077,0.00587416,0.952168,0.975446,961,"6da4df13"
"orfs","fs","or100","OR 1.0 n2000","joint","bonf_s","margin_H_or",,0.65626433,0.00959516,,,961,"6da4df13"
"orfs","fs","or100","OR 1.0 n2000","joint","bonf_s","margin_Hc_or",,0.14612963,0.000496533,,,961,"6da4df13"
"orfs","fs","or100","OR 1.0 n2000","joint","bonf","joint_coverage",,0.95421436,0.00674258,0.939094,0.965718,961,"6da4df13"
"orfs","fs","or100","OR 1.0 n2000","joint","bonf","share_both_bounds",,1,0,0.996019,1,961,"6da4df13"
"orfs","fs","or100","OR 1.0 n2000","joint","bonf","cov_H",,0.98959417,0.00327345,0.980952,0.994338,961,"6da4df13"
"orfs","fs","or100","OR 1.0 n2000","joint","bonf","cov_Hc",,0.96462019,0.00595929,0.950968,0.974573,961,"6da4df13"
"orfs","fs","or100","OR 1.0 n2000","joint","bonf","margin_H_or",,0.65626433,0.00959516,,,961,"6da4df13"
"orfs","fs","or100","OR 1.0 n2000","joint","bonf","margin_Hc_or",,0.14445827,0.000495135,,,961,"6da4df13"
"orfs","fs","or100","OR 1.0 n2000","joint","separate_s","joint_coverage",,0.91363163,0.00906152,0.894184,0.929786,961,"6da4df13"
"orfs","fs","or100","OR 1.0 n2000","joint","separate_s","share_both_bounds",,1,0,0.996019,1,961,"6da4df13"
"orfs","fs","or100","OR 1.0 n2000","joint","separate_s","cov_H",,0.97398543,0.00513479,0.961879,0.982318,961,"6da4df13"
"orfs","fs","or100","OR 1.0 n2000","joint","separate_s","cov_Hc",,0.93756504,0.00780464,0.920457,0.951188,961,"6da4df13"
"orfs","fs","or100","OR 1.0 n2000","joint","separate_s","margin_H_or",,0.59198965,0.00873184,,,961,"6da4df13"
"orfs","fs","or100","OR 1.0 n2000","joint","separate_s","margin_Hc_or",,0.12186649,0.000419144,,,961,"6da4df13"
"orfs","fs","or100","OR 1.0 n2000","joint","calibrated","gamma_mean_s",,0.025130073,1.15345e-05,,,961,"6da4df13"
"orfs","fs","or100","OR 1.0 n2000","joint","calibrated","corr_s",,0.064118242,0.00151518,,,961,"6da4df13"
"orfs","fs","or100","OR 1.0 n2000","joint","calibrated","gamma_mean",,0.025121748,1.10553e-05,,,961,"6da4df13"
"orfs","fs","or100","OR 1.0 n2000","joint","calibrated","corr",,0.065883944,0.0015358,,,961,"6da4df13"
"orfs","fs","or100","OR 1.0 n2000","H","all","mean_size_hhat",,139.93444,2.587,,,961,"6da4df13"
"orfs","fs","or100","OR 1.0 n2000","H","all","mean_true_positives",,43.657648,1.62585,,,961,"6da4df13"
"orfs","fs","or100","OR 1.0 n2000","H","all","sensitivity_mean",,0.14615641,0.00543429,,,961,"6da4df13"
"orfs","fs","or100","OR 1.0 n2000","H","all","ppv_mean",,0.31884459,0.00957373,,,961,"6da4df13"
"orfs","fs","or100","OR 1.0 n2000","H","all","spec_mean",,0.9434405,0.00134978,,,961,"6da4df13"
"orfs","fs","or100","OR 1.0 n2000","H","all","mean_n_family",,2962.2851,2.0274,,,961,"6da4df13"
"orfs","fs","or100","OR 1.0 n2000","H","all","mean_admitted_n",,,,,,0,"6da4df13"
"orfs","fs","or100","OR 1.0 n2000","H","all","mean_proposed_n",,,,,,0,"6da4df13"
"orfs","fs","or100","OR 1.0 n2000","H","all","mean_n_cons_qual",,39.293444,1.81323,,,961,"6da4df13"
"orfs","fs","or100","OR 1.0 n2000","H","all","mean_band_n",,2.6139438,0.059806,,,961,"6da4df13"
"orfs","fs","or100","OR 1.0 n2000","H","all","mean_n_true",,298.16961,0.485179,,,961,"6da4df13"
"orfs","fs","or100","OR 1.0 n2000","H","all","p_hat_mean",,0.10828283,0.00331058,,,961,"6da4df13"
"orfs","fs","or100","OR 1.0 n2000","H","all","p_hat_share_lt_05",,0.99167534,0.00293094,0.98366,0.995776,961,"6da4df13"
"orfs","fs","or100","OR 1.0 n2000","Hc","mr","sd_btc_over_naive_se",,0.97696777,,,,961,"6da4df13"
"orfs","fs","or100","OR 1.0 n2000","Hc","fld","lamsd_over_naive_se",,0.98694793,,,,961,"6da4df13"
"orfs","fs","or100","OR 1.0 n2000","Hc","fld_s","lamsd_over_naive_se",,0.99953393,,,,961,"6da4df13"
"orfs","fs","or100","OR 1.0 n2000","all","all","secs_fit_mr_mean",,307.46753,2.15212,,,1000,"6da4df13"
"orfs","fs","or100","OR 1.0 n2000","all","all","secs_id_mean",,28.463205,0.186002,,,1000,"6da4df13"
"orfs","fs","or100","OR 1.0 n2000","all","all","secs_field_mean",,73.77217,0.334817,,,961,"6da4df13"
"orfs","fs","or100","OR 1.0 n2000","all","all","secs_complement_mean",,29.025663,0.153231,,,961,"6da4df13"
"orfs","fs","or100","OR 1.0 n2000","H","naive","display_b",,3.4950303,,,,961,"6da4df13"
"orfs","fs","or100","OR 1.0 n2000","H","naive","display_r",,1.3802302,,,,961,"6da4df13"
"orfs","fs","or100","OR 1.0 n2000","H","naive","display_cov1",,0.044745057,,,,961,"6da4df13"
"orfs","fs","or100","OR 1.0 n2000","H","naive","display_cov1_ref",,0.11033403,,,,961,"6da4df13"
"orfs","fs","or100","OR 1.0 n2000","H","naive","display_cov2",,0.11654527,,,,961,"6da4df13"
"orfs","fs","or100","OR 1.0 n2000","H","naive","display_cov2_ref",,0.21481388,,,,961,"6da4df13"
"orfs","fs","or100","OR 1.0 n2000","H","mr","display_b",,0.54016207,,,,961,"6da4df13"
"orfs","fs","or100","OR 1.0 n2000","H","mr","display_r",,1.3407179,,,,961,"6da4df13"
"orfs","fs","or100","OR 1.0 n2000","H","mr","display_cov1",,0.96670135,,,,961,"6da4df13"
"orfs","fs","or100","OR 1.0 n2000","H","mr","display_cov1_ref",,0.95205585,,,,961,"6da4df13"
"orfs","fs","or100","OR 1.0 n2000","H","mr","display_cov2",,0.98439126,,,,961,"6da4df13"
"orfs","fs","or100","OR 1.0 n2000","H","mr","display_cov2_ref",,0.98081522,,,,961,"6da4df13"
"orfs","fs","or100","OR 1.0 n2000","H","fld","display_b",,0.11115305,,,,961,"6da4df13"
"orfs","fs","or100","OR 1.0 n2000","H","fld","display_r",,1.2090328,,,,961,"6da4df13"
"orfs","fs","or100","OR 1.0 n2000","H","fld","display_cov1",,0.97398543,,,,961,"6da4df13"
"orfs","fs","or100","OR 1.0 n2000","H","fld","display_cov1_ref",,0.96977719,,,,961,"6da4df13"
"orfs","fs","or100","OR 1.0 n2000","H","fld","display_cov2",,0.97502601,,,,961,"6da4df13"
"orfs","fs","or100","OR 1.0 n2000","H","fld","display_cov2_ref",,0.98148885,,,,961,"6da4df13"
"orfs","fs","or100","OR 1.0 n2000","Hc","naive","display_b",,-0.65662204,,,,961,"6da4df13"
"orfs","fs","or100","OR 1.0 n2000","Hc","naive","display_r",,1.0208302,,,,961,"6da4df13"
"orfs","fs","or100","OR 1.0 n2000","Hc","naive","display_cov1",,0.84495317,,,,961,"6da4df13"
"orfs","fs","or100","OR 1.0 n2000","Hc","naive","display_cov1_ref",,0.84672647,,,,961,"6da4df13"
"orfs","fs","or100","OR 1.0 n2000","Hc","naive","display_cov2",,0.92403746,,,,961,"6da4df13"
"orfs","fs","or100","OR 1.0 n2000","Hc","naive","display_cov2_ref",,0.90661587,,,,961,"6da4df13"
"orfs","fs","or100","OR 1.0 n2000","Hc","mr","display_b",,-0.27270532,,,,961,"6da4df13"
"orfs","fs","or100","OR 1.0 n2000","Hc","mr","display_r",,1.9860959,,,,961,"6da4df13"
"orfs","fs","or100","OR 1.0 n2000","Hc","mr","display_cov1",,1,,,,961,"6da4df13"
"orfs","fs","or100","OR 1.0 n2000","Hc","mr","display_cov1_ref",,0.99862386,,,,961,"6da4df13"
"orfs","fs","or100","OR 1.0 n2000","Hc","mr","display_cov2",,1,,,,961,"6da4df13"
"orfs","fs","or100","OR 1.0 n2000","Hc","mr","display_cov2_ref",,0.99983714,,,,961,"6da4df13"
"orfs","fs","or100","OR 1.0 n2000","Hc","fld","display_b",,-0.18809087,,,,961,"6da4df13"
"orfs","fs","or100","OR 1.0 n2000","Hc","fld","display_r",,1.0069103,,,,961,"6da4df13"
"orfs","fs","or100","OR 1.0 n2000","Hc","fld","display_cov1",,0.93860562,,,,961,"6da4df13"
"orfs","fs","or100","OR 1.0 n2000","Hc","fld","display_cov1_ref",,0.92896544,,,,961,"6da4df13"
"orfs","fs","or100","OR 1.0 n2000","Hc","fld","display_cov2",,0.94068678,,,,961,"6da4df13"
"orfs","fs","or100","OR 1.0 n2000","Hc","fld","display_cov2_ref",,0.9475786,,,,961,"6da4df13"
"orfs","fs","or100","OR 1.0 n2000","Hc","fld_s","display_b",,-0.18784235,,,,961,"6da4df13"
"orfs","fs","or100","OR 1.0 n2000","Hc","fld_s","display_r",,1.0200631,,,,961,"6da4df13"
"orfs","fs","or100","OR 1.0 n2000","Hc","fld_s","display_cov1",,0.93756504,,,,961,"6da4df13"
"orfs","fs","or100","OR 1.0 n2000","Hc","fld_s","display_cov1_ref",,0.93188947,,,,961,"6da4df13"
"orfs","fs","or100","OR 1.0 n2000","Hc","fld_s","display_cov2",,0.94068678,,,,961,"6da4df13"
"orfs","fs","or100","OR 1.0 n2000","Hc","fld_s","display_cov2_ref",,0.95059742,,,,961,"6da4df13"
"orgrf","grf","or100","OR 1.0 n2000","H","all","declaration_rate",,1,0,0.996173,1,1000,"e23206ee"
"orgrf","grf","or100","OR 1.0 n2000","H","naive","n_nonconvergent_fits",,0,,,,1000,"e23206ee"
"orgrf","grf","or100","OR 1.0 n2000","H","naive","bias_or",,1.3112084,0.0242921,,,1000,"e23206ee"
"orgrf","grf","or100","OR 1.0 n2000","H","naive","bias_log",,0.98042692,0.011167,,,1000,"e23206ee"
"orgrf","grf","or100","OR 1.0 n2000","H","naive","bias_sd_units",,3.0164229,0.0343569,,,1000,"e23206ee"
"orgrf","grf","or100","OR 1.0 n2000","H","naive","sd_emp_or",,0.75618079,0.0169172,,,1000,"e23206ee"
"orgrf","grf","or100","OR 1.0 n2000","H","naive","sd_emp_log",,0.32502966,0.00727152,,,1000,"e23206ee"
"orgrf","grf","or100","OR 1.0 n2000","H","naive","se_mean",,0.41411462,0.00386412,,,1000,"e23206ee"
"orgrf","grf","or100","OR 1.0 n2000","H","naive","se_over_sd",,1.2740826,0.0308835,,,1000,"e23206ee"
"orgrf","grf","or100","OR 1.0 n2000","H","naive","cov1_lower",,0.083,0.00872416,0.067455,0.101736,1000,"e23206ee"
"orgrf","grf","or100","OR 1.0 n2000","H","naive","cov2",,0.212,0.012925,0.187794,0.23841,1000,"e23206ee"
"orgrf","grf","or100","OR 1.0 n2000","H","naive","halfwidth_or",,2.0910626,,,,1000,"e23206ee"
"orgrf","grf","or100","OR 1.0 n2000","H","naive","margin1_or",,1.0388688,,,,1000,"e23206ee"
"orgrf","grf","or100","OR 1.0 n2000","H","naive","cov2_theta_dagger",,0.799,0.0126728,0.773039,0.822673,1000,"e23206ee"
"orgrf","grf","or100","OR 1.0 n2000","H","naive","cov1_lower_theta_dagger",,0.572,0.0156466,0.541115,0.602334,1000,"e23206ee"
"orgrf","grf","or100","OR 1.0 n2000","H","naive","cov2_theta_ddagger",,0.799,0.0126728,0.773039,0.822673,1000,"e23206ee"
"orgrf","grf","or100","OR 1.0 n2000","H","naive","cov1_lower_theta_ddagger",,0.572,0.0156466,0.541115,0.602334,1000,"e23206ee"
"orgrf","grf","or100","OR 1.0 n2000","H","oracle","n_nonconvergent_fits",,0,,,,1000,"e23206ee"
"orgrf","grf","or100","OR 1.0 n2000","H","oracle","bias_or",,0.015733132,0.00784636,,,1000,"e23206ee"
"orgrf","grf","or100","OR 1.0 n2000","H","oracle","bias_log",,-0.013488488,0.00764302,,,1000,"e23206ee"
"orgrf","grf","or100","OR 1.0 n2000","H","oracle","bias_sd_units",,-0.055808237,0.0316228,,,1000,"e23206ee"
"orgrf","grf","or100","OR 1.0 n2000","H","oracle","sd_emp_or",,0.24812366,0.00555099,,,1000,"e23206ee"
"orgrf","grf","or100","OR 1.0 n2000","H","oracle","sd_emp_log",,0.24169349,0.00540714,,,1000,"e23206ee"
"orgrf","grf","or100","OR 1.0 n2000","H","oracle","se_mean",,0.23358046,0.000195229,,,1000,"e23206ee"
"orgrf","grf","or100","OR 1.0 n2000","H","oracle","se_over_sd",,0.96643256,0.021636,,,1000,"e23206ee"
"orgrf","grf","or100","OR 1.0 n2000","H","oracle","cov1_lower",,0.949,0.00695694,0.933565,0.960999,1000,"e23206ee"
"orgrf","grf","or100","OR 1.0 n2000","H","oracle","cov2",,0.943,0.00733151,0.926863,0.955747,1000,"e23206ee"
"orgrf","grf","or100","OR 1.0 n2000","H","oracle","halfwidth_or",,0.4814878,,,,1000,"e23206ee"
"orgrf","grf","or100","OR 1.0 n2000","H","oracle","margin1_or",,0.32400472,,,,1000,"e23206ee"
"orgrf","grf","or100","OR 1.0 n2000","H","mr","n_nonconvergent_fits",,0,,,,1000,"e23206ee"
"orgrf","grf","or100","OR 1.0 n2000","H","mr","bias_or",,0.25946487,0.0148729,,,1000,"e23206ee"
"orgrf","grf","or100","OR 1.0 n2000","H","mr","bias_log",,0.23396468,0.0125209,,,1000,"e23206ee"
"orgrf","grf","or100","OR 1.0 n2000","H","mr","bias_sd_units",,0.62581345,0.0334913,,,1000,"e23206ee"
"orgrf","grf","or100","OR 1.0 n2000","H","mr","sd_emp_or",,0.45870313,0.010262,,,1000,"e23206ee"
"orgrf","grf","or100","OR 1.0 n2000","H","mr","sd_emp_log",,0.3738569,0.00836388,,,1000,"e23206ee"
"orgrf","grf","or100","OR 1.0 n2000","H","mr","se_mean",,0.47919283,0.00401201,,,1000,"e23206ee"
"orgrf","grf","or100","OR 1.0 n2000","H","mr","se_over_sd",,1.2817547,0.0306175,,,1000,"e23206ee"
"orgrf","grf","or100","OR 1.0 n2000","H","mr","cov1_lower",,0.961,0.00612201,0.947131,0.971341,1000,"e23206ee"
"orgrf","grf","or100","OR 1.0 n2000","H","mr","cov2",,0.979,0.0045342,0.96811,0.986224,1000,"e23206ee"
"orgrf","grf","or100","OR 1.0 n2000","H","mr","halfwidth_or",,1.2259583,,,,1000,"e23206ee"
"orgrf","grf","or100","OR 1.0 n2000","H","mr","margin1_or",,0.55321425,,,,1000,"e23206ee"
"orgrf","grf","or100","OR 1.0 n2000","H","mr","cov2_theta_dagger",,0.961,0.00612201,0.947131,0.971341,1000,"e23206ee"
"orgrf","grf","or100","OR 1.0 n2000","H","mr","cov1_lower_theta_dagger",,0.992,0.00281709,0.984294,0.995941,1000,"e23206ee"
"orgrf","grf","or100","OR 1.0 n2000","H","mr","cov2_theta_ddagger",,0.961,0.00612201,0.947131,0.971341,1000,"e23206ee"
"orgrf","grf","or100","OR 1.0 n2000","H","mr","cov1_lower_theta_ddagger",,0.992,0.00281709,0.984294,0.995941,1000,"e23206ee"
"orgrf","grf","or100","OR 1.0 n2000","H","fld","n_nonconvergent_fits",,0,,,,1000,"e23206ee"
"orgrf","grf","or100","OR 1.0 n2000","H","fld","bias_or",,0.13341882,0.0137525,,,1000,"e23206ee"
"orgrf","grf","or100","OR 1.0 n2000","H","fld","bias_log",,0.09155606,0.0128219,,,1000,"e23206ee"
"orgrf","grf","or100","OR 1.0 n2000","H","fld","bias_sd_units",,0.2373973,0.0332462,,,1000,"e23206ee"
"orgrf","grf","or100","OR 1.0 n2000","H","fld","sd_emp_or",,0.42427367,0.00949179,,,1000,"e23206ee"
"orgrf","grf","or100","OR 1.0 n2000","H","fld","sd_emp_log",,0.38566597,0.00862807,,,1000,"e23206ee"
"orgrf","grf","or100","OR 1.0 n2000","H","fld","se_mean",,0.41747835,0.000979201,,,1000,"e23206ee"
"orgrf","grf","or100","OR 1.0 n2000","H","fld","se_over_sd",,1.0824869,0.02435,,,1000,"e23206ee"
"orgrf","grf","or100","OR 1.0 n2000","H","fld","cov1_lower",,0.945,0.00720937,0.929092,0.957503,1000,"e23206ee"
"orgrf","grf","or100","OR 1.0 n2000","H","fld","cov2",,0.963,0.00596917,0.949418,0.973039,1000,"e23206ee"
"orgrf","grf","or100","OR 1.0 n2000","H","fld","halfwidth_or",,0.70975849,,,,1000,"e23206ee"
"orgrf","grf","or100","OR 1.0 n2000","H","fld","margin1_or",,0.58376614,,,,1000,"e23206ee"
"orgrf","grf","or100","OR 1.0 n2000","H","fld","cov2_theta_dagger",,0.877,0.0103861,0.855189,0.895926,1000,"e23206ee"
"orgrf","grf","or100","OR 1.0 n2000","H","fld","cov1_lower_theta_dagger",,0.985,0.00384383,0.975399,0.990889,1000,"e23206ee"
"orgrf","grf","or100","OR 1.0 n2000","H","fld","cov2_theta_ddagger",,0.877,0.0103861,0.855189,0.895926,1000,"e23206ee"
"orgrf","grf","or100","OR 1.0 n2000","H","fld","cov1_lower_theta_ddagger",,0.985,0.00384383,0.975399,0.990889,1000,"e23206ee"
"orgrf","grf","or100","OR 1.0 n2000","H","fld","share_lower_ge_tau",0.7,0.052,0.00702111,0.039873,0.0675557,1000,"e23206ee"
"orgrf","grf","or100","OR 1.0 n2000","H","fld","share_lower_ge_tau",0.8,0.028,0.0052169,0.0194423,0.0401702,1000,"e23206ee"
"orgrf","grf","or100","OR 1.0 n2000","H","fld","share_lower_ge_tau",0.9,0.023,0.00474036,0.0153743,0.0342765,1000,"e23206ee"
"orgrf","grf","or100","OR 1.0 n2000","H","fld","share_lower_ge_tau",1,0.015,0.00384383,0.00911098,0.024601,1000,"e23206ee"
"orgrf","grf","or100","OR 1.0 n2000","H","fld","share_lower_ge_tau",1.25,0.005,0.00223047,0.00213754,0.011651,1000,"e23206ee"
"orgrf","grf","or100","OR 1.0 n2000","H","fld","share_lower_ge_tau",1.5,0.002,0.0014128,0.000548644,0.00726281,1000,"e23206ee"
"orgrf","grf","or100","OR 1.0 n2000","H","fld","share_lower_ge_tau",2,0.001,0.0009995,0.000176546,0.00564256,1000,"e23206ee"
"orgrf","grf","or100","OR 1.0 n2000","H","fld","bound_mean",,0.40335796,0.00563685,,,1000,"e23206ee"
"orgrf","grf","or100","OR 1.0 n2000","H","fld","bound_q05",,0.223197,,,,1000,"e23206ee"
"orgrf","grf","or100","OR 1.0 n2000","H","fld","bound_q25",,0.29008098,,,,1000,"e23206ee"
"orgrf","grf","or100","OR 1.0 n2000","H","fld","bound_q50",,0.36436988,,,,1000,"e23206ee"
"orgrf","grf","or100","OR 1.0 n2000","H","fld","bound_q75",,0.46240394,,,,1000,"e23206ee"
"orgrf","grf","or100","OR 1.0 n2000","H","fld","bound_q95",,0.70433905,,,,1000,"e23206ee"
"orgrf","grf","or100","OR 1.0 n2000","H","oracle","share_lower_ge_tau",0.7,0.437,0.0156854,0.406556,0.467926,1000,"e23206ee"
"orgrf","grf","or100","OR 1.0 n2000","H","oracle","share_lower_ge_tau",0.8,0.229,0.0132876,0.204023,0.256051,1000,"e23206ee"
"orgrf","grf","or100","OR 1.0 n2000","H","oracle","share_lower_ge_tau",0.9,0.107,0.00977502,0.0893229,0.127685,1000,"e23206ee"
"orgrf","grf","or100","OR 1.0 n2000","H","oracle","share_lower_ge_tau",1,0.051,0.00695694,0.0390009,0.0664355,1000,"e23206ee"
"orgrf","grf","or100","OR 1.0 n2000","H","oracle","share_lower_ge_tau",1.25,0.004,0.001996,0.00155659,0.0102396,1000,"e23206ee"
"orgrf","grf","or100","OR 1.0 n2000","H","oracle","share_lower_ge_tau",1.5,0,0,2.1684e-19,0.00382676,1000,"e23206ee"
"orgrf","grf","or100","OR 1.0 n2000","H","oracle","share_lower_ge_tau",2,0,0,2.1684e-19,0.00382676,1000,"e23206ee"
"orgrf","grf","or100","OR 1.0 n2000","H","oracle","bound_mean",,0.69172841,0.00533218,,,1000,"e23206ee"
"orgrf","grf","or100","OR 1.0 n2000","H","oracle","bound_q05",,0.45007144,,,,1000,"e23206ee"
"orgrf","grf","or100","OR 1.0 n2000","H","oracle","bound_q25",,0.57541997,,,,1000,"e23206ee"
"orgrf","grf","or100","OR 1.0 n2000","H","oracle","bound_q50",,0.67203305,,,,1000,"e23206ee"
"orgrf","grf","or100","OR 1.0 n2000","H","oracle","bound_q75",,0.79182535,,,,1000,"e23206ee"
"orgrf","grf","or100","OR 1.0 n2000","H","oracle","bound_q95",,1.001945,,,,1000,"e23206ee"
"orgrf","grf","or100","OR 1.0 n2000","H","mr","share_lower_ge_tau",0.7,0.05,0.00689202,0.0381303,0.0653138,1000,"e23206ee"
"orgrf","grf","or100","OR 1.0 n2000","H","mr","share_lower_ge_tau",0.8,0.027,0.00512552,0.0186214,0.0389987,1000,"e23206ee"
"orgrf","grf","or100","OR 1.0 n2000","H","mr","share_lower_ge_tau",0.9,0.013,0.00358204,0.00761282,0.0221144,1000,"e23206ee"
"orgrf","grf","or100","OR 1.0 n2000","H","mr","share_lower_ge_tau",1,0.008,0.00281709,0.0040592,0.0157063,1000,"e23206ee"
"orgrf","grf","or100","OR 1.0 n2000","H","mr","share_lower_ge_tau",1.25,0.001,0.0009995,0.000176546,0.00564256,1000,"e23206ee"
"orgrf","grf","or100","OR 1.0 n2000","H","mr","share_lower_ge_tau",1.5,0,0,2.1684e-19,0.00382676,1000,"e23206ee"
"orgrf","grf","or100","OR 1.0 n2000","H","mr","share_lower_ge_tau",2,0,0,2.1684e-19,0.00382676,1000,"e23206ee"
"orgrf","grf","or100","OR 1.0 n2000","H","mr","bound_mean",,0.43390985,0.00444697,,,1000,"e23206ee"
"orgrf","grf","or100","OR 1.0 n2000","H","mr","bound_q05",,0.27396438,,,,1000,"e23206ee"
"orgrf","grf","or100","OR 1.0 n2000","H","mr","bound_q25",,0.34487432,,,,1000,"e23206ee"
"orgrf","grf","or100","OR 1.0 n2000","H","mr","bound_q50",,0.4048159,,,,1000,"e23206ee"
"orgrf","grf","or100","OR 1.0 n2000","H","mr","bound_q75",,0.48823224,,,,1000,"e23206ee"
"orgrf","grf","or100","OR 1.0 n2000","H","mr","bound_q95",,0.69768447,,,,1000,"e23206ee"
"orgrf","grf","or100","OR 1.0 n2000","H","naive","share_lower_ge_tau",0.7,0.953,0.00669261,0.93806,0.964473,1000,"e23206ee"
"orgrf","grf","or100","OR 1.0 n2000","H","naive","share_lower_ge_tau",0.8,0.835,0.0117378,0.810721,0.856715,1000,"e23206ee"
"orgrf","grf","or100","OR 1.0 n2000","H","naive","share_lower_ge_tau",0.9,0.63,0.0152676,0.599632,0.659373,1000,"e23206ee"
"orgrf","grf","or100","OR 1.0 n2000","H","naive","share_lower_ge_tau",1,0.428,0.0156466,0.397666,0.458885,1000,"e23206ee"
"orgrf","grf","or100","OR 1.0 n2000","H","naive","share_lower_ge_tau",1.25,0.114,0.0100501,0.0957617,0.135193,1000,"e23206ee"
"orgrf","grf","or100","OR 1.0 n2000","H","naive","share_lower_ge_tau",1.5,0.041,0.00627049,0.030365,0.055148,1000,"e23206ee"
"orgrf","grf","or100","OR 1.0 n2000","H","naive","share_lower_ge_tau",2,0.006,0.00244213,0.00275267,0.0130282,1000,"e23206ee"
"orgrf","grf","or100","OR 1.0 n2000","H","naive","bound_mean",,0.99999876,0.00750432,,,1000,"e23206ee"
"orgrf","grf","or100","OR 1.0 n2000","H","naive","bound_q05",,0.70176095,,,,1000,"e23206ee"
"orgrf","grf","or100","OR 1.0 n2000","H","naive","bound_q25",,0.84077405,,,,1000,"e23206ee"
"orgrf","grf","or100","OR 1.0 n2000","H","naive","bound_q50",,0.95698363,,,,1000,"e23206ee"
"orgrf","grf","or100","OR 1.0 n2000","H","naive","bound_q75",,1.1036499,,,,1000,"e23206ee"
"orgrf","grf","or100","OR 1.0 n2000","H","naive","bound_q95",,1.4481881,,,,1000,"e23206ee"
"orgrf","grf","or100","OR 1.0 n2000","Hc","naive","n_nonconvergent_fits",,0,,,,1000,"e23206ee"
"orgrf","grf","or100","OR 1.0 n2000","Hc","naive","bias_or",,-0.039064739,0.00201336,,,1000,"e23206ee"
"orgrf","grf","or100","OR 1.0 n2000","Hc","naive","bias_log",,-0.062281235,0.00305599,,,1000,"e23206ee"
"orgrf","grf","or100","OR 1.0 n2000","Hc","naive","bias_sd_units",,-0.63571516,0.031193,,,1000,"e23206ee"
"orgrf","grf","or100","OR 1.0 n2000","Hc","naive","sd_emp_or",,0.064510959,0.00144323,,,1000,"e23206ee"
"orgrf","grf","or100","OR 1.0 n2000","Hc","naive","sd_emp_log",,0.097970347,0.00219178,,,1000,"e23206ee"
"orgrf","grf","or100","OR 1.0 n2000","Hc","naive","se_mean",,0.095515319,7.94262e-05,,,1000,"e23206ee"
"orgrf","grf","or100","OR 1.0 n2000","Hc","naive","se_over_sd",,0.97494111,0.0218263,,,1000,"e23206ee"
"orgrf","grf","or100","OR 1.0 n2000","Hc","naive","cov1_upper",,0.837,0.0116804,0.812825,0.858596,1000,"e23206ee"
"orgrf","grf","or100","OR 1.0 n2000","Hc","naive","cov2",,0.897,0.00961202,0.876616,0.914345,1000,"e23206ee"
"orgrf","grf","or100","OR 1.0 n2000","Hc","naive","halfwidth_or",,0.12401874,,,,1000,"e23206ee"
"orgrf","grf","or100","OR 1.0 n2000","Hc","naive","margin1_or",,0.11204333,,,,1000,"e23206ee"
"orgrf","grf","or100","OR 1.0 n2000","Hc","oracle","n_nonconvergent_fits",,0,,,,1000,"e23206ee"
"orgrf","grf","or100","OR 1.0 n2000","Hc","oracle","bias_or",,0.0014709822,0.00209315,,,1000,"e23206ee"
"orgrf","grf","or100","OR 1.0 n2000","Hc","oracle","bias_log",,-0.0027837682,0.00316962,,,1000,"e23206ee"
"orgrf","grf","or100","OR 1.0 n2000","Hc","oracle","bias_sd_units",,-0.027773239,0.0316228,,,1000,"e23206ee"
"orgrf","grf","or100","OR 1.0 n2000","Hc","oracle","sd_emp_or",,0.066191352,0.00148082,,,1000,"e23206ee"
"orgrf","grf","or100","OR 1.0 n2000","Hc","oracle","sd_emp_log",,0.10023203,0.00224238,,,1000,"e23206ee"
"orgrf","grf","or100","OR 1.0 n2000","Hc","oracle","se_mean",,0.10058053,2.59861e-05,,,1000,"e23206ee"
"orgrf","grf","or100","OR 1.0 n2000","Hc","oracle","se_over_sd",,1.0034769,0.0224511,,,1000,"e23206ee"
"orgrf","grf","or100","OR 1.0 n2000","Hc","oracle","cov1_upper",,0.95,0.00689202,0.934686,0.96187,1000,"e23206ee"
"orgrf","grf","or100","OR 1.0 n2000","Hc","oracle","cov2",,0.946,0.00714731,0.930208,0.958379,1000,"e23206ee"
"orgrf","grf","or100","OR 1.0 n2000","Hc","oracle","halfwidth_or",,0.13049151,,,,1000,"e23206ee"
"orgrf","grf","or100","OR 1.0 n2000","Hc","oracle","margin1_or",,0.11832175,,,,1000,"e23206ee"
"orgrf","grf","or100","OR 1.0 n2000","Hc","mr","n_nonconvergent_fits",,0,,,,1000,"e23206ee"
"orgrf","grf","or100","OR 1.0 n2000","Hc","mr","bias_or",,-0.012984268,0.00207396,,,1000,"e23206ee"
"orgrf","grf","or100","OR 1.0 n2000","Hc","mr","bias_log",,-0.023373222,0.00302552,,,1000,"e23206ee"
"orgrf","grf","or100","OR 1.0 n2000","Hc","mr","bias_sd_units",,-0.24140612,0.0312486,,,1000,"e23206ee"
"orgrf","grf","or100","OR 1.0 n2000","Hc","mr","sd_emp_or",,0.066325444,0.00148382,,,1000,"e23206ee"
"orgrf","grf","or100","OR 1.0 n2000","Hc","mr","sd_emp_log",,0.096821168,0.00216607,,,1000,"e23206ee"
"orgrf","grf","or100","OR 1.0 n2000","Hc","mr","se_mean",,0.18552701,0.000136058,,,1000,"e23206ee"
"orgrf","grf","or100","OR 1.0 n2000","Hc","mr","se_over_sd",,1.9161824,0.0428916,,,1000,"e23206ee"
"orgrf","grf","or100","OR 1.0 n2000","Hc","mr","cov1_upper",,1,0,0.996173,1,1000,"e23206ee"
"orgrf","grf","or100","OR 1.0 n2000","Hc","mr","cov2",,1,0,0.996173,1,1000,"e23206ee"
"orgrf","grf","or100","OR 1.0 n2000","Hc","mr","halfwidth_or",,0.25461543,,,,1000,"e23206ee"
"orgrf","grf","or100","OR 1.0 n2000","Hc","mr","margin1_or",,0.2444483,,,,1000,"e23206ee"
"orgrf","grf","or100","OR 1.0 n2000","Hc","fld","n_nonconvergent_fits",,0,,,,1000,"e23206ee"
"orgrf","grf","or100","OR 1.0 n2000","Hc","fld","bias_or",,-0.0060523418,0.00210114,,,1000,"e23206ee"
"orgrf","grf","or100","OR 1.0 n2000","Hc","fld","bias_log",,-0.013328617,0.00303275,,,1000,"e23206ee"
"orgrf","grf","or100","OR 1.0 n2000","Hc","fld","bias_sd_units",,-0.13740292,0.0312642,,,1000,"e23206ee"
"orgrf","grf","or100","OR 1.0 n2000","Hc","fld","sd_emp_or",,0.067162842,0.00150256,,,1000,"e23206ee"
"orgrf","grf","or100","OR 1.0 n2000","Hc","fld","sd_emp_log",,0.09700389,0.00217016,,,1000,"e23206ee"
"orgrf","grf","or100","OR 1.0 n2000","Hc","fld","se_mean",,0.094752621,7.09355e-05,,,1000,"e23206ee"
"orgrf","grf","or100","OR 1.0 n2000","Hc","fld","se_over_sd",,0.97679197,0.0218649,,,1000,"e23206ee"
"orgrf","grf","or100","OR 1.0 n2000","Hc","fld","cov1_upper",,0.931,0.00801492,0.913585,0.945116,1000,"e23206ee"
"orgrf","grf","or100","OR 1.0 n2000","Hc","fld","cov2",,0.939,0.00756829,0.92242,0.95222,1000,"e23206ee"
"orgrf","grf","or100","OR 1.0 n2000","Hc","fld","halfwidth_or",,0.12862531,,,,1000,"e23206ee"
"orgrf","grf","or100","OR 1.0 n2000","Hc","fld","margin1_or",,0.12334312,,,,1000,"e23206ee"
"orgrf","grf","or100","OR 1.0 n2000","Hc","fld_s","n_nonconvergent_fits",,0,,,,1000,"e23206ee"
"orgrf","grf","or100","OR 1.0 n2000","Hc","fld_s","bias_or",,-0.0061082603,0.00209989,,,1000,"e23206ee"
"orgrf","grf","or100","OR 1.0 n2000","Hc","fld_s","bias_log",,-0.013403153,0.0030312,,,1000,"e23206ee"
"orgrf","grf","or100","OR 1.0 n2000","Hc","fld_s","bias_sd_units",,-0.13826381,0.0312692,,,1000,"e23206ee"
"orgrf","grf","or100","OR 1.0 n2000","Hc","fld_s","sd_emp_or",,0.067112998,0.00150144,,,1000,"e23206ee"
"orgrf","grf","or100","OR 1.0 n2000","Hc","fld_s","sd_emp_log",,0.096938985,0.00216871,,,1000,"e23206ee"
"orgrf","grf","or100","OR 1.0 n2000","Hc","fld_s","se_mean",,0.095320443,0.000102552,,,1000,"e23206ee"
"orgrf","grf","or100","OR 1.0 n2000","Hc","fld_s","se_over_sd",,0.98330349,0.0220238,,,1000,"e23206ee"
"orgrf","grf","or100","OR 1.0 n2000","Hc","fld_s","cov1_upper",,0.931,0.00801492,0.913585,0.945116,1000,"e23206ee"
"orgrf","grf","or100","OR 1.0 n2000","Hc","fld_s","cov2",,0.939,0.00756829,0.92242,0.95222,1000,"e23206ee"
"orgrf","grf","or100","OR 1.0 n2000","Hc","fld_s","halfwidth_or",,0.1292262,,,,1000,"e23206ee"
"orgrf","grf","or100","OR 1.0 n2000","Hc","fld_s","margin1_or",,0.1237806,,,,1000,"e23206ee"
"orgrf","grf","or100","OR 1.0 n2000","Hc","fld_s","share_upper_le_tau",0.7,0.08,0.00857904,0.064748,0.0984664,1000,"e23206ee"
"orgrf","grf","or100","OR 1.0 n2000","Hc","fld_s","share_upper_le_tau",0.8,0.467,0.0157769,0.436263,0.49799,1000,"e23206ee"
"orgrf","grf","or100","OR 1.0 n2000","Hc","fld_s","share_upper_le_tau",0.9,0.881,0.0102391,0.859459,0.899625,1000,"e23206ee"
"orgrf","grf","or100","OR 1.0 n2000","Hc","fld_s","share_upper_le_tau",1,0.984,0.00396787,0.974168,0.990128,1000,"e23206ee"
"orgrf","grf","or100","OR 1.0 n2000","Hc","fld_s","share_upper_le_tau",1.25,1,0,0.996173,1,1000,"e23206ee"
"orgrf","grf","or100","OR 1.0 n2000","Hc","fld_s","share_upper_le_tau",1.5,1,0,0.996173,1,1000,"e23206ee"
"orgrf","grf","or100","OR 1.0 n2000","Hc","fld_s","share_upper_le_tau",2,1,0,0.996173,1,1000,"e23206ee"
"orgrf","grf","or100","OR 1.0 n2000","Hc","fld_s","bound_mean",,0.80909976,0.00245649,,,1000,"e23206ee"
"orgrf","grf","or100","OR 1.0 n2000","Hc","fld_s","bound_q05",,0.68703729,,,,1000,"e23206ee"
"orgrf","grf","or100","OR 1.0 n2000","Hc","fld_s","bound_q25",,0.75467854,,,,1000,"e23206ee"
"orgrf","grf","or100","OR 1.0 n2000","Hc","fld_s","bound_q50",,0.80696645,,,,1000,"e23206ee"
"orgrf","grf","or100","OR 1.0 n2000","Hc","fld_s","bound_q75",,0.85737955,,,,1000,"e23206ee"
"orgrf","grf","or100","OR 1.0 n2000","Hc","fld_s","bound_q95",,0.94447127,,,,1000,"e23206ee"
"orgrf","grf","or100","OR 1.0 n2000","Hc","oracle","share_upper_le_tau",0.7,0.149,0.0112605,0.128274,0.172412,1000,"e23206ee"
"orgrf","grf","or100","OR 1.0 n2000","Hc","oracle","share_upper_le_tau",0.8,0.638,0.0151972,0.607738,0.667206,1000,"e23206ee"
"orgrf","grf","or100","OR 1.0 n2000","Hc","oracle","share_upper_le_tau",0.9,0.939,0.00756829,0.92242,0.95222,1000,"e23206ee"
"orgrf","grf","or100","OR 1.0 n2000","Hc","oracle","share_upper_le_tau",1,0.994,0.00244213,0.986972,0.997247,1000,"e23206ee"
"orgrf","grf","or100","OR 1.0 n2000","Hc","oracle","share_upper_le_tau",1.25,1,0,0.996173,1,1000,"e23206ee"
"orgrf","grf","or100","OR 1.0 n2000","Hc","oracle","share_upper_le_tau",1.5,1,0,0.996173,1,1000,"e23206ee"
"orgrf","grf","or100","OR 1.0 n2000","Hc","oracle","share_upper_le_tau",2,1,0,0.996173,1,1000,"e23206ee"
"orgrf","grf","or100","OR 1.0 n2000","Hc","oracle","bound_mean",,0.77620048,0.00245745,,,1000,"e23206ee"
"orgrf","grf","or100","OR 1.0 n2000","Hc","oracle","bound_q05",,0.65826089,,,,1000,"e23206ee"
"orgrf","grf","or100","OR 1.0 n2000","Hc","oracle","bound_q25",,0.72430169,,,,1000,"e23206ee"
"orgrf","grf","or100","OR 1.0 n2000","Hc","oracle","bound_q50",,0.77205201,,,,1000,"e23206ee"
"orgrf","grf","or100","OR 1.0 n2000","Hc","oracle","bound_q75",,0.82195921,,,,1000,"e23206ee"
"orgrf","grf","or100","OR 1.0 n2000","Hc","oracle","bound_q95",,0.91329739,,,,1000,"e23206ee"
"orgrf","grf","or100","OR 1.0 n2000","Hc","fld","share_upper_le_tau",0.7,0.08,0.00857904,0.064748,0.0984664,1000,"e23206ee"
"orgrf","grf","or100","OR 1.0 n2000","Hc","fld","share_upper_le_tau",0.8,0.47,0.0157829,0.43924,0.50099,1000,"e23206ee"
"orgrf","grf","or100","OR 1.0 n2000","Hc","fld","share_upper_le_tau",0.9,0.881,0.0102391,0.859459,0.899625,1000,"e23206ee"
"orgrf","grf","or100","OR 1.0 n2000","Hc","fld","share_upper_le_tau",1,0.985,0.00384383,0.975399,0.990889,1000,"e23206ee"
"orgrf","grf","or100","OR 1.0 n2000","Hc","fld","share_upper_le_tau",1.25,1,0,0.996173,1,1000,"e23206ee"
"orgrf","grf","or100","OR 1.0 n2000","Hc","fld","share_upper_le_tau",1.5,1,0,0.996173,1,1000,"e23206ee"
"orgrf","grf","or100","OR 1.0 n2000","Hc","fld","share_upper_le_tau",2,1,0,0.996173,1,1000,"e23206ee"
"orgrf","grf","or100","OR 1.0 n2000","Hc","fld","bound_mean",,0.80866228,0.00247703,,,1000,"e23206ee"
"orgrf","grf","or100","OR 1.0 n2000","Hc","fld","bound_q05",,0.68552436,,,,1000,"e23206ee"
"orgrf","grf","or100","OR 1.0 n2000","Hc","fld","bound_q25",,0.75239053,,,,1000,"e23206ee"
"orgrf","grf","or100","OR 1.0 n2000","Hc","fld","bound_q50",,0.80589116,,,,1000,"e23206ee"
"orgrf","grf","or100","OR 1.0 n2000","Hc","fld","bound_q75",,0.85722134,,,,1000,"e23206ee"
"orgrf","grf","or100","OR 1.0 n2000","Hc","fld","bound_q95",,0.94127518,,,,1000,"e23206ee"
"orgrf","grf","or100","OR 1.0 n2000","Hc","mr","share_upper_le_tau",0.7,0.001,0.0009995,0.000176546,0.00564256,1000,"e23206ee"
"orgrf","grf","or100","OR 1.0 n2000","Hc","mr","share_upper_le_tau",0.8,0.065,0.00779583,0.0513238,0.0820055,1000,"e23206ee"
"orgrf","grf","or100","OR 1.0 n2000","Hc","mr","share_upper_le_tau",0.9,0.382,0.0153648,0.352391,0.412512,1000,"e23206ee"
"orgrf","grf","or100","OR 1.0 n2000","Hc","mr","share_upper_le_tau",1,0.795,0.0127662,0.768872,0.81887,1000,"e23206ee"
"orgrf","grf","or100","OR 1.0 n2000","Hc","mr","share_upper_le_tau",1.25,1,0,0.996173,1,1000,"e23206ee"
"orgrf","grf","or100","OR 1.0 n2000","Hc","mr","share_upper_le_tau",1.5,1,0,0.996173,1,1000,"e23206ee"
"orgrf","grf","or100","OR 1.0 n2000","Hc","mr","share_upper_le_tau",2,1,0,0.996173,1,1000,"e23206ee"
"orgrf","grf","or100","OR 1.0 n2000","Hc","mr","bound_mean",,0.92976747,0.00281109,,,1000,"e23206ee"
"orgrf","grf","or100","OR 1.0 n2000","Hc","mr","bound_q05",,0.79140015,,,,1000,"e23206ee"
"orgrf","grf","or100","OR 1.0 n2000","Hc","mr","bound_q25",,0.86631582,,,,1000,"e23206ee"
"orgrf","grf","or100","OR 1.0 n2000","Hc","mr","bound_q50",,0.9284286,,,,1000,"e23206ee"
"orgrf","grf","or100","OR 1.0 n2000","Hc","mr","bound_q75",,0.98522041,,,,1000,"e23206ee"
"orgrf","grf","or100","OR 1.0 n2000","Hc","mr","bound_q95",,1.0817233,,,,1000,"e23206ee"
"orgrf","grf","or100","OR 1.0 n2000","Hc","naive","share_upper_le_tau",0.7,0.175,0.0120156,0.152706,0.199782,1000,"e23206ee"
"orgrf","grf","or100","OR 1.0 n2000","Hc","naive","share_upper_le_tau",0.8,0.665,0.0149256,0.635164,0.693573,1000,"e23206ee"
"orgrf","grf","or100","OR 1.0 n2000","Hc","naive","share_upper_le_tau",0.9,0.949,0.00695694,0.933565,0.960999,1000,"e23206ee"
"orgrf","grf","or100","OR 1.0 n2000","Hc","naive","share_upper_le_tau",1,1,0,0.996173,1,1000,"e23206ee"
"orgrf","grf","or100","OR 1.0 n2000","Hc","naive","share_upper_le_tau",1.25,1,0,0.996173,1,1000,"e23206ee"
"orgrf","grf","or100","OR 1.0 n2000","Hc","naive","share_upper_le_tau",1.5,1,0,0.996173,1,1000,"e23206ee"
"orgrf","grf","or100","OR 1.0 n2000","Hc","naive","share_upper_le_tau",2,1,0,0.996173,1,1000,"e23206ee"
"orgrf","grf","or100","OR 1.0 n2000","Hc","naive","bound_mean",,0.77128203,0.00235259,,,1000,"e23206ee"
"orgrf","grf","or100","OR 1.0 n2000","Hc","naive","bound_q05",,0.65085068,,,,1000,"e23206ee"
"orgrf","grf","or100","OR 1.0 n2000","Hc","naive","bound_q25",,0.71895438,,,,1000,"e23206ee"
"orgrf","grf","or100","OR 1.0 n2000","Hc","naive","bound_q50",,0.76953669,,,,1000,"e23206ee"
"orgrf","grf","or100","OR 1.0 n2000","Hc","naive","bound_q75",,0.81925713,,,,1000,"e23206ee"
"orgrf","grf","or100","OR 1.0 n2000","Hc","naive","bound_q95",,0.90113899,,,,1000,"e23206ee"
"orgrf","grf","or100","OR 1.0 n2000","joint","bonf_s","joint_coverage",,0.939,0.00756829,0.92242,0.95222,1000,"e23206ee"
"orgrf","grf","or100","OR 1.0 n2000","joint","bonf_s","share_both_bounds",,1,0,0.996173,1,1000,"e23206ee"
"orgrf","grf","or100","OR 1.0 n2000","joint","bonf_s","cov_H",,0.976,0.00483983,0.964537,0.98382,1000,"e23206ee"
"orgrf","grf","or100","OR 1.0 n2000","joint","bonf_s","cov_Hc",,0.963,0.00596917,0.949418,0.973039,1000,"e23206ee"
"orgrf","grf","or100","OR 1.0 n2000","joint","bonf_s","margin_H_or",,0.65109923,0.0100707,,,1000,"e23206ee"
"orgrf","grf","or100","OR 1.0 n2000","joint","bonf_s","margin_Hc_or",,0.14794641,0.000500323,,,1000,"e23206ee"
"orgrf","grf","or100","OR 1.0 n2000","joint","bonf","joint_coverage",,0.94,0.00750999,0.923529,0.953104,1000,"e23206ee"
"orgrf","grf","or100","OR 1.0 n2000","joint","bonf","share_both_bounds",,1,0,0.996173,1,1000,"e23206ee"
"orgrf","grf","or100","OR 1.0 n2000","joint","bonf","cov_H",,0.976,0.00483983,0.964537,0.98382,1000,"e23206ee"
"orgrf","grf","or100","OR 1.0 n2000","joint","bonf","cov_Hc",,0.964,0.00589101,0.950564,0.973884,1000,"e23206ee"
"orgrf","grf","or100","OR 1.0 n2000","joint","bonf","margin_H_or",,0.65109923,0.0100707,,,1000,"e23206ee"
"orgrf","grf","or100","OR 1.0 n2000","joint","bonf","margin_Hc_or",,0.14759017,0.000507131,,,1000,"e23206ee"
"orgrf","grf","or100","OR 1.0 n2000","joint","separate_s","joint_coverage",,0.879,0.010313,0.857323,0.897776,1000,"e23206ee"
"orgrf","grf","or100","OR 1.0 n2000","joint","separate_s","share_both_bounds",,1,0,0.996173,1,1000,"e23206ee"
"orgrf","grf","or100","OR 1.0 n2000","joint","separate_s","cov_H",,0.945,0.00720937,0.929092,0.957503,1000,"e23206ee"
"orgrf","grf","or100","OR 1.0 n2000","joint","separate_s","cov_Hc",,0.931,0.00801492,0.913585,0.945116,1000,"e23206ee"
"orgrf","grf","or100","OR 1.0 n2000","joint","separate_s","margin_H_or",,0.58376614,0.00902966,,,1000,"e23206ee"
"orgrf","grf","or100","OR 1.0 n2000","joint","separate_s","margin_Hc_or",,0.1237806,0.000418614,,,1000,"e23206ee"
"orgrf","grf","or100","OR 1.0 n2000","joint","calibrated","gamma_mean_s",,0.025131,1.10436e-05,,,1000,"e23206ee"
"orgrf","grf","or100","OR 1.0 n2000","joint","calibrated","corr_s",,0.089315181,0.00134826,,,1000,"e23206ee"
"orgrf","grf","or100","OR 1.0 n2000","joint","calibrated","gamma_mean",,0.025116,1.04237e-05,,,1000,"e23206ee"
"orgrf","grf","or100","OR 1.0 n2000","joint","calibrated","corr",,0.092363699,0.00136835,,,1000,"e23206ee"
"orgrf","grf","or100","OR 1.0 n2000","H","all","mean_size_hhat",,140.319,2.56808,,,1000,"e23206ee"
"orgrf","grf","or100","OR 1.0 n2000","H","all","mean_true_positives",,39.05,1.56867,,,1000,"e23206ee"
"orgrf","grf","or100","OR 1.0 n2000","H","all","sensitivity_mean",,0.13067034,0.00520187,,,1000,"e23206ee"
"orgrf","grf","or100","OR 1.0 n2000","H","all","ppv_mean",,0.25424889,0.00790223,,,1000,"e23206ee"
"orgrf","grf","or100","OR 1.0 n2000","H","all","spec_mean",,0.94050096,0.00119866,,,1000,"e23206ee"
"orgrf","grf","or100","OR 1.0 n2000","H","all","mean_n_family",,1367.144,1.17678,,,1000,"e23206ee"
"orgrf","grf","or100","OR 1.0 n2000","H","all","mean_admitted_n",,147.295,3.40114,,,1000,"e23206ee"
"orgrf","grf","or100","OR 1.0 n2000","H","all","mean_proposed_n",,,,,,0,"e23206ee"
"orgrf","grf","or100","OR 1.0 n2000","H","all","mean_n_cons_qual",,,,,,0,"e23206ee"
"orgrf","grf","or100","OR 1.0 n2000","H","all","mean_band_n",,,,,,0,"e23206ee"
"orgrf","grf","or100","OR 1.0 n2000","H","all","mean_n_true",,298.14,0.475326,,,1000,"e23206ee"
"orgrf","grf","or100","OR 1.0 n2000","H","all","p_hat_mean",,0.1762244,0.00422125,,,1000,"e23206ee"
"orgrf","grf","or100","OR 1.0 n2000","H","all","p_hat_share_lt_05",,0.975,0.0049371,0.963355,0.98301,1000,"e23206ee"
"orgrf","grf","or100","OR 1.0 n2000","Hc","mr","sd_btc_over_naive_se",,1.0136716,,,,1000,"e23206ee"
"orgrf","grf","or100","OR 1.0 n2000","Hc","fld","lamsd_over_naive_se",,0.99201491,,,,1000,"e23206ee"
"orgrf","grf","or100","OR 1.0 n2000","Hc","fld_s","lamsd_over_naive_se",,0.99795973,,,,1000,"e23206ee"
"orgrf","grf","or100","OR 1.0 n2000","all","all","secs_fit_mr_mean",,23.850511,0.0541806,,,1000,"e23206ee"
"orgrf","grf","or100","OR 1.0 n2000","all","all","secs_id_mean",,4.257909,0.0108039,,,1000,"e23206ee"
"orgrf","grf","or100","OR 1.0 n2000","all","all","secs_field_mean",,14.518438,0.0535455,,,1000,"e23206ee"
"orgrf","grf","or100","OR 1.0 n2000","all","all","secs_complement_mean",,0.93272,0.00593681,,,1000,"e23206ee"
"orgrf","grf","or100","OR 1.0 n2000","H","naive","display_b",,3.0164229,,,,1000,"e23206ee"
"orgrf","grf","or100","OR 1.0 n2000","H","naive","display_r",,1.2740826,,,,1000,"e23206ee"
"orgrf","grf","or100","OR 1.0 n2000","H","naive","display_cov1",,0.083,,,,1000,"e23206ee"
"orgrf","grf","or100","OR 1.0 n2000","H","naive","display_cov1_ref",,0.17859215,,,,1000,"e23206ee"
"orgrf","grf","or100","OR 1.0 n2000","H","naive","display_cov2",,0.212,,,,1000,"e23206ee"
"orgrf","grf","or100","OR 1.0 n2000","H","naive","display_cov2_ref",,0.30178726,,,,1000,"e23206ee"
"orgrf","grf","or100","OR 1.0 n2000","H","mr","display_b",,0.62581345,,,,1000,"e23206ee"
"orgrf","grf","or100","OR 1.0 n2000","H","mr","display_r",,1.2817547,,,,1000,"e23206ee"
"orgrf","grf","or100","OR 1.0 n2000","H","mr","display_cov1",,0.961,,,,1000,"e23206ee"
"orgrf","grf","or100","OR 1.0 n2000","H","mr","display_cov1_ref",,0.93089441,,,,1000,"e23206ee"
"orgrf","grf","or100","OR 1.0 n2000","H","mr","display_cov2",,0.979,,,,1000,"e23206ee"
"orgrf","grf","or100","OR 1.0 n2000","H","mr","display_cov2_ref",,0.96952758,,,,1000,"e23206ee"
"orgrf","grf","or100","OR 1.0 n2000","H","fld","display_b",,0.2373973,,,,1000,"e23206ee"
"orgrf","grf","or100","OR 1.0 n2000","H","fld","display_r",,1.0824869,,,,1000,"e23206ee"
"orgrf","grf","or100","OR 1.0 n2000","H","fld","display_cov1",,0.945,,,,1000,"e23206ee"
"orgrf","grf","or100","OR 1.0 n2000","H","fld","display_cov1_ref",,0.938601,,,,1000,"e23206ee"
"orgrf","grf","or100","OR 1.0 n2000","H","fld","display_cov2",,0.963,,,,1000,"e23206ee"
"orgrf","grf","or100","OR 1.0 n2000","H","fld","display_cov2_ref",,0.96107228,,,,1000,"e23206ee"
"orgrf","grf","or100","OR 1.0 n2000","Hc","naive","display_b",,-0.63571516,,,,1000,"e23206ee"
"orgrf","grf","or100","OR 1.0 n2000","Hc","naive","display_r",,0.97494111,,,,1000,"e23206ee"
"orgrf","grf","or100","OR 1.0 n2000","Hc","naive","display_cov1",,0.837,,,,1000,"e23206ee"
"orgrf","grf","or100","OR 1.0 n2000","Hc","naive","display_cov1_ref",,0.8334579,,,,1000,"e23206ee"
"orgrf","grf","or100","OR 1.0 n2000","Hc","naive","display_cov2",,0.897,,,,1000,"e23206ee"
"orgrf","grf","or100","OR 1.0 n2000","Hc","naive","display_cov2_ref",,0.89342969,,,,1000,"e23206ee"
"orgrf","grf","or100","OR 1.0 n2000","Hc","mr","display_b",,-0.24140612,,,,1000,"e23206ee"
"orgrf","grf","or100","OR 1.0 n2000","Hc","mr","display_r",,1.9161824,,,,1000,"e23206ee"
"orgrf","grf","or100","OR 1.0 n2000","Hc","mr","display_cov1",,1,,,,1000,"e23206ee"
"orgrf","grf","or100","OR 1.0 n2000","Hc","mr","display_cov1_ref",,0.99819536,,,,1000,"e23206ee"
"orgrf","grf","or100","OR 1.0 n2000","Hc","mr","display_cov2",,1,,,,1000,"e23206ee"
"orgrf","grf","or100","OR 1.0 n2000","Hc","mr","display_cov2_ref",,0.99974743,,,,1000,"e23206ee"
"orgrf","grf","or100","OR 1.0 n2000","Hc","fld","display_b",,-0.13740292,,,,1000,"e23206ee"
"orgrf","grf","or100","OR 1.0 n2000","Hc","fld","display_r",,0.97679197,,,,1000,"e23206ee"
"orgrf","grf","or100","OR 1.0 n2000","Hc","fld","display_cov1",,0.931,,,,1000,"e23206ee"
"orgrf","grf","or100","OR 1.0 n2000","Hc","fld","display_cov1_ref",,0.92912115,,,,1000,"e23206ee"
"orgrf","grf","or100","OR 1.0 n2000","Hc","fld","display_cov2",,0.939,,,,1000,"e23206ee"
"orgrf","grf","or100","OR 1.0 n2000","Hc","fld","display_cov2_ref",,0.94213132,,,,1000,"e23206ee"
"orgrf","grf","or100","OR 1.0 n2000","Hc","fld_s","display_b",,-0.13826381,,,,1000,"e23206ee"
"orgrf","grf","or100","OR 1.0 n2000","Hc","fld_s","display_r",,0.98330349,,,,1000,"e23206ee"
"orgrf","grf","or100","OR 1.0 n2000","Hc","fld_s","display_cov1",,0.931,,,,1000,"e23206ee"
"orgrf","grf","or100","OR 1.0 n2000","Hc","fld_s","display_cov1_ref",,0.93044675,,,,1000,"e23206ee"
"orgrf","grf","or100","OR 1.0 n2000","Hc","fld_s","display_cov2",,0.939,,,,1000,"e23206ee"
"orgrf","grf","or100","OR 1.0 n2000","Hc","fld_s","display_cov2_ref",,0.94375292,,,,1000,"e23206ee"
"ordina","dina","or100","OR 1.0 n2000","H","all","declaration_rate",,0.934,0.00785137,0.916891,0.947788,1000,"36b71af1"
"ordina","dina","or100","OR 1.0 n2000","H","naive","n_nonconvergent_fits",,0,,,,934,"36b71af1"
"ordina","dina","or100","OR 1.0 n2000","H","naive","bias_or",,1.607523,0.0380583,,,934,"36b71af1"
"ordina","dina","or100","OR 1.0 n2000","H","naive","bias_log",,1.068957,0.0140279,,,934,"36b71af1"
"ordina","dina","or100","OR 1.0 n2000","H","naive","bias_sd_units",,2.5859958,0.0339359,,,934,"36b71af1"
"ordina","dina","or100","OR 1.0 n2000","H","naive","sd_emp_or",,1.1600296,0.0268543,,,934,"36b71af1"
"ordina","dina","or100","OR 1.0 n2000","H","naive","sd_emp_log",,0.41336378,0.00956922,,,934,"36b71af1"
"ordina","dina","or100","OR 1.0 n2000","H","naive","se_mean",,0.45380463,0.0037317,,,934,"36b71af1"
"ordina","dina","or100","OR 1.0 n2000","H","naive","se_over_sd",,1.0978336,0.0269702,,,934,"36b71af1"
"ordina","dina","or100","OR 1.0 n2000","H","naive","cov1_lower",,0.14775161,0.0116112,0.126438,0.171951,934,"36b71af1"
"ordina","dina","or100","OR 1.0 n2000","H","naive","cov2",,0.27301927,0.0145776,0.245421,0.302477,934,"36b71af1"
"ordina","dina","or100","OR 1.0 n2000","H","naive","halfwidth_or",,2.7179691,,,,934,"36b71af1"
"ordina","dina","or100","OR 1.0 n2000","H","naive","margin1_or",,1.2788383,,,,934,"36b71af1"
"ordina","dina","or100","OR 1.0 n2000","H","naive","cov2_theta_dagger",,0.67130621,0.0153703,0.640533,0.700676,934,"36b71af1"
"ordina","dina","or100","OR 1.0 n2000","H","naive","cov1_lower_theta_dagger",,0.47537473,0.0163406,0.443514,0.507437,934,"36b71af1"
"ordina","dina","or100","OR 1.0 n2000","H","naive","cov2_theta_ddagger",,0.67130621,0.0153703,0.640533,0.700676,934,"36b71af1"
"ordina","dina","or100","OR 1.0 n2000","H","naive","cov1_lower_theta_ddagger",,0.47537473,0.0163406,0.443514,0.507437,934,"36b71af1"
"ordina","dina","or100","OR 1.0 n2000","H","oracle","n_nonconvergent_fits",,0,,,,934,"36b71af1"
"ordina","dina","or100","OR 1.0 n2000","H","oracle","bias_or",,0.028174707,0.00811669,,,934,"36b71af1"
"ordina","dina","or100","OR 1.0 n2000","H","oracle","bias_log",,-0.00061665396,0.00781374,,,934,"36b71af1"
"ordina","dina","or100","OR 1.0 n2000","H","oracle","bias_sd_units",,-0.0025823137,0.032721,,,934,"36b71af1"
"ordina","dina","or100","OR 1.0 n2000","H","oracle","sd_emp_or",,0.24805764,0.00574244,,,934,"36b71af1"
"ordina","dina","or100","OR 1.0 n2000","H","oracle","sd_emp_log",,0.23879901,0.00552811,,,934,"36b71af1"
"ordina","dina","or100","OR 1.0 n2000","H","oracle","se_mean",,0.23343408,0.000201547,,,934,"36b71af1"
"ordina","dina","or100","OR 1.0 n2000","H","oracle","se_over_sd",,0.97753369,0.0226453,,,934,"36b71af1"
"ordina","dina","or100","OR 1.0 n2000","H","oracle","cov1_lower",,0.94539615,0.00743439,0.928917,0.958227,934,"36b71af1"
"ordina","dina","or100","OR 1.0 n2000","H","oracle","cov2",,0.94539615,0.00743439,0.928917,0.958227,934,"36b71af1"
"ordina","dina","or100","OR 1.0 n2000","H","oracle","halfwidth_or",,0.48712869,,,,934,"36b71af1"
"ordina","dina","or100","OR 1.0 n2000","H","oracle","margin1_or",,0.32784089,,,,934,"36b71af1"
"ordina","dina","or100","OR 1.0 n2000","H","mr","n_nonconvergent_fits",,0,,,,934,"36b71af1"
"ordina","dina","or100","OR 1.0 n2000","H","mr","bias_or",,0.50527283,0.0226599,,,934,"36b71af1"
"ordina","dina","or100","OR 1.0 n2000","H","mr","bias_log",,0.42862279,0.0140752,,,934,"36b71af1"
"ordina","dina","or100","OR 1.0 n2000","H","mr","bias_sd_units",,1.0347947,0.0339807,,,934,"36b71af1"
"ordina","dina","or100","OR 1.0 n2000","H","mr","sd_emp_or",,0.68725558,0.0159097,,,934,"36b71af1"
"ordina","dina","or100","OR 1.0 n2000","H","mr","sd_emp_log",,0.41421045,0.00958882,,,934,"36b71af1"
"ordina","dina","or100","OR 1.0 n2000","H","mr","se_mean",,0.58827725,0.00424031,,,934,"36b71af1"
"ordina","dina","or100","OR 1.0 n2000","H","mr","se_over_sd",,1.4202376,0.0344349,,,934,"36b71af1"
"ordina","dina","or100","OR 1.0 n2000","H","mr","cov1_lower",,0.93576017,0.00802252,0.918182,0.949768,934,"36b71af1"
"ordina","dina","or100","OR 1.0 n2000","H","mr","cov2",,0.97430407,0.00517733,0.96205,0.982673,934,"36b71af1"
"ordina","dina","or100","OR 1.0 n2000","H","mr","halfwidth_or",,2.0795024,,,,934,"36b71af1"
"ordina","dina","or100","OR 1.0 n2000","H","mr","margin1_or",,0.79327259,,,,934,"36b71af1"
"ordina","dina","or100","OR 1.0 n2000","H","mr","cov2_theta_dagger",,0.99571734,0.00213674,0.98904,0.998333,934,"36b71af1"
"ordina","dina","or100","OR 1.0 n2000","H","mr","cov1_lower_theta_dagger",,0.98394004,0.00411323,0.973672,0.990244,934,"36b71af1"
"ordina","dina","or100","OR 1.0 n2000","H","mr","cov2_theta_ddagger",,0.99571734,0.00213674,0.98904,0.998333,934,"36b71af1"
"ordina","dina","or100","OR 1.0 n2000","H","mr","cov1_lower_theta_ddagger",,0.98394004,0.00411323,0.973672,0.990244,934,"36b71af1"
"ordina","dina","or100","OR 1.0 n2000","H","fld","n_nonconvergent_fits",,0,,,,934,"36b71af1"
"ordina","dina","or100","OR 1.0 n2000","H","fld","bias_or",,0.36254047,0.0212926,,,934,"36b71af1"
"ordina","dina","or100","OR 1.0 n2000","H","fld","bias_log",,0.29796224,0.0146283,,,934,"36b71af1"
"ordina","dina","or100","OR 1.0 n2000","H","fld","bias_sd_units",,0.69018325,0.0338841,,,934,"36b71af1"
"ordina","dina","or100","OR 1.0 n2000","H","fld","sd_emp_or",,0.64532147,0.014939,,,934,"36b71af1"
"ordina","dina","or100","OR 1.0 n2000","H","fld","sd_emp_log",,0.43171468,0.00999404,,,934,"36b71af1"
"ordina","dina","or100","OR 1.0 n2000","H","fld","se_mean",,0.44356336,0.00153095,,,934,"36b71af1"
"ordina","dina","or100","OR 1.0 n2000","H","fld","se_over_sd",,1.0274456,0.0240479,,,934,"36b71af1"
"ordina","dina","or100","OR 1.0 n2000","H","fld","cov1_lower",,0.87794433,0.0107112,0.855389,0.897404,934,"36b71af1"
"ordina","dina","or100","OR 1.0 n2000","H","fld","cov2",,0.93147752,0.00826665,0.913445,0.945976,934,"36b71af1"
"ordina","dina","or100","OR 1.0 n2000","H","fld","halfwidth_or",,1.0304597,,,,934,"36b71af1"
"ordina","dina","or100","OR 1.0 n2000","H","fld","margin1_or",,0.75288496,,,,934,"36b71af1"
"ordina","dina","or100","OR 1.0 n2000","H","fld","cov2_theta_dagger",,0.95074946,0.00708052,0.934932,0.962875,934,"36b71af1"
"ordina","dina","or100","OR 1.0 n2000","H","fld","cov1_lower_theta_dagger",,0.96573876,0.00595193,0.952034,0.975628,934,"36b71af1"
"ordina","dina","or100","OR 1.0 n2000","H","fld","cov2_theta_ddagger",,0.95074946,0.00708052,0.934932,0.962875,934,"36b71af1"
"ordina","dina","or100","OR 1.0 n2000","H","fld","cov1_lower_theta_ddagger",,0.96573876,0.00595193,0.952034,0.975628,934,"36b71af1"
"ordina","dina","or100","OR 1.0 n2000","H","fld","share_lower_ge_tau",0.7,0.13490364,0.0111782,0.114484,0.158314,934,"36b71af1"
"ordina","dina","or100","OR 1.0 n2000","H","fld","share_lower_ge_tau",0.8,0.077087794,0.0087277,0.0616615,0.0959786,934,"36b71af1"
"ordina","dina","or100","OR 1.0 n2000","H","fld","share_lower_ge_tau",0.9,0.050321199,0.00715304,0.0380514,0.0662748,934,"36b71af1"
"ordina","dina","or100","OR 1.0 n2000","H","fld","share_lower_ge_tau",1,0.034261242,0.00595193,0.024372,0.0479659,934,"36b71af1"
"ordina","dina","or100","OR 1.0 n2000","H","fld","share_lower_ge_tau",1.25,0.018201285,0.0043741,0.0113946,0.0289549,934,"36b71af1"
"ordina","dina","or100","OR 1.0 n2000","H","fld","share_lower_ge_tau",1.5,0.0064239829,0.00261414,0.0029474,0.013944,934,"36b71af1"
"ordina","dina","or100","OR 1.0 n2000","H","fld","share_lower_ge_tau",2,0.0021413276,0.00151253,0.000587426,0.00777375,934,"36b71af1"
"ordina","dina","or100","OR 1.0 n2000","H","fld","bound_mean",,0.4931807,0.00772915,,,934,"36b71af1"
"ordina","dina","or100","OR 1.0 n2000","H","fld","bound_q05",,0.25809047,,,,934,"36b71af1"
"ordina","dina","or100","OR 1.0 n2000","H","fld","bound_q25",,0.34481857,,,,934,"36b71af1"
"ordina","dina","or100","OR 1.0 n2000","H","fld","bound_q50",,0.42882426,,,,934,"36b71af1"
"ordina","dina","or100","OR 1.0 n2000","H","fld","bound_q75",,0.56901637,,,,934,"36b71af1"
"ordina","dina","or100","OR 1.0 n2000","H","fld","bound_q95",,0.89984205,,,,934,"36b71af1"
"ordina","dina","or100","OR 1.0 n2000","H","oracle","share_lower_ge_tau",0.7,0.45824411,0.0163033,0.426526,0.490304,934,"36b71af1"
"ordina","dina","or100","OR 1.0 n2000","H","oracle","share_lower_ge_tau",0.8,0.24411135,0.0140556,0.217648,0.272671,934,"36b71af1"
"ordina","dina","or100","OR 1.0 n2000","H","oracle","share_lower_ge_tau",0.9,0.11456103,0.0104214,0.0956951,0.136584,934,"36b71af1"
"ordina","dina","or100","OR 1.0 n2000","H","oracle","share_lower_ge_tau",1,0.054603854,0.00743439,0.041773,0.0710835,934,"36b71af1"
"ordina","dina","or100","OR 1.0 n2000","H","oracle","share_lower_ge_tau",1.25,0.0042826552,0.00213674,0.00166666,0.0109596,934,"36b71af1"
"ordina","dina","or100","OR 1.0 n2000","H","oracle","share_lower_ge_tau",1.5,0,0,4.33681e-19,0.00409606,934,"36b71af1"
"ordina","dina","or100","OR 1.0 n2000","H","oracle","share_lower_ge_tau",2,0,0,4.33681e-19,0.00409606,934,"36b71af1"
"ordina","dina","or100","OR 1.0 n2000","H","oracle","bound_mean",,0.70033381,0.00551167,,,934,"36b71af1"
"ordina","dina","or100","OR 1.0 n2000","H","oracle","bound_q05",,0.45268414,,,,934,"36b71af1"
"ordina","dina","or100","OR 1.0 n2000","H","oracle","bound_q25",,0.58082107,,,,934,"36b71af1"
"ordina","dina","or100","OR 1.0 n2000","H","oracle","bound_q50",,0.68202357,,,,934,"36b71af1"
"ordina","dina","or100","OR 1.0 n2000","H","oracle","bound_q75",,0.79698074,,,,934,"36b71af1"
"ordina","dina","or100","OR 1.0 n2000","H","oracle","bound_q95",,1.0079478,,,,934,"36b71af1"
"ordina","dina","or100","OR 1.0 n2000","H","mr","share_lower_ge_tau",0.7,0.080299786,0.00889215,0.0645416,0.0994962,934,"36b71af1"
"ordina","dina","or100","OR 1.0 n2000","H","mr","share_lower_ge_tau",0.8,0.046038544,0.00685729,0.0343572,0.0614388,934,"36b71af1"
"ordina","dina","or100","OR 1.0 n2000","H","mr","share_lower_ge_tau",0.9,0.023554604,0.00496236,0.0156058,0.0354065,934,"36b71af1"
"ordina","dina","or100","OR 1.0 n2000","H","mr","share_lower_ge_tau",1,0.016059957,0.00411323,0.00975635,0.0263281,934,"36b71af1"
"ordina","dina","or100","OR 1.0 n2000","H","mr","share_lower_ge_tau",1.25,0.0053533191,0.00238766,0.00228872,0.0124701,934,"36b71af1"
"ordina","dina","or100","OR 1.0 n2000","H","mr","share_lower_ge_tau",1.5,0,0,4.33681e-19,0.00409606,934,"36b71af1"
"ordina","dina","or100","OR 1.0 n2000","H","mr","share_lower_ge_tau",2,0,0,4.33681e-19,0.00409606,934,"36b71af1"
"ordina","dina","or100","OR 1.0 n2000","H","mr","bound_mean",,0.45279306,0.00541918,,,934,"36b71af1"
"ordina","dina","or100","OR 1.0 n2000","H","mr","bound_q05",,0.26848502,,,,934,"36b71af1"
"ordina","dina","or100","OR 1.0 n2000","H","mr","bound_q25",,0.34944979,,,,934,"36b71af1"
"ordina","dina","or100","OR 1.0 n2000","H","mr","bound_q50",,0.41200244,,,,934,"36b71af1"
"ordina","dina","or100","OR 1.0 n2000","H","mr","bound_q75",,0.51148329,,,,934,"36b71af1"
"ordina","dina","or100","OR 1.0 n2000","H","mr","bound_q95",,0.77611635,,,,934,"36b71af1"
"ordina","dina","or100","OR 1.0 n2000","H","naive","share_lower_ge_tau",0.7,0.88436831,0.0104636,0.862267,0.903321,934,"36b71af1"
"ordina","dina","or100","OR 1.0 n2000","H","naive","share_lower_ge_tau",0.8,0.79550321,0.0131975,0.768451,0.820135,934,"36b71af1"
"ordina","dina","or100","OR 1.0 n2000","H","naive","share_lower_ge_tau",0.9,0.65631692,0.0155404,0.625274,0.68608,934,"36b71af1"
"ordina","dina","or100","OR 1.0 n2000","H","naive","share_lower_ge_tau",1,0.52462527,0.0163406,0.492563,0.556486,934,"36b71af1"
"ordina","dina","or100","OR 1.0 n2000","H","naive","share_lower_ge_tau",1.25,0.23554604,0.0138848,0.20945,0.263809,934,"36b71af1"
"ordina","dina","or100","OR 1.0 n2000","H","naive","share_lower_ge_tau",1.5,0.1006424,0.00984426,0.082954,0.121602,934,"36b71af1"
"ordina","dina","or100","OR 1.0 n2000","H","naive","share_lower_ge_tau",2,0.024625268,0.00507111,0.0164643,0.0366806,934,"36b71af1"
"ordina","dina","or100","OR 1.0 n2000","H","naive","bound_mean",,1.0694775,0.0119554,,,934,"36b71af1"
"ordina","dina","or100","OR 1.0 n2000","H","naive","bound_q05",,0.60122008,,,,934,"36b71af1"
"ordina","dina","or100","OR 1.0 n2000","H","naive","bound_q25",,0.83572093,,,,934,"36b71af1"
"ordina","dina","or100","OR 1.0 n2000","H","naive","bound_q50",,1.0140033,,,,934,"36b71af1"
"ordina","dina","or100","OR 1.0 n2000","H","naive","bound_q75",,1.2374875,,,,934,"36b71af1"
"ordina","dina","or100","OR 1.0 n2000","H","naive","bound_q95",,1.7181407,,,,934,"36b71af1"
"ordina","dina","or100","OR 1.0 n2000","Hc","naive","n_nonconvergent_fits",,0,,,,934,"36b71af1"
"ordina","dina","or100","OR 1.0 n2000","Hc","naive","bias_or",,-0.029739537,0.0020167,,,934,"36b71af1"
"ordina","dina","or100","OR 1.0 n2000","Hc","naive","bias_log",,-0.047702792,0.00300896,,,934,"36b71af1"
"ordina","dina","or100","OR 1.0 n2000","Hc","naive","bias_sd_units",,-0.51788333,0.0326667,,,934,"36b71af1"
"ordina","dina","or100","OR 1.0 n2000","Hc","naive","sd_emp_or",,0.061735061,0.00142914,,,934,"36b71af1"
"ordina","dina","or100","OR 1.0 n2000","Hc","naive","sd_emp_log",,0.092111078,0.00213234,,,934,"36b71af1"
"ordina","dina","or100","OR 1.0 n2000","Hc","naive","se_mean",,0.094763188,5.76517e-05,,,934,"36b71af1"
"ordina","dina","or100","OR 1.0 n2000","Hc","naive","se_over_sd",,1.0287925,0.0238244,,,934,"36b71af1"
"ordina","dina","or100","OR 1.0 n2000","Hc","naive","cov1_upper",,0.88115632,0.0105887,0.858825,0.900365,934,"36b71af1"
"ordina","dina","or100","OR 1.0 n2000","Hc","naive","cov2",,0.92719486,0.00850145,0.908725,0.942165,934,"36b71af1"
"ordina","dina","or100","OR 1.0 n2000","Hc","naive","halfwidth_or",,0.12487948,,,,934,"36b71af1"
"ordina","dina","or100","OR 1.0 n2000","Hc","naive","margin1_or",,0.1127597,,,,934,"36b71af1"
"ordina","dina","or100","OR 1.0 n2000","Hc","oracle","n_nonconvergent_fits",,0,,,,934,"36b71af1"
"ordina","dina","or100","OR 1.0 n2000","Hc","oracle","bias_or",,0.0052787928,0.00214702,,,934,"36b71af1"
"ordina","dina","or100","OR 1.0 n2000","Hc","oracle","bias_log",,0.003124365,0.00323609,,,934,"36b71af1"
"ordina","dina","or100","OR 1.0 n2000","Hc","oracle","bias_sd_units",,0.0315913,0.032721,,,934,"36b71af1"
"ordina","dina","or100","OR 1.0 n2000","Hc","oracle","sd_emp_or",,0.065615869,0.00151898,,,934,"36b71af1"
"ordina","dina","or100","OR 1.0 n2000","Hc","oracle","sd_emp_log",,0.098899538,0.00228949,,,934,"36b71af1"
"ordina","dina","or100","OR 1.0 n2000","Hc","oracle","se_mean",,0.10056424,2.674e-05,,,934,"36b71af1"
"ordina","dina","or100","OR 1.0 n2000","Hc","oracle","se_over_sd",,1.0168323,0.0235409,,,934,"36b71af1"
"ordina","dina","or100","OR 1.0 n2000","Hc","oracle","cov1_upper",,0.95824411,0.00654521,0.943428,0.969306,934,"36b71af1"
"ordina","dina","or100","OR 1.0 n2000","Hc","oracle","cov2",,0.94646681,0.00736531,0.930116,0.95916,934,"36b71af1"
"ordina","dina","or100","OR 1.0 n2000","Hc","oracle","halfwidth_or",,0.13122574,,,,934,"36b71af1"
"ordina","dina","or100","OR 1.0 n2000","Hc","oracle","margin1_or",,0.11898615,,,,934,"36b71af1"
"ordina","dina","or100","OR 1.0 n2000","Hc","mr","n_nonconvergent_fits",,0,,,,934,"36b71af1"
"ordina","dina","or100","OR 1.0 n2000","Hc","mr","bias_or",,-0.011604802,0.00213277,,,934,"36b71af1"
"ordina","dina","or100","OR 1.0 n2000","Hc","mr","bias_log",,-0.021201847,0.00309869,,,934,"36b71af1"
"ordina","dina","or100","OR 1.0 n2000","Hc","mr","bias_sd_units",,-0.22370339,0.0326946,,,934,"36b71af1"
"ordina","dina","or100","OR 1.0 n2000","Hc","mr","sd_emp_or",,0.065237646,0.00151023,,,934,"36b71af1"
"ordina","dina","or100","OR 1.0 n2000","Hc","mr","sd_emp_log",,0.094776602,0.00219404,,,934,"36b71af1"
"ordina","dina","or100","OR 1.0 n2000","Hc","mr","se_mean",,0.18594362,0.000146311,,,934,"36b71af1"
"ordina","dina","or100","OR 1.0 n2000","Hc","mr","se_over_sd",,1.9619148,0.0454438,,,934,"36b71af1"
"ordina","dina","or100","OR 1.0 n2000","Hc","mr","cov1_upper",,1,0,0.995904,1,934,"36b71af1"
"ordina","dina","or100","OR 1.0 n2000","Hc","mr","cov2",,1,0,0.995904,1,934,"36b71af1"
"ordina","dina","or100","OR 1.0 n2000","Hc","mr","halfwidth_or",,0.25582426,,,,934,"36b71af1"
"ordina","dina","or100","OR 1.0 n2000","Hc","mr","margin1_or",,0.24567008,,,,934,"36b71af1"
"ordina","dina","or100","OR 1.0 n2000","Hc","fld","n_nonconvergent_fits",,0,,,,934,"36b71af1"
"ordina","dina","or100","OR 1.0 n2000","Hc","fld","bias_or",,-0.0072442263,0.00216846,,,934,"36b71af1"
"ordina","dina","or100","OR 1.0 n2000","Hc","fld","bias_log",,-0.014966362,0.00313105,,,934,"36b71af1"
"ordina","dina","or100","OR 1.0 n2000","Hc","fld","bias_sd_units",,-0.15632284,0.0327036,,,934,"36b71af1"
"ordina","dina","or100","OR 1.0 n2000","Hc","fld","sd_emp_or",,0.066313169,0.00153513,,,934,"36b71af1"
"ordina","dina","or100","OR 1.0 n2000","Hc","fld","sd_emp_log",,0.095740087,0.00221635,,,934,"36b71af1"
"ordina","dina","or100","OR 1.0 n2000","Hc","fld","se_mean",,0.094145769,7.50342e-05,,,934,"36b71af1"
"ordina","dina","or100","OR 1.0 n2000","Hc","fld","se_over_sd",,0.98334744,0.0227776,,,934,"36b71af1"
"ordina","dina","or100","OR 1.0 n2000","Hc","fld","cov1_upper",,0.9261242,0.00855879,0.907547,0.94121,934,"36b71af1"
"ordina","dina","or100","OR 1.0 n2000","Hc","fld","cov2",,0.93683084,0.00795994,0.91937,0.950713,934,"36b71af1"
"ordina","dina","or100","OR 1.0 n2000","Hc","fld","halfwidth_or",,0.12772537,,,,934,"36b71af1"
"ordina","dina","or100","OR 1.0 n2000","Hc","fld","margin1_or",,0.11967548,,,,934,"36b71af1"
"ordina","dina","or100","OR 1.0 n2000","Hc","fld_s","n_nonconvergent_fits",,0,,,,934,"36b71af1"
"ordina","dina","or100","OR 1.0 n2000","Hc","fld_s","bias_or",,-0.0072567785,0.00216795,,,934,"36b71af1"
"ordina","dina","or100","OR 1.0 n2000","Hc","fld_s","bias_log",,-0.014982381,0.0031304,,,934,"36b71af1"
"ordina","dina","or100","OR 1.0 n2000","Hc","fld_s","bias_sd_units",,-0.15652617,0.0327044,,,934,"36b71af1"
"ordina","dina","or100","OR 1.0 n2000","Hc","fld_s","sd_emp_or",,0.066296065,0.00153473,,,934,"36b71af1"
"ordina","dina","or100","OR 1.0 n2000","Hc","fld_s","sd_emp_log",,0.095718055,0.00221584,,,934,"36b71af1"
"ordina","dina","or100","OR 1.0 n2000","Hc","fld_s","se_mean",,0.09451103,9.07886e-05,,,934,"36b71af1"
"ordina","dina","or100","OR 1.0 n2000","Hc","fld_s","se_over_sd",,0.98738979,0.0228774,,,934,"36b71af1"
"ordina","dina","or100","OR 1.0 n2000","Hc","fld_s","cov1_upper",,0.92826552,0.00844358,0.909903,0.943119,934,"36b71af1"
"ordina","dina","or100","OR 1.0 n2000","Hc","fld_s","cov2",,0.94004283,0.00776821,0.92294,0.953541,934,"36b71af1"
"ordina","dina","or100","OR 1.0 n2000","Hc","fld_s","halfwidth_or",,0.12814664,,,,934,"36b71af1"
"ordina","dina","or100","OR 1.0 n2000","Hc","fld_s","margin1_or",,0.12006877,,,,934,"36b71af1"
"ordina","dina","or100","OR 1.0 n2000","Hc","fld_s","share_upper_le_tau",0.7,0.077087794,0.0087277,0.0616615,0.0959786,934,"36b71af1"
"ordina","dina","or100","OR 1.0 n2000","Hc","fld_s","share_upper_le_tau",0.8,0.47751606,0.016344,0.44564,0.509576,934,"36b71af1"
"ordina","dina","or100","OR 1.0 n2000","Hc","fld_s","share_upper_le_tau",0.9,0.88115632,0.0105887,0.858825,0.900365,934,"36b71af1"
"ordina","dina","or100","OR 1.0 n2000","Hc","fld_s","share_upper_le_tau",1,0.99036403,0.00319648,0.981789,0.994922,934,"36b71af1"
"ordina","dina","or100","OR 1.0 n2000","Hc","fld_s","share_upper_le_tau",1.25,1,0,0.995904,1,934,"36b71af1"
"ordina","dina","or100","OR 1.0 n2000","Hc","fld_s","share_upper_le_tau",1.5,1,0,0.995904,1,934,"36b71af1"
"ordina","dina","or100","OR 1.0 n2000","Hc","fld_s","share_upper_le_tau",2,1,0,0.995904,1,934,"36b71af1"
"ordina","dina","or100","OR 1.0 n2000","Hc","fld_s","bound_mean",,0.80712975,0.00251169,,,934,"36b71af1"
"ordina","dina","or100","OR 1.0 n2000","Hc","fld_s","bound_q05",,0.68766746,,,,934,"36b71af1"
"ordina","dina","or100","OR 1.0 n2000","Hc","fld_s","bound_q25",,0.75615517,,,,934,"36b71af1"
"ordina","dina","or100","OR 1.0 n2000","Hc","fld_s","bound_q50",,0.80411814,,,,934,"36b71af1"
"ordina","dina","or100","OR 1.0 n2000","Hc","fld_s","bound_q75",,0.85471761,,,,934,"36b71af1"
"ordina","dina","or100","OR 1.0 n2000","Hc","fld_s","bound_q95",,0.94039802,,,,934,"36b71af1"
"ordina","dina","or100","OR 1.0 n2000","Hc","oracle","share_upper_le_tau",0.7,0.13062099,0.0110265,0.110514,0.153754,934,"36b71af1"
"ordina","dina","or100","OR 1.0 n2000","Hc","oracle","share_upper_le_tau",0.8,0.61777302,0.0159002,0.586187,0.648394,934,"36b71af1"
"ordina","dina","or100","OR 1.0 n2000","Hc","oracle","share_upper_le_tau",0.9,0.93468951,0.00808447,0.916996,0.948822,934,"36b71af1"
"ordina","dina","or100","OR 1.0 n2000","Hc","oracle","share_upper_le_tau",1,0.99357602,0.00261414,0.986056,0.997053,934,"36b71af1"
"ordina","dina","or100","OR 1.0 n2000","Hc","oracle","share_upper_le_tau",1.25,1,0,0.995904,1,934,"36b71af1"
"ordina","dina","or100","OR 1.0 n2000","Hc","oracle","share_upper_le_tau",1.5,1,0,0.995904,1,934,"36b71af1"
"ordina","dina","or100","OR 1.0 n2000","Hc","oracle","share_upper_le_tau",2,1,0,0.995904,1,934,"36b71af1"
"ordina","dina","or100","OR 1.0 n2000","Hc","oracle","bound_mean",,0.78067269,0.00252045,,,934,"36b71af1"
"ordina","dina","or100","OR 1.0 n2000","Hc","oracle","bound_q05",,0.66190625,,,,934,"36b71af1"
"ordina","dina","or100","OR 1.0 n2000","Hc","oracle","bound_q25",,0.73065024,,,,934,"36b71af1"
"ordina","dina","or100","OR 1.0 n2000","Hc","oracle","bound_q50",,0.77780452,,,,934,"36b71af1"
"ordina","dina","or100","OR 1.0 n2000","Hc","oracle","bound_q75",,0.82586788,,,,934,"36b71af1"
"ordina","dina","or100","OR 1.0 n2000","Hc","oracle","bound_q95",,0.91498478,,,,934,"36b71af1"
"ordina","dina","or100","OR 1.0 n2000","Hc","fld","share_upper_le_tau",0.7,0.079229122,0.00883781,0.0635806,0.0983246,934,"36b71af1"
"ordina","dina","or100","OR 1.0 n2000","Hc","fld","share_upper_le_tau",0.8,0.48179872,0.0163497,0.449894,0.513852,934,"36b71af1"
"ordina","dina","or100","OR 1.0 n2000","Hc","fld","share_upper_le_tau",0.9,0.88329764,0.0105056,0.861119,0.902336,934,"36b71af1"
"ordina","dina","or100","OR 1.0 n2000","Hc","fld","share_upper_le_tau",1,0.99036403,0.00319648,0.981789,0.994922,934,"36b71af1"
"ordina","dina","or100","OR 1.0 n2000","Hc","fld","share_upper_le_tau",1.25,1,0,0.995904,1,934,"36b71af1"
"ordina","dina","or100","OR 1.0 n2000","Hc","fld","share_upper_le_tau",1.5,1,0,0.995904,1,934,"36b71af1"
"ordina","dina","or100","OR 1.0 n2000","Hc","fld","share_upper_le_tau",2,1,0,0.995904,1,934,"36b71af1"
"ordina","dina","or100","OR 1.0 n2000","Hc","fld","bound_mean",,0.80673646,0.00252201,,,934,"36b71af1"
"ordina","dina","or100","OR 1.0 n2000","Hc","fld","bound_q05",,0.68651749,,,,934,"36b71af1"
"ordina","dina","or100","OR 1.0 n2000","Hc","fld","bound_q25",,0.75496077,,,,934,"36b71af1"
"ordina","dina","or100","OR 1.0 n2000","Hc","fld","bound_q50",,0.80320758,,,,934,"36b71af1"
"ordina","dina","or100","OR 1.0 n2000","Hc","fld","bound_q75",,0.85448512,,,,934,"36b71af1"
"ordina","dina","or100","OR 1.0 n2000","Hc","fld","bound_q95",,0.9411395,,,,934,"36b71af1"
"ordina","dina","or100","OR 1.0 n2000","Hc","mr","share_upper_le_tau",0.7,0,0,4.33681e-19,0.00409606,934,"36b71af1"
"ordina","dina","or100","OR 1.0 n2000","Hc","mr","share_upper_le_tau",0.8,0.056745182,0.00757017,0.043643,0.0734785,934,"36b71af1"
"ordina","dina","or100","OR 1.0 n2000","Hc","mr","share_upper_le_tau",0.9,0.36295503,0.015734,0.332736,0.394296,934,"36b71af1"
"ordina","dina","or100","OR 1.0 n2000","Hc","mr","share_upper_le_tau",1,0.78479657,0.0134471,0.757302,0.809958,934,"36b71af1"
"ordina","dina","or100","OR 1.0 n2000","Hc","mr","share_upper_le_tau",1.25,1,0,0.995904,1,934,"36b71af1"
"ordina","dina","or100","OR 1.0 n2000","Hc","mr","share_upper_le_tau",1.5,1,0,0.995904,1,934,"36b71af1"
"ordina","dina","or100","OR 1.0 n2000","Hc","mr","share_upper_le_tau",2,1,0,0.995904,1,934,"36b71af1"
"ordina","dina","or100","OR 1.0 n2000","Hc","mr","bound_mean",,0.93273106,0.00284802,,,934,"36b71af1"
"ordina","dina","or100","OR 1.0 n2000","Hc","mr","bound_q05",,0.79701167,,,,934,"36b71af1"
"ordina","dina","or100","OR 1.0 n2000","Hc","mr","bound_q25",,0.87380181,,,,934,"36b71af1"
"ordina","dina","or100","OR 1.0 n2000","Hc","mr","bound_q50",,0.93107535,,,,934,"36b71af1"
"ordina","dina","or100","OR 1.0 n2000","Hc","mr","bound_q75",,0.98681098,,,,934,"36b71af1"
"ordina","dina","or100","OR 1.0 n2000","Hc","mr","bound_q95",,1.0791029,,,,934,"36b71af1"
"ordina","dina","or100","OR 1.0 n2000","Hc","naive","share_upper_le_tau",0.7,0.124197,0.0107916,0.104573,0.1469,934,"36b71af1"
"ordina","dina","or100","OR 1.0 n2000","Hc","naive","share_upper_le_tau",0.8,0.62098501,0.0158743,0.589436,0.651543,934,"36b71af1"
"ordina","dina","or100","OR 1.0 n2000","Hc","naive","share_upper_le_tau",0.9,0.94860814,0.00722466,0.932521,0.961021,934,"36b71af1"
"ordina","dina","or100","OR 1.0 n2000","Hc","naive","share_upper_le_tau",1,0.99678801,0.00185146,0.990599,0.998907,934,"36b71af1"
"ordina","dina","or100","OR 1.0 n2000","Hc","naive","share_upper_le_tau",1.25,1,0,0.995904,1,934,"36b71af1"
"ordina","dina","or100","OR 1.0 n2000","Hc","naive","share_upper_le_tau",1.5,1,0,0.995904,1,934,"36b71af1"
"ordina","dina","or100","OR 1.0 n2000","Hc","naive","share_upper_le_tau",2,1,0,0.995904,1,934,"36b71af1"
"ordina","dina","or100","OR 1.0 n2000","Hc","naive","bound_mean",,0.78168594,0.00233513,,,934,"36b71af1"
"ordina","dina","or100","OR 1.0 n2000","Hc","naive","bound_q05",,0.6704432,,,,934,"36b71af1"
"ordina","dina","or100","OR 1.0 n2000","Hc","naive","bound_q25",,0.73228274,,,,934,"36b71af1"
"ordina","dina","or100","OR 1.0 n2000","Hc","naive","bound_q50",,0.77908319,,,,934,"36b71af1"
"ordina","dina","or100","OR 1.0 n2000","Hc","naive","bound_q75",,0.82754865,,,,934,"36b71af1"
"ordina","dina","or100","OR 1.0 n2000","Hc","naive","bound_q95",,0.90091139,,,,934,"36b71af1"
"ordina","dina","or100","OR 1.0 n2000","joint","bonf_s","joint_coverage",,0.89828694,0.0098906,0.877241,0.91607,934,"36b71af1"
"ordina","dina","or100","OR 1.0 n2000","joint","bonf_s","share_both_bounds",,1,0,0.995904,1,934,"36b71af1"
"ordina","dina","or100","OR 1.0 n2000","joint","bonf_s","cov_H",,0.93683084,0.00795994,0.91937,0.950713,934,"36b71af1"
"ordina","dina","or100","OR 1.0 n2000","joint","bonf_s","cov_Hc",,0.9614561,0.00629896,0.947101,0.972031,934,"36b71af1"
"ordina","dina","or100","OR 1.0 n2000","joint","bonf_s","margin_H_or",,0.83542434,0.0166957,,,934,"36b71af1"
"ordina","dina","or100","OR 1.0 n2000","joint","bonf_s","margin_Hc_or",,0.14431678,0.000515503,,,934,"36b71af1"
"ordina","dina","or100","OR 1.0 n2000","joint","bonf","joint_coverage",,0.89614561,0.00998225,0.874931,0.914115,934,"36b71af1"
"ordina","dina","or100","OR 1.0 n2000","joint","bonf","share_both_bounds",,1,0,0.995904,1,934,"36b71af1"
"ordina","dina","or100","OR 1.0 n2000","joint","bonf","cov_H",,0.93683084,0.00795994,0.91937,0.950713,934,"36b71af1"
"ordina","dina","or100","OR 1.0 n2000","joint","bonf","cov_Hc",,0.95931478,0.00646436,0.94465,0.970217,934,"36b71af1"
"ordina","dina","or100","OR 1.0 n2000","joint","bonf","margin_H_or",,0.83542434,0.0166957,,,934,"36b71af1"
"ordina","dina","or100","OR 1.0 n2000","joint","bonf","margin_Hc_or",,0.14388465,0.000525814,,,934,"36b71af1"
"ordina","dina","or100","OR 1.0 n2000","joint","separate_s","joint_coverage",,0.81156317,0.0127959,0.785226,0.835348,934,"36b71af1"
"ordina","dina","or100","OR 1.0 n2000","joint","separate_s","share_both_bounds",,1,0,0.995904,1,934,"36b71af1"
"ordina","dina","or100","OR 1.0 n2000","joint","separate_s","cov_H",,0.87794433,0.0107112,0.855389,0.897404,934,"36b71af1"
"ordina","dina","or100","OR 1.0 n2000","joint","separate_s","cov_Hc",,0.92826552,0.00844358,0.909903,0.943119,934,"36b71af1"
"ordina","dina","or100","OR 1.0 n2000","joint","separate_s","margin_H_or",,0.75288496,0.0152107,,,934,"36b71af1"
"ordina","dina","or100","OR 1.0 n2000","joint","separate_s","margin_Hc_or",,0.12006877,0.000428966,,,934,"36b71af1"
"ordina","dina","or100","OR 1.0 n2000","joint","calibrated","gamma_mean_s",,0.025120985,1.1098e-05,,,934,"36b71af1"
"ordina","dina","or100","OR 1.0 n2000","joint","calibrated","corr_s",,0.047906059,0.00142902,,,934,"36b71af1"
"ordina","dina","or100","OR 1.0 n2000","joint","calibrated","gamma_mean",,0.025108137,1.06089e-05,,,934,"36b71af1"
"ordina","dina","or100","OR 1.0 n2000","joint","calibrated","corr",,0.04889154,0.00143941,,,934,"36b71af1"
"ordina","dina","or100","OR 1.0 n2000","H","all","mean_size_hhat",,112.76981,1.90793,,,934,"36b71af1"
"ordina","dina","or100","OR 1.0 n2000","H","all","mean_true_positives",,32.398287,1.05478,,,934,"36b71af1"
"ordina","dina","or100","OR 1.0 n2000","H","all","sensitivity_mean",,0.1085819,0.0035433,,,934,"36b71af1"
"ordina","dina","or100","OR 1.0 n2000","H","all","ppv_mean",,0.29077872,0.00823261,,,934,"36b71af1"
"ordina","dina","or100","OR 1.0 n2000","H","all","spec_mean",,0.9527556,0.00101614,,,934,"36b71af1"
"ordina","dina","or100","OR 1.0 n2000","H","all","mean_n_family",,422.57281,16.2045,,,934,"36b71af1"
"ordina","dina","or100","OR 1.0 n2000","H","all","mean_admitted_n",,279.86724,12.0838,,,934,"36b71af1"
"ordina","dina","or100","OR 1.0 n2000","H","all","mean_proposed_n",,422.56638,16.2046,,,934,"36b71af1"
"ordina","dina","or100","OR 1.0 n2000","H","all","mean_n_cons_qual",,,,,,0,"36b71af1"
"ordina","dina","or100","OR 1.0 n2000","H","all","mean_band_n",,,,,,0,"36b71af1"
"ordina","dina","or100","OR 1.0 n2000","H","all","mean_n_true",,298.42719,0.49145,,,934,"36b71af1"
"ordina","dina","or100","OR 1.0 n2000","H","all","p_hat_mean",,0.214303,0.00559304,,,934,"36b71af1"
"ordina","dina","or100","OR 1.0 n2000","H","all","p_hat_share_lt_05",,0.92719486,0.00850145,0.908725,0.942165,934,"36b71af1"
"ordina","dina","or100","OR 1.0 n2000","Hc","mr","sd_btc_over_naive_se",,1.0001415,,,,934,"36b71af1"
"ordina","dina","or100","OR 1.0 n2000","Hc","fld","lamsd_over_naive_se",,0.99348461,,,,934,"36b71af1"
"ordina","dina","or100","OR 1.0 n2000","Hc","fld_s","lamsd_over_naive_se",,0.99733907,,,,934,"36b71af1"
"ordina","dina","or100","OR 1.0 n2000","all","all","secs_fit_mr_mean",,10.299805,0.220084,,,1000,"36b71af1"
"ordina","dina","or100","OR 1.0 n2000","all","all","secs_id_mean",,0.690736,0.0229313,,,1000,"36b71af1"
"ordina","dina","or100","OR 1.0 n2000","all","all","secs_field_mean",,8.513151,0.154054,,,934,"36b71af1"
"ordina","dina","or100","OR 1.0 n2000","all","all","secs_complement_mean",,0.33188972,0.00874953,,,934,"36b71af1"
"ordina","dina","or100","OR 1.0 n2000","H","naive","display_b",,2.5859958,,,,934,"36b71af1"
"ordina","dina","or100","OR 1.0 n2000","H","naive","display_r",,1.0978336,,,,934,"36b71af1"
"ordina","dina","or100","OR 1.0 n2000","H","naive","display_cov1",,0.14775161,,,,934,"36b71af1"
"ordina","dina","or100","OR 1.0 n2000","H","naive","display_cov1_ref",,0.21763061,,,,934,"36b71af1"
"ordina","dina","or100","OR 1.0 n2000","H","naive","display_cov2",,0.27301927,,,,934,"36b71af1"
"ordina","dina","or100","OR 1.0 n2000","H","naive","display_cov2_ref",,0.33204091,,,,934,"36b71af1"
"ordina","dina","or100","OR 1.0 n2000","H","mr","display_b",,1.0347947,,,,934,"36b71af1"
"ordina","dina","or100","OR 1.0 n2000","H","mr","display_r",,1.4202376,,,,934,"36b71af1"
"ordina","dina","or100","OR 1.0 n2000","H","mr","display_cov1",,0.93576017,,,,934,"36b71af1"
"ordina","dina","or100","OR 1.0 n2000","H","mr","display_cov1_ref",,0.90342009,,,,934,"36b71af1"
"ordina","dina","or100","OR 1.0 n2000","H","mr","display_cov2",,0.97430407,,,,934,"36b71af1"
"ordina","dina","or100","OR 1.0 n2000","H","mr","display_cov2_ref",,0.95977176,,,,934,"36b71af1"
"ordina","dina","or100","OR 1.0 n2000","H","fld","display_b",,0.69018325,,,,934,"36b71af1"
"ordina","dina","or100","OR 1.0 n2000","H","fld","display_r",,1.0274456,,,,934,"36b71af1"
"ordina","dina","or100","OR 1.0 n2000","H","fld","display_cov1",,0.87794433,,,,934,"36b71af1"
"ordina","dina","or100","OR 1.0 n2000","H","fld","display_cov1_ref",,0.84129984,,,,934,"36b71af1"
"ordina","dina","or100","OR 1.0 n2000","H","fld","display_cov2",,0.93147752,,,,934,"36b71af1"
"ordina","dina","or100","OR 1.0 n2000","H","fld","display_cov2_ref",,0.90375145,,,,934,"36b71af1"
"ordina","dina","or100","OR 1.0 n2000","Hc","naive","display_b",,-0.51788333,,,,934,"36b71af1"
"ordina","dina","or100","OR 1.0 n2000","Hc","naive","display_r",,1.0287925,,,,934,"36b71af1"
"ordina","dina","or100","OR 1.0 n2000","Hc","naive","display_cov1",,0.88115632,,,,934,"36b71af1"
"ordina","dina","or100","OR 1.0 n2000","Hc","naive","display_cov1_ref",,0.87986852,,,,934,"36b71af1"
"ordina","dina","or100","OR 1.0 n2000","Hc","naive","display_cov2",,0.92719486,,,,934,"36b71af1"
"ordina","dina","or100","OR 1.0 n2000","Hc","naive","display_cov2_ref",,0.92736605,,,,934,"36b71af1"
"ordina","dina","or100","OR 1.0 n2000","Hc","mr","display_b",,-0.22370339,,,,934,"36b71af1"
"ordina","dina","or100","OR 1.0 n2000","Hc","mr","display_r",,1.9619148,,,,934,"36b71af1"
"ordina","dina","or100","OR 1.0 n2000","Hc","mr","display_cov1",,1,,,,934,"36b71af1"
"ordina","dina","or100","OR 1.0 n2000","Hc","mr","display_cov1_ref",,0.99866491,,,,934,"36b71af1"
"ordina","dina","or100","OR 1.0 n2000","Hc","mr","display_cov2",,1,,,,934,"36b71af1"
"ordina","dina","or100","OR 1.0 n2000","Hc","mr","display_cov2_ref",,0.99982999,,,,934,"36b71af1"
"ordina","dina","or100","OR 1.0 n2000","Hc","fld","display_b",,-0.15632284,,,,934,"36b71af1"
"ordina","dina","or100","OR 1.0 n2000","Hc","fld","display_r",,0.98334744,,,,934,"36b71af1"
"ordina","dina","or100","OR 1.0 n2000","Hc","fld","display_cov1",,0.9261242,,,,934,"36b71af1"
"ordina","dina","or100","OR 1.0 n2000","Hc","fld","display_cov1_ref",,0.92801146,,,,934,"36b71af1"
"ordina","dina","or100","OR 1.0 n2000","Hc","fld","display_cov2",,0.93683084,,,,934,"36b71af1"
"ordina","dina","or100","OR 1.0 n2000","Hc","fld","display_cov2_ref",,0.9431238,,,,934,"36b71af1"
"ordina","dina","or100","OR 1.0 n2000","Hc","fld_s","display_b",,-0.15652617,,,,934,"36b71af1"
"ordina","dina","or100","OR 1.0 n2000","Hc","fld_s","display_r",,0.98738979,,,,934,"36b71af1"
"ordina","dina","or100","OR 1.0 n2000","Hc","fld_s","display_cov1",,0.92826552,,,,934,"36b71af1"
"ordina","dina","or100","OR 1.0 n2000","Hc","fld_s","display_cov1_ref",,0.92889158,,,,934,"36b71af1"
"ordina","dina","or100","OR 1.0 n2000","Hc","fld_s","display_cov2",,0.94004283,,,,934,"36b71af1"
"ordina","dina","or100","OR 1.0 n2000","Hc","fld_s","display_cov2_ref",,0.944128,,,,934,"36b71af1"
"maxeffCons_actg175_or075_seedtab_s1000","dina","or075","OR 0.75 n2000","H","mr","study_cov2_theta_dagger",,0.986,,,,848,"committed grid"
"maxeffCons_actg175_or075_seedtab_s1000","dina","or075","OR 0.75 n2000","H","all","study_declaration_rate",,0.848,,,,1000,"committed grid"
"maxeffCons_actg175_or075_seedtab_s1000","dina","or075","OR 0.75 n2000","H","naive","study_cov2_theta_dagger",,0.467,,,,848,"committed grid"
"maxeffCons_actg175_or075_seedtab_s1000","dina","or075","OR 0.75 n500","H","mr","study_cov2_theta_dagger",,0.995,,,,935,"committed grid"
"maxeffCons_actg175_or075_seedtab_s1000","dina","or075","OR 0.75 n500","H","all","study_declaration_rate",,0.935,,,,1000,"committed grid"
"maxeffCons_actg175_or075_seedtab_s1000","dina","or075","OR 0.75 n500","H","naive","study_cov2_theta_dagger",,0.399,,,,935,"committed grid"
"maxeffCons_actg175_or075_seedtab_s1000","fs","or075","OR 0.75 n2000","H","mr","study_cov2_theta_dagger",,0.997,,,,903,"committed grid"
"maxeffCons_actg175_or075_seedtab_s1000","fs","or075","OR 0.75 n2000","H","all","study_declaration_rate",,0.903,,,,1000,"committed grid"
"maxeffCons_actg175_or075_seedtab_s1000","fs","or075","OR 0.75 n2000","H","naive","study_cov2_theta_dagger",,0.241,,,,903,"committed grid"
"maxeffCons_actg175_or075_seedtab_s1000","fs","or075","OR 0.75 n500","H","mr","study_cov2_theta_dagger",,0.997,,,,768,"committed grid"
"maxeffCons_actg175_or075_seedtab_s1000","fs","or075","OR 0.75 n500","H","all","study_declaration_rate",,0.768,,,,1000,"committed grid"
"maxeffCons_actg175_or075_seedtab_s1000","fs","or075","OR 0.75 n500","H","naive","study_cov2_theta_dagger",,0.241,,,,768,"committed grid"
"maxeffCons_actg175_or075_seedtab_s1000","grf","or075","OR 0.75 n2000","H","mr","study_cov2_theta_dagger",,0.993,,,,999,"committed grid"
"maxeffCons_actg175_or075_seedtab_s1000","grf","or075","OR 0.75 n2000","H","all","study_declaration_rate",,0.999,,,,1000,"committed grid"
"maxeffCons_actg175_or075_seedtab_s1000","grf","or075","OR 0.75 n2000","H","naive","study_cov2_theta_dagger",,0.534,,,,999,"committed grid"
"maxeffCons_actg175_or075_seedtab_s1000","grf","or075","OR 0.75 n500","H","mr","study_cov2_theta_dagger",,0.999,,,,998,"committed grid"
"maxeffCons_actg175_or075_seedtab_s1000","grf","or075","OR 0.75 n500","H","all","study_declaration_rate",,0.998,,,,1000,"committed grid"
"maxeffCons_actg175_or075_seedtab_s1000","grf","or075","OR 0.75 n500","H","naive","study_cov2_theta_dagger",,0.472,,,,998,"committed grid"
